,Point_1,Point_2,Point_3,Point_4,Point_5,Point_6,Point_7,Point_8,Point_9,Point_10,Point_11,Point_12,Point_13,Point_14,Point_15,Point_16,Point_17,Point_18,Point_19,Point_20,Point_21,Point_22,Point_23,Point_24,Point_25,Point_26,Point_27,Point_28,Point_29,Point_30,Point_31,Point_32,Point_33,Point_34,Point_35,Point_36,Point_37,Point_38,Point_39,Point_40,Point_41,Point_42,Point_43,Point_44,Point_45,Point_46,Point_47,Point_48,Point_49,Point_50,Point_51,Point_52,Point_53,Point_54,Point_55,Point_56,Point_57,Point_58,Point_59,Point_60,Point_61,Point_62,Point_63,Point_64,Point_65,Point_66,Point_67,Point_68,Point_69,Point_70,Point_71,Point_72,Point_73,Point_74,Point_75,Point_76,Point_77,Point_78,Point_79,Point_80,Point_81,Point_82,Point_83,Point_84,Point_85,Point_86,Point_87,Point_88,Point_89,Point_90,Point_91,Point_92,Point_93,Point_94,Point_95,Point_96,Point_97,Point_98,Point_99,Point_100,Point_101,Point_102,Point_103,Point_104,Point_105,Point_106,Point_107,Point_108,Point_109,Point_110,Point_111,Point_112,Point_113,Point_114,Point_115,Point_116,Point_117,Point_118,Point_119,Point_120,Point_121,Point_122,Point_123,Point_124,Point_125,Point_126,Point_127,Point_128,Point_129,Point_130,Point_131,Point_132,Point_133,Point_134,Point_135,Point_136,Point_137,Point_138,Point_139,Point_140,Point_141,Point_142,Point_143,Point_144,Point_145,Point_146,Point_147,Point_148,Point_149,Point_150,Point_151,Point_152,Point_153,Point_154,Point_155,Point_156,Point_157,Point_158,Point_159,Point_160,Point_161,Point_162,Point_163,Point_164,Point_165,Point_166,Point_167,Point_168,Point_169,Point_170,Point_171,Point_172,Point_173,Point_174,Point_175,Point_176,Point_177,Point_178,Point_179,Point_180,Point_181,Point_182,Point_183,Point_184,Point_185,Point_186,Point_187,Point_188,Point_189,Point_190,Point_191,Point_192,Point_193,Point_194,Point_195,Point_196,Point_197,Point_198,Point_199,Point_200,Point_201,Point_202,Point_203,Point_204,Point_205,Point_206,Point_207,Point_208,Point_209,Point_210,Point_211,Point_212,Point_213,Point_214,Point_215,Point_216,Point_217,Point_218,Point_219,Point_220,Point_221,Point_222,Point_223,Point_224,Point_225,Point_226,Point_227,Point_228,Point_229,Point_230,Point_231,Point_232,Point_233,Point_234,Point_235,Point_236,Point_237,Point_238,Point_239,Point_240,Point_241,Point_242,Point_243,Point_244,Point_245,Point_246,Point_247,Point_248,Point_249,Point_250,Point_251,Point_252,Point_253,Point_254,Point_255,Point_256,Point_257,Point_258,Point_259,Point_260,Point_261,Point_262,Point_263,Point_264,Point_265,Point_266,Point_267,Point_268,Point_269,Point_270,Point_271,Point_272,Point_273,Point_274,Point_275,Point_276,Point_277,Point_278,Point_279,Point_280,Point_281,Point_282,Point_283,Point_284,Point_285,Point_286,Point_287,Point_288,Point_289,Point_290,Point_291,Point_292,Point_293,Point_294,Point_295,Point_296,Point_297,Point_298,Point_299,Point_300,Point_301,Point_302,Point_303,Point_304,Point_305,Point_306,Point_307,Point_308,Point_309,Point_310,Point_311,Point_312,Point_313,Point_314,Point_315,Point_316,Point_317,Point_318,Point_319,Point_320,Point_321,Point_322,Point_323,Point_324,Point_325,Point_326,Point_327,Point_328,Point_329,Point_330,Point_331,Point_332,Point_333,Point_334
Point_1,0.0,15.2,15.2,15.075,15.784,16.374,16.786,16.824,16.824,16.824,16.865,16.891,16.932,16.949,17.001,17.001,17.023,17.036,17.051,17.089,16.643,16.717,16.603,16.598,16.573,16.564,16.552,16.543,16.564,16.583,16.575,17.352,16.746,16.76,16.812,16.884,16.886,16.92,16.918,16.936,16.936,16.965,16.973,16.996,16.98,16.9,16.839,16.827,16.804,16.799,16.792,16.776,16.766,16.766,16.762,16.754,16.753,16.73,16.736,16.772,16.786,16.786,16.786,16.719,16.717,16.694,16.736,16.735,16.752,16.77,16.766,16.802,16.974,17.007,17.011,16.861,16.875,16.899,17.037,17.044,16.985,16.985,17.111,17.122,17.122,17.122,17.16,17.148,17.164,17.166,17.164,17.216,17.193,17.216,17.314,17.345,17.409,17.257,17.261,17.295,17.325,17.343,17.429,17.408,17.498,17.488,17.428,17.587,17.587,17.587,17.635,17.635,17.635,17.635,17.635,17.662,17.67,17.75,17.702,17.714,17.73,17.734,17.865,17.782,17.792,17.866,17.925,17.877,17.876,17.882,17.905,17.901,17.784,17.784,17.764,17.753,17.752,17.723,17.768,17.755,17.791,17.827,17.821,17.835,17.786,17.696,17.755,17.84,17.86,17.897,17.91,17.953,17.953,17.898,17.898,17.872,17.827,17.846,17.781,17.764,17.706,17.686,16.953,17.743,17.331,17.734,17.704,17.673,17.658,17.638,17.622,17.619,17.549,18.005,17.587,17.913,17.563,17.55,17.474,17.461,17.443,17.394,17.382,17.346,17.338,17.325,17.316,17.325,17.314,17.314,17.622,17.262,17.246,17.21,17.2,17.162,17.286,17.272,17.204,17.147,17.131,17.127,17.099,17.084,17.074,17.055,17.038,17.037,17.02,17.156,16.954,16.99,17.015,17.05,17.063,17.043,17.115,17.137,17.136,17.158,17.158,16.732,16.775,16.882,16.894,16.894,16.894,16.894,16.894,16.885,16.894,16.97,16.97,16.99,17.087,17.191,17.199,17.199,17.332,17.336,17.336,17.386,11.009,17.593,17.116,17.327,17.231,17.363,17.231,17.231,17.231,17.231,17.18,17.211,17.13,17.071,17.071,17.057,17.057,16.959,16.941,16.953,16.953,16.959,16.979,16.979,17.023,17.045,17.059,17.068,17.075,17.118,17.118,17.117,17.133,17.14,17.145,17.156,17.162,17.185,17.22,17.213,17.232,17.251,17.259,17.142,17.134,17.185,17.188,17.221,17.266,17.287,17.363,17.354,17.338,17.234,17.237,17.225,17.207,17.208,17.191,17.166,17.16,17.163,17.146,17.141,17.094,17.096,17.073,16.959,17.004,17.01,17.037,17.068,17.15,17.134,17.15,17.097,17.104,17.044,17.027,17.033,17.085,17.021,17.01,16.999,16.985,16.942,16.928,16.855,16.842,16.84,16.838,29.276
Point_2,13.904,0.0,0.0,0.149,1.266,1.856,2.267,2.305,2.305,2.305,2.346,2.372,2.414,2.43,2.482,2.482,2.504,2.517,2.533,2.57,2.124,2.198,2.084,2.079,2.054,2.045,2.033,2.024,2.046,2.064,2.056,2.833,2.227,2.241,2.294,2.365,2.367,2.401,2.399,2.417,2.417,2.447,2.454,2.478,2.462,2.381,2.32,2.308,2.285,2.28,2.273,2.257,2.247,2.247,2.243,2.235,2.234,2.211,2.217,2.253,2.267,2.267,2.267,2.2,2.198,2.175,2.217,2.216,2.233,2.252,2.247,2.283,2.455,2.488,2.492,2.342,2.356,2.38,2.518,2.525,2.466,2.466,2.592,2.603,2.603,2.603,2.641,2.629,2.645,2.647,2.645,2.697,2.674,2.697,2.795,2.827,2.89,2.738,2.742,2.777,2.806,2.824,2.91,2.89,2.979,2.969,2.91,3.068,3.068,3.068,3.116,3.116,3.116,3.116,3.116,3.143,3.151,3.231,3.183,3.196,3.211,3.215,3.346,3.263,3.273,3.347,3.406,3.358,3.357,3.364,3.387,3.383,3.265,3.265,3.246,3.234,3.233,3.205,3.25,3.236,3.273,3.309,3.302,3.316,3.268,3.177,3.236,3.322,3.341,3.378,3.392,3.435,3.435,3.379,3.379,3.353,3.309,3.327,3.262,3.246,3.187,3.167,2.434,3.224,2.812,3.215,3.185,3.154,3.14,3.119,3.103,3.101,3.03,3.486,3.068,3.394,3.044,3.031,2.955,2.942,2.924,2.875,2.863,2.828,2.819,2.806,2.797,2.806,2.796,2.795,3.103,2.744,2.727,2.692,2.681,2.643,2.767,2.754,2.685,2.628,2.612,2.608,2.58,2.565,2.555,2.536,2.519,2.518,2.501,2.637,2.436,2.471,2.496,2.531,2.545,2.524,2.597,2.618,2.617,2.64,2.64,2.213,2.256,2.363,2.376,2.376,2.376,2.376,2.376,2.366,2.376,2.452,2.452,2.471,2.568,2.672,2.68,2.68,2.813,2.817,2.817,2.868,3.224,3.074,2.597,2.808,2.712,2.844,2.712,2.712,2.712,2.712,2.661,2.692,2.612,2.552,2.552,2.538,2.538,2.441,2.422,2.434,2.434,2.441,2.46,2.46,2.504,2.526,2.54,2.549,2.556,2.599,2.599,2.598,2.614,2.622,2.627,2.637,2.643,2.666,2.701,2.694,2.713,2.733,2.741,2.623,2.615,2.666,2.67,2.702,2.747,2.769,2.844,2.836,2.819,2.715,2.718,2.707,2.688,2.689,2.672,2.647,2.642,2.644,2.627,2.622,2.575,2.577,2.555,2.44,2.485,2.491,2.518,2.549,2.631,2.616,2.631,2.578,2.585,2.525,2.508,2.515,2.566,2.502,2.491,2.48,2.467,2.424,2.409,2.336,2.323,2.321,2.32,17.112
Point_3,13.904,0.0,0.0,0.149,1.266,1.856,2.267,2.305,2.305,2.305,2.346,2.372,2.414,2.43,2.482,2.482,2.504,2.517,2.533,2.57,2.124,2.198,2.084,2.079,2.054,2.045,2.033,2.024,2.046,2.064,2.056,2.833,2.227,2.241,2.294,2.365,2.367,2.401,2.399,2.417,2.417,2.447,2.454,2.478,2.462,2.381,2.32,2.308,2.285,2.28,2.273,2.257,2.247,2.247,2.243,2.235,2.234,2.211,2.217,2.253,2.267,2.267,2.267,2.2,2.198,2.175,2.217,2.216,2.233,2.252,2.247,2.283,2.455,2.488,2.492,2.342,2.356,2.38,2.518,2.525,2.466,2.466,2.592,2.603,2.603,2.603,2.641,2.629,2.645,2.647,2.645,2.697,2.674,2.697,2.795,2.827,2.89,2.738,2.742,2.777,2.806,2.824,2.91,2.89,2.979,2.969,2.91,3.068,3.068,3.068,3.116,3.116,3.116,3.116,3.116,3.143,3.151,3.231,3.183,3.196,3.211,3.215,3.346,3.263,3.273,3.347,3.406,3.358,3.357,3.364,3.387,3.383,3.265,3.265,3.246,3.234,3.233,3.205,3.25,3.236,3.273,3.309,3.302,3.316,3.268,3.177,3.236,3.322,3.341,3.378,3.392,3.435,3.435,3.379,3.379,3.353,3.309,3.327,3.262,3.246,3.187,3.167,2.434,3.224,2.812,3.215,3.185,3.154,3.14,3.119,3.103,3.101,3.03,3.486,3.068,3.394,3.044,3.031,2.955,2.942,2.924,2.875,2.863,2.828,2.819,2.806,2.797,2.806,2.796,2.795,3.103,2.744,2.727,2.692,2.681,2.643,2.767,2.754,2.685,2.628,2.612,2.608,2.58,2.565,2.555,2.536,2.519,2.518,2.501,2.637,2.436,2.471,2.496,2.531,2.545,2.524,2.597,2.618,2.617,2.64,2.64,2.213,2.256,2.363,2.376,2.376,2.376,2.376,2.376,2.366,2.376,2.452,2.452,2.471,2.568,2.672,2.68,2.68,2.813,2.817,2.817,2.868,3.224,3.074,2.597,2.808,2.712,2.844,2.712,2.712,2.712,2.712,2.661,2.692,2.612,2.552,2.552,2.538,2.538,2.441,2.422,2.434,2.434,2.441,2.46,2.46,2.504,2.526,2.54,2.549,2.556,2.599,2.599,2.598,2.614,2.622,2.627,2.637,2.643,2.666,2.701,2.694,2.713,2.733,2.741,2.623,2.615,2.666,2.67,2.702,2.747,2.769,2.844,2.836,2.819,2.715,2.718,2.707,2.688,2.689,2.672,2.647,2.642,2.644,2.627,2.622,2.575,2.577,2.555,2.44,2.485,2.491,2.518,2.549,2.631,2.616,2.631,2.578,2.585,2.525,2.508,2.515,2.566,2.502,2.491,2.48,2.467,2.424,2.409,2.336,2.323,2.321,2.32,17.112
Point_4,13.94,0.149,0.149,0.0,1.302,1.892,2.303,2.341,2.341,2.341,2.382,2.408,2.45,2.466,2.518,2.518,2.54,2.553,2.569,2.606,2.16,2.234,2.12,2.115,2.091,2.081,2.069,2.061,2.082,2.1,2.092,2.87,2.264,2.277,2.33,2.401,2.403,2.437,2.435,2.453,2.453,2.483,2.49,2.514,2.498,2.418,2.356,2.344,2.321,2.316,2.309,2.293,2.283,2.283,2.279,2.271,2.27,2.247,2.253,2.289,2.303,2.303,2.303,2.236,2.234,2.211,2.253,2.252,2.269,2.288,2.284,2.319,2.491,2.524,2.528,2.378,2.392,2.416,2.554,2.561,2.503,2.503,2.628,2.64,2.64,2.64,2.677,2.665,2.681,2.683,2.681,2.734,2.71,2.734,2.831,2.863,2.926,2.774,2.778,2.813,2.842,2.86,2.946,2.926,3.015,3.006,2.946,3.104,3.104,3.104,3.152,3.152,3.152,3.152,3.152,3.179,3.187,3.267,3.219,3.232,3.248,3.251,3.382,3.3,3.309,3.384,3.442,3.394,3.393,3.4,3.423,3.419,3.301,3.301,3.282,3.27,3.269,3.241,3.286,3.272,3.309,3.345,3.338,3.352,3.304,3.213,3.272,3.358,3.377,3.414,3.428,3.471,3.471,3.415,3.415,3.389,3.345,3.363,3.299,3.282,3.223,3.203,2.47,3.26,2.848,3.251,3.221,3.19,3.176,3.155,3.139,3.137,3.066,3.522,3.104,3.43,3.08,3.067,2.991,2.978,2.961,2.911,2.899,2.864,2.855,2.843,2.833,2.842,2.832,2.831,3.139,2.78,2.764,2.728,2.717,2.679,2.803,2.79,2.721,2.664,2.649,2.644,2.617,2.601,2.591,2.572,2.555,2.554,2.537,2.673,2.472,2.508,2.532,2.567,2.581,2.56,2.633,2.654,2.653,2.676,2.676,2.25,2.292,2.399,2.412,2.412,2.412,2.412,2.412,2.402,2.412,2.488,2.488,2.507,2.604,2.708,2.716,2.716,2.849,2.853,2.853,2.904,3.26,3.11,2.633,2.844,2.748,2.88,2.748,2.748,2.748,2.748,2.698,2.728,2.648,2.588,2.588,2.574,2.574,2.477,2.459,2.47,2.47,2.477,2.496,2.496,2.54,2.562,2.576,2.586,2.592,2.635,2.635,2.634,2.65,2.658,2.663,2.673,2.679,2.702,2.737,2.73,2.749,2.769,2.777,2.659,2.651,2.702,2.706,2.739,2.783,2.805,2.88,2.872,2.855,2.751,2.755,2.743,2.724,2.725,2.708,2.683,2.678,2.68,2.663,2.658,2.611,2.613,2.591,2.476,2.521,2.528,2.555,2.585,2.667,2.652,2.667,2.614,2.621,2.561,2.545,2.551,2.602,2.538,2.527,2.516,2.503,2.46,2.445,2.372,2.359,2.357,2.356,17.148
Point_5,14.388,1.297,1.297,1.335,0.0,0.652,1.063,1.101,1.101,1.101,1.143,1.169,1.21,1.226,1.278,1.278,1.3,1.313,1.329,1.366,0.92,0.994,0.88,0.875,0.851,0.841,0.83,0.821,0.842,0.86,0.852,1.63,1.024,1.037,1.09,1.162,1.163,1.198,1.195,1.213,1.213,1.243,1.25,1.274,1.258,1.178,1.116,1.105,1.081,1.077,1.069,1.054,1.044,1.044,1.039,1.031,1.03,1.007,1.013,1.049,1.063,1.063,1.063,0.996,0.994,0.972,1.013,1.012,1.029,1.048,1.044,1.079,1.251,1.284,1.288,1.138,1.152,1.176,1.314,1.321,1.263,1.263,1.388,1.4,1.4,1.4,1.438,1.425,1.441,1.443,1.441,1.494,1.47,1.494,1.591,1.623,1.686,1.534,1.538,1.573,1.602,1.62,1.706,1.686,1.775,1.766,1.706,1.864,1.864,1.864,1.912,1.912,1.912,1.912,1.912,1.939,1.948,2.027,1.979,1.992,2.008,2.012,2.142,2.06,2.069,2.144,2.202,2.154,2.153,2.16,2.183,2.179,2.061,2.061,2.042,2.03,2.03,2.001,2.046,2.032,2.069,2.105,2.098,2.112,2.064,1.973,2.032,2.118,2.137,2.174,2.188,2.231,2.231,2.175,2.175,2.149,2.105,2.123,2.059,2.042,1.983,1.963,1.23,2.02,1.608,2.012,1.982,1.95,1.936,1.915,1.9,1.897,1.826,2.282,1.864,2.19,1.84,1.827,1.752,1.739,1.721,1.671,1.659,1.624,1.615,1.603,1.594,1.602,1.592,1.591,1.9,1.54,1.524,1.488,1.477,1.439,1.563,1.55,1.481,1.424,1.409,1.404,1.377,1.361,1.351,1.332,1.315,1.314,1.297,1.433,1.232,1.268,1.292,1.327,1.341,1.32,1.393,1.414,1.413,1.436,1.436,1.01,1.052,1.16,1.172,1.172,1.172,1.172,1.172,1.162,1.172,1.248,1.248,1.267,1.365,1.468,1.476,1.476,1.61,1.613,1.613,1.664,2.021,1.87,1.393,1.604,1.508,1.64,1.508,1.508,1.508,1.508,1.458,1.488,1.408,1.349,1.349,1.334,1.334,1.237,1.219,1.23,1.23,1.237,1.257,1.257,1.3,1.322,1.336,1.346,1.352,1.396,1.396,1.395,1.41,1.418,1.423,1.433,1.44,1.462,1.497,1.49,1.509,1.529,1.537,1.419,1.411,1.462,1.466,1.499,1.544,1.565,1.64,1.632,1.615,1.511,1.515,1.503,1.484,1.486,1.468,1.444,1.438,1.44,1.423,1.418,1.371,1.374,1.351,1.237,1.282,1.288,1.315,1.345,1.428,1.412,1.428,1.374,1.382,1.321,1.305,1.311,1.362,1.298,1.288,1.276,1.263,1.22,1.206,1.132,1.119,1.117,1.116,11.214
Point_6,15.038,1.947,1.947,1.985,0.712,0.0,0.537,0.574,0.574,0.574,0.616,0.642,0.683,0.699,0.751,0.751,0.773,0.786,0.802,0.84,0.393,0.467,0.354,0.348,0.324,0.314,0.303,0.294,0.315,0.333,0.325,1.103,0.482,0.495,0.548,0.62,0.621,0.656,0.654,0.672,0.672,0.701,0.709,0.732,0.731,0.651,0.589,0.578,0.554,0.55,0.543,0.527,0.517,0.517,0.513,0.505,0.503,0.48,0.486,0.522,0.537,0.537,0.537,0.469,0.467,0.445,0.486,0.485,0.502,0.521,0.517,0.552,0.724,0.757,0.761,0.612,0.625,0.65,0.773,0.794,0.736,0.736,0.861,0.873,0.873,0.873,0.911,0.899,0.915,0.916,0.915,0.967,0.944,0.967,1.065,1.096,1.159,1.008,1.011,1.046,1.075,1.093,1.179,1.159,1.248,1.239,1.179,1.337,1.337,1.337,1.385,1.385,1.385,1.385,1.385,1.412,1.421,1.5,1.453,1.465,1.481,1.485,1.615,1.533,1.543,1.617,1.676,1.627,1.626,1.633,1.656,1.652,1.534,1.534,1.515,1.503,1.503,1.474,1.519,1.505,1.542,1.578,1.571,1.585,1.537,1.447,1.505,1.591,1.61,1.647,1.661,1.704,1.704,1.648,1.648,1.622,1.578,1.596,1.532,1.515,1.456,1.436,0.689,1.493,1.081,1.485,1.455,1.423,1.409,1.388,1.373,1.37,1.299,1.755,1.337,1.663,1.313,1.3,1.225,1.212,1.194,1.144,1.132,1.097,1.088,1.076,1.067,1.075,1.065,1.065,1.373,1.013,0.997,0.961,0.95,0.912,1.036,1.023,0.954,0.898,0.882,0.878,0.85,0.834,0.824,0.805,0.788,0.787,0.77,0.906,0.705,0.741,0.765,0.8,0.814,0.793,0.866,0.887,0.886,0.909,0.909,0.483,0.526,0.633,0.645,0.645,0.645,0.645,0.645,0.635,0.645,0.721,0.721,0.74,0.838,0.941,0.949,0.949,1.083,1.087,1.087,1.137,1.494,1.343,0.866,1.077,0.981,1.114,0.981,0.981,0.981,0.981,0.931,0.961,0.881,0.822,0.822,0.807,0.807,0.71,0.692,0.703,0.703,0.71,0.73,0.73,0.773,0.795,0.809,0.819,0.825,0.869,0.869,0.868,0.883,0.891,0.896,0.906,0.913,0.935,0.97,0.963,0.982,1.002,1.01,0.892,0.884,0.935,0.939,0.972,1.017,1.038,1.113,1.105,1.088,0.984,0.988,0.976,0.957,0.959,0.941,0.917,0.911,0.913,0.897,0.891,0.844,0.847,0.824,0.71,0.755,0.761,0.788,0.818,0.901,0.885,0.901,0.847,0.855,0.794,0.778,0.784,0.835,0.772,0.761,0.749,0.736,0.693,0.679,0.605,0.592,0.59,0.589,10.688
Point_7,15.625,2.534,2.534,2.571,1.299,0.793,0.0,0.038,0.038,0.038,0.079,0.105,0.146,0.163,0.215,0.215,0.237,0.25,0.265,0.303,0.334,0.371,0.376,0.381,0.406,0.415,0.427,0.435,0.457,0.475,0.467,0.753,0.72,0.706,0.653,0.582,0.58,0.546,0.548,0.53,0.53,0.5,0.493,0.469,0.381,0.336,0.4,0.411,0.435,0.439,0.447,0.462,0.472,0.472,0.477,0.484,0.52,0.503,0.503,0.539,0.553,0.553,0.553,0.427,0.425,0.403,0.352,0.353,0.336,0.317,0.321,0.285,0.188,0.221,0.225,0.262,0.275,0.34,0.429,0.444,0.386,0.386,0.511,0.523,0.523,0.523,0.561,0.549,0.565,0.566,0.565,0.617,0.594,0.617,0.715,0.746,0.81,0.658,0.662,0.696,0.725,0.743,0.829,0.809,0.899,0.889,0.829,0.988,0.988,0.988,1.036,1.036,1.036,1.036,1.036,1.062,1.071,1.15,1.103,1.115,1.131,1.135,1.265,1.183,1.193,1.267,1.326,1.277,1.276,1.283,1.306,1.302,1.184,1.184,1.165,1.153,1.153,1.124,1.169,1.155,1.192,1.228,1.221,1.236,1.187,1.097,1.155,1.241,1.261,1.298,1.311,1.354,1.354,1.298,1.298,1.272,1.228,1.247,1.182,1.165,1.106,1.087,0.513,1.143,0.731,1.135,1.105,1.074,1.059,1.038,1.023,1.02,0.949,1.406,0.988,1.313,0.963,0.951,0.875,0.862,0.844,0.795,0.782,0.747,0.738,0.726,0.717,0.725,0.715,0.715,1.023,0.663,0.647,0.611,0.601,0.562,0.5,0.486,0.418,0.361,0.345,0.341,0.313,0.298,0.288,0.269,0.252,0.251,0.234,0.37,0.663,0.699,0.723,0.758,0.772,0.751,0.824,0.845,0.845,0.867,0.867,0.706,0.663,0.706,0.719,0.719,0.719,0.719,0.719,0.709,0.719,0.795,0.795,0.814,0.911,1.015,1.023,1.023,1.156,1.16,1.16,1.211,1.605,1.289,1.453,1.151,1.055,1.187,1.055,1.055,1.055,1.055,1.005,1.035,0.955,0.895,0.895,0.881,0.881,0.784,0.766,0.777,0.777,0.784,0.803,0.803,0.847,0.869,0.883,0.893,0.899,0.942,0.942,0.941,0.957,0.965,0.97,0.98,0.986,1.009,1.044,1.037,1.056,1.076,1.084,0.8,0.861,0.757,0.753,0.72,0.675,0.654,0.579,0.587,0.604,0.448,0.451,0.477,0.496,0.494,0.511,0.536,0.542,0.539,0.556,0.561,0.608,0.606,0.629,0.812,0.857,0.863,0.89,0.921,1.003,0.987,1.003,0.341,0.318,0.394,0.411,0.404,0.938,0.417,0.428,0.439,0.452,0.495,0.51,0.583,0.596,0.598,0.599,10.432
Point_8,15.618,2.527,2.527,2.565,1.292,0.786,0.858,0.0,0.0,0.0,0.072,0.098,0.14,0.156,0.208,0.208,0.23,0.243,0.259,0.296,0.327,0.364,0.369,0.374,0.399,0.408,0.42,0.429,0.45,0.468,0.46,0.746,0.713,0.699,0.646,0.575,0.573,0.539,0.541,0.523,0.523,0.493,0.486,0.462,0.374,0.329,0.393,0.405,0.428,0.432,0.44,0.455,0.465,0.465,0.47,0.478,0.513,0.496,0.496,0.532,0.546,0.546,0.546,0.42,0.419,0.396,0.345,0.346,0.329,0.31,0.314,0.279,0.181,0.214,0.218,0.255,0.269,0.333,0.422,0.437,0.379,0.379,0.504,0.516,0.516,0.516,0.554,0.542,0.558,0.56,0.558,0.61,0.587,0.61,0.708,0.739,0.803,0.651,0.655,0.689,0.718,0.736,0.823,0.802,0.892,0.882,0.822,0.981,0.981,0.981,1.029,1.029,1.029,1.029,1.029,1.055,1.064,1.143,1.096,1.108,1.124,1.128,1.259,1.176,1.186,1.26,1.319,1.27,1.269,1.276,1.299,1.295,1.178,1.177,1.158,1.147,1.146,1.117,1.162,1.148,1.185,1.221,1.214,1.229,1.18,1.09,1.148,1.234,1.254,1.291,1.304,1.347,1.347,1.291,1.291,1.265,1.221,1.24,1.175,1.158,1.099,1.08,0.506,1.136,0.724,1.128,1.098,1.067,1.052,1.032,1.016,1.013,0.942,1.399,0.981,1.307,0.957,0.944,0.868,0.855,0.837,0.788,0.775,0.74,0.732,0.719,0.71,0.719,0.708,0.708,1.016,0.656,0.64,0.604,0.594,0.556,0.493,0.48,0.411,0.354,0.338,0.334,0.306,0.291,0.281,0.262,0.245,0.244,0.227,0.363,0.656,0.692,0.717,0.752,0.765,0.744,0.817,0.838,0.838,0.86,0.86,0.699,0.656,0.7,0.712,0.712,0.712,0.712,0.712,0.702,0.712,0.788,0.788,0.807,0.905,1.008,1.016,1.016,1.15,1.153,1.153,1.204,1.598,1.282,1.446,1.144,1.048,1.18,1.048,1.048,1.048,1.048,0.998,1.028,0.948,0.888,0.888,0.874,0.874,0.777,0.759,0.77,0.77,0.777,0.797,0.797,0.84,0.862,0.876,0.886,0.892,0.936,0.936,0.935,0.95,0.958,0.963,0.973,0.98,1.002,1.037,1.03,1.049,1.069,1.077,0.793,0.854,0.75,0.746,0.713,0.668,0.647,0.572,0.58,0.597,0.441,0.444,0.47,0.489,0.487,0.504,0.529,0.535,0.532,0.549,0.555,0.601,0.599,0.622,0.805,0.85,0.856,0.883,0.914,0.996,0.98,0.996,0.334,0.311,0.387,0.404,0.397,0.931,0.41,0.421,0.432,0.445,0.488,0.503,0.576,0.589,0.591,0.592,10.425
Point_9,15.618,2.527,2.527,2.565,1.292,0.786,0.858,0.0,0.0,0.0,0.072,0.098,0.14,0.156,0.208,0.208,0.23,0.243,0.259,0.296,0.327,0.364,0.369,0.374,0.399,0.408,0.42,0.429,0.45,0.468,0.46,0.746,0.713,0.699,0.646,0.575,0.573,0.539,0.541,0.523,0.523,0.493,0.486,0.462,0.374,0.329,0.393,0.405,0.428,0.432,0.44,0.455,0.465,0.465,0.47,0.478,0.513,0.496,0.496,0.532,0.546,0.546,0.546,0.42,0.419,0.396,0.345,0.346,0.329,0.31,0.314,0.279,0.181,0.214,0.218,0.255,0.269,0.333,0.422,0.437,0.379,0.379,0.504,0.516,0.516,0.516,0.554,0.542,0.558,0.56,0.558,0.61,0.587,0.61,0.708,0.739,0.803,0.651,0.655,0.689,0.718,0.736,0.823,0.802,0.892,0.882,0.822,0.981,0.981,0.981,1.029,1.029,1.029,1.029,1.029,1.055,1.064,1.143,1.096,1.108,1.124,1.128,1.259,1.176,1.186,1.26,1.319,1.27,1.269,1.276,1.299,1.295,1.178,1.177,1.158,1.147,1.146,1.117,1.162,1.148,1.185,1.221,1.214,1.229,1.18,1.09,1.148,1.234,1.254,1.291,1.304,1.347,1.347,1.291,1.291,1.265,1.221,1.24,1.175,1.158,1.099,1.08,0.506,1.136,0.724,1.128,1.098,1.067,1.052,1.032,1.016,1.013,0.942,1.399,0.981,1.307,0.957,0.944,0.868,0.855,0.837,0.788,0.775,0.74,0.732,0.719,0.71,0.719,0.708,0.708,1.016,0.656,0.64,0.604,0.594,0.556,0.493,0.48,0.411,0.354,0.338,0.334,0.306,0.291,0.281,0.262,0.245,0.244,0.227,0.363,0.656,0.692,0.717,0.752,0.765,0.744,0.817,0.838,0.838,0.86,0.86,0.699,0.656,0.7,0.712,0.712,0.712,0.712,0.712,0.702,0.712,0.788,0.788,0.807,0.905,1.008,1.016,1.016,1.15,1.153,1.153,1.204,1.598,1.282,1.446,1.144,1.048,1.18,1.048,1.048,1.048,1.048,0.998,1.028,0.948,0.888,0.888,0.874,0.874,0.777,0.759,0.77,0.77,0.777,0.797,0.797,0.84,0.862,0.876,0.886,0.892,0.936,0.936,0.935,0.95,0.958,0.963,0.973,0.98,1.002,1.037,1.03,1.049,1.069,1.077,0.793,0.854,0.75,0.746,0.713,0.668,0.647,0.572,0.58,0.597,0.441,0.444,0.47,0.489,0.487,0.504,0.529,0.535,0.532,0.549,0.555,0.601,0.599,0.622,0.805,0.85,0.856,0.883,0.914,0.996,0.98,0.996,0.334,0.311,0.387,0.404,0.397,0.931,0.41,0.421,0.432,0.445,0.488,0.503,0.576,0.589,0.591,0.592,10.425
Point_10,15.618,2.527,2.527,2.565,1.292,0.786,0.858,0.0,0.0,0.0,0.072,0.098,0.14,0.156,0.208,0.208,0.23,0.243,0.259,0.296,0.327,0.364,0.369,0.374,0.399,0.408,0.42,0.429,0.45,0.468,0.46,0.746,0.713,0.699,0.646,0.575,0.573,0.539,0.541,0.523,0.523,0.493,0.486,0.462,0.374,0.329,0.393,0.405,0.428,0.432,0.44,0.455,0.465,0.465,0.47,0.478,0.513,0.496,0.496,0.532,0.546,0.546,0.546,0.42,0.419,0.396,0.345,0.346,0.329,0.31,0.314,0.279,0.181,0.214,0.218,0.255,0.269,0.333,0.422,0.437,0.379,0.379,0.504,0.516,0.516,0.516,0.554,0.542,0.558,0.56,0.558,0.61,0.587,0.61,0.708,0.739,0.803,0.651,0.655,0.689,0.718,0.736,0.823,0.802,0.892,0.882,0.822,0.981,0.981,0.981,1.029,1.029,1.029,1.029,1.029,1.055,1.064,1.143,1.096,1.108,1.124,1.128,1.259,1.176,1.186,1.26,1.319,1.27,1.269,1.276,1.299,1.295,1.178,1.177,1.158,1.147,1.146,1.117,1.162,1.148,1.185,1.221,1.214,1.229,1.18,1.09,1.148,1.234,1.254,1.291,1.304,1.347,1.347,1.291,1.291,1.265,1.221,1.24,1.175,1.158,1.099,1.08,0.506,1.136,0.724,1.128,1.098,1.067,1.052,1.032,1.016,1.013,0.942,1.399,0.981,1.307,0.957,0.944,0.868,0.855,0.837,0.788,0.775,0.74,0.732,0.719,0.71,0.719,0.708,0.708,1.016,0.656,0.64,0.604,0.594,0.556,0.493,0.48,0.411,0.354,0.338,0.334,0.306,0.291,0.281,0.262,0.245,0.244,0.227,0.363,0.656,0.692,0.717,0.752,0.765,0.744,0.817,0.838,0.838,0.86,0.86,0.699,0.656,0.7,0.712,0.712,0.712,0.712,0.712,0.702,0.712,0.788,0.788,0.807,0.905,1.008,1.016,1.016,1.15,1.153,1.153,1.204,1.598,1.282,1.446,1.144,1.048,1.18,1.048,1.048,1.048,1.048,0.998,1.028,0.948,0.888,0.888,0.874,0.874,0.777,0.759,0.77,0.77,0.777,0.797,0.797,0.84,0.862,0.876,0.886,0.892,0.936,0.936,0.935,0.95,0.958,0.963,0.973,0.98,1.002,1.037,1.03,1.049,1.069,1.077,0.793,0.854,0.75,0.746,0.713,0.668,0.647,0.572,0.58,0.597,0.441,0.444,0.47,0.489,0.487,0.504,0.529,0.535,0.532,0.549,0.555,0.601,0.599,0.622,0.805,0.85,0.856,0.883,0.914,0.996,0.98,0.996,0.334,0.311,0.387,0.404,0.397,0.931,0.41,0.421,0.432,0.445,0.488,0.503,0.576,0.589,0.591,0.592,10.425
Point_11,15.546,2.455,2.455,2.492,1.22,0.714,0.786,0.823,0.823,0.823,0.0,0.026,0.067,0.083,0.136,0.136,0.158,0.17,0.186,0.224,0.255,0.291,0.297,0.302,0.326,0.336,0.347,0.356,0.377,0.396,0.388,0.674,0.64,0.627,0.574,0.502,0.501,0.466,0.469,0.451,0.451,0.421,0.414,0.39,0.302,0.257,0.32,0.332,0.356,0.36,0.367,0.383,0.393,0.393,0.397,0.405,0.441,0.424,0.424,0.46,0.474,0.474,0.474,0.348,0.346,0.324,0.273,0.273,0.256,0.238,0.242,0.206,0.109,0.142,0.146,0.183,0.196,0.26,0.35,0.365,0.307,0.307,0.432,0.444,0.444,0.444,0.482,0.47,0.486,0.487,0.486,0.538,0.515,0.538,0.636,0.667,0.73,0.579,0.583,0.617,0.646,0.664,0.75,0.73,0.819,0.81,0.75,0.908,0.908,0.908,0.956,0.956,0.956,0.956,0.956,0.983,0.992,1.071,1.024,1.036,1.052,1.056,1.186,1.104,1.114,1.188,1.247,1.198,1.197,1.204,1.227,1.223,1.105,1.105,1.086,1.074,1.074,1.045,1.09,1.076,1.113,1.149,1.142,1.156,1.108,1.018,1.076,1.162,1.181,1.219,1.232,1.275,1.275,1.219,1.219,1.193,1.149,1.167,1.103,1.086,1.027,1.007,0.434,1.064,0.652,1.056,1.026,0.995,0.98,0.959,0.944,0.941,0.87,1.326,0.908,1.234,0.884,0.871,0.796,0.783,0.765,0.716,0.703,0.668,0.659,0.647,0.638,0.646,0.636,0.636,0.944,0.584,0.568,0.532,0.522,0.483,0.421,0.407,0.339,0.282,0.266,0.262,0.234,0.219,0.208,0.19,0.173,0.172,0.155,0.291,0.584,0.62,0.644,0.679,0.693,0.672,0.745,0.766,0.765,0.788,0.788,0.626,0.584,0.627,0.64,0.64,0.64,0.64,0.64,0.63,0.64,0.716,0.716,0.735,0.832,0.936,0.944,0.944,1.077,1.081,1.081,1.132,1.526,1.21,1.374,1.072,0.976,1.108,0.976,0.976,0.976,0.976,0.925,0.956,0.876,0.816,0.816,0.802,0.802,0.705,0.686,0.698,0.698,0.705,0.724,0.724,0.768,0.79,0.804,0.813,0.82,0.863,0.863,0.862,0.878,0.886,0.89,0.901,0.907,0.93,0.965,0.958,0.977,0.997,1.005,0.72,0.782,0.677,0.674,0.641,0.596,0.575,0.5,0.508,0.525,0.369,0.372,0.398,0.416,0.415,0.432,0.457,0.463,0.46,0.477,0.482,0.529,0.527,0.55,0.733,0.778,0.784,0.811,0.842,0.924,0.908,0.924,0.262,0.239,0.315,0.331,0.325,0.858,0.338,0.348,0.36,0.373,0.416,0.43,0.504,0.517,0.519,0.52,10.353
Point_12,15.52,2.429,2.429,2.466,1.194,0.688,0.76,0.797,0.797,0.797,0.839,0.0,0.041,0.058,0.11,0.11,0.132,0.145,0.16,0.198,0.229,0.266,0.271,0.276,0.3,0.31,0.321,0.33,0.351,0.37,0.362,0.648,0.614,0.601,0.548,0.476,0.475,0.44,0.443,0.425,0.425,0.395,0.388,0.364,0.276,0.231,0.295,0.306,0.33,0.334,0.341,0.357,0.367,0.367,0.371,0.379,0.415,0.398,0.398,0.434,0.448,0.448,0.448,0.322,0.32,0.298,0.247,0.247,0.23,0.212,0.216,0.18,0.083,0.116,0.12,0.157,0.17,0.234,0.324,0.339,0.281,0.281,0.406,0.418,0.418,0.418,0.456,0.444,0.46,0.461,0.46,0.512,0.489,0.512,0.61,0.641,0.704,0.553,0.557,0.591,0.62,0.638,0.724,0.704,0.793,0.784,0.724,0.883,0.883,0.883,0.93,0.93,0.93,0.93,0.93,0.957,0.966,1.045,0.998,1.01,1.026,1.03,1.16,1.078,1.088,1.162,1.221,1.172,1.171,1.178,1.201,1.197,1.079,1.079,1.06,1.048,1.048,1.019,1.064,1.05,1.087,1.123,1.116,1.13,1.082,0.992,1.05,1.136,1.155,1.193,1.206,1.249,1.249,1.193,1.193,1.167,1.123,1.141,1.077,1.06,1.001,0.981,0.408,1.038,0.626,1.03,1.0,0.969,0.954,0.933,0.918,0.915,0.844,1.3,0.883,1.208,0.858,0.845,0.77,0.757,0.739,0.69,0.677,0.642,0.633,0.621,0.612,0.62,0.61,0.61,0.918,0.558,0.542,0.506,0.496,0.457,0.395,0.381,0.313,0.256,0.24,0.236,0.208,0.193,0.182,0.164,0.147,0.146,0.129,0.265,0.558,0.594,0.618,0.653,0.667,0.646,0.719,0.74,0.739,0.762,0.762,0.6,0.558,0.601,0.614,0.614,0.614,0.614,0.614,0.604,0.614,0.69,0.69,0.709,0.806,0.91,0.918,0.918,1.051,1.055,1.055,1.106,1.5,1.184,1.348,1.046,0.95,1.082,0.95,0.95,0.95,0.95,0.899,0.93,0.85,0.79,0.79,0.776,0.776,0.679,0.66,0.672,0.672,0.679,0.698,0.698,0.742,0.764,0.778,0.787,0.794,0.837,0.837,0.836,0.852,0.86,0.865,0.875,0.881,0.904,0.939,0.932,0.951,0.971,0.979,0.695,0.756,0.652,0.648,0.615,0.57,0.549,0.474,0.482,0.499,0.343,0.346,0.372,0.39,0.389,0.406,0.431,0.437,0.434,0.451,0.456,0.503,0.501,0.524,0.707,0.752,0.758,0.785,0.816,0.898,0.882,0.898,0.236,0.213,0.289,0.305,0.299,0.833,0.312,0.322,0.334,0.347,0.39,0.404,0.478,0.491,0.493,0.494,10.327
Point_13,15.479,2.388,2.388,2.425,1.152,0.647,0.397,0.435,0.435,0.435,0.476,0.502,0.0,0.016,0.068,0.068,0.091,0.103,0.119,0.157,0.188,0.279,0.229,0.235,0.259,0.268,0.28,0.289,0.31,0.328,0.32,0.629,0.492,0.506,0.529,0.457,0.456,0.421,0.423,0.405,0.405,0.376,0.368,0.345,0.257,0.212,0.275,0.287,0.31,0.315,0.322,0.338,0.328,0.328,0.324,0.316,0.315,0.292,0.298,0.334,0.348,0.348,0.348,0.281,0.279,0.256,0.227,0.228,0.211,0.193,0.197,0.161,0.063,0.096,0.1,0.137,0.151,0.215,0.304,0.32,0.262,0.262,0.387,0.399,0.399,0.399,0.436,0.424,0.44,0.442,0.44,0.493,0.469,0.493,0.59,0.622,0.685,0.533,0.537,0.572,0.601,0.619,0.705,0.685,0.774,0.765,0.705,0.863,0.863,0.863,0.911,0.911,0.911,0.911,0.911,0.938,0.946,1.026,0.978,0.991,1.007,1.01,1.141,1.059,1.068,1.143,1.201,1.153,1.152,1.159,1.182,1.178,1.06,1.06,1.041,1.029,1.029,1.0,1.045,1.031,1.068,1.104,1.097,1.111,1.063,0.972,1.031,1.117,1.136,1.173,1.187,1.23,1.23,1.174,1.174,1.148,1.104,1.122,1.058,1.041,0.982,0.962,0.388,1.019,0.607,1.011,0.98,0.949,0.935,0.914,0.898,0.896,0.825,1.281,0.863,1.189,0.839,0.826,0.75,0.737,0.72,0.67,0.658,0.623,0.614,0.602,0.593,0.601,0.591,0.59,0.898,0.539,0.523,0.487,0.476,0.438,0.375,0.362,0.294,0.237,0.221,0.217,0.189,0.173,0.163,0.144,0.127,0.126,0.11,0.245,0.017,0.053,0.078,0.113,0.126,0.105,0.178,0.199,0.199,0.221,0.221,0.293,0.336,0.443,0.455,0.455,0.455,0.455,0.455,0.445,0.455,0.531,0.531,0.55,0.648,0.751,0.759,0.759,0.893,0.897,0.897,0.947,1.089,1.026,1.307,0.888,0.791,0.924,0.791,0.791,0.791,0.791,0.741,0.771,0.691,0.632,0.632,0.617,0.617,0.52,0.502,0.513,0.513,0.52,0.54,0.54,0.583,0.605,0.619,0.629,0.635,0.679,0.679,0.678,0.693,0.701,0.706,0.716,0.723,0.745,0.78,0.774,0.792,0.812,0.82,0.675,0.694,0.632,0.629,0.596,0.551,0.53,0.454,0.463,0.479,0.323,0.327,0.352,0.371,0.37,0.387,0.412,0.417,0.415,0.432,0.437,0.484,0.482,0.504,0.52,0.565,0.571,0.598,0.628,0.711,0.695,0.711,0.216,0.194,0.27,0.286,0.28,0.645,0.292,0.303,0.314,0.328,0.371,0.385,0.415,0.402,0.4,0.399,10.308
Point_14,15.462,2.372,2.372,2.409,1.136,0.631,0.413,0.451,0.451,0.451,0.493,0.519,0.016,0.0,0.052,0.052,0.074,0.087,0.103,0.14,0.172,0.263,0.213,0.218,0.243,0.252,0.264,0.273,0.294,0.312,0.304,0.645,0.476,0.489,0.545,0.473,0.472,0.437,0.44,0.422,0.422,0.392,0.385,0.361,0.273,0.228,0.291,0.303,0.327,0.331,0.338,0.322,0.312,0.312,0.308,0.3,0.299,0.276,0.282,0.318,0.332,0.332,0.332,0.265,0.263,0.24,0.244,0.244,0.227,0.209,0.213,0.177,0.08,0.113,0.116,0.154,0.167,0.231,0.321,0.336,0.278,0.278,0.403,0.415,0.415,0.415,0.453,0.441,0.457,0.458,0.457,0.509,0.486,0.509,0.607,0.638,0.701,0.55,0.553,0.588,0.617,0.635,0.721,0.701,0.79,0.781,0.721,0.879,0.879,0.879,0.927,0.927,0.927,0.927,0.927,0.954,0.963,1.042,0.995,1.007,1.023,1.027,1.157,1.075,1.085,1.159,1.218,1.169,1.168,1.175,1.198,1.194,1.076,1.076,1.057,1.045,1.045,1.016,1.061,1.047,1.084,1.12,1.113,1.127,1.079,0.989,1.047,1.133,1.152,1.189,1.203,1.246,1.246,1.19,1.19,1.164,1.12,1.138,1.074,1.057,0.998,0.978,0.405,1.035,0.623,1.027,0.997,0.965,0.951,0.93,0.915,0.912,0.841,1.297,0.879,1.205,0.855,0.842,0.767,0.754,0.736,0.686,0.674,0.639,0.63,0.618,0.609,0.617,0.607,0.607,0.915,0.555,0.539,0.503,0.492,0.454,0.391,0.378,0.31,0.253,0.237,0.233,0.205,0.19,0.179,0.161,0.144,0.143,0.126,0.262,0.033,0.069,0.094,0.129,0.142,0.122,0.194,0.216,0.215,0.237,0.237,0.309,0.352,0.459,0.471,0.471,0.471,0.471,0.471,0.461,0.471,0.547,0.547,0.566,0.664,0.767,0.776,0.776,0.909,0.913,0.913,0.963,1.105,1.042,1.291,0.904,0.808,0.94,0.808,0.808,0.808,0.808,0.757,0.787,0.707,0.648,0.648,0.634,0.634,0.536,0.518,0.529,0.529,0.536,0.556,0.556,0.6,0.622,0.636,0.645,0.652,0.695,0.695,0.694,0.71,0.717,0.722,0.733,0.739,0.762,0.796,0.79,0.809,0.828,0.836,0.691,0.711,0.648,0.645,0.612,0.567,0.546,0.471,0.479,0.496,0.34,0.343,0.369,0.387,0.386,0.403,0.428,0.434,0.431,0.448,0.453,0.5,0.498,0.521,0.536,0.581,0.587,0.614,0.645,0.727,0.711,0.727,0.233,0.21,0.286,0.302,0.296,0.661,0.309,0.319,0.331,0.344,0.387,0.401,0.432,0.419,0.416,0.415,10.324
Point_15,15.458,2.368,2.368,2.405,1.132,0.627,0.466,0.503,0.503,0.503,0.545,0.571,0.068,0.052,0.0,0.0,0.07,0.083,0.099,0.136,0.167,0.259,0.209,0.214,0.239,0.248,0.26,0.269,0.29,0.308,0.3,0.697,0.472,0.485,0.538,0.399,0.401,0.49,0.492,0.474,0.474,0.444,0.437,0.413,0.325,0.28,0.344,0.355,0.379,0.341,0.334,0.318,0.308,0.308,0.304,0.296,0.294,0.271,0.278,0.314,0.328,0.328,0.328,0.26,0.259,0.236,0.277,0.277,0.294,0.261,0.265,0.23,0.132,0.165,0.169,0.206,0.219,0.284,0.373,0.388,0.33,0.33,0.455,0.467,0.467,0.467,0.505,0.493,0.509,0.51,0.509,0.561,0.538,0.561,0.659,0.69,0.754,0.602,0.606,0.64,0.669,0.687,0.774,0.753,0.843,0.833,0.773,0.932,0.932,0.932,0.98,0.98,0.98,0.98,0.98,1.006,1.015,1.094,1.047,1.059,1.075,1.079,1.209,1.127,1.137,1.211,1.27,1.221,1.22,1.227,1.25,1.246,1.128,1.128,1.109,1.098,1.097,1.068,1.113,1.099,1.136,1.172,1.165,1.18,1.131,1.041,1.099,1.185,1.205,1.242,1.255,1.298,1.298,1.242,1.242,1.216,1.172,1.191,1.126,1.109,1.05,1.031,0.457,1.087,0.675,1.079,1.049,1.018,1.003,0.983,0.967,0.964,0.893,1.35,0.932,1.258,0.908,0.895,0.819,0.806,0.788,0.739,0.726,0.691,0.683,0.67,0.661,0.67,0.659,0.659,0.967,0.607,0.591,0.555,0.545,0.506,0.444,0.431,0.362,0.305,0.289,0.285,0.257,0.242,0.232,0.213,0.196,0.195,0.178,0.314,0.086,0.121,0.146,0.181,0.195,0.174,0.247,0.268,0.267,0.29,0.29,0.361,0.404,0.511,0.523,0.523,0.523,0.523,0.523,0.514,0.523,0.599,0.599,0.619,0.716,0.82,0.828,0.828,0.961,0.965,0.965,1.015,1.158,1.094,1.286,0.956,0.86,0.992,0.86,0.86,0.86,0.86,0.809,0.84,0.759,0.7,0.7,0.686,0.686,0.588,0.57,0.582,0.582,0.588,0.608,0.608,0.652,0.674,0.688,0.697,0.704,0.747,0.747,0.746,0.762,0.77,0.774,0.785,0.791,0.814,0.849,0.842,0.861,0.88,0.888,0.744,0.763,0.701,0.697,0.664,0.619,0.598,0.523,0.531,0.548,0.392,0.395,0.421,0.44,0.438,0.455,0.48,0.486,0.483,0.5,0.505,0.552,0.55,0.573,0.588,0.633,0.639,0.666,0.697,0.779,0.763,0.779,0.285,0.262,0.338,0.355,0.348,0.714,0.361,0.372,0.383,0.396,0.439,0.454,0.484,0.471,0.469,0.467,10.376
Point_16,15.458,2.368,2.368,2.405,1.132,0.627,0.466,0.503,0.503,0.503,0.545,0.571,0.068,0.052,0.0,0.0,0.07,0.083,0.099,0.136,0.167,0.259,0.209,0.214,0.239,0.248,0.26,0.269,0.29,0.308,0.3,0.697,0.472,0.485,0.538,0.399,0.401,0.49,0.492,0.474,0.474,0.444,0.437,0.413,0.325,0.28,0.344,0.355,0.379,0.341,0.334,0.318,0.308,0.308,0.304,0.296,0.294,0.271,0.278,0.314,0.328,0.328,0.328,0.26,0.259,0.236,0.277,0.277,0.294,0.261,0.265,0.23,0.132,0.165,0.169,0.206,0.219,0.284,0.373,0.388,0.33,0.33,0.455,0.467,0.467,0.467,0.505,0.493,0.509,0.51,0.509,0.561,0.538,0.561,0.659,0.69,0.754,0.602,0.606,0.64,0.669,0.687,0.774,0.753,0.843,0.833,0.773,0.932,0.932,0.932,0.98,0.98,0.98,0.98,0.98,1.006,1.015,1.094,1.047,1.059,1.075,1.079,1.209,1.127,1.137,1.211,1.27,1.221,1.22,1.227,1.25,1.246,1.128,1.128,1.109,1.098,1.097,1.068,1.113,1.099,1.136,1.172,1.165,1.18,1.131,1.041,1.099,1.185,1.205,1.242,1.255,1.298,1.298,1.242,1.242,1.216,1.172,1.191,1.126,1.109,1.05,1.031,0.457,1.087,0.675,1.079,1.049,1.018,1.003,0.983,0.967,0.964,0.893,1.35,0.932,1.258,0.908,0.895,0.819,0.806,0.788,0.739,0.726,0.691,0.683,0.67,0.661,0.67,0.659,0.659,0.967,0.607,0.591,0.555,0.545,0.506,0.444,0.431,0.362,0.305,0.289,0.285,0.257,0.242,0.232,0.213,0.196,0.195,0.178,0.314,0.086,0.121,0.146,0.181,0.195,0.174,0.247,0.268,0.267,0.29,0.29,0.361,0.404,0.511,0.523,0.523,0.523,0.523,0.523,0.514,0.523,0.599,0.599,0.619,0.716,0.82,0.828,0.828,0.961,0.965,0.965,1.015,1.158,1.094,1.286,0.956,0.86,0.992,0.86,0.86,0.86,0.86,0.809,0.84,0.759,0.7,0.7,0.686,0.686,0.588,0.57,0.582,0.582,0.588,0.608,0.608,0.652,0.674,0.688,0.697,0.704,0.747,0.747,0.746,0.762,0.77,0.774,0.785,0.791,0.814,0.849,0.842,0.861,0.88,0.888,0.744,0.763,0.701,0.697,0.664,0.619,0.598,0.523,0.531,0.548,0.392,0.395,0.421,0.44,0.438,0.455,0.48,0.486,0.483,0.5,0.505,0.552,0.55,0.573,0.588,0.633,0.639,0.666,0.697,0.779,0.763,0.779,0.285,0.262,0.338,0.355,0.348,0.714,0.361,0.372,0.383,0.396,0.439,0.454,0.484,0.471,0.469,0.467,10.376
Point_17,15.388,2.297,2.297,2.335,1.062,0.556,0.886,0.924,0.924,0.924,0.966,0.992,0.443,0.459,0.512,0.512,0.0,0.013,0.029,0.066,0.097,0.188,0.139,0.144,0.169,0.178,0.19,0.199,0.22,0.238,0.23,0.824,0.401,0.415,0.468,0.329,0.331,0.365,0.363,0.381,0.381,0.411,0.418,0.442,0.452,0.372,0.311,0.299,0.275,0.271,0.264,0.248,0.238,0.238,0.234,0.226,0.224,0.201,0.207,0.243,0.258,0.258,0.258,0.19,0.189,0.166,0.207,0.207,0.223,0.242,0.238,0.274,0.371,0.338,0.334,0.333,0.346,0.371,0.482,0.515,0.457,0.457,0.582,0.594,0.594,0.594,0.632,0.62,0.636,0.637,0.636,0.688,0.665,0.688,0.786,0.817,0.88,0.729,0.733,0.767,0.796,0.814,0.9,0.88,0.969,0.96,0.9,1.059,1.059,1.059,1.107,1.107,1.107,1.107,1.107,1.133,1.142,1.221,1.174,1.186,1.202,1.206,1.336,1.254,1.264,1.338,1.397,1.348,1.347,1.354,1.377,1.373,1.255,1.255,1.236,1.224,1.224,1.195,1.24,1.226,1.263,1.299,1.292,1.307,1.258,1.168,1.226,1.312,1.331,1.369,1.382,1.425,1.425,1.369,1.369,1.343,1.299,1.317,1.253,1.236,1.177,1.158,0.398,1.214,0.802,1.206,1.176,1.145,1.13,1.109,1.094,1.091,1.02,1.477,1.059,1.384,1.034,1.022,0.946,0.933,0.915,0.866,0.853,0.818,0.809,0.797,0.788,0.796,0.786,0.786,1.094,0.734,0.718,0.682,0.672,0.633,0.663,0.65,0.581,0.525,0.509,0.505,0.477,0.461,0.451,0.432,0.415,0.414,0.397,0.617,0.426,0.462,0.487,0.522,0.535,0.514,0.587,0.608,0.608,0.63,0.63,0.702,0.745,0.852,0.864,0.864,0.864,0.864,0.864,0.854,0.864,0.94,0.94,0.959,1.057,1.16,1.168,1.168,1.302,1.306,1.306,1.356,1.498,1.693,1.216,1.296,1.2,1.333,1.2,1.2,1.2,1.2,1.15,1.18,1.1,1.041,1.041,1.026,1.026,0.929,0.911,0.922,0.922,0.929,0.949,0.949,0.992,1.014,1.028,1.038,1.044,1.088,1.088,1.087,1.102,1.11,1.115,1.125,1.132,1.154,1.189,1.182,1.201,1.221,1.229,1.047,1.103,1.004,1.001,0.968,0.923,0.902,0.826,0.835,0.851,0.695,0.699,0.724,0.743,0.742,0.759,0.783,0.789,0.787,0.804,0.809,0.856,0.854,0.876,0.929,0.974,0.98,1.007,1.037,1.12,1.104,1.12,0.588,0.566,0.641,0.658,0.652,1.054,0.664,0.675,0.686,0.7,0.743,0.757,0.83,0.811,0.809,0.808,10.503
Point_18,15.375,2.285,2.285,2.322,1.049,0.544,0.874,0.912,0.912,0.912,0.953,0.979,0.431,0.447,0.499,0.499,0.521,0.0,0.016,0.053,0.085,0.176,0.126,0.131,0.156,0.165,0.177,0.186,0.207,0.225,0.217,0.811,0.389,0.402,0.455,0.317,0.318,0.353,0.35,0.368,0.368,0.398,0.405,0.429,0.439,0.359,0.298,0.286,0.263,0.258,0.251,0.235,0.225,0.225,0.221,0.213,0.212,0.189,0.195,0.231,0.245,0.245,0.245,0.178,0.176,0.153,0.195,0.194,0.211,0.229,0.225,0.261,0.359,0.326,0.322,0.32,0.334,0.358,0.469,0.503,0.444,0.444,0.57,0.581,0.581,0.581,0.619,0.607,0.623,0.625,0.623,0.675,0.652,0.675,0.773,0.804,0.868,0.716,0.72,0.754,0.784,0.802,0.888,0.867,0.957,0.947,0.887,1.046,1.046,1.046,1.094,1.094,1.094,1.094,1.094,1.121,1.129,1.209,1.161,1.173,1.189,1.193,1.324,1.241,1.251,1.325,1.384,1.336,1.335,1.341,1.364,1.36,1.243,1.243,1.223,1.212,1.211,1.182,1.227,1.214,1.25,1.286,1.28,1.294,1.245,1.155,1.214,1.299,1.319,1.356,1.369,1.412,1.412,1.357,1.357,1.331,1.286,1.305,1.24,1.223,1.165,1.145,0.385,1.202,0.79,1.193,1.163,1.132,1.117,1.097,1.081,1.078,1.008,1.464,1.046,1.372,1.022,1.009,0.933,0.92,0.902,0.853,0.84,0.805,0.797,0.784,0.775,0.784,0.773,0.773,1.081,0.721,0.705,0.669,0.659,0.621,0.651,0.637,0.569,0.512,0.496,0.492,0.464,0.449,0.438,0.42,0.403,0.402,0.385,0.605,0.413,0.449,0.474,0.509,0.522,0.502,0.574,0.596,0.595,0.617,0.617,0.689,0.732,0.839,0.851,0.851,0.851,0.851,0.851,0.842,0.851,0.927,0.927,0.946,1.044,1.147,1.156,1.156,1.289,1.293,1.293,1.343,1.486,1.681,1.204,1.284,1.188,1.32,1.188,1.188,1.188,1.188,1.137,1.167,1.087,1.028,1.028,1.014,1.014,0.916,0.898,0.909,0.909,0.916,0.936,0.936,0.98,1.002,1.016,1.025,1.032,1.075,1.075,1.074,1.09,1.097,1.102,1.113,1.119,1.142,1.177,1.17,1.189,1.208,1.216,1.034,1.091,0.991,0.988,0.955,0.91,0.889,0.814,0.822,0.838,0.683,0.686,0.711,0.73,0.729,0.746,0.771,0.777,0.774,0.791,0.796,0.843,0.841,0.864,0.916,0.961,0.967,0.994,1.025,1.107,1.091,1.107,0.576,0.553,0.629,0.645,0.639,1.041,0.651,0.662,0.674,0.687,0.73,0.744,0.818,0.799,0.796,0.795,10.49
Point_19,15.36,2.269,2.269,2.306,1.033,0.528,0.858,0.896,0.896,0.896,0.937,0.963,0.415,0.431,0.483,0.483,0.505,0.518,0.0,0.038,0.069,0.16,0.11,0.115,0.14,0.149,0.161,0.17,0.191,0.209,0.201,0.795,0.373,0.386,0.439,0.301,0.302,0.337,0.335,0.353,0.353,0.382,0.39,0.413,0.424,0.343,0.282,0.27,0.247,0.242,0.235,0.219,0.209,0.209,0.205,0.197,0.196,0.173,0.179,0.215,0.229,0.229,0.229,0.162,0.16,0.137,0.179,0.178,0.195,0.214,0.209,0.245,0.343,0.31,0.306,0.304,0.318,0.342,0.454,0.487,0.428,0.428,0.554,0.565,0.565,0.565,0.603,0.591,0.607,0.609,0.607,0.659,0.636,0.659,0.757,0.789,0.852,0.7,0.704,0.739,0.768,0.786,0.872,0.852,0.941,0.931,0.872,1.03,1.03,1.03,1.078,1.078,1.078,1.078,1.078,1.105,1.113,1.193,1.145,1.157,1.173,1.177,1.308,1.225,1.235,1.309,1.368,1.32,1.319,1.326,1.348,1.344,1.227,1.227,1.207,1.196,1.195,1.167,1.212,1.198,1.235,1.271,1.264,1.278,1.229,1.139,1.198,1.283,1.303,1.34,1.353,1.396,1.396,1.341,1.341,1.315,1.27,1.289,1.224,1.208,1.149,1.129,0.37,1.186,0.774,1.177,1.147,1.116,1.102,1.081,1.065,1.063,0.992,1.448,1.03,1.356,1.006,0.993,0.917,0.904,0.886,0.837,0.825,0.79,0.781,0.768,0.759,0.768,0.758,0.757,1.065,0.706,0.689,0.654,0.643,0.605,0.635,0.621,0.553,0.496,0.48,0.476,0.448,0.433,0.423,0.404,0.387,0.386,0.369,0.589,0.398,0.433,0.458,0.493,0.507,0.486,0.559,0.58,0.579,0.602,0.602,0.673,0.716,0.823,0.835,0.835,0.835,0.835,0.835,0.826,0.835,0.911,0.911,0.931,1.028,1.132,1.14,1.14,1.273,1.277,1.277,1.327,1.47,1.665,1.188,1.268,1.172,1.304,1.172,1.172,1.172,1.172,1.121,1.152,1.071,1.012,1.012,0.998,0.998,0.9,0.882,0.894,0.894,0.9,0.92,0.92,0.964,0.986,1.0,1.009,1.016,1.059,1.059,1.058,1.074,1.081,1.086,1.097,1.103,1.126,1.161,1.154,1.173,1.192,1.2,1.019,1.075,0.976,0.972,0.939,0.894,0.873,0.798,0.806,0.823,0.667,0.67,0.696,0.715,0.713,0.73,0.755,0.761,0.758,0.775,0.78,0.827,0.825,0.848,0.9,0.945,0.951,0.978,1.009,1.091,1.075,1.091,0.56,0.537,0.613,0.629,0.623,1.026,0.636,0.647,0.658,0.671,0.714,0.728,0.802,0.783,0.781,0.779,10.474
Point_20,15.322,2.231,2.231,2.268,0.996,0.49,0.82,0.858,0.858,0.858,0.899,0.925,0.377,0.393,0.446,0.446,0.468,0.48,0.496,0.0,0.031,0.122,0.073,0.078,0.102,0.112,0.123,0.132,0.153,0.172,0.164,0.758,0.335,0.349,0.401,0.263,0.264,0.299,0.297,0.315,0.315,0.344,0.352,0.375,0.386,0.306,0.244,0.233,0.209,0.205,0.197,0.182,0.172,0.172,0.167,0.16,0.158,0.135,0.141,0.177,0.192,0.192,0.192,0.124,0.122,0.1,0.141,0.14,0.157,0.176,0.172,0.207,0.305,0.272,0.268,0.266,0.28,0.305,0.416,0.449,0.391,0.391,0.516,0.528,0.528,0.528,0.566,0.553,0.569,0.571,0.569,0.622,0.598,0.622,0.72,0.751,0.814,0.663,0.666,0.701,0.73,0.748,0.834,0.814,0.903,0.894,0.834,0.992,0.992,0.992,1.04,1.04,1.04,1.04,1.04,1.067,1.076,1.155,1.107,1.12,1.136,1.14,1.27,1.188,1.197,1.272,1.33,1.282,1.281,1.288,1.311,1.307,1.189,1.189,1.17,1.158,1.158,1.129,1.174,1.16,1.197,1.233,1.226,1.24,1.192,1.102,1.16,1.246,1.265,1.302,1.316,1.359,1.359,1.303,1.303,1.277,1.233,1.251,1.187,1.17,1.111,1.091,0.332,1.148,0.736,1.14,1.11,1.078,1.064,1.043,1.028,1.025,0.954,1.41,0.992,1.318,0.968,0.955,0.88,0.867,0.849,0.799,0.787,0.752,0.743,0.731,0.722,0.73,0.72,0.72,1.028,0.668,0.652,0.616,0.605,0.567,0.597,0.584,0.515,0.458,0.443,0.438,0.411,0.395,0.385,0.366,0.349,0.348,0.331,0.551,0.36,0.396,0.42,0.455,0.469,0.448,0.521,0.542,0.541,0.564,0.564,0.636,0.678,0.786,0.798,0.798,0.798,0.798,0.798,0.788,0.798,0.874,0.874,0.893,0.99,1.094,1.102,1.102,1.236,1.239,1.239,1.29,1.432,1.627,1.15,1.23,1.134,1.266,1.134,1.134,1.134,1.134,1.084,1.114,1.034,0.974,0.974,0.96,0.96,0.863,0.845,0.856,0.856,0.863,0.883,0.883,0.926,0.948,0.962,0.972,0.978,1.022,1.022,1.02,1.036,1.044,1.049,1.059,1.065,1.088,1.123,1.116,1.135,1.155,1.163,0.981,1.037,0.938,0.934,0.902,0.857,0.835,0.76,0.768,0.785,0.629,0.633,0.658,0.677,0.675,0.693,0.717,0.723,0.721,0.737,0.743,0.79,0.787,0.81,0.863,0.907,0.914,0.941,0.971,1.054,1.038,1.054,0.522,0.499,0.575,0.592,0.586,0.988,0.598,0.609,0.62,0.634,0.677,0.691,0.764,0.745,0.743,0.742,10.437
Point_21,15.291,2.2,2.2,2.237,0.965,0.459,0.692,0.73,0.73,0.73,0.771,0.797,0.329,0.345,0.397,0.397,0.42,0.432,0.448,0.486,0.0,0.074,0.042,0.047,0.071,0.081,0.092,0.101,0.122,0.14,0.133,0.71,0.294,0.28,0.228,0.215,0.216,0.251,0.249,0.267,0.267,0.296,0.304,0.327,0.338,0.258,0.196,0.184,0.161,0.157,0.149,0.134,0.124,0.124,0.119,0.111,0.11,0.087,0.093,0.129,0.143,0.143,0.143,0.076,0.074,0.051,0.093,0.092,0.109,0.128,0.124,0.159,0.257,0.224,0.22,0.218,0.232,0.256,0.368,0.401,0.343,0.343,0.468,0.48,0.48,0.48,0.518,0.505,0.521,0.523,0.521,0.574,0.55,0.574,0.671,0.703,0.766,0.614,0.618,0.653,0.682,0.7,0.786,0.766,0.855,0.846,0.786,0.944,0.944,0.944,0.992,0.992,0.992,0.992,0.992,1.019,1.028,1.107,1.059,1.072,1.088,1.091,1.222,1.14,1.149,1.224,1.282,1.234,1.233,1.24,1.263,1.259,1.141,1.141,1.122,1.11,1.11,1.081,1.126,1.112,1.149,1.185,1.178,1.192,1.144,1.053,1.112,1.198,1.217,1.254,1.268,1.311,1.311,1.255,1.255,1.229,1.185,1.203,1.139,1.122,1.063,1.043,0.284,1.1,0.688,1.092,1.062,1.03,1.016,0.995,0.98,0.977,0.906,1.362,0.944,1.27,0.92,0.907,0.832,0.819,0.801,0.751,0.739,0.704,0.695,0.683,0.674,0.682,0.672,0.671,0.98,0.62,0.604,0.568,0.557,0.519,0.549,0.536,0.467,0.41,0.395,0.39,0.363,0.347,0.337,0.318,0.301,0.3,0.283,0.503,0.312,0.348,0.372,0.407,0.421,0.4,0.473,0.494,0.493,0.516,0.516,0.587,0.63,0.737,0.75,0.75,0.75,0.75,0.75,0.74,0.75,0.826,0.826,0.845,0.942,1.046,1.054,1.054,1.187,1.191,1.191,1.242,1.384,1.32,1.119,1.182,1.086,1.218,1.086,1.086,1.086,1.086,1.036,1.066,0.986,0.926,0.926,0.912,0.912,0.815,0.797,0.808,0.808,0.815,0.834,0.834,0.878,0.9,0.914,0.924,0.93,0.973,0.973,0.972,0.988,0.996,1.001,1.011,1.017,1.04,1.075,1.068,1.087,1.107,1.115,0.933,0.989,0.89,0.886,0.853,0.809,0.787,0.712,0.72,0.737,0.581,0.585,0.61,0.629,0.627,0.645,0.669,0.675,0.673,0.689,0.695,0.741,0.739,0.762,0.814,0.859,0.866,0.893,0.923,1.005,0.99,1.005,0.474,0.451,0.527,0.544,0.538,0.94,0.55,0.561,0.572,0.586,0.629,0.643,0.716,0.697,0.695,0.694,10.389
Point_22,15.363,2.272,2.272,2.309,1.037,0.531,0.618,0.655,0.655,0.655,0.697,0.723,0.255,0.271,0.323,0.323,0.345,0.358,0.374,0.412,0.074,0.0,0.114,0.119,0.144,0.153,0.165,0.173,0.195,0.213,0.205,0.635,0.312,0.298,0.246,0.233,0.235,0.269,0.267,0.285,0.285,0.383,0.375,0.352,0.264,0.219,0.215,0.203,0.179,0.175,0.168,0.152,0.142,0.142,0.138,0.13,0.128,0.105,0.111,0.147,0.162,0.162,0.162,0.094,0.092,0.07,0.019,0.018,0.035,0.054,0.05,0.085,0.183,0.15,0.146,0.144,0.158,0.222,0.311,0.327,0.268,0.268,0.394,0.405,0.405,0.405,0.443,0.431,0.447,0.449,0.447,0.499,0.476,0.499,0.597,0.629,0.692,0.54,0.544,0.579,0.608,0.626,0.712,0.692,0.781,0.772,0.712,0.87,0.87,0.87,0.918,0.918,0.918,0.918,0.918,0.945,0.953,1.033,0.985,0.998,1.013,1.017,1.148,1.066,1.075,1.149,1.208,1.16,1.159,1.166,1.189,1.185,1.067,1.067,1.048,1.036,1.035,1.007,1.052,1.038,1.075,1.111,1.104,1.118,1.07,0.979,1.038,1.124,1.143,1.18,1.194,1.237,1.237,1.181,1.181,1.155,1.111,1.129,1.065,1.048,0.989,0.969,0.395,1.026,0.614,1.017,0.987,0.956,0.942,0.921,0.905,0.903,0.832,1.288,0.87,1.196,0.846,0.833,0.757,0.744,0.726,0.677,0.665,0.63,0.621,0.608,0.599,0.608,0.598,0.597,0.905,0.546,0.53,0.494,0.483,0.445,0.475,0.462,0.393,0.336,0.32,0.316,0.288,0.273,0.263,0.244,0.227,0.226,0.209,0.429,0.238,0.273,0.298,0.333,0.347,0.326,0.399,0.42,0.419,0.442,0.442,0.513,0.556,0.663,0.676,0.676,0.676,0.676,0.676,0.666,0.676,0.752,0.752,0.771,0.868,0.972,0.98,0.98,1.113,1.117,1.117,1.168,1.31,1.246,1.191,1.108,1.012,1.144,1.012,1.012,1.012,1.012,0.961,0.992,0.911,0.852,0.852,0.838,0.838,0.741,0.722,0.734,0.734,0.741,0.76,0.76,0.804,0.826,0.84,0.849,0.856,0.899,0.899,0.898,0.914,0.922,0.926,0.937,0.943,0.966,1.001,0.994,1.013,1.033,1.041,0.859,0.915,0.816,0.812,0.779,0.734,0.713,0.638,0.646,0.663,0.507,0.51,0.536,0.555,0.553,0.57,0.595,0.601,0.598,0.615,0.62,0.667,0.665,0.688,0.74,0.785,0.791,0.818,0.849,0.931,0.915,0.931,0.4,0.377,0.453,0.47,0.463,0.866,0.476,0.487,0.498,0.511,0.554,0.569,0.642,0.623,0.621,0.62,10.314
Point_23,15.249,2.159,2.159,2.196,0.923,0.418,0.748,0.785,0.785,0.785,0.827,0.853,0.369,0.385,0.437,0.437,0.459,0.472,0.488,0.525,0.04,0.114,0.0,0.005,0.03,0.039,0.051,0.06,0.081,0.099,0.091,0.749,0.263,0.276,0.329,0.255,0.256,0.291,0.288,0.306,0.307,0.336,0.344,0.367,0.377,0.297,0.236,0.224,0.201,0.196,0.189,0.173,0.163,0.163,0.159,0.151,0.15,0.127,0.133,0.169,0.183,0.183,0.183,0.116,0.114,0.091,0.133,0.132,0.149,0.167,0.163,0.199,0.297,0.264,0.26,0.258,0.272,0.296,0.408,0.441,0.382,0.382,0.508,0.519,0.519,0.519,0.557,0.545,0.561,0.563,0.561,0.613,0.59,0.613,0.711,0.743,0.806,0.654,0.658,0.692,0.722,0.74,0.826,0.805,0.895,0.885,0.825,0.984,0.984,0.984,1.032,1.032,1.032,1.032,1.032,1.059,1.067,1.147,1.099,1.111,1.127,1.131,1.262,1.179,1.189,1.263,1.322,1.274,1.273,1.279,1.302,1.298,1.181,1.181,1.161,1.15,1.149,1.12,1.165,1.152,1.189,1.224,1.218,1.232,1.183,1.093,1.152,1.237,1.257,1.294,1.307,1.35,1.35,1.295,1.295,1.269,1.224,1.243,1.178,1.161,1.103,1.083,0.323,1.14,0.728,1.131,1.101,1.07,1.055,1.035,1.019,1.016,0.946,1.402,0.984,1.31,0.96,0.947,0.871,0.858,0.84,0.791,0.779,0.744,0.735,0.722,0.713,0.722,0.711,0.711,1.019,0.66,0.643,0.607,0.597,0.559,0.589,0.575,0.507,0.45,0.434,0.43,0.402,0.387,0.377,0.358,0.341,0.34,0.323,0.543,0.351,0.387,0.412,0.447,0.46,0.44,0.512,0.534,0.533,0.556,0.556,0.627,0.67,0.777,0.789,0.789,0.789,0.789,0.789,0.78,0.789,0.865,0.865,0.884,0.982,1.086,1.094,1.094,1.227,1.231,1.231,1.281,1.424,1.554,1.077,1.222,1.126,1.258,1.126,1.126,1.126,1.126,1.075,1.105,1.025,0.966,0.966,0.952,0.952,0.854,0.836,0.847,0.847,0.854,0.874,0.874,0.918,0.94,0.954,0.963,0.97,1.013,1.013,1.012,1.028,1.035,1.04,1.051,1.057,1.08,1.115,1.108,1.127,1.146,1.154,0.972,1.029,0.929,0.926,0.893,0.848,0.827,0.752,0.76,0.777,0.621,0.624,0.65,0.668,0.667,0.684,0.709,0.715,0.712,0.729,0.734,0.781,0.779,0.802,0.854,0.899,0.905,0.932,0.963,1.045,1.029,1.045,0.514,0.491,0.567,0.583,0.577,0.98,0.59,0.6,0.612,0.625,0.668,0.682,0.756,0.737,0.734,0.733,10.428
Point_24,15.244,2.153,2.153,2.191,0.918,0.412,0.742,0.78,0.78,0.78,0.822,0.848,0.374,0.39,0.442,0.442,0.464,0.477,0.493,0.53,0.045,0.119,0.005,0.0,0.025,0.034,0.046,0.054,0.076,0.094,0.086,0.754,0.257,0.271,0.324,0.26,0.261,0.296,0.294,0.312,0.312,0.341,0.349,0.372,0.383,0.303,0.241,0.229,0.206,0.201,0.194,0.178,0.168,0.168,0.164,0.156,0.155,0.132,0.138,0.174,0.188,0.188,0.188,0.121,0.119,0.096,0.138,0.137,0.154,0.173,0.169,0.204,0.302,0.269,0.265,0.263,0.277,0.301,0.413,0.446,0.387,0.387,0.513,0.524,0.524,0.524,0.562,0.55,0.566,0.568,0.566,0.618,0.595,0.618,0.716,0.748,0.811,0.659,0.663,0.698,0.727,0.745,0.831,0.811,0.9,0.891,0.831,0.989,0.989,0.989,1.037,1.037,1.037,1.037,1.037,1.064,1.072,1.152,1.104,1.117,1.132,1.136,1.267,1.184,1.194,1.268,1.327,1.279,1.278,1.285,1.308,1.304,1.186,1.186,1.167,1.155,1.154,1.126,1.171,1.157,1.194,1.23,1.223,1.237,1.189,1.098,1.157,1.243,1.262,1.299,1.313,1.356,1.356,1.3,1.3,1.274,1.23,1.248,1.183,1.167,1.108,1.088,0.329,1.145,0.733,1.136,1.106,1.075,1.061,1.04,1.024,1.022,0.951,1.407,0.989,1.315,0.965,0.952,0.876,0.863,0.845,0.796,0.784,0.749,0.74,0.727,0.718,0.727,0.717,0.716,1.024,0.665,0.649,0.613,0.602,0.564,0.594,0.581,0.512,0.455,0.439,0.435,0.407,0.392,0.382,0.363,0.346,0.345,0.328,0.548,0.357,0.392,0.417,0.452,0.466,0.445,0.518,0.539,0.538,0.561,0.561,0.632,0.675,0.782,0.795,0.795,0.795,0.795,0.795,0.785,0.795,0.87,0.87,0.89,0.987,1.091,1.099,1.099,1.232,1.236,1.236,1.287,1.429,1.549,1.072,1.227,1.131,1.263,1.131,1.131,1.131,1.131,1.08,1.111,1.03,0.971,0.971,0.957,0.957,0.859,0.841,0.853,0.853,0.859,0.879,0.879,0.923,0.945,0.959,0.968,0.975,1.018,1.018,1.017,1.033,1.041,1.045,1.056,1.062,1.085,1.12,1.113,1.132,1.152,1.16,0.978,1.034,0.935,0.931,0.898,0.853,0.832,0.757,0.765,0.782,0.626,0.629,0.655,0.674,0.672,0.689,0.714,0.72,0.717,0.734,0.739,0.786,0.784,0.807,0.859,0.904,0.91,0.937,0.968,1.05,1.034,1.05,0.519,0.496,0.572,0.589,0.582,0.985,0.595,0.606,0.617,0.63,0.673,0.688,0.761,0.742,0.74,0.738,10.433
Point_25,15.22,2.129,2.129,2.166,0.893,0.388,0.718,0.756,0.756,0.756,0.797,0.823,0.398,0.415,0.467,0.467,0.489,0.502,0.517,0.555,0.069,0.144,0.03,0.025,0.0,0.009,0.021,0.03,0.051,0.069,0.061,0.779,0.233,0.246,0.299,0.284,0.286,0.32,0.318,0.336,0.336,0.366,0.373,0.397,0.407,0.327,0.266,0.254,0.23,0.226,0.219,0.203,0.193,0.193,0.189,0.181,0.179,0.156,0.162,0.199,0.213,0.213,0.213,0.145,0.144,0.121,0.162,0.162,0.179,0.197,0.193,0.229,0.326,0.293,0.289,0.288,0.301,0.326,0.437,0.47,0.412,0.412,0.537,0.549,0.549,0.549,0.587,0.575,0.591,0.592,0.591,0.643,0.62,0.643,0.741,0.772,0.836,0.684,0.688,0.722,0.751,0.769,0.856,0.835,0.925,0.915,0.855,1.014,1.014,1.014,1.062,1.062,1.062,1.062,1.062,1.088,1.097,1.176,1.129,1.141,1.157,1.161,1.291,1.209,1.219,1.293,1.352,1.303,1.302,1.309,1.332,1.328,1.21,1.21,1.191,1.179,1.179,1.15,1.195,1.181,1.218,1.254,1.247,1.262,1.213,1.123,1.181,1.267,1.287,1.324,1.337,1.38,1.38,1.324,1.324,1.298,1.254,1.273,1.208,1.191,1.132,1.113,0.353,1.169,0.757,1.161,1.131,1.1,1.085,1.064,1.049,1.046,0.975,1.432,1.014,1.34,0.989,0.977,0.901,0.888,0.87,0.821,0.808,0.773,0.765,0.752,0.743,0.752,0.741,0.741,1.049,0.689,0.673,0.637,0.627,0.588,0.618,0.605,0.537,0.48,0.464,0.46,0.432,0.417,0.406,0.387,0.37,0.369,0.353,0.572,0.381,0.417,0.442,0.477,0.49,0.47,0.542,0.563,0.563,0.585,0.585,0.664,0.707,0.814,0.826,0.826,0.826,0.826,0.826,0.817,0.826,0.902,0.902,0.921,1.019,1.123,1.131,1.131,1.264,1.268,1.268,1.318,1.675,1.525,1.048,1.259,1.163,1.295,1.163,1.163,1.163,1.163,1.112,1.142,1.062,1.003,1.003,0.989,0.989,0.891,0.873,0.884,0.884,0.891,0.911,0.911,0.955,0.977,0.991,1.0,1.007,1.05,1.05,1.049,1.065,1.072,1.077,1.088,1.094,1.117,1.152,1.145,1.164,1.183,1.191,1.002,1.066,0.959,0.956,0.923,0.878,0.857,0.781,0.79,0.806,0.65,0.654,0.679,0.698,0.697,0.714,0.739,0.744,0.742,0.759,0.764,0.811,0.809,0.831,0.891,0.936,0.942,0.969,1.0,1.082,1.066,1.082,0.543,0.521,0.597,0.613,0.607,1.017,0.619,0.63,0.641,0.655,0.698,0.712,0.787,0.774,0.771,0.77,10.458
Point_26,15.21,2.12,2.12,2.157,0.884,0.379,0.709,0.746,0.746,0.746,0.788,0.814,0.408,0.424,0.476,0.476,0.498,0.511,0.527,0.564,0.079,0.153,0.039,0.034,0.009,0.0,0.012,0.021,0.042,0.06,0.052,0.788,0.224,0.237,0.29,0.294,0.295,0.33,0.328,0.346,0.346,0.375,0.383,0.406,0.417,0.336,0.275,0.263,0.24,0.235,0.228,0.212,0.202,0.202,0.198,0.19,0.189,0.166,0.172,0.208,0.222,0.222,0.222,0.155,0.153,0.13,0.172,0.171,0.188,0.206,0.202,0.238,0.336,0.303,0.299,0.297,0.311,0.335,0.447,0.48,0.421,0.421,0.547,0.558,0.558,0.558,0.596,0.584,0.6,0.602,0.6,0.652,0.629,0.652,0.75,0.782,0.845,0.693,0.697,0.731,0.761,0.779,0.865,0.844,0.934,0.924,0.864,1.023,1.023,1.023,1.071,1.071,1.071,1.071,1.071,1.098,1.106,1.186,1.138,1.15,1.166,1.17,1.301,1.218,1.228,1.302,1.361,1.313,1.312,1.318,1.341,1.337,1.22,1.22,1.2,1.189,1.188,1.159,1.204,1.191,1.228,1.264,1.257,1.271,1.222,1.132,1.191,1.276,1.296,1.333,1.346,1.389,1.389,1.334,1.334,1.308,1.263,1.282,1.217,1.201,1.142,1.122,0.363,1.179,0.767,1.17,1.14,1.109,1.095,1.074,1.058,1.056,0.985,1.441,1.023,1.349,0.999,0.986,0.91,0.897,0.879,0.83,0.818,0.783,0.774,0.761,0.752,0.761,0.75,0.75,1.058,0.699,0.682,0.647,0.636,0.598,0.628,0.614,0.546,0.489,0.473,0.469,0.441,0.426,0.416,0.397,0.38,0.379,0.362,0.582,0.391,0.426,0.451,0.486,0.499,0.479,0.552,0.573,0.572,0.595,0.595,0.655,0.698,0.805,0.817,0.817,0.817,0.817,0.817,0.807,0.817,0.893,0.893,0.912,1.01,1.113,1.121,1.121,1.255,1.259,1.259,1.309,1.666,1.515,1.038,1.25,1.153,1.286,1.153,1.153,1.153,1.153,1.103,1.133,1.053,0.994,0.994,0.979,0.979,0.882,0.864,0.875,0.875,0.882,0.902,0.902,0.945,0.967,0.981,0.991,0.997,1.041,1.041,1.04,1.055,1.063,1.068,1.078,1.085,1.107,1.142,1.135,1.154,1.174,1.182,1.012,1.056,0.969,0.965,0.932,0.887,0.866,0.791,0.799,0.816,0.66,0.663,0.689,0.707,0.706,0.723,0.748,0.754,0.751,0.768,0.773,0.82,0.818,0.841,0.882,0.927,0.933,0.96,0.99,1.073,1.057,1.073,0.553,0.53,0.606,0.622,0.616,1.007,0.629,0.639,0.651,0.664,0.707,0.721,0.777,0.764,0.762,0.761,10.467
Point_27,15.198,2.108,2.108,2.145,0.872,0.367,0.697,0.735,0.735,0.735,0.776,0.802,0.419,0.436,0.488,0.488,0.51,0.523,0.538,0.576,0.09,0.165,0.051,0.046,0.021,0.012,0.0,0.009,0.03,0.048,0.04,0.8,0.212,0.225,0.278,0.305,0.307,0.341,0.339,0.357,0.357,0.387,0.394,0.418,0.428,0.348,0.287,0.275,0.252,0.247,0.24,0.224,0.214,0.214,0.21,0.202,0.2,0.177,0.183,0.22,0.234,0.234,0.234,0.166,0.165,0.142,0.183,0.183,0.2,0.218,0.214,0.25,0.347,0.314,0.311,0.309,0.322,0.347,0.458,0.491,0.433,0.433,0.558,0.57,0.57,0.57,0.608,0.596,0.612,0.613,0.612,0.664,0.641,0.664,0.762,0.793,0.857,0.705,0.709,0.743,0.772,0.79,0.877,0.856,0.946,0.936,0.876,1.035,1.035,1.035,1.083,1.083,1.083,1.083,1.083,1.109,1.118,1.197,1.15,1.162,1.178,1.182,1.312,1.23,1.24,1.314,1.373,1.324,1.323,1.33,1.353,1.349,1.231,1.231,1.212,1.201,1.2,1.171,1.216,1.202,1.239,1.275,1.268,1.283,1.234,1.144,1.202,1.288,1.308,1.345,1.358,1.401,1.401,1.345,1.345,1.319,1.275,1.294,1.229,1.212,1.153,1.134,0.374,1.19,0.778,1.182,1.152,1.121,1.106,1.086,1.07,1.067,0.996,1.453,1.035,1.361,1.011,0.998,0.922,0.909,0.891,0.842,0.829,0.794,0.786,0.773,0.764,0.773,0.762,0.762,1.07,0.71,0.694,0.658,0.648,0.609,0.639,0.626,0.558,0.501,0.485,0.481,0.453,0.438,0.427,0.409,0.391,0.39,0.374,0.593,0.402,0.438,0.463,0.498,0.511,0.491,0.563,0.584,0.584,0.606,0.606,0.643,0.686,0.793,0.805,0.805,0.805,0.805,0.805,0.796,0.805,0.881,0.881,0.9,0.998,1.101,1.11,1.11,1.243,1.247,1.247,1.297,1.654,1.504,1.027,1.238,1.142,1.274,1.142,1.142,1.142,1.142,1.091,1.121,1.041,0.982,0.982,0.968,0.968,0.87,0.852,0.863,0.863,0.87,0.89,0.89,0.934,0.956,0.97,0.979,0.986,1.029,1.029,1.028,1.044,1.051,1.056,1.067,1.073,1.096,1.131,1.124,1.143,1.162,1.17,1.053,1.045,0.98,0.977,0.944,0.899,0.878,0.802,0.811,0.827,0.671,0.675,0.7,0.719,0.718,0.735,0.76,0.765,0.763,0.78,0.785,0.832,0.83,0.852,0.87,0.915,0.921,0.948,0.979,1.061,1.045,1.061,0.564,0.542,0.618,0.634,0.628,0.996,0.64,0.651,0.662,0.676,0.719,0.733,0.766,0.753,0.75,0.749,10.479
Point_28,15.19,2.099,2.099,2.136,0.863,0.358,0.688,0.726,0.726,0.726,0.767,0.793,0.428,0.445,0.497,0.497,0.519,0.532,0.547,0.585,0.099,0.173,0.06,0.054,0.03,0.021,0.009,0.0,0.018,0.036,0.028,0.809,0.2,0.213,0.266,0.338,0.339,0.374,0.371,0.389,0.389,0.419,0.426,0.45,0.437,0.357,0.296,0.284,0.26,0.256,0.249,0.233,0.223,0.223,0.219,0.211,0.209,0.186,0.192,0.229,0.243,0.243,0.243,0.175,0.174,0.151,0.192,0.192,0.208,0.227,0.223,0.259,0.356,0.323,0.319,0.318,0.331,0.356,0.49,0.5,0.442,0.442,0.567,0.579,0.579,0.579,0.617,0.605,0.621,0.622,0.621,0.673,0.65,0.673,0.771,0.802,0.865,0.714,0.718,0.752,0.781,0.799,0.885,0.865,0.955,0.945,0.885,1.044,1.044,1.044,1.092,1.092,1.092,1.092,1.092,1.118,1.127,1.206,1.159,1.171,1.187,1.191,1.321,1.239,1.249,1.323,1.382,1.333,1.332,1.339,1.362,1.358,1.24,1.24,1.221,1.209,1.209,1.18,1.225,1.211,1.248,1.284,1.277,1.292,1.243,1.153,1.211,1.297,1.316,1.354,1.367,1.41,1.41,1.354,1.354,1.328,1.284,1.302,1.238,1.221,1.162,1.143,0.406,1.199,0.787,1.191,1.161,1.13,1.115,1.094,1.079,1.076,1.005,1.462,1.044,1.369,1.019,1.007,0.931,0.918,0.9,0.851,0.838,0.803,0.794,0.782,0.773,0.781,0.771,0.771,1.079,0.719,0.703,0.667,0.657,0.618,0.648,0.635,0.566,0.51,0.494,0.49,0.462,0.446,0.436,0.417,0.4,0.399,0.382,0.602,0.411,0.447,0.472,0.507,0.52,0.499,0.572,0.593,0.593,0.615,0.615,0.634,0.677,0.784,0.796,0.796,0.796,0.796,0.796,0.787,0.796,0.872,0.872,0.892,0.989,1.093,1.101,1.101,1.234,1.238,1.238,1.288,1.645,1.495,1.018,1.229,1.133,1.265,1.133,1.133,1.133,1.133,1.082,1.112,1.032,0.973,0.973,0.959,0.959,0.861,0.843,0.854,0.854,0.861,0.881,0.881,0.925,0.947,0.961,0.97,0.977,1.02,1.02,1.019,1.035,1.042,1.047,1.058,1.064,1.087,1.122,1.115,1.134,1.153,1.161,1.044,1.036,0.989,0.986,0.953,0.908,0.887,0.811,0.82,0.836,0.68,0.684,0.709,0.728,0.727,0.744,0.768,0.774,0.772,0.789,0.794,0.841,0.839,0.861,0.861,0.906,0.912,0.939,0.97,1.052,1.036,1.052,0.573,0.551,0.627,0.643,0.637,0.987,0.649,0.66,0.671,0.685,0.728,0.742,0.757,0.744,0.742,0.74,10.488
Point_29,15.211,2.12,2.12,2.157,0.884,0.379,0.709,0.747,0.747,0.747,0.788,0.814,0.449,0.466,0.518,0.518,0.54,0.553,0.568,0.606,0.12,0.195,0.081,0.076,0.051,0.042,0.03,0.018,0.0,0.018,0.01,0.83,0.182,0.195,0.248,0.32,0.321,0.356,0.354,0.372,0.372,0.401,0.409,0.432,0.458,0.378,0.317,0.305,0.281,0.277,0.27,0.254,0.244,0.244,0.24,0.232,0.23,0.207,0.213,0.25,0.264,0.264,0.264,0.196,0.195,0.172,0.213,0.213,0.23,0.248,0.244,0.28,0.377,0.344,0.341,0.339,0.352,0.377,0.473,0.521,0.463,0.463,0.588,0.6,0.6,0.6,0.638,0.626,0.642,0.643,0.642,0.694,0.671,0.694,0.792,0.823,0.887,0.735,0.739,0.773,0.802,0.82,0.907,0.886,0.976,0.966,0.906,1.065,1.065,1.065,1.113,1.113,1.113,1.113,1.113,1.139,1.148,1.227,1.18,1.192,1.208,1.212,1.342,1.26,1.27,1.344,1.403,1.354,1.353,1.36,1.383,1.379,1.261,1.261,1.242,1.23,1.23,1.201,1.246,1.232,1.269,1.305,1.298,1.313,1.264,1.174,1.232,1.318,1.338,1.375,1.388,1.431,1.431,1.375,1.375,1.349,1.305,1.324,1.259,1.242,1.183,1.164,0.389,1.22,0.808,1.212,1.182,1.151,1.136,1.116,1.1,1.097,1.026,1.483,1.065,1.391,1.04,1.028,0.952,0.939,0.921,0.872,0.859,0.824,0.816,0.803,0.794,0.803,0.792,0.792,1.1,0.74,0.724,0.688,0.678,0.639,0.669,0.656,0.588,0.531,0.515,0.511,0.483,0.468,0.457,0.439,0.421,0.42,0.404,0.623,0.432,0.468,0.493,0.528,0.541,0.521,0.593,0.614,0.614,0.636,0.636,0.655,0.698,0.805,0.817,0.817,0.817,0.817,0.817,0.808,0.817,0.893,0.893,0.913,1.01,1.114,1.122,1.122,1.255,1.259,1.259,1.309,1.666,1.516,1.039,1.25,1.154,1.286,1.154,1.154,1.154,1.154,1.103,1.134,1.053,0.994,0.994,0.98,0.98,0.882,0.864,0.876,0.876,0.882,0.902,0.902,0.946,0.968,0.982,0.991,0.998,1.041,1.041,1.04,1.056,1.064,1.068,1.079,1.085,1.108,1.143,1.136,1.155,1.175,1.182,1.065,1.057,1.01,1.007,0.974,0.929,0.908,0.832,0.841,0.857,0.701,0.705,0.73,0.749,0.748,0.765,0.79,0.795,0.793,0.81,0.815,0.862,0.86,0.882,0.882,0.927,0.933,0.96,0.991,1.073,1.057,1.073,0.594,0.572,0.648,0.664,0.658,1.008,0.67,0.681,0.692,0.706,0.749,0.763,0.778,0.765,0.763,0.761,10.509
Point_30,15.229,2.138,2.138,2.175,0.903,0.397,0.727,0.765,0.765,0.765,0.806,0.832,0.468,0.484,0.536,0.536,0.558,0.571,0.587,0.624,0.139,0.213,0.099,0.094,0.069,0.06,0.048,0.036,0.018,0.0,0.008,0.848,0.164,0.177,0.23,0.302,0.303,0.338,0.335,0.353,0.353,0.383,0.39,0.414,0.476,0.396,0.335,0.323,0.3,0.295,0.288,0.272,0.262,0.262,0.258,0.25,0.249,0.226,0.232,0.268,0.282,0.282,0.282,0.215,0.213,0.19,0.232,0.231,0.248,0.266,0.262,0.298,0.396,0.363,0.359,0.357,0.371,0.395,0.455,0.502,0.481,0.481,0.569,0.58,0.58,0.58,0.618,0.606,0.622,0.624,0.622,0.674,0.651,0.674,0.772,0.804,0.867,0.715,0.719,0.754,0.783,0.801,0.887,0.867,0.956,0.946,0.887,1.045,1.045,1.045,1.093,1.093,1.093,1.093,1.093,1.12,1.128,1.208,1.16,1.173,1.188,1.192,1.323,1.24,1.25,1.324,1.383,1.335,1.334,1.341,1.364,1.36,1.242,1.242,1.223,1.211,1.21,1.182,1.227,1.213,1.25,1.286,1.279,1.293,1.245,1.154,1.213,1.299,1.318,1.355,1.369,1.412,1.412,1.356,1.356,1.33,1.286,1.304,1.239,1.223,1.164,1.144,0.37,1.201,0.789,1.192,1.162,1.131,1.117,1.096,1.08,1.078,1.007,1.463,1.045,1.371,1.021,1.008,0.932,0.919,0.901,0.852,0.84,0.805,0.796,0.783,0.774,0.783,0.773,0.772,1.08,0.721,0.704,0.669,0.658,0.658,0.688,0.674,0.606,0.549,0.533,0.529,0.501,0.486,0.475,0.457,0.44,0.439,0.422,0.642,0.45,0.486,0.511,0.546,0.559,0.539,0.611,0.633,0.632,0.654,0.654,0.673,0.716,0.823,0.836,0.836,0.836,0.836,0.836,0.826,0.836,0.912,0.912,0.931,1.028,1.132,1.14,1.14,1.273,1.277,1.277,1.328,1.684,1.534,1.057,1.268,1.172,1.304,1.172,1.172,1.172,1.172,1.121,1.152,1.072,1.012,1.012,0.998,0.998,0.901,0.882,0.894,0.894,0.901,0.92,0.92,0.964,0.986,1.0,1.009,1.016,1.059,1.059,1.058,1.074,1.082,1.087,1.097,1.103,1.126,1.161,1.154,1.173,1.193,1.201,1.083,1.075,1.028,1.025,0.992,0.947,0.926,0.85,0.859,0.875,0.719,0.723,0.748,0.767,0.766,0.783,0.808,0.813,0.811,0.828,0.833,0.88,0.878,0.901,0.9,0.945,0.952,0.978,1.009,1.091,1.076,1.091,0.613,0.59,0.666,0.682,0.676,1.026,0.688,0.699,0.711,0.724,0.767,0.781,0.796,0.783,0.781,0.78,10.527
Point_31,15.221,2.13,2.13,2.167,0.895,0.389,0.719,0.757,0.757,0.757,0.798,0.824,0.46,0.476,0.528,0.528,0.55,0.563,0.579,0.616,0.131,0.205,0.091,0.086,0.061,0.052,0.04,0.028,0.01,0.008,0.0,0.84,0.172,0.185,0.238,0.309,0.311,0.345,0.343,0.361,0.361,0.391,0.398,0.422,0.469,0.388,0.327,0.315,0.292,0.287,0.28,0.264,0.254,0.254,0.25,0.242,0.241,0.218,0.224,0.26,0.274,0.274,0.274,0.207,0.205,0.182,0.224,0.223,0.24,0.258,0.254,0.29,0.388,0.355,0.351,0.349,0.363,0.387,0.462,0.532,0.473,0.473,0.599,0.61,0.61,0.61,0.648,0.636,0.652,0.654,0.652,0.704,0.681,0.704,0.802,0.834,0.897,0.745,0.749,0.783,0.813,0.831,0.917,0.897,0.986,0.976,0.917,1.075,1.075,1.075,1.123,1.123,1.123,1.123,1.123,1.15,1.158,1.238,1.19,1.202,1.218,1.222,1.353,1.27,1.28,1.354,1.413,1.365,1.364,1.37,1.393,1.389,1.272,1.272,1.252,1.241,1.24,1.211,1.256,1.243,1.28,1.316,1.309,1.323,1.274,1.184,1.243,1.328,1.348,1.385,1.398,1.441,1.441,1.386,1.386,1.36,1.315,1.334,1.269,1.253,1.194,1.174,0.378,1.231,0.819,1.222,1.192,1.161,1.147,1.126,1.11,1.108,1.037,1.493,1.075,1.401,1.051,1.038,0.962,0.949,0.931,0.882,0.87,0.835,0.826,0.813,0.804,0.813,0.802,0.802,1.11,0.751,0.734,0.699,0.688,0.65,0.68,0.666,0.598,0.541,0.525,0.521,0.493,0.478,0.468,0.449,0.432,0.431,0.414,0.634,0.443,0.478,0.503,0.538,0.551,0.531,0.604,0.625,0.624,0.647,0.647,0.666,0.708,0.816,0.828,0.828,0.828,0.828,0.828,0.818,0.828,0.904,0.904,0.923,1.02,1.124,1.132,1.132,1.265,1.269,1.269,1.32,1.677,1.526,1.049,1.26,1.164,1.296,1.164,1.164,1.164,1.164,1.114,1.144,1.064,1.004,1.004,0.99,0.99,0.893,0.875,0.886,0.886,0.893,0.912,0.912,0.956,0.978,0.992,1.002,1.008,1.052,1.052,1.05,1.066,1.074,1.079,1.089,1.095,1.118,1.153,1.146,1.165,1.185,1.193,1.075,1.067,1.021,1.017,0.984,0.939,0.918,0.843,0.851,0.868,0.712,0.715,0.741,0.759,0.758,0.775,0.8,0.806,0.803,0.82,0.825,0.872,0.87,0.893,0.893,0.937,0.944,0.971,1.001,1.084,1.068,1.084,0.605,0.582,0.658,0.674,0.668,1.018,0.681,0.691,0.703,0.716,0.759,0.773,0.788,0.775,0.773,0.772,10.519
Point_32,15.816,2.725,2.725,2.762,1.49,0.984,0.7,0.738,0.738,0.738,0.779,0.805,0.337,0.353,0.406,0.406,0.428,0.44,0.456,0.494,0.525,0.336,0.567,0.572,0.596,0.606,0.617,0.626,0.647,0.665,0.658,0.0,0.347,0.333,0.281,0.209,0.207,0.173,0.175,0.157,0.157,0.128,0.12,0.097,0.072,0.117,0.21,0.222,0.245,0.25,0.257,0.273,0.283,0.283,0.287,0.295,0.314,0.331,0.331,0.295,0.28,0.28,0.28,0.348,0.35,0.372,0.317,0.317,0.3,0.282,0.286,0.25,0.265,0.232,0.228,0.191,0.178,0.15,0.056,0.072,0.067,0.067,0.139,0.15,0.15,0.15,0.188,0.176,0.192,0.194,0.192,0.244,0.221,0.244,0.342,0.373,0.437,0.285,0.289,0.323,0.353,0.371,0.457,0.436,0.526,0.516,0.456,0.615,0.615,0.615,0.663,0.663,0.663,0.663,0.663,0.69,0.698,0.778,0.73,0.742,0.758,0.762,0.893,0.81,0.82,0.894,0.953,0.905,0.904,0.91,0.933,0.929,0.812,0.811,0.792,0.781,0.78,0.751,0.796,0.783,0.819,0.855,0.849,0.863,0.814,0.724,0.783,0.868,0.888,0.925,0.938,0.981,0.981,0.926,0.926,0.9,0.855,0.874,0.809,0.792,0.734,0.714,0.14,0.771,0.359,0.762,0.732,0.701,0.686,0.666,0.65,0.647,0.577,1.033,0.615,0.941,0.591,0.578,0.502,0.489,0.471,0.422,0.409,0.374,0.366,0.353,0.344,0.353,0.342,0.342,0.65,0.29,0.274,0.238,0.228,0.39,0.557,0.544,0.475,0.419,0.403,0.399,0.371,0.355,0.345,0.326,0.309,0.308,0.291,0.511,0.32,0.356,0.38,0.415,0.429,0.408,0.481,0.502,0.502,0.524,0.524,0.596,0.638,0.746,0.758,0.758,0.758,0.758,0.758,0.748,0.758,0.834,0.834,0.853,0.951,1.054,1.062,1.062,1.196,1.199,1.199,1.25,1.392,1.329,1.277,1.19,1.094,1.226,1.094,1.094,1.094,1.094,1.044,1.074,0.994,0.935,0.935,0.92,0.92,0.823,0.805,0.816,0.816,0.823,0.843,0.843,0.886,0.908,0.922,0.932,0.938,0.982,0.982,0.981,0.996,1.004,1.009,1.019,1.026,1.048,1.083,1.076,1.095,1.115,1.123,0.941,0.997,0.898,0.894,0.862,0.817,0.795,0.72,0.729,0.745,0.589,0.593,0.618,0.637,0.636,0.653,0.677,0.683,0.681,0.698,0.703,0.75,0.747,0.77,0.823,0.868,0.874,0.901,0.931,1.014,0.998,1.014,0.482,0.46,0.535,0.552,0.546,0.948,0.558,0.569,0.58,0.594,0.637,0.651,0.724,0.705,0.703,0.702,10.26
Point_33,15.393,2.302,2.302,2.339,1.066,0.482,0.967,1.004,1.004,1.004,1.046,1.072,0.604,0.62,0.672,0.672,0.694,0.707,0.723,0.76,0.294,0.312,0.263,0.257,0.233,0.224,0.212,0.2,0.182,0.164,0.172,0.847,0.0,0.014,0.066,0.138,0.139,0.174,0.172,0.19,0.19,0.219,0.227,0.25,0.338,0.383,0.304,0.292,0.269,0.264,0.257,0.241,0.231,0.231,0.227,0.219,0.184,0.201,0.201,0.165,0.15,0.15,0.15,0.218,0.22,0.242,0.331,0.33,0.347,0.366,0.362,0.397,0.532,0.499,0.495,0.458,0.444,0.364,0.291,0.338,0.334,0.334,0.405,0.417,0.417,0.417,0.455,0.442,0.458,0.46,0.458,0.511,0.487,0.511,0.609,0.64,0.703,0.552,0.555,0.59,0.619,0.637,0.723,0.703,0.792,0.783,0.723,0.881,0.881,0.881,0.929,0.929,0.929,0.929,0.929,0.956,0.965,1.044,0.996,1.009,1.025,1.029,1.159,1.077,1.086,1.161,1.219,1.171,1.17,1.177,1.2,1.196,1.078,1.078,1.059,1.047,1.047,1.018,1.063,1.049,1.086,1.122,1.115,1.129,1.081,0.99,1.049,1.135,1.154,1.191,1.205,1.248,1.248,1.192,1.192,1.166,1.122,1.14,1.076,1.059,1.0,0.98,0.207,1.037,0.625,1.029,0.999,0.967,0.953,0.932,0.917,0.914,0.843,1.299,0.881,1.207,0.857,0.844,0.769,0.756,0.738,0.688,0.676,0.641,0.632,0.62,0.611,0.619,0.609,0.608,0.917,0.557,0.541,0.505,0.494,0.657,0.824,0.81,0.742,0.685,0.669,0.665,0.637,0.622,0.612,0.593,0.576,0.575,0.558,0.778,0.587,0.622,0.647,0.682,0.696,0.675,0.748,0.769,0.768,0.791,0.791,0.862,0.905,1.012,1.024,1.024,1.024,1.024,1.024,1.015,1.024,1.1,1.1,1.12,1.217,1.321,1.329,1.329,1.462,1.466,1.466,1.516,1.659,1.595,1.221,1.457,1.361,1.493,1.361,1.361,1.361,1.361,1.31,1.341,1.26,1.201,1.201,1.187,1.187,1.089,1.071,1.083,1.083,1.089,1.109,1.109,1.153,1.175,1.189,1.198,1.205,1.248,1.248,1.247,1.263,1.27,1.275,1.286,1.292,1.315,1.35,1.343,1.362,1.381,1.389,1.208,1.264,1.165,1.161,1.128,1.083,1.062,0.987,0.995,1.012,0.856,0.859,0.885,0.904,0.902,0.919,0.944,0.95,0.947,0.964,0.969,1.016,1.014,1.037,1.089,1.134,1.14,1.167,1.198,1.28,1.264,1.28,0.749,0.726,0.802,0.818,0.812,1.215,0.825,0.836,0.847,0.86,0.903,0.917,0.991,0.972,0.97,0.968,10.526
Point_34,15.406,2.315,2.315,2.353,1.08,0.495,0.953,0.991,0.991,0.991,1.032,1.058,0.59,0.606,0.659,0.659,0.681,0.693,0.709,0.747,0.28,0.298,0.276,0.271,0.246,0.237,0.225,0.213,0.195,0.177,0.185,0.834,0.014,0.0,0.053,0.124,0.126,0.16,0.158,0.176,0.176,0.206,0.213,0.237,0.325,0.37,0.29,0.279,0.255,0.251,0.243,0.228,0.218,0.218,0.213,0.206,0.17,0.187,0.187,0.151,0.137,0.137,0.137,0.204,0.206,0.229,0.317,0.317,0.333,0.352,0.348,0.384,0.518,0.485,0.481,0.444,0.43,0.35,0.277,0.324,0.32,0.32,0.392,0.403,0.403,0.403,0.441,0.429,0.445,0.447,0.445,0.497,0.474,0.497,0.595,0.626,0.69,0.538,0.542,0.576,0.606,0.624,0.71,0.689,0.779,0.769,0.709,0.868,0.868,0.868,0.916,0.916,0.916,0.916,0.916,0.942,0.951,1.031,0.983,0.995,1.011,1.015,1.146,1.063,1.073,1.147,1.206,1.158,1.156,1.163,1.186,1.182,1.065,1.064,1.045,1.034,1.033,1.004,1.049,1.036,1.072,1.108,1.102,1.116,1.067,0.977,1.036,1.121,1.141,1.178,1.191,1.234,1.234,1.179,1.179,1.152,1.108,1.127,1.062,1.045,0.986,0.967,0.193,1.024,0.611,1.015,0.985,0.954,0.939,0.919,0.903,0.9,0.83,1.286,0.868,1.194,0.844,0.831,0.755,0.742,0.724,0.675,0.662,0.627,0.619,0.606,0.597,0.606,0.595,0.595,0.903,0.543,0.527,0.491,0.481,0.643,0.81,0.797,0.728,0.671,0.656,0.651,0.624,0.608,0.598,0.579,0.562,0.561,0.544,0.764,0.573,0.609,0.633,0.668,0.682,0.661,0.734,0.755,0.754,0.777,0.777,0.849,0.891,0.999,1.011,1.011,1.011,1.011,1.011,1.001,1.011,1.087,1.087,1.106,1.204,1.307,1.315,1.315,1.449,1.452,1.452,1.503,1.645,1.581,1.234,1.443,1.347,1.479,1.347,1.347,1.347,1.347,1.297,1.327,1.247,1.187,1.187,1.173,1.173,1.076,1.058,1.069,1.069,1.076,1.096,1.096,1.139,1.161,1.175,1.185,1.191,1.235,1.235,1.234,1.249,1.257,1.262,1.272,1.279,1.301,1.336,1.329,1.348,1.368,1.376,1.194,1.25,1.151,1.147,1.115,1.07,1.048,0.973,0.981,0.998,0.842,0.846,0.871,0.89,0.888,0.906,0.93,0.936,0.934,0.951,0.956,1.003,1.0,1.023,1.076,1.12,1.127,1.154,1.184,1.267,1.251,1.267,0.735,0.712,0.788,0.805,0.799,1.201,0.811,0.822,0.833,0.847,0.89,0.904,0.977,0.958,0.956,0.955,10.513
Point_35,15.459,2.368,2.368,2.405,1.132,0.548,0.9,0.938,0.938,0.938,0.98,1.006,0.538,0.554,0.606,0.606,0.628,0.641,0.657,0.694,0.228,0.246,0.267,0.272,0.299,0.29,0.278,0.266,0.248,0.23,0.238,0.781,0.066,0.053,0.0,0.072,0.073,0.108,0.106,0.124,0.124,0.153,0.161,0.184,0.272,0.317,0.238,0.226,0.203,0.198,0.191,0.175,0.165,0.165,0.161,0.153,0.118,0.134,0.134,0.098,0.084,0.084,0.084,0.152,0.153,0.176,0.265,0.264,0.281,0.299,0.295,0.331,0.466,0.433,0.429,0.392,0.378,0.298,0.225,0.272,0.267,0.267,0.339,0.351,0.351,0.351,0.388,0.376,0.392,0.394,0.392,0.445,0.421,0.445,0.542,0.574,0.637,0.485,0.489,0.524,0.553,0.571,0.657,0.637,0.726,0.717,0.657,0.815,0.815,0.815,0.863,0.863,0.863,0.863,0.863,0.89,0.898,0.978,0.93,0.943,0.958,0.962,1.093,1.011,1.02,1.094,1.153,1.105,1.104,1.111,1.134,1.13,1.012,1.012,0.993,0.981,0.98,0.952,0.997,0.983,1.02,1.056,1.049,1.063,1.015,0.924,0.983,1.069,1.088,1.125,1.139,1.182,1.182,1.126,1.126,1.1,1.056,1.074,1.01,0.993,0.934,0.914,0.141,0.971,0.559,0.962,0.932,0.901,0.887,0.866,0.85,0.848,0.777,1.233,0.815,1.141,0.791,0.778,0.702,0.689,0.672,0.622,0.61,0.575,0.566,0.553,0.544,0.553,0.543,0.542,0.85,0.491,0.475,0.439,0.428,0.591,0.758,0.744,0.676,0.619,0.603,0.599,0.571,0.556,0.545,0.527,0.51,0.509,0.492,0.712,0.52,0.556,0.581,0.616,0.629,0.609,0.681,0.703,0.702,0.724,0.724,0.796,0.839,0.946,0.958,0.958,0.958,0.958,0.958,0.949,0.958,1.034,1.034,1.053,1.151,1.254,1.263,1.263,1.396,1.4,1.4,1.45,1.592,1.529,1.287,1.391,1.295,1.427,1.295,1.295,1.295,1.295,1.244,1.274,1.194,1.135,1.135,1.121,1.121,1.023,1.005,1.016,1.016,1.023,1.043,1.043,1.087,1.109,1.123,1.132,1.139,1.182,1.182,1.181,1.197,1.204,1.209,1.22,1.226,1.249,1.283,1.277,1.296,1.315,1.323,1.141,1.198,1.098,1.095,1.062,1.017,0.996,0.92,0.929,0.945,0.789,0.793,0.818,0.837,0.836,0.853,0.878,0.883,0.881,0.898,0.903,0.95,0.948,0.971,1.023,1.068,1.074,1.101,1.132,1.214,1.198,1.214,0.683,0.66,0.736,0.752,0.746,1.148,0.758,0.769,0.781,0.794,0.837,0.851,0.925,0.906,0.903,0.902,10.46
Point_36,15.504,2.413,2.413,2.45,1.178,0.62,0.829,0.866,0.866,0.866,0.908,0.934,0.466,0.482,0.534,0.534,0.556,0.569,0.585,0.622,0.215,0.233,0.255,0.26,0.284,0.294,0.305,0.314,0.32,0.302,0.309,0.709,0.138,0.124,0.072,0.0,0.001,0.036,0.034,0.052,0.052,0.081,0.089,0.112,0.2,0.245,0.225,0.213,0.19,0.185,0.178,0.162,0.152,0.152,0.148,0.14,0.105,0.122,0.122,0.086,0.072,0.072,0.072,0.139,0.141,0.164,0.252,0.251,0.268,0.287,0.283,0.318,0.394,0.361,0.357,0.32,0.306,0.285,0.153,0.2,0.196,0.196,0.267,0.279,0.279,0.279,0.317,0.305,0.32,0.322,0.32,0.373,0.349,0.373,0.471,0.502,0.565,0.414,0.417,0.452,0.481,0.499,0.585,0.565,0.654,0.645,0.585,0.743,0.743,0.743,0.791,0.791,0.791,0.791,0.791,0.818,0.827,0.906,0.859,0.871,0.887,0.891,1.021,0.939,0.949,1.023,1.082,1.033,1.032,1.039,1.062,1.058,0.94,0.94,0.921,0.909,0.909,0.88,0.925,0.911,0.948,0.984,0.977,0.991,0.943,0.853,0.911,0.997,1.016,1.053,1.067,1.11,1.11,1.054,1.054,1.028,0.984,1.002,0.938,0.921,0.862,0.842,0.069,0.899,0.487,0.891,0.861,0.829,0.815,0.794,0.779,0.776,0.705,1.161,0.743,1.069,0.719,0.706,0.631,0.618,0.6,0.55,0.538,0.503,0.494,0.482,0.473,0.481,0.471,0.471,0.779,0.419,0.403,0.367,0.356,0.519,0.686,0.673,0.604,0.547,0.531,0.527,0.499,0.484,0.474,0.455,0.438,0.437,0.42,0.64,0.449,0.484,0.509,0.544,0.558,0.537,0.61,0.631,0.63,0.653,0.653,0.724,0.767,0.874,0.887,0.887,0.887,0.887,0.887,0.877,0.887,0.962,0.962,0.982,1.079,1.183,1.191,1.191,1.324,1.328,1.328,1.379,1.521,1.457,1.332,1.319,1.223,1.355,1.223,1.223,1.223,1.223,1.172,1.203,1.122,1.063,1.063,1.049,1.049,0.951,0.933,0.945,0.945,0.951,0.971,0.971,1.015,1.037,1.051,1.06,1.067,1.11,1.11,1.109,1.125,1.133,1.137,1.148,1.154,1.177,1.212,1.205,1.224,1.244,1.252,1.07,1.126,1.027,1.023,0.99,0.945,0.924,0.849,0.857,0.874,0.718,0.721,0.747,0.766,0.764,0.781,0.806,0.812,0.809,0.826,0.831,0.878,0.876,0.899,0.951,0.996,1.002,1.029,1.06,1.142,1.126,1.142,0.611,0.588,0.664,0.681,0.674,1.077,0.687,0.698,0.709,0.722,0.765,0.78,0.853,0.834,0.832,0.83,10.388
Point_37,15.505,2.415,2.415,2.452,1.179,0.621,0.827,0.865,0.865,0.865,0.906,0.932,0.464,0.481,0.533,0.533,0.555,0.568,0.583,0.621,0.216,0.235,0.256,0.261,0.286,0.295,0.307,0.316,0.321,0.303,0.311,0.708,0.139,0.126,0.073,0.001,0.0,0.035,0.032,0.05,0.05,0.08,0.087,0.111,0.199,0.244,0.227,0.215,0.191,0.187,0.18,0.164,0.154,0.154,0.15,0.142,0.106,0.123,0.123,0.087,0.073,0.073,0.073,0.14,0.142,0.165,0.253,0.253,0.27,0.288,0.284,0.32,0.392,0.359,0.356,0.319,0.305,0.287,0.152,0.199,0.194,0.194,0.266,0.277,0.277,0.277,0.315,0.303,0.319,0.321,0.319,0.371,0.348,0.371,0.469,0.501,0.564,0.412,0.416,0.451,0.48,0.498,0.584,0.564,0.653,0.643,0.584,0.742,0.742,0.742,0.79,0.79,0.79,0.79,0.79,0.817,0.825,0.905,0.857,0.87,0.885,0.889,1.02,0.937,0.947,1.021,1.08,1.032,1.031,1.038,1.061,1.057,0.939,0.939,0.92,0.908,0.907,0.879,0.924,0.91,0.947,0.983,0.976,0.99,0.942,0.851,0.91,0.996,1.015,1.052,1.066,1.109,1.109,1.053,1.053,1.027,0.983,1.001,0.936,0.92,0.861,0.841,0.067,0.898,0.486,0.889,0.859,0.828,0.814,0.793,0.777,0.775,0.704,1.16,0.742,1.068,0.718,0.705,0.629,0.616,0.598,0.549,0.537,0.502,0.493,0.48,0.471,0.48,0.47,0.469,0.777,0.418,0.401,0.366,0.355,0.518,0.684,0.671,0.603,0.546,0.53,0.526,0.498,0.483,0.472,0.454,0.436,0.435,0.419,0.639,0.447,0.483,0.508,0.543,0.556,0.536,0.608,0.629,0.629,0.651,0.651,0.723,0.766,0.873,0.885,0.885,0.885,0.885,0.885,0.875,0.885,0.961,0.961,0.98,1.078,1.181,1.19,1.19,1.323,1.327,1.327,1.377,1.519,1.456,1.333,1.318,1.222,1.354,1.222,1.222,1.222,1.222,1.171,1.201,1.121,1.062,1.062,1.048,1.048,0.95,0.932,0.943,0.943,0.95,0.97,0.97,1.013,1.035,1.05,1.059,1.065,1.109,1.109,1.108,1.124,1.131,1.136,1.146,1.153,1.176,1.21,1.204,1.222,1.242,1.25,1.068,1.124,1.025,1.022,0.989,0.944,0.923,0.847,0.856,0.872,0.716,0.72,0.745,0.764,0.763,0.78,0.805,0.81,0.808,0.825,0.83,0.877,0.875,0.897,0.95,0.995,1.001,1.028,1.058,1.141,1.125,1.141,0.61,0.587,0.663,0.679,0.673,1.075,0.685,0.696,0.707,0.721,0.764,0.778,0.852,0.833,0.83,0.829,10.387
Point_38,15.54,2.449,2.449,2.486,1.214,0.656,0.793,0.83,0.83,0.83,0.872,0.898,0.43,0.446,0.498,0.498,0.52,0.533,0.549,0.586,0.251,0.269,0.291,0.296,0.32,0.33,0.341,0.35,0.356,0.338,0.345,0.673,0.174,0.16,0.108,0.036,0.035,0.0,0.002,0.016,0.016,0.045,0.053,0.076,0.164,0.209,0.261,0.249,0.226,0.221,0.214,0.198,0.188,0.188,0.184,0.176,0.141,0.158,0.158,0.122,0.108,0.108,0.108,0.175,0.177,0.2,0.288,0.287,0.304,0.323,0.319,0.343,0.358,0.325,0.321,0.284,0.27,0.242,0.117,0.164,0.16,0.16,0.231,0.243,0.243,0.243,0.281,0.268,0.284,0.286,0.284,0.337,0.313,0.337,0.435,0.466,0.529,0.378,0.381,0.416,0.445,0.463,0.549,0.529,0.618,0.609,0.549,0.707,0.707,0.707,0.755,0.755,0.755,0.755,0.755,0.782,0.791,0.87,0.823,0.835,0.851,0.855,0.985,0.903,0.912,0.987,1.045,0.997,0.996,1.003,1.026,1.022,0.904,0.904,0.885,0.873,0.873,0.844,0.889,0.875,0.912,0.948,0.941,0.955,0.907,0.817,0.875,0.961,0.98,1.017,1.031,1.074,1.074,1.018,1.018,0.992,0.948,0.966,0.902,0.885,0.826,0.806,0.033,0.863,0.451,0.855,0.825,0.793,0.779,0.758,0.743,0.74,0.669,1.125,0.707,1.033,0.683,0.67,0.595,0.582,0.564,0.514,0.502,0.467,0.458,0.446,0.437,0.445,0.435,0.435,0.743,0.383,0.367,0.331,0.32,0.483,0.65,0.637,0.568,0.511,0.495,0.491,0.463,0.448,0.438,0.419,0.402,0.401,0.384,0.604,0.413,0.448,0.473,0.508,0.522,0.501,0.574,0.595,0.594,0.617,0.617,0.688,0.731,0.838,0.85,0.85,0.85,0.85,0.85,0.841,0.85,0.926,0.926,0.946,1.043,1.147,1.155,1.155,1.288,1.292,1.292,1.342,1.485,1.421,1.368,1.283,1.187,1.319,1.187,1.187,1.187,1.187,1.136,1.167,1.086,1.027,1.027,1.013,1.013,0.915,0.897,0.909,0.909,0.915,0.935,0.935,0.979,1.001,1.015,1.024,1.031,1.074,1.074,1.073,1.089,1.097,1.101,1.112,1.118,1.141,1.176,1.169,1.188,1.208,1.215,1.034,1.09,0.991,0.987,0.954,0.909,0.888,0.813,0.821,0.838,0.682,0.685,0.711,0.73,0.728,0.745,0.77,0.776,0.773,0.79,0.795,0.842,0.84,0.863,0.915,0.96,0.966,0.993,1.024,1.106,1.09,1.106,0.575,0.552,0.628,0.644,0.638,1.041,0.651,0.662,0.673,0.686,0.729,0.744,0.817,0.798,0.796,0.794,10.352
Point_39,15.538,2.447,2.447,2.484,1.211,0.654,0.795,0.833,0.833,0.833,0.874,0.9,0.432,0.448,0.5,0.5,0.522,0.535,0.551,0.589,0.249,0.267,0.288,0.294,0.318,0.328,0.339,0.348,0.354,0.335,0.343,0.676,0.172,0.158,0.106,0.034,0.032,0.002,0.0,0.018,0.018,0.047,0.055,0.078,0.167,0.211,0.259,0.247,0.224,0.219,0.212,0.196,0.186,0.186,0.182,0.174,0.139,0.156,0.156,0.12,0.105,0.105,0.105,0.173,0.175,0.197,0.286,0.285,0.302,0.321,0.317,0.345,0.36,0.327,0.323,0.286,0.272,0.244,0.119,0.166,0.162,0.162,0.233,0.245,0.245,0.245,0.283,0.271,0.287,0.288,0.287,0.339,0.316,0.339,0.437,0.468,0.531,0.38,0.384,0.418,0.447,0.465,0.551,0.531,0.621,0.611,0.551,0.71,0.71,0.71,0.758,0.758,0.758,0.758,0.758,0.784,0.793,0.872,0.825,0.837,0.853,0.857,0.987,0.905,0.915,0.989,1.048,0.999,0.998,1.005,1.028,1.024,0.906,0.906,0.887,0.875,0.875,0.846,0.891,0.877,0.914,0.95,0.943,0.958,0.909,0.819,0.877,0.963,0.982,1.02,1.033,1.076,1.076,1.02,1.02,0.994,0.95,0.968,0.904,0.887,0.828,0.809,0.035,0.865,0.453,0.857,0.827,0.796,0.781,0.76,0.745,0.742,0.671,1.128,0.71,1.035,0.685,0.673,0.597,0.584,0.566,0.517,0.504,0.469,0.46,0.448,0.439,0.447,0.437,0.437,0.745,0.385,0.369,0.333,0.323,0.485,0.652,0.639,0.57,0.513,0.498,0.493,0.466,0.45,0.44,0.421,0.404,0.403,0.386,0.606,0.415,0.451,0.475,0.51,0.524,0.503,0.576,0.597,0.596,0.619,0.619,0.69,0.733,0.84,0.853,0.853,0.853,0.853,0.853,0.843,0.853,0.929,0.929,0.948,1.045,1.149,1.157,1.157,1.29,1.294,1.294,1.345,1.487,1.423,1.366,1.285,1.189,1.321,1.189,1.189,1.189,1.189,1.138,1.169,1.089,1.029,1.029,1.015,1.015,0.918,0.9,0.911,0.911,0.918,0.937,0.937,0.981,1.003,1.017,1.027,1.033,1.076,1.076,1.075,1.091,1.099,1.104,1.114,1.12,1.143,1.178,1.171,1.19,1.21,1.218,1.036,1.092,0.993,0.989,0.956,0.912,0.89,0.815,0.823,0.84,0.684,0.687,0.713,0.732,0.73,0.748,0.772,0.778,0.775,0.792,0.798,0.844,0.842,0.865,0.917,0.962,0.969,0.996,1.026,1.108,1.093,1.108,0.577,0.554,0.63,0.647,0.641,1.043,0.653,0.664,0.675,0.689,0.732,0.746,0.819,0.8,0.798,0.797,10.355
Point_40,15.556,2.465,2.465,2.502,1.229,0.672,0.777,0.815,0.815,0.815,0.856,0.882,0.414,0.43,0.482,0.482,0.504,0.517,0.533,0.571,0.267,0.285,0.306,0.312,0.336,0.346,0.357,0.366,0.372,0.353,0.361,0.658,0.19,0.176,0.124,0.052,0.05,0.016,0.018,0.0,0.0,0.029,0.037,0.06,0.149,0.193,0.277,0.265,0.242,0.237,0.23,0.214,0.204,0.204,0.2,0.192,0.157,0.174,0.174,0.138,0.123,0.123,0.123,0.191,0.193,0.215,0.304,0.303,0.32,0.359,0.363,0.327,0.342,0.309,0.305,0.268,0.254,0.226,0.101,0.148,0.144,0.144,0.215,0.227,0.227,0.227,0.265,0.253,0.269,0.27,0.269,0.321,0.298,0.321,0.419,0.45,0.513,0.362,0.366,0.4,0.429,0.447,0.533,0.513,0.603,0.593,0.533,0.692,0.692,0.692,0.74,0.74,0.74,0.74,0.74,0.766,0.775,0.854,0.807,0.819,0.835,0.839,0.969,0.887,0.897,0.971,1.03,0.981,0.98,0.987,1.01,1.006,0.888,0.888,0.869,0.857,0.857,0.828,0.873,0.859,0.896,0.932,0.925,0.94,0.891,0.801,0.859,0.945,0.964,1.002,1.015,1.058,1.058,1.002,1.002,0.976,0.932,0.95,0.886,0.869,0.81,0.791,0.017,0.847,0.435,0.839,0.809,0.778,0.763,0.742,0.727,0.724,0.653,1.11,0.692,1.017,0.667,0.655,0.579,0.566,0.548,0.499,0.486,0.451,0.442,0.43,0.421,0.429,0.419,0.419,0.727,0.367,0.351,0.315,0.305,0.467,0.634,0.621,0.552,0.495,0.48,0.475,0.448,0.432,0.422,0.403,0.386,0.385,0.368,0.588,0.397,0.433,0.457,0.492,0.506,0.485,0.558,0.579,0.578,0.601,0.601,0.672,0.715,0.822,0.835,0.835,0.835,0.835,0.835,0.825,0.835,0.911,0.911,0.93,1.027,1.131,1.139,1.139,1.272,1.276,1.276,1.327,1.469,1.405,1.384,1.267,1.171,1.303,1.171,1.171,1.171,1.171,1.12,1.151,1.071,1.011,1.011,0.997,0.997,0.9,0.882,0.893,0.893,0.9,0.919,0.919,0.963,0.985,0.999,1.009,1.015,1.058,1.058,1.057,1.073,1.081,1.086,1.096,1.102,1.125,1.16,1.153,1.172,1.192,1.2,1.018,1.074,0.975,0.971,0.938,0.894,0.872,0.797,0.805,0.822,0.666,0.669,0.695,0.714,0.712,0.729,0.754,0.76,0.757,0.774,0.78,0.826,0.824,0.847,0.899,0.944,0.951,0.978,1.008,1.09,1.075,1.09,0.559,0.536,0.612,0.629,0.623,1.025,0.635,0.646,0.657,0.671,0.714,0.728,0.801,0.782,0.78,0.779,10.337
Point_41,15.556,2.465,2.465,2.502,1.229,0.672,0.777,0.815,0.815,0.815,0.856,0.882,0.414,0.43,0.482,0.482,0.504,0.517,0.533,0.571,0.267,0.285,0.307,0.312,0.336,0.346,0.357,0.366,0.372,0.353,0.361,0.658,0.19,0.176,0.124,0.052,0.05,0.016,0.018,0.0,0.0,0.029,0.037,0.06,0.149,0.193,0.277,0.265,0.242,0.237,0.23,0.214,0.204,0.204,0.2,0.192,0.157,0.174,0.174,0.138,0.123,0.123,0.123,0.191,0.193,0.215,0.304,0.303,0.32,0.359,0.363,0.327,0.342,0.309,0.305,0.268,0.254,0.226,0.101,0.148,0.144,0.144,0.215,0.227,0.227,0.227,0.265,0.253,0.269,0.27,0.269,0.321,0.298,0.321,0.419,0.45,0.513,0.362,0.366,0.4,0.429,0.447,0.533,0.513,0.603,0.593,0.533,0.692,0.692,0.692,0.74,0.74,0.74,0.74,0.74,0.766,0.775,0.854,0.807,0.819,0.835,0.839,0.969,0.887,0.897,0.971,1.03,0.981,0.98,0.987,1.01,1.006,0.888,0.888,0.869,0.857,0.857,0.828,0.873,0.859,0.896,0.932,0.925,0.94,0.891,0.801,0.859,0.945,0.964,1.002,1.015,1.058,1.058,1.002,1.002,0.976,0.932,0.95,0.886,0.869,0.81,0.791,0.017,0.847,0.435,0.839,0.809,0.778,0.763,0.742,0.727,0.724,0.653,1.11,0.692,1.017,0.667,0.655,0.579,0.566,0.548,0.499,0.486,0.451,0.442,0.43,0.421,0.429,0.419,0.419,0.727,0.367,0.351,0.315,0.305,0.467,0.634,0.621,0.552,0.495,0.48,0.475,0.448,0.432,0.422,0.403,0.386,0.385,0.368,0.588,0.397,0.433,0.457,0.492,0.506,0.485,0.558,0.579,0.578,0.601,0.601,0.672,0.715,0.822,0.835,0.835,0.835,0.835,0.835,0.825,0.835,0.911,0.911,0.93,1.027,1.131,1.139,1.139,1.272,1.276,1.276,1.327,1.469,1.405,1.384,1.267,1.171,1.303,1.171,1.171,1.171,1.171,1.12,1.151,1.071,1.011,1.011,0.997,0.997,0.9,0.882,0.893,0.893,0.9,0.919,0.919,0.963,0.985,0.999,1.009,1.015,1.058,1.058,1.057,1.073,1.081,1.086,1.096,1.102,1.125,1.16,1.153,1.172,1.192,1.2,1.018,1.074,0.975,0.971,0.938,0.894,0.872,0.797,0.805,0.822,0.666,0.669,0.695,0.714,0.712,0.729,0.754,0.76,0.757,0.774,0.78,0.826,0.824,0.847,0.899,0.944,0.951,0.978,1.008,1.09,1.075,1.09,0.559,0.536,0.612,0.629,0.623,1.025,0.635,0.646,0.657,0.671,0.714,0.728,0.801,0.782,0.78,0.779,10.337
Point_42,15.585,2.494,2.494,2.532,1.259,0.701,0.747,0.785,0.785,0.785,0.827,0.852,0.385,0.401,0.453,0.453,0.475,0.488,0.504,0.541,0.296,0.315,0.336,0.341,0.366,0.375,0.387,0.396,0.401,0.383,0.391,0.628,0.219,0.206,0.153,0.081,0.08,0.045,0.047,0.029,0.029,0.0,0.008,0.031,0.119,0.164,0.306,0.295,0.271,0.267,0.26,0.244,0.234,0.234,0.23,0.222,0.186,0.203,0.203,0.167,0.153,0.153,0.153,0.22,0.222,0.245,0.333,0.333,0.348,0.329,0.333,0.298,0.313,0.28,0.276,0.239,0.225,0.197,0.072,0.119,0.114,0.114,0.186,0.197,0.197,0.197,0.235,0.223,0.239,0.241,0.239,0.291,0.268,0.291,0.389,0.421,0.484,0.332,0.336,0.371,0.4,0.418,0.504,0.484,0.573,0.564,0.504,0.662,0.662,0.662,0.71,0.71,0.71,0.71,0.71,0.737,0.745,0.825,0.777,0.79,0.805,0.809,0.94,0.858,0.867,0.941,1.0,0.952,0.951,0.958,0.981,0.977,0.859,0.859,0.84,0.828,0.827,0.799,0.844,0.83,0.867,0.903,0.896,0.91,0.862,0.771,0.83,0.916,0.935,0.972,0.986,1.029,1.029,0.973,0.973,0.947,0.903,0.921,0.857,0.84,0.781,0.761,0.012,0.818,0.406,0.809,0.779,0.748,0.734,0.713,0.697,0.695,0.624,1.08,0.662,0.988,0.638,0.625,0.549,0.536,0.518,0.469,0.457,0.422,0.413,0.4,0.391,0.4,0.39,0.389,0.697,0.338,0.322,0.286,0.275,0.438,0.604,0.591,0.523,0.466,0.45,0.446,0.418,0.403,0.392,0.374,0.357,0.356,0.339,0.559,0.367,0.403,0.428,0.463,0.476,0.456,0.528,0.55,0.549,0.571,0.571,0.643,0.686,0.793,0.805,0.805,0.805,0.805,0.805,0.795,0.805,0.881,0.881,0.9,0.998,1.101,1.11,1.11,1.243,1.247,1.247,1.297,1.439,1.376,1.413,1.238,1.142,1.274,1.142,1.142,1.142,1.142,1.091,1.121,1.041,0.982,0.982,0.968,0.968,0.87,0.852,0.863,0.863,0.87,0.89,0.89,0.934,0.956,0.97,0.979,0.986,1.029,1.029,1.028,1.044,1.051,1.056,1.067,1.073,1.096,1.13,1.124,1.142,1.162,1.17,0.988,1.045,0.945,0.942,0.909,0.864,0.843,0.767,0.776,0.792,0.636,0.64,0.665,0.684,0.683,0.7,0.725,0.73,0.728,0.745,0.75,0.797,0.795,0.817,0.87,0.915,0.921,0.948,0.979,1.061,1.045,1.061,0.53,0.507,0.583,0.599,0.593,0.995,0.605,0.616,0.628,0.641,0.684,0.698,0.772,0.753,0.75,0.749,10.307
Point_43,15.593,2.502,2.502,2.539,1.266,0.709,0.74,0.778,0.778,0.778,0.819,0.845,0.377,0.393,0.445,0.445,0.467,0.48,0.496,0.534,0.304,0.322,0.344,0.349,0.373,0.383,0.394,0.403,0.409,0.39,0.398,0.621,0.227,0.213,0.161,0.089,0.087,0.053,0.055,0.037,0.037,0.008,0.0,0.023,0.112,0.156,0.314,0.302,0.279,0.274,0.267,0.251,0.241,0.241,0.237,0.229,0.194,0.211,0.211,0.175,0.16,0.16,0.16,0.228,0.23,0.252,0.356,0.357,0.34,0.322,0.326,0.29,0.305,0.272,0.268,0.231,0.217,0.189,0.064,0.111,0.107,0.107,0.178,0.19,0.19,0.19,0.228,0.216,0.232,0.233,0.232,0.284,0.261,0.284,0.382,0.413,0.476,0.325,0.329,0.363,0.392,0.41,0.496,0.476,0.566,0.556,0.496,0.655,0.655,0.655,0.703,0.703,0.703,0.703,0.703,0.729,0.738,0.817,0.77,0.782,0.798,0.802,0.932,0.85,0.86,0.934,0.993,0.944,0.943,0.95,0.973,0.969,0.851,0.851,0.832,0.82,0.82,0.791,0.836,0.822,0.859,0.895,0.888,0.903,0.854,0.764,0.822,0.908,0.927,0.965,0.978,1.021,1.021,0.965,0.965,0.939,0.895,0.913,0.849,0.832,0.773,0.754,0.02,0.81,0.398,0.802,0.772,0.741,0.726,0.705,0.69,0.687,0.616,1.073,0.655,0.98,0.63,0.618,0.542,0.529,0.511,0.462,0.449,0.414,0.405,0.393,0.384,0.392,0.382,0.382,0.69,0.33,0.314,0.278,0.268,0.43,0.597,0.584,0.515,0.458,0.443,0.438,0.411,0.395,0.385,0.366,0.349,0.348,0.331,0.551,0.36,0.396,0.42,0.455,0.469,0.448,0.521,0.542,0.541,0.564,0.564,0.635,0.678,0.785,0.798,0.798,0.798,0.798,0.798,0.788,0.798,0.874,0.874,0.893,0.99,1.094,1.102,1.102,1.235,1.239,1.239,1.29,1.432,1.368,1.421,1.23,1.134,1.266,1.134,1.134,1.134,1.134,1.083,1.114,1.034,0.974,0.974,0.96,0.96,0.863,0.845,0.856,0.856,0.863,0.882,0.882,0.926,0.948,0.962,0.972,0.978,1.021,1.021,1.02,1.036,1.044,1.049,1.059,1.065,1.088,1.123,1.116,1.135,1.155,1.163,0.981,1.037,0.938,0.934,0.901,0.857,0.835,0.76,0.768,0.785,0.629,0.632,0.658,0.677,0.675,0.692,0.717,0.723,0.72,0.737,0.743,0.789,0.787,0.81,0.862,0.907,0.914,0.941,0.971,1.053,1.038,1.053,0.522,0.499,0.575,0.592,0.586,0.988,0.598,0.609,0.62,0.634,0.677,0.691,0.764,0.745,0.743,0.742,10.3
Point_44,15.616,2.525,2.525,2.563,1.29,0.732,0.716,0.754,0.754,0.754,0.796,0.822,0.354,0.37,0.422,0.422,0.444,0.457,0.473,0.51,0.327,0.352,0.367,0.372,0.397,0.406,0.418,0.427,0.432,0.414,0.422,0.597,0.25,0.237,0.184,0.112,0.111,0.076,0.078,0.06,0.06,0.031,0.023,0.0,0.088,0.133,0.226,0.238,0.302,0.298,0.29,0.275,0.265,0.265,0.26,0.253,0.217,0.234,0.234,0.198,0.184,0.184,0.184,0.251,0.253,0.276,0.333,0.334,0.317,0.298,0.302,0.267,0.282,0.249,0.245,0.208,0.194,0.166,0.041,0.088,0.083,0.083,0.155,0.167,0.167,0.167,0.204,0.192,0.208,0.21,0.208,0.261,0.237,0.261,0.358,0.39,0.453,0.301,0.305,0.34,0.369,0.387,0.473,0.453,0.542,0.533,0.473,0.631,0.631,0.631,0.679,0.679,0.679,0.679,0.679,0.706,0.714,0.794,0.746,0.759,0.775,0.778,0.909,0.827,0.836,0.911,0.969,0.921,0.92,0.927,0.95,0.946,0.828,0.828,0.809,0.797,0.796,0.768,0.813,0.799,0.836,0.872,0.865,0.879,0.831,0.74,0.799,0.885,0.904,0.941,0.955,0.998,0.998,0.942,0.942,0.916,0.872,0.89,0.826,0.809,0.75,0.73,0.043,0.787,0.375,0.778,0.748,0.717,0.703,0.682,0.666,0.664,0.593,1.049,0.631,0.957,0.607,0.594,0.518,0.505,0.488,0.438,0.426,0.391,0.382,0.37,0.361,0.369,0.359,0.358,0.666,0.307,0.291,0.255,0.244,0.407,0.574,0.56,0.492,0.435,0.419,0.415,0.387,0.372,0.361,0.343,0.326,0.325,0.308,0.528,0.336,0.372,0.397,0.432,0.445,0.425,0.497,0.519,0.518,0.54,0.54,0.612,0.655,0.762,0.774,0.774,0.774,0.774,0.774,0.765,0.774,0.85,0.85,0.869,0.967,1.07,1.079,1.079,1.212,1.216,1.216,1.266,1.409,1.345,1.294,1.207,1.111,1.243,1.111,1.111,1.111,1.111,1.06,1.09,1.01,0.951,0.951,0.937,0.937,0.839,0.821,0.832,0.832,0.839,0.859,0.859,0.903,0.925,0.939,0.948,0.955,0.998,0.998,0.997,1.013,1.02,1.025,1.036,1.042,1.065,1.1,1.093,1.112,1.131,1.139,0.957,1.014,0.914,0.911,0.878,0.833,0.812,0.737,0.745,0.761,0.605,0.609,0.634,0.653,0.652,0.669,0.694,0.7,0.697,0.714,0.719,0.766,0.764,0.787,0.839,0.884,0.89,0.917,0.948,1.03,1.014,1.03,0.499,0.476,0.552,0.568,0.562,0.964,0.574,0.585,0.597,0.61,0.653,0.667,0.741,0.722,0.719,0.718,10.276
Point_45,15.744,2.653,2.653,2.69,1.418,0.912,0.628,0.666,0.666,0.666,0.707,0.733,0.265,0.282,0.334,0.334,0.356,0.369,0.384,0.422,0.453,0.264,0.495,0.5,0.524,0.534,0.546,0.554,0.576,0.594,0.586,0.509,0.338,0.325,0.272,0.2,0.199,0.164,0.167,0.149,0.149,0.119,0.112,0.088,0.0,0.045,0.138,0.15,0.173,0.178,0.185,0.201,0.211,0.211,0.215,0.223,0.305,0.241,0.241,0.286,0.272,0.272,0.272,0.258,0.26,0.333,0.245,0.246,0.229,0.21,0.214,0.179,0.193,0.16,0.157,0.119,0.106,0.078,0.048,0.063,0.005,0.005,0.13,0.142,0.142,0.142,0.18,0.168,0.184,0.185,0.184,0.236,0.213,0.236,0.334,0.365,0.428,0.277,0.28,0.315,0.344,0.362,0.448,0.428,0.517,0.508,0.448,0.606,0.606,0.606,0.654,0.654,0.654,0.654,0.654,0.681,0.69,0.769,0.722,0.734,0.75,0.754,0.884,0.802,0.812,0.886,0.945,0.896,0.895,0.902,0.925,0.921,0.803,0.803,0.784,0.772,0.772,0.743,0.788,0.774,0.811,0.847,0.84,0.854,0.806,0.716,0.774,0.86,0.879,0.916,0.93,0.973,0.973,0.917,0.917,0.891,0.847,0.865,0.801,0.784,0.725,0.705,0.132,0.762,0.35,0.754,0.724,0.692,0.678,0.657,0.642,0.639,0.568,1.024,0.606,0.932,0.582,0.569,0.494,0.481,0.463,0.413,0.401,0.366,0.357,0.345,0.336,0.344,0.334,0.334,0.642,0.282,0.266,0.23,0.219,0.318,0.485,0.472,0.404,0.347,0.331,0.327,0.299,0.284,0.273,0.255,0.237,0.236,0.22,0.439,0.248,0.284,0.309,0.344,0.357,0.337,0.409,0.43,0.43,0.452,0.452,0.524,0.567,0.674,0.686,0.686,0.686,0.686,0.686,0.676,0.686,0.762,0.762,0.781,0.879,0.982,0.991,0.991,1.124,1.128,1.128,1.178,1.32,1.257,1.206,1.119,1.022,1.155,1.022,1.022,1.022,1.022,0.972,1.002,0.922,0.863,0.863,0.848,0.848,0.751,0.733,0.744,0.744,0.751,0.771,0.771,0.814,0.836,0.85,0.86,0.866,0.91,0.91,0.909,0.924,0.932,0.937,0.947,0.954,0.976,1.011,1.005,1.023,1.043,1.051,0.869,0.925,0.826,0.823,0.79,0.745,0.724,0.648,0.657,0.673,0.517,0.521,0.546,0.565,0.564,0.581,0.606,0.611,0.609,0.626,0.631,0.678,0.676,0.698,0.751,0.796,0.802,0.829,0.859,0.942,0.926,0.942,0.41,0.388,0.464,0.48,0.474,0.876,0.486,0.497,0.508,0.522,0.565,0.579,0.653,0.633,0.631,0.63,10.188
Point_46,15.699,2.608,2.608,2.646,1.373,0.867,0.583,0.621,0.621,0.621,0.663,0.689,0.221,0.237,0.289,0.289,0.311,0.324,0.34,0.377,0.408,0.219,0.45,0.455,0.48,0.489,0.501,0.51,0.531,0.549,0.541,0.464,0.383,0.37,0.317,0.245,0.244,0.209,0.211,0.193,0.193,0.164,0.156,0.133,0.045,0.0,0.061,0.073,0.097,0.101,0.108,0.124,0.134,0.134,0.138,0.146,0.182,0.165,0.165,0.201,0.215,0.215,0.215,0.182,0.183,0.206,0.2,0.201,0.184,0.165,0.169,0.134,0.149,0.116,0.112,0.075,0.061,0.001,0.092,0.108,0.05,0.05,0.175,0.187,0.187,0.187,0.225,0.212,0.228,0.23,0.228,0.281,0.257,0.281,0.378,0.41,0.473,0.321,0.325,0.36,0.389,0.407,0.493,0.473,0.562,0.553,0.493,0.651,0.651,0.651,0.699,0.699,0.699,0.699,0.699,0.726,0.735,0.814,0.766,0.779,0.795,0.798,0.929,0.847,0.856,0.931,0.989,0.941,0.94,0.947,0.97,0.966,0.848,0.848,0.829,0.817,0.817,0.788,0.833,0.819,0.856,0.892,0.885,0.899,0.851,0.76,0.819,0.905,0.924,0.961,0.975,1.018,1.018,0.962,0.962,0.936,0.892,0.91,0.846,0.829,0.77,0.75,0.176,0.807,0.395,0.799,0.769,0.737,0.723,0.702,0.687,0.684,0.613,1.069,0.651,0.977,0.627,0.614,0.539,0.526,0.508,0.458,0.446,0.411,0.402,0.39,0.381,0.389,0.379,0.378,0.687,0.327,0.311,0.275,0.264,0.274,0.441,0.427,0.359,0.302,0.286,0.282,0.254,0.239,0.228,0.21,0.193,0.192,0.175,0.395,0.203,0.239,0.264,0.299,0.312,0.292,0.364,0.386,0.385,0.407,0.407,0.479,0.522,0.629,0.641,0.641,0.641,0.641,0.641,0.632,0.641,0.717,0.717,0.736,0.834,0.937,0.946,0.946,1.079,1.083,1.083,1.133,1.276,1.212,1.161,1.074,0.978,1.11,0.978,0.978,0.978,0.978,0.927,0.957,0.877,0.818,0.818,0.804,0.804,0.706,0.688,0.699,0.699,0.706,0.726,0.726,0.77,0.792,0.806,0.815,0.822,0.865,0.865,0.864,0.88,0.887,0.892,0.903,0.909,0.932,0.966,0.96,0.979,0.998,1.006,0.824,0.881,0.781,0.778,0.745,0.7,0.679,0.603,0.612,0.628,0.472,0.476,0.501,0.52,0.519,0.536,0.561,0.566,0.564,0.581,0.586,0.633,0.631,0.654,0.706,0.751,0.757,0.784,0.815,0.897,0.881,0.897,0.366,0.343,0.419,0.435,0.429,0.831,0.441,0.452,0.464,0.477,0.52,0.534,0.608,0.589,0.586,0.585,10.143
Point_47,15.485,2.394,2.394,2.432,1.159,0.653,0.647,0.684,0.684,0.684,0.726,0.752,0.284,0.3,0.352,0.352,0.374,0.387,0.403,0.441,0.196,0.215,0.236,0.241,0.266,0.275,0.287,0.296,0.317,0.335,0.327,0.528,0.304,0.29,0.238,0.225,0.227,0.302,0.305,0.287,0.287,0.257,0.25,0.226,0.138,0.061,0.0,0.012,0.035,0.04,0.047,0.063,0.073,0.073,0.077,0.085,0.12,0.103,0.103,0.139,0.154,0.154,0.154,0.12,0.122,0.145,0.263,0.264,0.247,0.228,0.233,0.197,0.212,0.179,0.175,0.138,0.124,0.06,0.185,0.201,0.143,0.143,0.268,0.28,0.28,0.28,0.318,0.306,0.321,0.323,0.321,0.374,0.35,0.374,0.472,0.503,0.566,0.415,0.418,0.453,0.482,0.5,0.586,0.566,0.655,0.646,0.586,0.744,0.744,0.744,0.792,0.792,0.792,0.792,0.792,0.819,0.828,0.907,0.86,0.872,0.888,0.892,1.022,0.94,0.95,1.024,1.083,1.034,1.033,1.04,1.063,1.059,0.941,0.941,0.922,0.91,0.91,0.881,0.926,0.912,0.949,0.985,0.978,0.992,0.944,0.854,0.912,0.998,1.017,1.054,1.068,1.111,1.111,1.055,1.055,1.029,0.985,1.003,0.939,0.922,0.863,0.843,0.27,0.9,0.488,0.892,0.862,0.83,0.816,0.795,0.78,0.777,0.706,1.162,0.744,1.07,0.72,0.707,0.632,0.619,0.601,0.551,0.539,0.504,0.495,0.483,0.474,0.482,0.472,0.472,0.78,0.42,0.404,0.368,0.357,0.337,0.504,0.491,0.422,0.365,0.349,0.345,0.317,0.302,0.292,0.273,0.256,0.255,0.238,0.458,0.267,0.302,0.327,0.362,0.376,0.355,0.428,0.449,0.448,0.471,0.471,0.542,0.585,0.692,0.705,0.705,0.705,0.705,0.705,0.695,0.705,0.781,0.781,0.8,0.897,1.001,1.009,1.009,1.142,1.146,1.146,1.197,1.339,1.275,1.224,1.137,1.041,1.173,1.041,1.041,1.041,1.041,0.99,1.021,0.94,0.881,0.881,0.867,0.867,0.77,0.751,0.763,0.763,0.77,0.789,0.789,0.833,0.855,0.869,0.878,0.885,0.928,0.928,0.927,0.943,0.951,0.955,0.966,0.972,0.995,1.03,1.023,1.042,1.062,1.07,0.888,0.944,0.845,0.841,0.808,0.763,0.742,0.667,0.675,0.692,0.536,0.539,0.565,0.584,0.582,0.599,0.624,0.63,0.627,0.644,0.649,0.696,0.694,0.717,0.769,0.814,0.82,0.847,0.878,0.96,0.944,0.96,0.429,0.406,0.482,0.499,0.492,0.895,0.505,0.516,0.527,0.54,0.583,0.598,0.671,0.652,0.65,0.649,10.206
Point_48,15.473,2.383,2.383,2.42,1.147,0.642,0.658,0.696,0.696,0.696,0.738,0.764,0.296,0.312,0.364,0.364,0.386,0.399,0.415,0.452,0.184,0.203,0.224,0.229,0.254,0.263,0.275,0.284,0.305,0.323,0.315,0.539,0.292,0.279,0.226,0.213,0.215,0.314,0.316,0.298,0.298,0.269,0.261,0.238,0.15,0.073,0.012,0.0,0.023,0.028,0.035,0.051,0.061,0.061,0.065,0.073,0.108,0.091,0.091,0.128,0.142,0.142,0.142,0.108,0.11,0.133,0.222,0.221,0.259,0.24,0.244,0.209,0.224,0.191,0.187,0.15,0.136,0.072,0.197,0.213,0.155,0.155,0.28,0.292,0.292,0.292,0.329,0.317,0.333,0.335,0.333,0.386,0.362,0.386,0.483,0.515,0.578,0.426,0.43,0.465,0.494,0.512,0.598,0.578,0.667,0.658,0.598,0.756,0.756,0.756,0.804,0.804,0.804,0.804,0.804,0.831,0.839,0.919,0.871,0.884,0.9,0.903,1.034,0.952,0.961,1.036,1.094,1.046,1.045,1.052,1.075,1.071,0.953,0.953,0.934,0.922,0.921,0.893,0.938,0.924,0.961,0.997,0.99,1.004,0.956,0.865,0.924,1.01,1.029,1.066,1.08,1.123,1.123,1.067,1.067,1.041,0.997,1.015,0.951,0.934,0.875,0.855,0.281,0.912,0.5,0.903,0.873,0.842,0.828,0.807,0.791,0.789,0.718,1.174,0.756,1.082,0.732,0.719,0.643,0.63,0.613,0.563,0.551,0.516,0.507,0.495,0.486,0.494,0.484,0.483,0.791,0.432,0.416,0.38,0.369,0.349,0.516,0.502,0.434,0.377,0.361,0.357,0.329,0.314,0.304,0.285,0.268,0.267,0.25,0.47,0.278,0.314,0.339,0.374,0.387,0.367,0.439,0.461,0.46,0.482,0.482,0.554,0.597,0.704,0.716,0.716,0.716,0.716,0.716,0.707,0.716,0.792,0.792,0.811,0.909,1.013,1.021,1.021,1.154,1.158,1.158,1.208,1.351,1.287,1.301,1.149,1.053,1.185,1.053,1.053,1.053,1.053,1.002,1.032,0.952,0.893,0.893,0.879,0.879,0.781,0.763,0.774,0.774,0.781,0.801,0.801,0.845,0.867,0.881,0.89,0.897,0.94,0.94,0.939,0.955,0.962,0.967,0.978,0.984,1.007,1.042,1.035,1.054,1.073,1.081,0.899,0.956,0.856,0.853,0.82,0.775,0.754,0.679,0.687,0.704,0.548,0.551,0.577,0.595,0.594,0.611,0.636,0.642,0.639,0.656,0.661,0.708,0.706,0.729,0.781,0.826,0.832,0.859,0.89,0.972,0.956,0.972,0.441,0.418,0.494,0.51,0.504,0.907,0.517,0.527,0.539,0.552,0.595,0.609,0.683,0.664,0.661,0.66,10.218
Point_49,15.45,2.359,2.359,2.396,1.124,0.618,0.682,0.72,0.72,0.72,0.761,0.787,0.319,0.335,0.387,0.387,0.41,0.422,0.438,0.476,0.161,0.179,0.201,0.206,0.23,0.24,0.252,0.26,0.281,0.3,0.292,0.563,0.269,0.255,0.203,0.19,0.191,0.226,0.224,0.242,0.242,0.292,0.285,0.261,0.173,0.097,0.035,0.023,0.0,0.005,0.012,0.028,0.038,0.038,0.042,0.05,0.085,0.068,0.068,0.104,0.118,0.118,0.118,0.085,0.087,0.11,0.198,0.197,0.214,0.264,0.268,0.232,0.247,0.214,0.21,0.173,0.159,0.095,0.221,0.236,0.178,0.178,0.303,0.315,0.315,0.315,0.353,0.341,0.357,0.358,0.357,0.409,0.386,0.409,0.507,0.538,0.602,0.45,0.454,0.488,0.517,0.535,0.621,0.601,0.691,0.681,0.621,0.78,0.78,0.78,0.828,0.828,0.828,0.828,0.828,0.854,0.863,0.942,0.895,0.907,0.923,0.927,1.057,0.975,0.985,1.059,1.118,1.069,1.068,1.075,1.098,1.094,0.976,0.976,0.957,0.945,0.945,0.916,0.961,0.947,0.984,1.02,1.013,1.028,0.979,0.889,0.947,1.033,1.052,1.09,1.103,1.146,1.146,1.09,1.09,1.064,1.02,1.038,0.974,0.957,0.898,0.879,0.305,0.935,0.523,0.927,0.897,0.866,0.851,0.83,0.815,0.812,0.741,1.198,0.78,1.105,0.755,0.743,0.667,0.654,0.636,0.587,0.574,0.539,0.53,0.518,0.509,0.517,0.507,0.507,0.815,0.455,0.439,0.403,0.393,0.372,0.539,0.526,0.457,0.4,0.385,0.38,0.353,0.337,0.327,0.308,0.291,0.29,0.273,0.493,0.302,0.338,0.362,0.397,0.411,0.39,0.463,0.484,0.483,0.506,0.506,0.578,0.62,0.727,0.74,0.74,0.74,0.74,0.74,0.73,0.74,0.816,0.816,0.835,0.932,1.036,1.044,1.044,1.177,1.181,1.181,1.232,1.374,1.31,1.278,1.172,1.076,1.208,1.076,1.076,1.076,1.076,1.026,1.056,0.976,0.916,0.916,0.902,0.902,0.805,0.787,0.798,0.798,0.805,0.824,0.824,0.868,0.89,0.904,0.914,0.92,0.963,0.963,0.962,0.978,0.986,0.991,1.001,1.007,1.03,1.065,1.058,1.077,1.097,1.105,0.923,0.979,0.88,0.876,0.843,0.799,0.777,0.702,0.71,0.727,0.571,0.575,0.6,0.619,0.617,0.635,0.659,0.665,0.663,0.679,0.685,0.731,0.729,0.752,0.804,0.849,0.856,0.883,0.913,0.995,0.98,0.995,0.464,0.441,0.517,0.534,0.528,0.93,0.54,0.551,0.562,0.576,0.619,0.633,0.706,0.687,0.685,0.684,10.242
Point_50,15.445,2.355,2.355,2.392,1.119,0.614,0.686,0.724,0.724,0.724,0.766,0.792,0.324,0.34,0.392,0.392,0.414,0.427,0.443,0.48,0.157,0.175,0.196,0.201,0.226,0.235,0.247,0.256,0.277,0.295,0.287,0.567,0.264,0.251,0.198,0.185,0.187,0.221,0.219,0.237,0.237,0.297,0.289,0.266,0.178,0.101,0.04,0.028,0.005,0.0,0.007,0.023,0.033,0.033,0.037,0.045,0.08,0.063,0.063,0.1,0.114,0.114,0.114,0.081,0.082,0.105,0.194,0.193,0.21,0.268,0.224,0.237,0.252,0.219,0.215,0.178,0.164,0.1,0.225,0.241,0.183,0.183,0.308,0.32,0.32,0.32,0.357,0.345,0.361,0.363,0.361,0.414,0.39,0.414,0.511,0.543,0.606,0.454,0.458,0.493,0.522,0.54,0.626,0.606,0.695,0.686,0.626,0.784,0.784,0.784,0.832,0.832,0.832,0.832,0.832,0.859,0.867,0.947,0.899,0.912,0.928,0.931,1.062,0.98,0.989,1.064,1.122,1.074,1.073,1.08,1.103,1.099,0.981,0.981,0.962,0.95,0.949,0.921,0.966,0.952,0.989,1.025,1.018,1.032,0.984,0.893,0.952,1.038,1.057,1.094,1.108,1.151,1.151,1.095,1.095,1.069,1.025,1.043,0.979,0.962,0.903,0.883,0.309,0.94,0.528,0.931,0.901,0.87,0.856,0.835,0.819,0.817,0.746,1.202,0.784,1.11,0.76,0.747,0.671,0.658,0.641,0.591,0.579,0.544,0.535,0.523,0.513,0.522,0.512,0.511,0.819,0.46,0.444,0.408,0.397,0.377,0.544,0.53,0.462,0.405,0.389,0.385,0.357,0.342,0.331,0.313,0.296,0.295,0.278,0.498,0.306,0.342,0.367,0.402,0.415,0.395,0.467,0.489,0.488,0.51,0.51,0.582,0.625,0.732,0.744,0.744,0.744,0.744,0.744,0.735,0.744,0.82,0.82,0.839,0.937,1.041,1.049,1.049,1.182,1.186,1.186,1.236,1.379,1.315,1.274,1.177,1.081,1.213,1.081,1.081,1.081,1.081,1.03,1.06,0.98,0.921,0.921,0.907,0.907,0.809,0.791,0.802,0.802,0.809,0.829,0.829,0.873,0.895,0.909,0.918,0.925,0.968,0.968,0.967,0.983,0.99,0.995,1.006,1.012,1.035,1.07,1.063,1.082,1.101,1.109,0.927,0.984,0.884,0.881,0.848,0.803,0.782,0.707,0.715,0.731,0.576,0.579,0.605,0.623,0.622,0.639,0.664,0.67,0.667,0.684,0.689,0.736,0.734,0.757,0.809,0.854,0.86,0.887,0.918,1.0,0.984,1.0,0.469,0.446,0.522,0.538,0.532,0.935,0.545,0.555,0.567,0.58,0.623,0.637,0.711,0.692,0.689,0.688,10.246
Point_51,15.438,2.348,2.348,2.385,1.112,0.607,0.694,0.731,0.731,0.731,0.773,0.799,0.331,0.347,0.399,0.399,0.421,0.434,0.45,0.487,0.149,0.168,0.189,0.194,0.219,0.228,0.24,0.249,0.27,0.288,0.28,0.574,0.257,0.243,0.191,0.178,0.18,0.214,0.212,0.23,0.23,0.304,0.296,0.273,0.185,0.108,0.047,0.035,0.012,0.007,0.0,0.016,0.026,0.026,0.03,0.038,0.073,0.056,0.056,0.092,0.107,0.107,0.107,0.073,0.075,0.098,0.186,0.186,0.203,0.221,0.217,0.244,0.259,0.226,0.222,0.185,0.171,0.107,0.232,0.248,0.19,0.19,0.315,0.327,0.327,0.327,0.365,0.352,0.368,0.37,0.368,0.421,0.397,0.421,0.518,0.55,0.613,0.461,0.465,0.5,0.529,0.547,0.633,0.613,0.702,0.693,0.633,0.791,0.791,0.791,0.839,0.839,0.839,0.839,0.839,0.866,0.875,0.954,0.906,0.919,0.935,0.939,1.069,0.987,0.996,1.071,1.129,1.081,1.08,1.087,1.11,1.106,0.988,0.988,0.969,0.957,0.957,0.928,0.973,0.959,0.996,1.032,1.025,1.039,0.991,0.9,0.959,1.045,1.064,1.101,1.115,1.158,1.158,1.102,1.102,1.076,1.032,1.05,0.986,0.969,0.91,0.89,0.316,0.947,0.535,0.939,0.909,0.877,0.863,0.842,0.827,0.824,0.753,1.209,0.791,1.117,0.767,0.754,0.679,0.666,0.648,0.598,0.586,0.551,0.542,0.53,0.521,0.529,0.519,0.518,0.827,0.467,0.451,0.415,0.404,0.384,0.551,0.538,0.469,0.412,0.396,0.392,0.364,0.349,0.339,0.32,0.303,0.302,0.285,0.505,0.314,0.349,0.374,0.409,0.423,0.402,0.475,0.496,0.495,0.518,0.518,0.589,0.632,0.739,0.751,0.751,0.751,0.751,0.751,0.742,0.751,0.827,0.827,0.847,0.944,1.048,1.056,1.056,1.189,1.193,1.193,1.243,1.386,1.322,1.266,1.184,1.088,1.22,1.088,1.088,1.088,1.088,1.037,1.068,0.987,0.928,0.928,0.914,0.914,0.816,0.798,0.81,0.81,0.816,0.836,0.836,0.88,0.902,0.916,0.925,0.932,0.975,0.975,0.974,0.99,0.997,1.002,1.013,1.019,1.042,1.077,1.07,1.089,1.108,1.116,0.935,0.991,0.892,0.888,0.855,0.81,0.789,0.714,0.722,0.739,0.583,0.586,0.612,0.631,0.629,0.646,0.671,0.677,0.674,0.691,0.696,0.743,0.741,0.764,0.816,0.861,0.867,0.894,0.925,1.007,0.991,1.007,0.476,0.453,0.529,0.545,0.539,0.942,0.552,0.563,0.574,0.587,0.63,0.644,0.718,0.699,0.697,0.695,10.253
Point_52,15.422,2.332,2.332,2.369,1.096,0.591,0.709,0.747,0.747,0.747,0.789,0.815,0.347,0.363,0.415,0.415,0.437,0.45,0.466,0.503,0.134,0.152,0.173,0.178,0.203,0.212,0.224,0.233,0.254,0.272,0.264,0.59,0.241,0.228,0.175,0.162,0.164,0.198,0.196,0.214,0.214,0.244,0.312,0.289,0.201,0.124,0.063,0.051,0.028,0.023,0.016,0.0,0.01,0.01,0.014,0.022,0.057,0.04,0.04,0.077,0.091,0.091,0.091,0.058,0.059,0.082,0.171,0.17,0.187,0.205,0.201,0.26,0.275,0.242,0.238,0.201,0.187,0.123,0.248,0.264,0.205,0.205,0.331,0.342,0.342,0.342,0.38,0.368,0.384,0.386,0.384,0.436,0.413,0.436,0.534,0.566,0.629,0.477,0.481,0.516,0.545,0.563,0.649,0.629,0.718,0.709,0.649,0.807,0.807,0.807,0.855,0.855,0.855,0.855,0.855,0.882,0.89,0.97,0.922,0.935,0.95,0.954,1.085,1.003,1.012,1.086,1.145,1.097,1.096,1.103,1.126,1.122,1.004,1.004,0.985,0.973,0.972,0.944,0.989,0.975,1.012,1.048,1.041,1.055,1.007,0.916,0.975,1.061,1.08,1.117,1.131,1.174,1.174,1.118,1.118,1.092,1.048,1.066,1.002,0.985,0.926,0.906,0.231,0.963,0.551,0.954,0.924,0.893,0.879,0.858,0.842,0.84,0.769,1.225,0.807,1.133,0.783,0.77,0.694,0.681,0.663,0.614,0.602,0.567,0.558,0.545,0.536,0.545,0.535,0.534,0.842,0.483,0.467,0.431,0.42,0.4,0.567,0.553,0.485,0.428,0.412,0.408,0.38,0.365,0.354,0.336,0.319,0.318,0.301,0.521,0.329,0.365,0.39,0.425,0.438,0.418,0.49,0.512,0.511,0.533,0.533,0.605,0.648,0.755,0.767,0.767,0.767,0.767,0.767,0.758,0.767,0.843,0.843,0.862,0.96,1.063,1.072,1.072,1.205,1.209,1.209,1.259,1.402,1.338,1.251,1.2,1.104,1.236,1.104,1.104,1.104,1.104,1.053,1.083,1.003,0.944,0.944,0.93,0.93,0.832,0.814,0.825,0.825,0.832,0.852,0.852,0.896,0.918,0.932,0.941,0.948,0.991,0.991,0.99,1.006,1.013,1.018,1.029,1.035,1.058,1.093,1.086,1.105,1.124,1.132,0.95,1.007,0.907,0.904,0.871,0.826,0.805,0.73,0.738,0.754,0.598,0.602,0.627,0.646,0.645,0.662,0.687,0.693,0.69,0.707,0.712,0.759,0.757,0.78,0.832,0.877,0.883,0.91,0.941,1.023,1.007,1.023,0.492,0.469,0.545,0.561,0.555,0.957,0.567,0.578,0.59,0.603,0.646,0.66,0.734,0.715,0.712,0.711,10.269
Point_53,15.412,2.322,2.322,2.359,1.086,0.581,0.719,0.757,0.757,0.757,0.799,0.825,0.357,0.373,0.425,0.425,0.447,0.46,0.476,0.513,0.124,0.142,0.163,0.168,0.193,0.202,0.214,0.223,0.244,0.262,0.254,0.6,0.231,0.218,0.165,0.152,0.154,0.188,0.186,0.204,0.204,0.234,0.241,0.299,0.211,0.134,0.073,0.061,0.038,0.033,0.026,0.01,0.0,0.0,0.004,0.012,0.047,0.03,0.03,0.067,0.081,0.081,0.081,0.048,0.049,0.072,0.161,0.16,0.177,0.195,0.191,0.227,0.285,0.252,0.248,0.211,0.197,0.133,0.258,0.274,0.215,0.215,0.341,0.352,0.352,0.352,0.39,0.378,0.394,0.396,0.394,0.446,0.423,0.446,0.544,0.576,0.639,0.487,0.491,0.526,0.555,0.573,0.659,0.639,0.728,0.719,0.659,0.817,0.817,0.817,0.865,0.865,0.865,0.865,0.865,0.892,0.9,0.98,0.932,0.945,0.96,0.964,1.095,1.013,1.022,1.096,1.155,1.107,1.106,1.113,1.136,1.132,1.014,1.014,0.995,0.983,0.982,0.954,0.999,0.985,1.022,1.058,1.051,1.065,1.017,0.926,0.985,1.071,1.09,1.127,1.141,1.184,1.184,1.128,1.128,1.102,1.058,1.076,1.012,0.995,0.936,0.916,0.221,0.973,0.561,0.964,0.934,0.903,0.889,0.868,0.852,0.85,0.779,1.235,0.817,1.143,0.793,0.78,0.704,0.691,0.673,0.624,0.612,0.577,0.568,0.555,0.546,0.555,0.545,0.544,0.852,0.493,0.477,0.441,0.43,0.41,0.577,0.563,0.495,0.438,0.422,0.418,0.39,0.375,0.364,0.346,0.329,0.328,0.311,0.531,0.339,0.375,0.4,0.435,0.448,0.428,0.5,0.522,0.521,0.543,0.543,0.615,0.658,0.765,0.777,0.777,0.777,0.777,0.777,0.768,0.777,0.853,0.853,0.872,0.97,1.073,1.082,1.082,1.215,1.219,1.219,1.269,1.412,1.348,1.241,1.21,1.114,1.246,1.114,1.114,1.114,1.114,1.063,1.093,1.013,0.954,0.954,0.94,0.94,0.842,0.824,0.835,0.835,0.842,0.862,0.862,0.906,0.928,0.942,0.951,0.958,1.001,1.001,1.0,1.016,1.023,1.028,1.039,1.045,1.068,1.103,1.096,1.115,1.134,1.142,0.96,1.017,0.917,0.914,0.881,0.836,0.815,0.74,0.748,0.764,0.609,0.612,0.637,0.656,0.655,0.672,0.697,0.703,0.7,0.717,0.722,0.769,0.767,0.79,0.842,0.887,0.893,0.92,0.951,1.033,1.017,1.033,0.502,0.479,0.555,0.571,0.565,0.968,0.577,0.588,0.6,0.613,0.656,0.67,0.744,0.725,0.722,0.721,10.279
Point_54,15.412,2.322,2.322,2.359,1.086,0.581,0.719,0.757,0.757,0.757,0.799,0.825,0.357,0.373,0.425,0.425,0.447,0.46,0.476,0.513,0.124,0.142,0.163,0.168,0.193,0.202,0.214,0.223,0.244,0.262,0.254,0.6,0.231,0.218,0.165,0.152,0.154,0.188,0.186,0.204,0.204,0.234,0.241,0.299,0.211,0.134,0.073,0.061,0.038,0.033,0.026,0.01,0.0,0.0,0.004,0.012,0.047,0.03,0.03,0.067,0.081,0.081,0.081,0.048,0.049,0.072,0.161,0.16,0.177,0.195,0.191,0.227,0.285,0.252,0.248,0.211,0.197,0.133,0.258,0.274,0.215,0.215,0.341,0.352,0.352,0.352,0.39,0.378,0.394,0.396,0.394,0.446,0.423,0.446,0.544,0.576,0.639,0.487,0.491,0.526,0.555,0.573,0.659,0.639,0.728,0.719,0.659,0.817,0.817,0.817,0.865,0.865,0.865,0.865,0.865,0.892,0.9,0.98,0.932,0.945,0.96,0.964,1.095,1.013,1.022,1.096,1.155,1.107,1.106,1.113,1.136,1.132,1.014,1.014,0.995,0.983,0.982,0.954,0.999,0.985,1.022,1.058,1.051,1.065,1.017,0.926,0.985,1.071,1.09,1.127,1.141,1.184,1.184,1.128,1.128,1.102,1.058,1.076,1.012,0.995,0.936,0.916,0.221,0.973,0.561,0.964,0.934,0.903,0.889,0.868,0.852,0.85,0.779,1.235,0.817,1.143,0.793,0.78,0.704,0.691,0.673,0.624,0.612,0.577,0.568,0.555,0.546,0.555,0.545,0.544,0.852,0.493,0.477,0.441,0.43,0.41,0.577,0.563,0.495,0.438,0.422,0.418,0.39,0.375,0.364,0.346,0.329,0.328,0.311,0.531,0.339,0.375,0.4,0.435,0.448,0.428,0.5,0.522,0.521,0.543,0.543,0.615,0.658,0.765,0.777,0.777,0.777,0.777,0.777,0.768,0.777,0.853,0.853,0.872,0.97,1.073,1.082,1.082,1.215,1.219,1.219,1.269,1.412,1.348,1.241,1.21,1.114,1.246,1.114,1.114,1.114,1.114,1.063,1.093,1.013,0.954,0.954,0.94,0.94,0.842,0.824,0.835,0.835,0.842,0.862,0.862,0.906,0.928,0.942,0.951,0.958,1.001,1.001,1.0,1.016,1.023,1.028,1.039,1.045,1.068,1.103,1.096,1.115,1.134,1.142,0.96,1.017,0.917,0.914,0.881,0.836,0.815,0.74,0.748,0.764,0.609,0.612,0.637,0.656,0.655,0.672,0.697,0.703,0.7,0.717,0.722,0.769,0.767,0.79,0.842,0.887,0.893,0.92,0.951,1.033,1.017,1.033,0.502,0.479,0.555,0.571,0.565,0.968,0.577,0.588,0.6,0.613,0.656,0.67,0.744,0.725,0.722,0.721,10.279
Point_55,15.408,2.318,2.318,2.355,1.082,0.577,0.724,0.761,0.761,0.761,0.803,0.829,0.361,0.377,0.429,0.429,0.451,0.464,0.48,0.517,0.119,0.138,0.159,0.164,0.189,0.198,0.21,0.219,0.24,0.258,0.25,0.604,0.227,0.213,0.161,0.148,0.15,0.184,0.182,0.2,0.2,0.23,0.237,0.303,0.215,0.138,0.077,0.065,0.042,0.037,0.03,0.014,0.004,0.004,0.0,0.008,0.043,0.026,0.026,0.062,0.077,0.077,0.077,0.043,0.045,0.068,0.156,0.156,0.173,0.191,0.187,0.223,0.289,0.256,0.252,0.215,0.201,0.137,0.262,0.278,0.22,0.22,0.345,0.357,0.357,0.357,0.395,0.382,0.398,0.4,0.398,0.451,0.427,0.451,0.548,0.58,0.643,0.491,0.495,0.53,0.559,0.577,0.663,0.643,0.732,0.723,0.663,0.821,0.821,0.821,0.869,0.869,0.869,0.869,0.869,0.896,0.905,0.984,0.936,0.949,0.965,0.969,1.099,1.017,1.026,1.101,1.159,1.111,1.11,1.117,1.14,1.136,1.018,1.018,0.999,0.987,0.987,0.958,1.003,0.989,1.026,1.062,1.055,1.069,1.021,0.93,0.989,1.075,1.094,1.131,1.145,1.188,1.188,1.132,1.132,1.106,1.062,1.08,1.016,0.999,0.94,0.92,0.217,0.977,0.565,0.969,0.939,0.907,0.893,0.872,0.857,0.854,0.783,1.239,0.821,1.147,0.797,0.784,0.709,0.696,0.678,0.628,0.616,0.581,0.572,0.56,0.551,0.559,0.549,0.548,0.857,0.497,0.481,0.445,0.434,0.414,0.581,0.568,0.499,0.442,0.426,0.422,0.394,0.379,0.369,0.35,0.333,0.332,0.315,0.535,0.344,0.379,0.404,0.439,0.453,0.432,0.505,0.526,0.525,0.548,0.548,0.619,0.662,0.769,0.781,0.781,0.781,0.781,0.781,0.772,0.781,0.857,0.857,0.877,0.974,1.078,1.086,1.086,1.219,1.223,1.223,1.273,1.416,1.352,1.236,1.214,1.118,1.25,1.118,1.118,1.118,1.118,1.067,1.098,1.017,0.958,0.958,0.944,0.944,0.846,0.828,0.84,0.84,0.846,0.866,0.866,0.91,0.932,0.946,0.955,0.962,1.005,1.005,1.004,1.02,1.027,1.032,1.043,1.049,1.072,1.107,1.1,1.119,1.138,1.146,0.965,1.021,0.922,0.918,0.885,0.84,0.819,0.744,0.752,0.769,0.613,0.616,0.642,0.661,0.659,0.676,0.701,0.707,0.704,0.721,0.726,0.773,0.771,0.794,0.846,0.891,0.897,0.924,0.955,1.037,1.021,1.037,0.506,0.483,0.559,0.575,0.569,0.972,0.582,0.593,0.604,0.617,0.66,0.674,0.748,0.729,0.727,0.725,10.283
Point_56,15.4,2.31,2.31,2.347,1.074,0.569,0.731,0.769,0.769,0.769,0.811,0.837,0.369,0.385,0.437,0.437,0.459,0.472,0.488,0.525,0.111,0.13,0.151,0.156,0.181,0.19,0.202,0.211,0.232,0.25,0.242,0.612,0.219,0.206,0.153,0.14,0.142,0.176,0.174,0.192,0.192,0.222,0.229,0.311,0.223,0.146,0.085,0.073,0.05,0.045,0.038,0.022,0.012,0.012,0.008,0.0,0.035,0.018,0.018,0.055,0.069,0.069,0.069,0.035,0.037,0.06,0.149,0.148,0.165,0.183,0.179,0.215,0.297,0.264,0.26,0.223,0.209,0.145,0.27,0.286,0.228,0.228,0.353,0.365,0.365,0.365,0.402,0.39,0.406,0.408,0.406,0.459,0.435,0.459,0.556,0.588,0.651,0.499,0.503,0.538,0.567,0.585,0.671,0.651,0.74,0.731,0.671,0.829,0.829,0.829,0.877,0.877,0.877,0.877,0.877,0.904,0.912,0.992,0.944,0.957,0.973,0.976,1.107,1.025,1.034,1.109,1.167,1.119,1.118,1.125,1.148,1.144,1.026,1.026,1.007,0.995,0.994,0.966,1.011,0.997,1.034,1.07,1.063,1.077,1.029,0.938,0.997,1.083,1.102,1.139,1.153,1.196,1.196,1.14,1.14,1.114,1.07,1.088,1.024,1.007,0.948,0.928,0.209,0.985,0.573,0.977,0.946,0.915,0.901,0.88,0.864,0.862,0.791,1.247,0.829,1.155,0.805,0.792,0.716,0.703,0.686,0.636,0.624,0.589,0.58,0.568,0.559,0.567,0.557,0.556,0.864,0.505,0.489,0.453,0.442,0.422,0.589,0.575,0.507,0.45,0.434,0.43,0.402,0.387,0.377,0.358,0.341,0.34,0.323,0.543,0.351,0.387,0.412,0.447,0.46,0.44,0.512,0.534,0.533,0.556,0.556,0.627,0.67,0.777,0.789,0.789,0.789,0.789,0.789,0.78,0.789,0.865,0.865,0.884,0.982,1.086,1.094,1.094,1.227,1.231,1.231,1.281,1.424,1.36,1.228,1.222,1.126,1.258,1.126,1.126,1.126,1.126,1.075,1.105,1.025,0.966,0.966,0.952,0.952,0.854,0.836,0.847,0.847,0.854,0.874,0.874,0.918,0.94,0.954,0.963,0.97,1.013,1.013,1.012,1.028,1.035,1.04,1.051,1.057,1.08,1.115,1.108,1.127,1.146,1.154,0.972,1.029,0.929,0.926,0.893,0.848,0.827,0.752,0.76,0.777,0.621,0.624,0.65,0.668,0.667,0.684,0.709,0.715,0.712,0.729,0.734,0.781,0.779,0.802,0.854,0.899,0.905,0.932,0.963,1.045,1.029,1.045,0.514,0.491,0.567,0.583,0.577,0.98,0.59,0.6,0.612,0.625,0.668,0.682,0.756,0.737,0.734,0.733,10.291
Point_57,15.399,2.308,2.308,2.345,1.073,0.567,0.767,0.805,0.805,0.805,0.846,0.872,0.404,0.42,0.472,0.472,0.495,0.507,0.523,0.561,0.11,0.128,0.15,0.155,0.179,0.189,0.2,0.209,0.23,0.249,0.241,0.648,0.184,0.17,0.118,0.105,0.106,0.141,0.139,0.157,0.157,0.186,0.194,0.217,0.258,0.182,0.12,0.108,0.085,0.08,0.073,0.057,0.047,0.047,0.043,0.035,0.0,0.017,0.017,0.019,0.033,0.033,0.033,0.034,0.036,0.059,0.147,0.146,0.163,0.182,0.178,0.213,0.332,0.299,0.295,0.258,0.244,0.18,0.258,0.321,0.263,0.263,0.388,0.4,0.4,0.4,0.438,0.426,0.442,0.443,0.442,0.494,0.471,0.494,0.592,0.623,0.686,0.535,0.539,0.573,0.602,0.62,0.706,0.686,0.776,0.766,0.706,0.865,0.865,0.865,0.913,0.913,0.913,0.913,0.913,0.939,0.948,1.027,0.98,0.992,1.008,1.012,1.142,1.06,1.07,1.144,1.203,1.154,1.153,1.16,1.183,1.179,1.061,1.061,1.042,1.03,1.03,1.001,1.046,1.032,1.069,1.105,1.098,1.113,1.064,0.974,1.032,1.118,1.137,1.175,1.188,1.231,1.231,1.175,1.175,1.149,1.105,1.123,1.059,1.042,0.983,0.964,0.174,1.02,0.608,1.012,0.982,0.951,0.936,0.915,0.9,0.897,0.826,1.283,0.865,1.19,0.84,0.828,0.752,0.739,0.721,0.672,0.659,0.624,0.615,0.603,0.594,0.602,0.592,0.592,0.9,0.54,0.524,0.488,0.478,0.457,0.624,0.611,0.542,0.485,0.47,0.465,0.438,0.422,0.412,0.393,0.376,0.375,0.358,0.578,0.387,0.423,0.447,0.482,0.496,0.475,0.548,0.569,0.568,0.591,0.591,0.662,0.705,0.812,0.825,0.825,0.825,0.825,0.825,0.815,0.825,0.901,0.901,0.92,1.017,1.121,1.129,1.129,1.262,1.266,1.266,1.317,1.459,1.395,1.227,1.257,1.161,1.293,1.161,1.161,1.161,1.161,1.111,1.141,1.061,1.001,1.001,0.987,0.987,0.89,0.872,0.883,0.883,0.89,0.909,0.909,0.953,0.975,0.989,0.999,1.005,1.048,1.048,1.047,1.063,1.071,1.076,1.086,1.092,1.115,1.15,1.143,1.162,1.182,1.19,1.008,1.064,0.965,0.961,0.928,0.884,0.862,0.787,0.795,0.812,0.656,0.66,0.685,0.704,0.702,0.72,0.744,0.75,0.748,0.764,0.77,0.816,0.814,0.837,0.889,0.934,0.941,0.968,0.998,1.08,1.065,1.08,0.549,0.526,0.602,0.619,0.613,1.015,0.625,0.636,0.647,0.661,0.704,0.718,0.791,0.772,0.77,0.769,10.327
Point_58,15.376,2.285,2.285,2.322,1.05,0.544,0.75,0.788,0.788,0.788,0.829,0.855,0.387,0.403,0.455,0.455,0.478,0.49,0.506,0.544,0.087,0.105,0.127,0.132,0.156,0.166,0.177,0.186,0.207,0.226,0.218,0.631,0.201,0.187,0.134,0.122,0.123,0.158,0.156,0.174,0.174,0.203,0.211,0.234,0.241,0.165,0.103,0.091,0.068,0.063,0.056,0.04,0.03,0.03,0.026,0.018,0.017,0.0,0.0,0.036,0.05,0.05,0.05,0.011,0.013,0.036,0.124,0.123,0.14,0.159,0.155,0.19,0.315,0.282,0.278,0.241,0.227,0.163,0.275,0.304,0.246,0.246,0.371,0.383,0.383,0.383,0.421,0.409,0.425,0.426,0.425,0.477,0.454,0.477,0.575,0.606,0.67,0.518,0.522,0.556,0.585,0.603,0.69,0.669,0.759,0.749,0.689,0.848,0.848,0.848,0.896,0.896,0.896,0.896,0.896,0.922,0.931,1.01,0.963,0.975,0.991,0.995,1.125,1.043,1.053,1.127,1.186,1.137,1.136,1.143,1.166,1.162,1.044,1.044,1.025,1.013,1.013,0.984,1.029,1.015,1.052,1.088,1.081,1.096,1.047,0.957,1.015,1.101,1.121,1.158,1.171,1.214,1.214,1.158,1.158,1.132,1.088,1.107,1.042,1.025,0.966,0.947,0.191,1.003,0.591,0.995,0.965,0.934,0.919,0.898,0.883,0.88,0.809,1.266,0.848,1.174,0.823,0.811,0.735,0.722,0.704,0.655,0.642,0.607,0.598,0.586,0.577,0.585,0.575,0.575,0.883,0.523,0.507,0.471,0.461,0.44,0.607,0.594,0.525,0.468,0.453,0.448,0.421,0.405,0.395,0.376,0.359,0.358,0.341,0.561,0.37,0.406,0.43,0.465,0.479,0.458,0.531,0.552,0.551,0.574,0.574,0.646,0.688,0.795,0.808,0.808,0.808,0.808,0.808,0.798,0.808,0.884,0.884,0.903,1.0,1.104,1.112,1.112,1.245,1.249,1.249,1.3,1.442,1.378,1.204,1.24,1.144,1.276,1.144,1.144,1.144,1.144,1.094,1.124,1.044,0.984,0.984,0.97,0.97,0.873,0.855,0.866,0.866,0.873,0.892,0.892,0.936,0.958,0.972,0.982,0.988,1.032,1.032,1.03,1.046,1.054,1.059,1.069,1.075,1.098,1.133,1.126,1.145,1.165,1.173,0.991,1.047,0.948,0.944,0.911,0.867,0.845,0.77,0.778,0.795,0.639,0.643,0.668,0.687,0.685,0.703,0.727,0.733,0.731,0.747,0.753,0.8,0.797,0.82,0.873,0.917,0.924,0.951,0.981,1.063,1.048,1.063,0.532,0.509,0.585,0.602,0.596,0.998,0.608,0.619,0.63,0.644,0.687,0.701,0.774,0.755,0.753,0.752,10.31
Point_59,15.382,2.291,2.291,2.328,1.056,0.55,0.75,0.788,0.788,0.788,0.829,0.855,0.387,0.403,0.455,0.455,0.478,0.49,0.506,0.544,0.093,0.111,0.133,0.138,0.162,0.172,0.183,0.192,0.213,0.232,0.224,0.631,0.201,0.187,0.134,0.122,0.123,0.158,0.156,0.174,0.174,0.203,0.211,0.234,0.241,0.165,0.103,0.091,0.068,0.063,0.056,0.04,0.03,0.03,0.026,0.018,0.017,0.0,0.0,0.036,0.05,0.05,0.05,0.017,0.019,0.042,0.13,0.129,0.146,0.165,0.161,0.196,0.315,0.282,0.278,0.241,0.227,0.163,0.275,0.304,0.246,0.246,0.371,0.383,0.383,0.383,0.421,0.409,0.425,0.426,0.425,0.477,0.454,0.477,0.575,0.606,0.67,0.518,0.522,0.556,0.585,0.603,0.69,0.669,0.759,0.749,0.689,0.848,0.848,0.848,0.896,0.896,0.896,0.896,0.896,0.922,0.931,1.01,0.963,0.975,0.991,0.995,1.125,1.043,1.053,1.127,1.186,1.137,1.136,1.143,1.166,1.162,1.044,1.044,1.025,1.013,1.013,0.984,1.029,1.015,1.052,1.088,1.081,1.096,1.047,0.957,1.015,1.101,1.121,1.158,1.171,1.214,1.214,1.158,1.158,1.132,1.088,1.107,1.042,1.025,0.966,0.947,0.191,1.003,0.591,0.995,0.965,0.934,0.919,0.898,0.883,0.88,0.809,1.266,0.848,1.174,0.823,0.811,0.735,0.722,0.704,0.655,0.642,0.607,0.598,0.586,0.577,0.585,0.575,0.575,0.883,0.523,0.507,0.471,0.461,0.44,0.607,0.594,0.525,0.468,0.453,0.448,0.421,0.405,0.395,0.376,0.359,0.358,0.341,0.561,0.37,0.406,0.43,0.465,0.479,0.458,0.531,0.552,0.551,0.574,0.574,0.646,0.688,0.795,0.808,0.808,0.808,0.808,0.808,0.798,0.808,0.884,0.884,0.903,1.0,1.104,1.112,1.112,1.245,1.249,1.249,1.3,1.442,1.378,1.21,1.24,1.144,1.276,1.144,1.144,1.144,1.144,1.094,1.124,1.044,0.984,0.984,0.97,0.97,0.873,0.855,0.866,0.866,0.873,0.892,0.892,0.936,0.958,0.972,0.982,0.988,1.032,1.032,1.03,1.046,1.054,1.059,1.069,1.075,1.098,1.133,1.126,1.145,1.165,1.173,0.991,1.047,0.948,0.944,0.911,0.867,0.845,0.77,0.778,0.795,0.639,0.643,0.668,0.687,0.685,0.703,0.727,0.733,0.731,0.747,0.753,0.8,0.797,0.82,0.873,0.917,0.924,0.951,0.981,1.063,1.048,1.063,0.532,0.509,0.585,0.602,0.596,0.998,0.608,0.619,0.63,0.644,0.687,0.701,0.774,0.755,0.753,0.752,10.31
Point_60,15.418,2.327,2.327,2.365,1.092,0.586,0.786,0.824,0.824,0.824,0.865,0.891,0.423,0.439,0.492,0.492,0.514,0.526,0.542,0.58,0.129,0.147,0.169,0.174,0.199,0.208,0.22,0.229,0.25,0.268,0.26,0.667,0.165,0.151,0.098,0.086,0.087,0.122,0.12,0.138,0.138,0.167,0.175,0.198,0.277,0.201,0.139,0.128,0.104,0.1,0.092,0.077,0.067,0.067,0.062,0.055,0.019,0.036,0.036,0.0,0.014,0.014,0.014,0.053,0.055,0.078,0.166,0.166,0.182,0.201,0.197,0.233,0.351,0.318,0.314,0.277,0.264,0.199,0.239,0.286,0.282,0.282,0.353,0.365,0.365,0.365,0.402,0.39,0.406,0.408,0.406,0.459,0.435,0.459,0.556,0.588,0.651,0.499,0.503,0.538,0.567,0.585,0.671,0.651,0.74,0.731,0.671,0.829,0.829,0.829,0.877,0.877,0.877,0.877,0.877,0.904,0.912,0.992,0.944,0.957,0.973,0.976,1.107,1.025,1.034,1.109,1.167,1.119,1.118,1.125,1.148,1.144,1.026,1.026,1.007,0.995,0.994,0.966,1.011,0.997,1.034,1.07,1.063,1.077,1.029,0.938,0.997,1.083,1.102,1.139,1.153,1.196,1.196,1.14,1.14,1.114,1.07,1.088,1.024,1.007,0.948,0.928,0.155,0.985,0.573,0.977,0.946,0.915,0.901,0.88,0.864,0.862,0.791,1.247,0.829,1.155,0.805,0.792,0.716,0.703,0.686,0.636,0.624,0.589,0.58,0.568,0.559,0.567,0.557,0.556,0.864,0.505,0.489,0.453,0.442,0.476,0.643,0.63,0.561,0.505,0.489,0.485,0.457,0.441,0.431,0.412,0.395,0.394,0.377,0.597,0.406,0.442,0.466,0.501,0.515,0.494,0.567,0.588,0.588,0.61,0.61,0.682,0.724,0.832,0.844,0.844,0.844,0.844,0.844,0.834,0.844,0.92,0.92,0.939,1.037,1.14,1.148,1.148,1.282,1.285,1.285,1.336,1.478,1.415,1.246,1.276,1.18,1.312,1.18,1.18,1.18,1.18,1.13,1.16,1.08,1.021,1.021,1.006,1.006,0.909,0.891,0.902,0.902,0.909,0.929,0.929,0.972,0.994,1.008,1.018,1.024,1.068,1.068,1.067,1.082,1.09,1.095,1.105,1.112,1.134,1.169,1.162,1.181,1.201,1.209,1.027,1.083,0.984,0.98,0.948,0.903,0.881,0.806,0.815,0.831,0.675,0.679,0.704,0.723,0.721,0.739,0.763,0.769,0.767,0.784,0.789,0.836,0.833,0.856,0.909,0.954,0.96,0.987,1.017,1.1,1.084,1.1,0.568,0.546,0.621,0.638,0.632,1.034,0.644,0.655,0.666,0.68,0.723,0.737,0.81,0.791,0.789,0.788,10.346
Point_61,15.432,2.342,2.342,2.379,1.106,0.601,0.8,0.838,0.838,0.838,0.879,0.905,0.437,0.454,0.506,0.506,0.528,0.541,0.556,0.594,0.143,0.162,0.183,0.188,0.213,0.222,0.234,0.243,0.264,0.282,0.274,0.681,0.15,0.137,0.084,0.072,0.073,0.108,0.105,0.123,0.123,0.153,0.16,0.184,0.292,0.215,0.154,0.142,0.118,0.114,0.107,0.091,0.081,0.081,0.077,0.069,0.033,0.05,0.05,0.014,0.0,0.0,0.0,0.067,0.069,0.092,0.181,0.18,0.197,0.215,0.211,0.247,0.365,0.332,0.329,0.291,0.278,0.214,0.224,0.272,0.296,0.296,0.339,0.35,0.35,0.35,0.388,0.376,0.392,0.394,0.392,0.444,0.421,0.444,0.542,0.574,0.637,0.485,0.489,0.523,0.553,0.571,0.657,0.637,0.726,0.716,0.657,0.815,0.815,0.815,0.863,0.863,0.863,0.863,0.863,0.89,0.898,0.978,0.93,0.942,0.958,0.962,1.093,1.01,1.02,1.094,1.153,1.105,1.104,1.11,1.133,1.129,1.012,1.012,0.992,0.981,0.98,0.951,0.996,0.983,1.02,1.056,1.049,1.063,1.014,0.924,0.983,1.068,1.088,1.125,1.138,1.181,1.181,1.126,1.126,1.1,1.055,1.074,1.009,0.993,0.934,0.914,0.14,0.971,0.559,0.962,0.932,0.901,0.887,0.866,0.85,0.848,0.777,1.233,0.815,1.141,0.791,0.778,0.702,0.689,0.671,0.622,0.61,0.575,0.566,0.553,0.544,0.553,0.543,0.542,0.85,0.491,0.474,0.439,0.428,0.491,0.657,0.644,0.576,0.519,0.503,0.499,0.471,0.456,0.445,0.427,0.409,0.408,0.392,0.612,0.42,0.456,0.481,0.516,0.529,0.509,0.581,0.602,0.602,0.624,0.624,0.696,0.739,0.846,0.858,0.858,0.858,0.858,0.858,0.848,0.858,0.934,0.934,0.953,1.051,1.154,1.163,1.163,1.296,1.3,1.3,1.35,1.492,1.429,1.26,1.291,1.195,1.327,1.195,1.195,1.195,1.195,1.144,1.174,1.094,1.035,1.035,1.021,1.021,0.923,0.905,0.916,0.916,0.923,0.943,0.943,0.986,1.008,1.023,1.032,1.038,1.082,1.082,1.081,1.096,1.104,1.109,1.119,1.126,1.148,1.183,1.177,1.195,1.215,1.223,1.041,1.097,0.998,0.995,0.962,0.917,0.896,0.82,0.829,0.845,0.689,0.693,0.718,0.737,0.736,0.753,0.778,0.783,0.781,0.798,0.803,0.85,0.848,0.87,0.923,0.968,0.974,1.001,1.031,1.114,1.098,1.114,0.582,0.56,0.636,0.652,0.646,1.048,0.658,0.669,0.68,0.694,0.737,0.751,0.825,0.805,0.803,0.802,10.36
Point_62,15.432,2.342,2.342,2.379,1.106,0.601,0.8,0.838,0.838,0.838,0.879,0.905,0.437,0.454,0.506,0.506,0.528,0.541,0.556,0.594,0.143,0.162,0.183,0.188,0.213,0.222,0.234,0.243,0.264,0.282,0.274,0.681,0.15,0.137,0.084,0.072,0.073,0.108,0.105,0.123,0.123,0.153,0.16,0.184,0.292,0.215,0.154,0.142,0.118,0.114,0.107,0.091,0.081,0.081,0.077,0.069,0.033,0.05,0.05,0.014,0.0,0.0,0.0,0.067,0.069,0.092,0.181,0.18,0.197,0.215,0.211,0.247,0.365,0.332,0.329,0.291,0.278,0.214,0.224,0.272,0.296,0.296,0.339,0.35,0.35,0.35,0.388,0.376,0.392,0.394,0.392,0.444,0.421,0.444,0.542,0.574,0.637,0.485,0.489,0.523,0.553,0.571,0.657,0.637,0.726,0.716,0.657,0.815,0.815,0.815,0.863,0.863,0.863,0.863,0.863,0.89,0.898,0.978,0.93,0.942,0.958,0.962,1.093,1.01,1.02,1.094,1.153,1.105,1.104,1.11,1.133,1.129,1.012,1.012,0.992,0.981,0.98,0.951,0.996,0.983,1.02,1.056,1.049,1.063,1.014,0.924,0.983,1.068,1.088,1.125,1.138,1.181,1.181,1.126,1.126,1.1,1.055,1.074,1.009,0.993,0.934,0.914,0.14,0.971,0.559,0.962,0.932,0.901,0.887,0.866,0.85,0.848,0.777,1.233,0.815,1.141,0.791,0.778,0.702,0.689,0.671,0.622,0.61,0.575,0.566,0.553,0.544,0.553,0.543,0.542,0.85,0.491,0.474,0.439,0.428,0.491,0.657,0.644,0.576,0.519,0.503,0.499,0.471,0.456,0.445,0.427,0.409,0.408,0.392,0.612,0.42,0.456,0.481,0.516,0.529,0.509,0.581,0.602,0.602,0.624,0.624,0.696,0.739,0.846,0.858,0.858,0.858,0.858,0.858,0.848,0.858,0.934,0.934,0.953,1.051,1.154,1.163,1.163,1.296,1.3,1.3,1.35,1.492,1.429,1.26,1.291,1.195,1.327,1.195,1.195,1.195,1.195,1.144,1.174,1.094,1.035,1.035,1.021,1.021,0.923,0.905,0.916,0.916,0.923,0.943,0.943,0.986,1.008,1.023,1.032,1.038,1.082,1.082,1.081,1.096,1.104,1.109,1.119,1.126,1.148,1.183,1.177,1.195,1.215,1.223,1.041,1.097,0.998,0.995,0.962,0.917,0.896,0.82,0.829,0.845,0.689,0.693,0.718,0.737,0.736,0.753,0.778,0.783,0.781,0.798,0.803,0.85,0.848,0.87,0.923,0.968,0.974,1.001,1.031,1.114,1.098,1.114,0.582,0.56,0.636,0.652,0.646,1.048,0.658,0.669,0.68,0.694,0.737,0.751,0.825,0.805,0.803,0.802,10.36
Point_63,15.432,2.342,2.342,2.379,1.106,0.601,0.8,0.838,0.838,0.838,0.879,0.905,0.437,0.454,0.506,0.506,0.528,0.541,0.557,0.594,0.143,0.162,0.183,0.188,0.213,0.222,0.234,0.243,0.264,0.282,0.274,0.681,0.15,0.137,0.084,0.072,0.073,0.108,0.105,0.123,0.123,0.153,0.16,0.184,0.292,0.215,0.154,0.142,0.118,0.114,0.107,0.091,0.081,0.081,0.077,0.069,0.033,0.05,0.05,0.014,0.0,0.0,0.0,0.067,0.069,0.092,0.181,0.18,0.197,0.215,0.211,0.247,0.366,0.332,0.329,0.292,0.278,0.214,0.224,0.272,0.296,0.296,0.339,0.35,0.35,0.35,0.388,0.376,0.392,0.394,0.392,0.444,0.421,0.444,0.542,0.574,0.637,0.485,0.489,0.523,0.553,0.571,0.657,0.636,0.726,0.716,0.656,0.815,0.815,0.815,0.863,0.863,0.863,0.863,0.863,0.89,0.898,0.978,0.93,0.942,0.958,0.962,1.093,1.01,1.02,1.094,1.153,1.105,1.104,1.11,1.133,1.129,1.012,1.012,0.992,0.981,0.98,0.951,0.996,0.983,1.02,1.055,1.049,1.063,1.014,0.924,0.983,1.068,1.088,1.125,1.138,1.181,1.181,1.126,1.126,1.1,1.055,1.074,1.009,0.993,0.934,0.914,0.14,0.971,0.559,0.962,0.932,0.901,0.886,0.866,0.85,0.848,0.777,1.233,0.815,1.141,0.791,0.778,0.702,0.689,0.671,0.622,0.61,0.575,0.566,0.553,0.544,0.553,0.542,0.542,0.85,0.491,0.474,0.439,0.428,0.491,0.657,0.644,0.576,0.519,0.503,0.499,0.471,0.456,0.445,0.427,0.409,0.409,0.392,0.612,0.42,0.456,0.481,0.516,0.529,0.509,0.581,0.603,0.602,0.624,0.624,0.696,0.739,0.846,0.858,0.858,0.858,0.858,0.858,0.848,0.858,0.934,0.934,0.953,1.051,1.154,1.163,1.163,1.296,1.3,1.3,1.35,1.492,1.429,1.26,1.291,1.195,1.327,1.195,1.195,1.195,1.195,1.144,1.174,1.094,1.035,1.035,1.021,1.021,0.923,0.905,0.916,0.916,0.923,0.943,0.943,0.986,1.008,1.023,1.032,1.038,1.082,1.082,1.081,1.097,1.104,1.109,1.12,1.126,1.149,1.183,1.177,1.195,1.215,1.223,1.041,1.097,0.998,0.995,0.962,0.917,0.896,0.82,0.829,0.845,0.689,0.693,0.718,0.737,0.736,0.753,0.778,0.783,0.781,0.798,0.803,0.85,0.848,0.87,0.923,0.968,0.974,1.001,1.032,1.114,1.098,1.114,0.583,0.56,0.636,0.652,0.646,1.048,0.658,0.669,0.68,0.694,0.737,0.751,0.825,0.806,0.803,0.802,10.36
Point_64,15.365,2.274,2.274,2.311,1.039,0.533,0.712,0.75,0.75,0.75,0.791,0.817,0.349,0.365,0.418,0.418,0.44,0.452,0.468,0.506,0.076,0.094,0.116,0.121,0.145,0.155,0.166,0.175,0.196,0.215,0.207,0.648,0.218,0.204,0.152,0.139,0.14,0.175,0.173,0.191,0.191,0.22,0.228,0.251,0.258,0.182,0.12,0.108,0.085,0.081,0.073,0.058,0.048,0.048,0.043,0.035,0.034,0.011,0.017,0.053,0.067,0.067,0.067,0.0,0.002,0.025,0.113,0.112,0.129,0.148,0.144,0.179,0.277,0.244,0.24,0.238,0.252,0.18,0.292,0.321,0.263,0.263,0.388,0.4,0.4,0.4,0.438,0.426,0.442,0.443,0.442,0.494,0.471,0.494,0.592,0.623,0.687,0.535,0.539,0.573,0.602,0.62,0.707,0.686,0.776,0.766,0.706,0.865,0.865,0.865,0.913,0.913,0.913,0.913,0.913,0.939,0.948,1.027,0.98,0.992,1.008,1.012,1.142,1.06,1.07,1.144,1.203,1.154,1.153,1.16,1.183,1.179,1.061,1.061,1.042,1.031,1.03,1.001,1.046,1.032,1.069,1.105,1.098,1.113,1.064,0.974,1.032,1.118,1.138,1.175,1.188,1.231,1.231,1.175,1.175,1.149,1.105,1.124,1.059,1.042,0.983,0.964,0.208,1.02,0.608,1.012,0.982,0.951,0.936,0.916,0.9,0.897,0.826,1.283,0.865,1.191,0.841,0.828,0.752,0.739,0.721,0.672,0.659,0.624,0.616,0.603,0.594,0.603,0.592,0.592,0.9,0.54,0.524,0.488,0.478,0.457,0.569,0.556,0.487,0.43,0.415,0.41,0.383,0.367,0.357,0.338,0.321,0.32,0.303,0.523,0.332,0.368,0.392,0.427,0.441,0.42,0.493,0.514,0.513,0.536,0.536,0.608,0.65,0.758,0.77,0.77,0.77,0.77,0.77,0.76,0.77,0.846,0.846,0.865,0.962,1.066,1.074,1.074,1.208,1.211,1.211,1.262,1.404,1.34,1.193,1.202,1.106,1.238,1.106,1.106,1.106,1.106,1.056,1.086,1.006,0.946,0.946,0.932,0.932,0.835,0.817,0.828,0.828,0.835,0.854,0.854,0.898,0.92,0.934,0.944,0.95,0.994,0.994,0.992,1.008,1.016,1.021,1.031,1.037,1.06,1.095,1.088,1.107,1.127,1.135,0.953,1.009,0.91,0.906,0.874,0.829,0.807,0.732,0.74,0.757,0.601,0.605,0.63,0.649,0.647,0.665,0.689,0.695,0.693,0.709,0.715,0.762,0.759,0.782,0.835,0.879,0.886,0.913,0.943,1.026,1.01,1.026,0.494,0.471,0.547,0.564,0.558,0.96,0.57,0.581,0.592,0.606,0.649,0.663,0.736,0.717,0.715,0.714,10.327
Point_65,15.363,2.272,2.272,2.31,1.037,0.531,0.71,0.748,0.748,0.748,0.789,0.815,0.347,0.364,0.416,0.416,0.438,0.451,0.466,0.504,0.074,0.092,0.114,0.119,0.144,0.153,0.165,0.174,0.195,0.213,0.205,0.65,0.22,0.206,0.153,0.141,0.142,0.177,0.175,0.193,0.193,0.222,0.23,0.253,0.26,0.183,0.122,0.11,0.087,0.082,0.075,0.059,0.049,0.049,0.045,0.037,0.036,0.013,0.019,0.055,0.069,0.069,0.069,0.002,0.0,0.023,0.111,0.111,0.128,0.146,0.142,0.178,0.275,0.242,0.238,0.237,0.25,0.182,0.294,0.323,0.265,0.265,0.39,0.402,0.402,0.402,0.44,0.428,0.444,0.445,0.444,0.496,0.473,0.496,0.594,0.625,0.688,0.537,0.541,0.575,0.604,0.622,0.708,0.688,0.777,0.768,0.708,0.866,0.866,0.866,0.914,0.914,0.914,0.914,0.914,0.941,0.95,1.029,0.982,0.994,1.01,1.014,1.144,1.062,1.072,1.146,1.205,1.156,1.155,1.162,1.185,1.181,1.063,1.063,1.044,1.032,1.032,1.003,1.048,1.034,1.071,1.107,1.1,1.114,1.066,0.976,1.034,1.12,1.139,1.177,1.19,1.233,1.233,1.177,1.177,1.151,1.107,1.125,1.061,1.044,0.985,0.965,0.21,1.022,0.61,1.014,0.984,0.952,0.938,0.917,0.902,0.899,0.828,1.284,0.866,1.192,0.842,0.829,0.754,0.741,0.723,0.673,0.661,0.626,0.617,0.605,0.596,0.604,0.594,0.594,0.902,0.542,0.526,0.49,0.479,0.459,0.567,0.554,0.486,0.429,0.413,0.409,0.381,0.365,0.355,0.336,0.319,0.318,0.302,0.521,0.33,0.366,0.391,0.426,0.439,0.418,0.491,0.512,0.512,0.534,0.534,0.606,0.649,0.756,0.768,0.768,0.768,0.768,0.768,0.758,0.768,0.844,0.844,0.863,0.961,1.064,1.072,1.072,1.206,1.21,1.21,1.26,1.402,1.339,1.191,1.201,1.104,1.237,1.104,1.104,1.104,1.104,1.054,1.084,1.004,0.945,0.945,0.93,0.93,0.833,0.815,0.826,0.826,0.833,0.853,0.853,0.896,0.918,0.932,0.942,0.948,0.992,0.992,0.991,1.006,1.014,1.019,1.029,1.036,1.058,1.093,1.087,1.105,1.125,1.133,0.951,1.007,0.908,0.905,0.872,0.827,0.806,0.73,0.739,0.755,0.599,0.603,0.628,0.647,0.646,0.663,0.688,0.693,0.691,0.708,0.713,0.76,0.758,0.78,0.833,0.878,0.884,0.911,0.941,1.024,1.008,1.024,0.492,0.47,0.546,0.562,0.556,0.958,0.568,0.579,0.59,0.604,0.647,0.661,0.734,0.715,0.713,0.712,10.329
Point_66,15.34,2.25,2.25,2.287,1.014,0.509,0.687,0.725,0.725,0.725,0.767,0.793,0.325,0.341,0.393,0.393,0.415,0.428,0.444,0.481,0.051,0.07,0.091,0.096,0.121,0.13,0.142,0.151,0.172,0.19,0.182,0.705,0.242,0.229,0.176,0.164,0.165,0.2,0.197,0.215,0.215,0.245,0.252,0.276,0.283,0.206,0.145,0.133,0.11,0.105,0.098,0.082,0.072,0.072,0.068,0.06,0.059,0.036,0.042,0.078,0.092,0.092,0.092,0.025,0.023,0.0,0.089,0.088,0.105,0.123,0.119,0.155,0.253,0.22,0.216,0.214,0.228,0.205,0.316,0.346,0.288,0.288,0.413,0.425,0.425,0.425,0.462,0.45,0.466,0.468,0.466,0.519,0.495,0.519,0.616,0.648,0.711,0.559,0.563,0.598,0.627,0.645,0.731,0.711,0.8,0.791,0.731,0.889,0.889,0.889,0.937,0.937,0.937,0.937,0.937,0.964,0.972,1.052,1.004,1.017,1.033,1.036,1.167,1.085,1.094,1.169,1.227,1.179,1.178,1.185,1.208,1.204,1.086,1.086,1.067,1.055,1.054,1.026,1.071,1.057,1.094,1.13,1.123,1.137,1.089,0.998,1.057,1.143,1.162,1.199,1.213,1.256,1.256,1.2,1.2,1.174,1.13,1.148,1.084,1.067,1.008,0.988,0.232,1.045,0.633,1.037,1.006,0.975,0.961,0.94,0.924,0.922,0.851,1.307,0.889,1.215,0.865,0.852,0.776,0.763,0.746,0.696,0.684,0.649,0.64,0.628,0.619,0.627,0.617,0.616,0.924,0.565,0.549,0.513,0.502,0.515,0.545,0.531,0.463,0.406,0.39,0.386,0.358,0.343,0.332,0.314,0.297,0.296,0.279,0.499,0.307,0.343,0.368,0.403,0.416,0.396,0.468,0.49,0.489,0.511,0.511,0.583,0.626,0.733,0.745,0.745,0.745,0.745,0.745,0.736,0.745,0.821,0.821,0.84,0.938,1.041,1.05,1.05,1.183,1.187,1.187,1.237,1.38,1.316,1.168,1.178,1.082,1.214,1.082,1.082,1.082,1.082,1.031,1.061,0.981,0.922,0.922,0.908,0.908,0.81,0.792,0.803,0.803,0.81,0.83,0.83,0.874,0.896,0.91,0.919,0.926,0.969,0.969,0.968,0.984,0.991,0.996,1.007,1.013,1.036,1.071,1.064,1.083,1.102,1.11,0.928,0.985,0.885,0.882,0.849,0.804,0.783,0.708,0.716,0.732,0.577,0.58,0.605,0.624,0.623,0.64,0.665,0.671,0.668,0.685,0.69,0.737,0.735,0.758,0.81,0.855,0.861,0.888,0.919,1.001,0.985,1.001,0.47,0.447,0.523,0.539,0.533,0.936,0.546,0.556,0.568,0.581,0.624,0.638,0.712,0.693,0.69,0.689,10.384
Point_67,15.382,2.291,2.291,2.328,1.056,0.55,0.599,0.637,0.637,0.637,0.678,0.704,0.236,0.252,0.304,0.304,0.327,0.339,0.355,0.393,0.093,0.019,0.133,0.138,0.162,0.172,0.183,0.192,0.213,0.232,0.224,0.617,0.331,0.317,0.265,0.252,0.253,0.288,0.286,0.393,0.393,0.364,0.356,0.333,0.245,0.2,0.263,0.222,0.198,0.194,0.186,0.171,0.161,0.161,0.156,0.149,0.147,0.124,0.13,0.166,0.181,0.181,0.181,0.113,0.111,0.089,0.0,0.001,0.016,0.035,0.031,0.066,0.164,0.131,0.127,0.125,0.139,0.203,0.292,0.308,0.25,0.25,0.375,0.387,0.387,0.387,0.425,0.412,0.428,0.43,0.428,0.481,0.457,0.481,0.578,0.61,0.673,0.521,0.525,0.56,0.589,0.607,0.693,0.673,0.762,0.753,0.693,0.851,0.851,0.851,0.899,0.899,0.899,0.899,0.899,0.926,0.935,1.014,0.966,0.979,0.995,0.998,1.129,1.047,1.056,1.131,1.189,1.141,1.14,1.147,1.17,1.166,1.048,1.048,1.029,1.017,1.017,0.988,1.033,1.019,1.056,1.092,1.085,1.099,1.051,0.96,1.019,1.105,1.124,1.161,1.175,1.218,1.218,1.162,1.162,1.136,1.092,1.11,1.046,1.029,0.97,0.95,0.376,1.007,0.595,0.999,0.969,0.937,0.923,0.902,0.887,0.884,0.813,1.269,0.851,1.177,0.827,0.814,0.739,0.726,0.708,0.658,0.646,0.611,0.602,0.59,0.581,0.589,0.579,0.578,0.887,0.527,0.511,0.475,0.464,0.426,0.456,0.443,0.374,0.317,0.302,0.297,0.27,0.254,0.244,0.225,0.208,0.207,0.19,0.41,0.219,0.255,0.279,0.314,0.328,0.307,0.38,0.401,0.4,0.423,0.423,0.494,0.537,0.644,0.657,0.657,0.657,0.657,0.657,0.647,0.657,0.733,0.733,0.752,0.849,0.953,0.961,0.961,1.094,1.098,1.098,1.149,1.291,1.227,1.21,1.089,0.993,1.125,0.993,0.993,0.993,0.993,0.943,0.973,0.893,0.833,0.833,0.819,0.819,0.722,0.704,0.715,0.715,0.722,0.741,0.741,0.785,0.807,0.821,0.831,0.837,0.88,0.88,0.879,0.895,0.903,0.908,0.918,0.924,0.947,0.982,0.975,0.994,1.014,1.022,0.84,0.896,0.797,0.793,0.76,0.716,0.694,0.619,0.627,0.644,0.488,0.492,0.517,0.536,0.534,0.552,0.576,0.582,0.58,0.596,0.602,0.648,0.646,0.669,0.721,0.766,0.773,0.8,0.83,0.912,0.897,0.912,0.381,0.358,0.434,0.451,0.445,0.847,0.457,0.468,0.479,0.493,0.536,0.55,0.623,0.604,0.602,0.601,10.296
Point_68,15.381,2.29,2.29,2.328,1.055,0.55,0.6,0.637,0.637,0.637,0.679,0.705,0.237,0.253,0.305,0.305,0.327,0.34,0.356,0.393,0.092,0.018,0.132,0.137,0.162,0.171,0.183,0.192,0.213,0.231,0.223,0.617,0.33,0.317,0.264,0.251,0.253,0.287,0.285,0.394,0.394,0.365,0.357,0.334,0.246,0.201,0.264,0.221,0.197,0.193,0.186,0.17,0.16,0.16,0.156,0.148,0.146,0.123,0.129,0.166,0.18,0.18,0.18,0.112,0.111,0.088,0.001,0.0,0.017,0.036,0.031,0.067,0.165,0.132,0.128,0.126,0.14,0.204,0.293,0.309,0.25,0.25,0.376,0.387,0.387,0.387,0.425,0.413,0.429,0.431,0.429,0.481,0.458,0.481,0.579,0.611,0.674,0.522,0.526,0.561,0.59,0.608,0.694,0.674,0.763,0.753,0.694,0.852,0.852,0.852,0.9,0.9,0.9,0.9,0.9,0.927,0.935,1.015,0.967,0.979,0.995,0.999,1.13,1.047,1.057,1.131,1.19,1.142,1.141,1.148,1.17,1.166,1.049,1.049,1.029,1.018,1.017,0.989,1.034,1.02,1.057,1.093,1.086,1.1,1.051,0.961,1.02,1.105,1.125,1.162,1.175,1.218,1.218,1.163,1.163,1.137,1.092,1.111,1.046,1.03,0.971,0.951,0.377,1.008,0.596,0.999,0.969,0.938,0.924,0.903,0.887,0.885,0.814,1.27,0.852,1.178,0.828,0.815,0.739,0.726,0.708,0.659,0.647,0.612,0.603,0.59,0.581,0.59,0.58,0.579,0.887,0.528,0.511,0.476,0.465,0.427,0.457,0.443,0.375,0.318,0.302,0.298,0.27,0.255,0.245,0.226,0.209,0.208,0.191,0.411,0.22,0.255,0.28,0.315,0.329,0.308,0.381,0.402,0.401,0.424,0.424,0.495,0.538,0.645,0.657,0.657,0.657,0.657,0.657,0.648,0.657,0.733,0.733,0.753,0.85,0.954,0.962,0.962,1.095,1.099,1.099,1.149,1.292,1.228,1.209,1.09,0.994,1.126,0.994,0.994,0.994,0.994,0.943,0.974,0.893,0.834,0.834,0.82,0.82,0.722,0.704,0.716,0.716,0.722,0.742,0.742,0.786,0.808,0.822,0.831,0.838,0.881,0.881,0.88,0.896,0.903,0.908,0.919,0.925,0.948,0.983,0.976,0.995,1.014,1.022,0.841,0.897,0.798,0.794,0.761,0.716,0.695,0.62,0.628,0.645,0.489,0.492,0.518,0.537,0.535,0.552,0.577,0.583,0.58,0.597,0.602,0.649,0.647,0.67,0.722,0.767,0.773,0.8,0.831,0.913,0.897,0.913,0.382,0.359,0.435,0.451,0.445,0.848,0.458,0.469,0.48,0.493,0.536,0.55,0.624,0.605,0.603,0.601,10.296
Point_69,15.398,2.307,2.307,2.344,1.072,0.566,0.583,0.62,0.62,0.62,0.662,0.688,0.22,0.236,0.288,0.288,0.31,0.323,0.339,0.376,0.109,0.035,0.149,0.154,0.179,0.188,0.2,0.208,0.23,0.248,0.24,0.6,0.347,0.333,0.281,0.268,0.27,0.393,0.395,0.377,0.377,0.348,0.34,0.317,0.229,0.184,0.247,0.259,0.214,0.21,0.203,0.187,0.177,0.177,0.173,0.165,0.163,0.14,0.146,0.182,0.197,0.197,0.197,0.129,0.128,0.105,0.016,0.017,0.0,0.019,0.015,0.05,0.148,0.115,0.111,0.109,0.123,0.187,0.276,0.292,0.233,0.233,0.359,0.37,0.37,0.37,0.408,0.396,0.412,0.414,0.412,0.464,0.441,0.464,0.562,0.594,0.657,0.505,0.509,0.544,0.573,0.591,0.677,0.657,0.746,0.737,0.677,0.835,0.835,0.835,0.883,0.883,0.883,0.883,0.883,0.91,0.918,0.998,0.95,0.963,0.978,0.982,1.113,1.03,1.04,1.114,1.173,1.125,1.124,1.131,1.154,1.15,1.032,1.032,1.013,1.001,1.0,0.972,1.017,1.003,1.04,1.076,1.069,1.083,1.035,0.944,1.003,1.089,1.108,1.145,1.159,1.202,1.202,1.146,1.146,1.12,1.076,1.094,1.029,1.013,0.954,0.934,0.36,0.991,0.579,0.982,0.952,0.921,0.907,0.886,0.87,0.868,0.797,1.253,0.835,1.161,0.811,0.798,0.722,0.709,0.691,0.642,0.63,0.595,0.586,0.573,0.564,0.573,0.563,0.562,0.87,0.511,0.495,0.459,0.448,0.41,0.44,0.427,0.358,0.301,0.285,0.281,0.253,0.238,0.228,0.209,0.192,0.191,0.174,0.394,0.203,0.238,0.263,0.298,0.312,0.291,0.364,0.385,0.384,0.407,0.407,0.478,0.521,0.628,0.641,0.641,0.641,0.641,0.641,0.631,0.641,0.717,0.717,0.736,0.833,0.937,0.945,0.945,1.078,1.082,1.082,1.133,1.275,1.211,1.226,1.073,0.977,1.109,0.977,0.977,0.977,0.977,0.926,0.957,0.876,0.817,0.817,0.803,0.803,0.706,0.687,0.699,0.699,0.706,0.725,0.725,0.769,0.791,0.805,0.814,0.821,0.864,0.864,0.863,0.879,0.887,0.891,0.902,0.908,0.931,0.966,0.959,0.978,0.998,1.006,0.824,0.88,0.781,0.777,0.744,0.699,0.678,0.603,0.611,0.628,0.472,0.475,0.501,0.52,0.518,0.535,0.56,0.566,0.563,0.58,0.585,0.632,0.63,0.653,0.705,0.75,0.756,0.783,0.814,0.896,0.88,0.896,0.365,0.342,0.418,0.435,0.428,0.831,0.441,0.452,0.463,0.476,0.519,0.534,0.607,0.588,0.586,0.585,10.279
Point_70,15.417,2.326,2.326,2.363,1.09,0.585,0.564,0.602,0.602,0.602,0.643,0.669,0.201,0.217,0.27,0.27,0.292,0.304,0.32,0.358,0.128,0.054,0.167,0.173,0.197,0.206,0.218,0.227,0.248,0.266,0.258,0.582,0.366,0.352,0.299,0.287,0.288,0.374,0.377,0.359,0.359,0.329,0.322,0.298,0.21,0.165,0.228,0.24,0.264,0.228,0.221,0.205,0.195,0.195,0.191,0.183,0.182,0.159,0.165,0.201,0.215,0.215,0.215,0.148,0.146,0.123,0.035,0.036,0.019,0.0,0.004,0.032,0.129,0.096,0.092,0.091,0.104,0.168,0.258,0.273,0.215,0.215,0.34,0.352,0.352,0.352,0.39,0.378,0.394,0.395,0.394,0.446,0.423,0.446,0.544,0.575,0.638,0.487,0.491,0.525,0.554,0.572,0.658,0.638,0.727,0.718,0.658,0.816,0.816,0.816,0.864,0.864,0.864,0.864,0.864,0.891,0.9,0.979,0.932,0.944,0.96,0.964,1.094,1.012,1.022,1.096,1.155,1.106,1.105,1.112,1.135,1.131,1.013,1.013,0.994,0.982,0.982,0.953,0.998,0.984,1.021,1.057,1.05,1.064,1.016,0.926,0.984,1.07,1.089,1.127,1.14,1.183,1.183,1.127,1.127,1.101,1.057,1.075,1.011,0.994,0.935,0.915,0.342,0.972,0.56,0.964,0.934,0.903,0.888,0.867,0.852,0.849,0.778,1.234,0.816,1.142,0.792,0.779,0.704,0.691,0.673,0.624,0.611,0.576,0.567,0.555,0.546,0.554,0.544,0.544,0.852,0.492,0.476,0.44,0.43,0.391,0.421,0.408,0.339,0.283,0.267,0.263,0.235,0.219,0.209,0.19,0.173,0.172,0.155,0.375,0.184,0.22,0.244,0.279,0.293,0.272,0.345,0.366,0.366,0.388,0.388,0.46,0.502,0.61,0.622,0.622,0.622,0.622,0.622,0.612,0.622,0.698,0.698,0.717,0.815,0.918,0.926,0.926,1.06,1.063,1.063,1.114,1.256,1.193,1.245,1.054,0.958,1.09,0.958,0.958,0.958,0.958,0.908,0.938,0.858,0.799,0.799,0.784,0.784,0.687,0.669,0.68,0.68,0.687,0.707,0.707,0.75,0.772,0.786,0.796,0.802,0.846,0.846,0.845,0.86,0.868,0.873,0.883,0.89,0.912,0.947,0.94,0.959,0.979,0.987,0.805,0.861,0.762,0.758,0.726,0.681,0.659,0.584,0.593,0.609,0.453,0.457,0.482,0.501,0.499,0.517,0.541,0.547,0.545,0.562,0.567,0.614,0.611,0.634,0.687,0.732,0.738,0.765,0.795,0.878,0.862,0.878,0.346,0.324,0.399,0.416,0.41,0.812,0.422,0.433,0.444,0.458,0.501,0.515,0.588,0.569,0.567,0.566,10.261
Point_71,15.413,2.322,2.322,2.359,1.086,0.581,0.568,0.606,0.606,0.606,0.647,0.673,0.205,0.222,0.274,0.274,0.296,0.309,0.324,0.362,0.124,0.05,0.163,0.169,0.193,0.202,0.214,0.223,0.244,0.262,0.254,0.586,0.362,0.348,0.295,0.283,0.284,0.379,0.381,0.363,0.363,0.333,0.326,0.302,0.214,0.169,0.233,0.244,0.229,0.224,0.217,0.201,0.191,0.191,0.187,0.179,0.178,0.155,0.161,0.197,0.211,0.211,0.211,0.144,0.142,0.119,0.031,0.031,0.015,0.004,0.0,0.036,0.133,0.1,0.096,0.095,0.108,0.172,0.262,0.277,0.219,0.219,0.344,0.356,0.356,0.356,0.394,0.382,0.398,0.399,0.398,0.45,0.427,0.45,0.548,0.579,0.642,0.491,0.495,0.529,0.558,0.576,0.662,0.642,0.732,0.722,0.662,0.821,0.821,0.821,0.869,0.869,0.869,0.869,0.869,0.895,0.904,0.983,0.936,0.948,0.964,0.968,1.098,1.016,1.026,1.1,1.159,1.11,1.109,1.116,1.139,1.135,1.017,1.017,0.998,0.986,0.986,0.957,1.002,0.988,1.025,1.061,1.054,1.069,1.02,0.93,0.988,1.074,1.093,1.131,1.144,1.187,1.187,1.131,1.131,1.105,1.061,1.079,1.015,0.998,0.939,0.92,0.346,0.976,0.564,0.968,0.938,0.907,0.892,0.871,0.856,0.853,0.782,1.239,0.821,1.146,0.796,0.784,0.708,0.695,0.677,0.628,0.615,0.58,0.571,0.559,0.55,0.558,0.548,0.548,0.856,0.496,0.48,0.444,0.434,0.395,0.425,0.412,0.343,0.287,0.271,0.267,0.239,0.223,0.213,0.194,0.177,0.176,0.159,0.379,0.188,0.224,0.249,0.284,0.297,0.276,0.349,0.37,0.37,0.392,0.392,0.464,0.507,0.614,0.626,0.626,0.626,0.626,0.626,0.616,0.626,0.702,0.702,0.721,0.819,0.922,0.93,0.93,1.064,1.068,1.068,1.118,1.26,1.197,1.241,1.058,0.962,1.095,0.962,0.962,0.962,0.962,0.912,0.942,0.862,0.803,0.803,0.788,0.788,0.691,0.673,0.684,0.684,0.691,0.711,0.711,0.754,0.776,0.79,0.8,0.806,0.85,0.85,0.849,0.864,0.872,0.877,0.887,0.894,0.916,0.951,0.944,0.963,0.983,0.991,0.809,0.865,0.766,0.763,0.73,0.685,0.664,0.588,0.597,0.613,0.457,0.461,0.486,0.505,0.504,0.521,0.545,0.551,0.549,0.566,0.571,0.618,0.616,0.638,0.691,0.736,0.742,0.769,0.799,0.882,0.866,0.882,0.35,0.328,0.404,0.42,0.414,0.816,0.426,0.437,0.448,0.462,0.505,0.519,0.592,0.573,0.571,0.57,10.265
Point_72,15.448,2.358,2.358,2.395,1.122,0.617,0.533,0.57,0.57,0.57,0.612,0.638,0.17,0.186,0.238,0.238,0.26,0.273,0.289,0.326,0.159,0.085,0.199,0.204,0.229,0.238,0.25,0.259,0.28,0.298,0.29,0.55,0.517,0.503,0.451,0.379,0.378,0.343,0.345,0.327,0.327,0.298,0.29,0.267,0.179,0.134,0.197,0.209,0.232,0.237,0.244,0.26,0.227,0.227,0.223,0.215,0.213,0.19,0.196,0.233,0.247,0.247,0.247,0.179,0.178,0.155,0.066,0.067,0.05,0.032,0.036,0.0,0.098,0.065,0.061,0.059,0.073,0.137,0.226,0.242,0.183,0.183,0.309,0.32,0.32,0.32,0.358,0.346,0.362,0.364,0.362,0.414,0.391,0.414,0.512,0.544,0.607,0.455,0.459,0.493,0.523,0.541,0.627,0.606,0.696,0.686,0.626,0.785,0.785,0.785,0.833,0.833,0.833,0.833,0.833,0.86,0.868,0.948,0.9,0.912,0.928,0.932,1.063,0.98,0.99,1.064,1.123,1.075,1.074,1.08,1.103,1.099,0.982,0.982,0.962,0.951,0.95,0.921,0.966,0.953,0.99,1.025,1.019,1.033,0.984,0.894,0.953,1.038,1.058,1.095,1.108,1.151,1.151,1.096,1.096,1.07,1.025,1.044,0.979,0.963,0.904,0.884,0.31,0.941,0.529,0.932,0.902,0.871,0.856,0.836,0.82,0.818,0.747,1.203,0.785,1.111,0.761,0.748,0.672,0.659,0.641,0.592,0.58,0.545,0.536,0.523,0.514,0.523,0.512,0.512,0.82,0.461,0.444,0.409,0.398,0.36,0.39,0.376,0.308,0.251,0.235,0.231,0.203,0.188,0.178,0.159,0.142,0.141,0.124,0.344,0.153,0.188,0.213,0.248,0.261,0.241,0.313,0.335,0.334,0.357,0.357,0.428,0.471,0.578,0.59,0.59,0.59,0.59,0.59,0.581,0.59,0.666,0.666,0.685,0.783,0.887,0.895,0.895,1.028,1.032,1.032,1.082,1.225,1.161,1.276,1.023,0.927,1.059,0.927,0.927,0.927,0.927,0.876,0.906,0.826,0.767,0.767,0.753,0.753,0.655,0.637,0.648,0.648,0.655,0.675,0.675,0.719,0.741,0.755,0.764,0.771,0.814,0.814,0.813,0.829,0.836,0.841,0.852,0.858,0.881,0.916,0.909,0.928,0.947,0.955,0.774,0.83,0.731,0.727,0.694,0.649,0.628,0.553,0.561,0.578,0.422,0.425,0.451,0.469,0.468,0.485,0.51,0.516,0.513,0.53,0.535,0.582,0.58,0.603,0.655,0.7,0.706,0.733,0.764,0.846,0.83,0.846,0.315,0.292,0.368,0.384,0.378,0.781,0.391,0.401,0.413,0.426,0.469,0.483,0.557,0.538,0.536,0.534,10.229
Point_73,15.551,2.46,2.46,2.497,1.224,0.719,0.435,0.473,0.473,0.473,0.514,0.54,0.072,0.088,0.14,0.14,0.162,0.175,0.191,0.229,0.26,0.183,0.301,0.306,0.331,0.34,0.352,0.361,0.382,0.4,0.392,0.565,0.532,0.518,0.466,0.394,0.392,0.358,0.36,0.342,0.342,0.313,0.305,0.282,0.193,0.149,0.212,0.224,0.247,0.252,0.259,0.275,0.285,0.285,0.289,0.297,0.332,0.315,0.315,0.351,0.365,0.365,0.366,0.277,0.275,0.253,0.164,0.165,0.148,0.129,0.133,0.098,0.0,0.033,0.037,0.074,0.088,0.152,0.241,0.257,0.198,0.198,0.324,0.335,0.335,0.335,0.373,0.361,0.377,0.379,0.377,0.429,0.406,0.429,0.527,0.558,0.622,0.47,0.474,0.508,0.538,0.556,0.642,0.621,0.711,0.701,0.641,0.8,0.8,0.8,0.848,0.848,0.848,0.848,0.848,0.875,0.883,0.963,0.915,0.927,0.943,0.947,1.078,0.995,1.005,1.079,1.138,1.09,1.089,1.095,1.118,1.114,0.997,0.997,0.977,0.966,0.965,0.936,0.981,0.968,1.005,1.04,1.034,1.048,0.999,0.909,0.968,1.053,1.073,1.11,1.123,1.166,1.166,1.111,1.111,1.085,1.04,1.059,0.994,0.977,0.919,0.899,0.325,0.956,0.544,0.947,0.917,0.886,0.871,0.851,0.835,0.832,0.762,1.218,0.8,1.126,0.776,0.763,0.687,0.674,0.656,0.607,0.595,0.559,0.551,0.538,0.529,0.538,0.527,0.527,0.835,0.476,0.459,0.423,0.413,0.375,0.312,0.299,0.23,0.173,0.158,0.153,0.126,0.11,0.1,0.081,0.064,0.063,0.046,0.246,0.055,0.091,0.115,0.15,0.164,0.143,0.216,0.237,0.236,0.259,0.259,0.33,0.373,0.48,0.493,0.493,0.493,0.493,0.493,0.483,0.493,0.569,0.569,0.588,0.685,0.789,0.797,0.797,0.93,0.934,0.934,0.985,1.127,1.063,1.012,0.925,0.829,0.961,0.829,0.829,0.829,0.829,0.778,0.809,0.729,0.669,0.669,0.655,0.655,0.558,0.54,0.551,0.551,0.558,0.577,0.577,0.621,0.643,0.657,0.667,0.673,0.716,0.716,0.715,0.731,0.739,0.744,0.754,0.76,0.783,0.818,0.811,0.83,0.85,0.858,0.676,0.732,0.633,0.629,0.596,0.552,0.53,0.455,0.463,0.48,0.324,0.327,0.353,0.372,0.37,0.387,0.412,0.418,0.415,0.432,0.438,0.484,0.482,0.505,0.557,0.602,0.609,0.636,0.666,0.748,0.733,0.748,0.217,0.194,0.27,0.287,0.281,0.683,0.293,0.304,0.315,0.329,0.372,0.386,0.459,0.44,0.438,0.437,10.244
Point_74,15.584,2.493,2.493,2.53,1.257,0.752,0.468,0.506,0.506,0.506,0.547,0.573,0.105,0.121,0.173,0.173,0.196,0.208,0.224,0.262,0.293,0.15,0.334,0.34,0.364,0.373,0.385,0.394,0.415,0.433,0.425,0.532,0.499,0.485,0.433,0.361,0.359,0.325,0.327,0.309,0.309,0.28,0.272,0.249,0.16,0.116,0.179,0.191,0.214,0.219,0.226,0.242,0.252,0.252,0.256,0.264,0.299,0.282,0.282,0.318,0.332,0.332,0.332,0.244,0.242,0.22,0.131,0.132,0.115,0.096,0.1,0.065,0.033,0.0,0.004,0.041,0.055,0.119,0.208,0.224,0.165,0.165,0.291,0.302,0.302,0.302,0.34,0.328,0.344,0.346,0.344,0.396,0.373,0.396,0.494,0.525,0.589,0.437,0.441,0.475,0.505,0.523,0.609,0.588,0.678,0.668,0.608,0.767,0.767,0.767,0.815,0.815,0.815,0.815,0.815,0.842,0.85,0.93,0.882,0.894,0.91,0.914,1.045,0.962,0.972,1.046,1.105,1.057,1.056,1.062,1.085,1.081,0.964,0.963,0.944,0.933,0.932,0.903,0.948,0.935,0.971,1.007,1.001,1.015,0.966,0.876,0.935,1.02,1.04,1.077,1.09,1.133,1.133,1.078,1.078,1.052,1.007,1.026,0.961,0.944,0.886,0.866,0.292,0.923,0.511,0.914,0.884,0.853,0.838,0.818,0.802,0.799,0.729,1.185,0.767,1.093,0.743,0.73,0.654,0.641,0.623,0.574,0.561,0.526,0.518,0.505,0.496,0.505,0.494,0.494,0.802,0.442,0.426,0.39,0.38,0.342,0.325,0.312,0.243,0.186,0.171,0.166,0.139,0.123,0.113,0.094,0.077,0.076,0.059,0.279,0.088,0.124,0.148,0.183,0.197,0.176,0.249,0.27,0.269,0.292,0.292,0.363,0.406,0.513,0.526,0.526,0.526,0.526,0.526,0.516,0.526,0.602,0.602,0.621,0.718,0.822,0.83,0.83,0.963,0.967,0.967,1.018,1.16,1.096,1.045,0.958,0.862,0.994,0.862,0.862,0.862,0.862,0.812,0.842,0.762,0.702,0.702,0.688,0.688,0.591,0.573,0.584,0.584,0.591,0.61,0.61,0.654,0.676,0.69,0.7,0.706,0.749,0.749,0.748,0.764,0.772,0.777,0.787,0.793,0.816,0.851,0.844,0.863,0.883,0.891,0.709,0.765,0.666,0.662,0.629,0.585,0.563,0.488,0.496,0.513,0.357,0.361,0.386,0.405,0.403,0.421,0.445,0.451,0.449,0.465,0.471,0.517,0.515,0.538,0.59,0.635,0.642,0.669,0.699,0.781,0.766,0.781,0.25,0.227,0.303,0.32,0.314,0.716,0.326,0.337,0.348,0.362,0.405,0.419,0.492,0.473,0.471,0.47,10.211
Point_75,15.587,2.497,2.497,2.534,1.261,0.756,0.472,0.51,0.51,0.51,0.551,0.577,0.109,0.125,0.177,0.177,0.199,0.212,0.228,0.266,0.297,0.146,0.338,0.343,0.368,0.377,0.389,0.398,0.419,0.437,0.429,0.528,0.495,0.481,0.429,0.357,0.356,0.321,0.323,0.305,0.305,0.276,0.268,0.245,0.157,0.112,0.175,0.187,0.21,0.215,0.222,0.238,0.248,0.248,0.252,0.26,0.295,0.278,0.278,0.314,0.329,0.329,0.329,0.24,0.238,0.216,0.127,0.128,0.111,0.092,0.096,0.061,0.037,0.004,0.0,0.037,0.051,0.115,0.204,0.22,0.161,0.161,0.287,0.298,0.298,0.298,0.336,0.324,0.34,0.342,0.34,0.392,0.369,0.392,0.49,0.522,0.585,0.433,0.437,0.471,0.501,0.519,0.605,0.584,0.674,0.664,0.604,0.763,0.763,0.763,0.811,0.811,0.811,0.811,0.811,0.838,0.846,0.926,0.878,0.89,0.906,0.91,1.041,0.958,0.968,1.042,1.101,1.053,1.052,1.058,1.081,1.077,0.96,0.96,0.94,0.929,0.928,0.899,0.944,0.931,0.968,1.003,0.997,1.011,0.962,0.872,0.931,1.016,1.036,1.073,1.086,1.129,1.129,1.074,1.074,1.048,1.003,1.022,0.957,0.941,0.882,0.862,0.288,0.919,0.507,0.91,0.88,0.849,0.834,0.814,0.798,0.796,0.725,1.181,0.763,1.089,0.739,0.726,0.65,0.637,0.619,0.57,0.558,0.523,0.514,0.501,0.492,0.501,0.49,0.49,0.798,0.439,0.422,0.387,0.376,0.338,0.329,0.316,0.247,0.19,0.174,0.17,0.143,0.127,0.117,0.098,0.081,0.08,0.063,0.283,0.092,0.128,0.152,0.187,0.201,0.18,0.253,0.274,0.273,0.296,0.296,0.367,0.41,0.517,0.53,0.53,0.53,0.53,0.53,0.52,0.53,0.606,0.606,0.625,0.722,0.826,0.834,0.834,0.967,0.971,0.971,1.022,1.164,1.1,1.049,0.962,0.866,0.998,0.866,0.866,0.866,0.866,0.815,0.846,0.766,0.706,0.706,0.692,0.692,0.595,0.576,0.588,0.588,0.595,0.614,0.614,0.658,0.68,0.694,0.703,0.71,0.753,0.753,0.752,0.768,0.776,0.78,0.791,0.797,0.82,0.855,0.848,0.867,0.887,0.895,0.713,0.769,0.67,0.666,0.633,0.588,0.567,0.492,0.5,0.517,0.361,0.364,0.39,0.409,0.407,0.424,0.449,0.455,0.452,0.469,0.475,0.521,0.519,0.542,0.594,0.639,0.645,0.672,0.703,0.785,0.769,0.785,0.254,0.231,0.307,0.324,0.317,0.72,0.33,0.341,0.352,0.365,0.408,0.423,0.496,0.477,0.475,0.474,10.207
Point_76,15.625,2.534,2.534,2.571,1.298,0.793,0.509,0.547,0.547,0.547,0.588,0.614,0.146,0.162,0.214,0.214,0.236,0.249,0.265,0.303,0.334,0.144,0.375,0.38,0.405,0.414,0.426,0.435,0.456,0.474,0.466,0.491,0.458,0.444,0.392,0.32,0.319,0.284,0.286,0.268,0.268,0.239,0.231,0.208,0.119,0.075,0.138,0.15,0.173,0.178,0.185,0.201,0.211,0.211,0.215,0.223,0.258,0.241,0.241,0.277,0.291,0.291,0.292,0.238,0.237,0.214,0.125,0.126,0.109,0.091,0.095,0.059,0.074,0.041,0.037,0.0,0.014,0.078,0.167,0.183,0.124,0.124,0.25,0.261,0.261,0.261,0.299,0.287,0.303,0.305,0.303,0.355,0.332,0.355,0.453,0.484,0.548,0.396,0.4,0.434,0.464,0.482,0.568,0.547,0.637,0.627,0.567,0.726,0.726,0.726,0.774,0.774,0.774,0.774,0.774,0.801,0.809,0.889,0.841,0.853,0.869,0.873,1.004,0.921,0.931,1.005,1.064,1.016,1.015,1.021,1.044,1.04,0.923,0.923,0.903,0.892,0.891,0.862,0.907,0.894,0.931,0.966,0.96,0.974,0.925,0.835,0.894,0.979,0.999,1.036,1.049,1.092,1.092,1.037,1.037,1.011,0.966,0.985,0.92,0.903,0.845,0.825,0.251,0.882,0.47,0.873,0.843,0.812,0.797,0.777,0.761,0.758,0.688,1.144,0.726,1.052,0.702,0.689,0.613,0.6,0.582,0.533,0.521,0.486,0.477,0.464,0.455,0.464,0.453,0.453,0.761,0.402,0.385,0.349,0.339,0.301,0.366,0.353,0.284,0.227,0.211,0.207,0.18,0.164,0.154,0.135,0.118,0.117,0.1,0.32,0.129,0.165,0.189,0.224,0.238,0.217,0.29,0.311,0.31,0.333,0.333,0.404,0.447,0.554,0.567,0.567,0.567,0.567,0.567,0.557,0.567,0.643,0.643,0.662,0.759,0.863,0.871,0.871,1.004,1.008,1.008,1.059,1.201,1.137,1.086,0.999,0.903,1.035,0.903,0.903,0.903,0.903,0.852,0.883,0.803,0.743,0.743,0.729,0.729,0.632,0.613,0.625,0.625,0.632,0.651,0.651,0.695,0.717,0.731,0.74,0.747,0.79,0.79,0.789,0.805,0.813,0.818,0.828,0.834,0.857,0.892,0.885,0.904,0.924,0.932,0.75,0.806,0.707,0.703,0.67,0.625,0.604,0.529,0.537,0.554,0.398,0.401,0.427,0.446,0.444,0.461,0.486,0.492,0.489,0.506,0.512,0.558,0.556,0.579,0.631,0.676,0.683,0.709,0.74,0.822,0.807,0.822,0.291,0.268,0.344,0.361,0.355,0.757,0.367,0.378,0.389,0.403,0.445,0.46,0.533,0.514,0.512,0.511,10.17
Point_77,15.638,2.548,2.548,2.585,1.312,0.807,0.523,0.56,0.56,0.56,0.602,0.628,0.16,0.176,0.228,0.228,0.25,0.263,0.279,0.316,0.347,0.158,0.389,0.394,0.419,0.428,0.44,0.449,0.47,0.488,0.48,0.478,0.444,0.43,0.378,0.306,0.305,0.27,0.272,0.254,0.254,0.225,0.217,0.194,0.106,0.061,0.124,0.136,0.159,0.164,0.171,0.187,0.197,0.197,0.201,0.209,0.244,0.227,0.227,0.264,0.278,0.278,0.278,0.252,0.25,0.228,0.139,0.14,0.123,0.104,0.108,0.073,0.088,0.055,0.051,0.014,0.0,0.064,0.153,0.169,0.111,0.111,0.236,0.248,0.248,0.248,0.285,0.273,0.289,0.291,0.289,0.342,0.318,0.342,0.439,0.471,0.534,0.382,0.386,0.421,0.45,0.468,0.554,0.534,0.623,0.614,0.554,0.712,0.712,0.712,0.76,0.76,0.76,0.76,0.76,0.787,0.795,0.875,0.827,0.84,0.856,0.859,0.99,0.908,0.917,0.992,1.05,1.002,1.001,1.008,1.031,1.027,0.909,0.909,0.89,0.878,0.877,0.849,0.894,0.88,0.917,0.953,0.946,0.96,0.912,0.821,0.88,0.966,0.985,1.022,1.036,1.079,1.079,1.023,1.023,0.997,0.953,0.971,0.907,0.89,0.831,0.811,0.237,0.868,0.456,0.859,0.829,0.798,0.784,0.763,0.747,0.745,0.674,1.13,0.712,1.038,0.688,0.675,0.599,0.586,0.569,0.519,0.507,0.472,0.463,0.451,0.442,0.45,0.44,0.439,0.747,0.388,0.372,0.336,0.325,0.287,0.38,0.366,0.298,0.241,0.225,0.221,0.193,0.178,0.168,0.149,0.132,0.131,0.114,0.334,0.142,0.178,0.203,0.238,0.251,0.231,0.303,0.325,0.324,0.347,0.347,0.418,0.461,0.568,0.58,0.58,0.58,0.58,0.58,0.571,0.58,0.656,0.656,0.675,0.773,0.877,0.885,0.885,1.018,1.022,1.022,1.072,1.215,1.151,1.1,1.013,0.917,1.049,0.917,0.917,0.917,0.917,0.866,0.896,0.816,0.757,0.757,0.743,0.743,0.645,0.627,0.638,0.638,0.645,0.665,0.665,0.709,0.731,0.745,0.754,0.761,0.804,0.804,0.803,0.819,0.826,0.831,0.842,0.848,0.871,0.906,0.899,0.918,0.937,0.945,0.763,0.82,0.72,0.717,0.684,0.639,0.618,0.543,0.551,0.568,0.412,0.415,0.441,0.459,0.458,0.475,0.5,0.506,0.503,0.52,0.525,0.572,0.57,0.593,0.645,0.69,0.696,0.723,0.754,0.836,0.82,0.836,0.305,0.282,0.358,0.374,0.368,0.771,0.381,0.391,0.403,0.416,0.459,0.473,0.547,0.528,0.525,0.524,10.157
Point_78,15.545,2.455,2.455,2.492,1.219,0.714,0.587,0.624,0.624,0.624,0.666,0.692,0.224,0.24,0.292,0.292,0.314,0.327,0.343,0.38,0.256,0.222,0.296,0.301,0.326,0.335,0.347,0.356,0.377,0.395,0.387,0.467,0.416,0.403,0.35,0.278,0.277,0.242,0.244,0.226,0.226,0.197,0.189,0.166,0.078,0.001,0.06,0.072,0.095,0.1,0.107,0.123,0.133,0.133,0.137,0.145,0.18,0.163,0.163,0.199,0.214,0.214,0.214,0.18,0.182,0.205,0.203,0.204,0.187,0.168,0.172,0.137,0.152,0.119,0.115,0.078,0.064,0.0,0.125,0.141,0.083,0.083,0.208,0.22,0.22,0.22,0.258,0.245,0.261,0.263,0.261,0.314,0.29,0.314,0.411,0.443,0.506,0.354,0.358,0.393,0.422,0.44,0.526,0.506,0.595,0.586,0.526,0.684,0.684,0.684,0.732,0.732,0.732,0.732,0.732,0.759,0.768,0.847,0.799,0.812,0.828,0.831,0.962,0.88,0.889,0.964,1.022,0.974,0.973,0.98,1.003,0.999,0.881,0.881,0.862,0.85,0.85,0.821,0.866,0.852,0.889,0.925,0.918,0.932,0.884,0.793,0.852,0.938,0.957,0.994,1.008,1.051,1.051,0.995,0.995,0.969,0.925,0.943,0.879,0.862,0.803,0.783,0.209,0.84,0.428,0.832,0.802,0.77,0.756,0.735,0.72,0.717,0.646,1.102,0.684,1.01,0.66,0.647,0.572,0.559,0.541,0.491,0.479,0.444,0.435,0.423,0.414,0.422,0.412,0.411,0.72,0.36,0.344,0.308,0.297,0.277,0.444,0.43,0.362,0.305,0.289,0.285,0.257,0.242,0.232,0.213,0.196,0.195,0.178,0.398,0.207,0.242,0.267,0.302,0.315,0.295,0.368,0.389,0.388,0.411,0.411,0.482,0.525,0.632,0.644,0.644,0.644,0.644,0.644,0.635,0.644,0.72,0.72,0.74,0.837,0.941,0.949,0.949,1.082,1.086,1.086,1.136,1.279,1.215,1.164,1.077,0.981,1.113,0.981,0.981,0.981,0.981,0.93,0.961,0.88,0.821,0.821,0.807,0.807,0.709,0.691,0.703,0.703,0.709,0.729,0.729,0.773,0.795,0.809,0.818,0.825,0.868,0.868,0.867,0.883,0.89,0.895,0.906,0.912,0.935,0.97,0.963,0.982,1.001,1.009,0.828,0.884,0.785,0.781,0.748,0.703,0.682,0.607,0.615,0.632,0.476,0.479,0.505,0.524,0.522,0.539,0.564,0.57,0.567,0.584,0.589,0.636,0.634,0.657,0.709,0.754,0.76,0.787,0.818,0.9,0.884,0.9,0.369,0.346,0.422,0.438,0.432,0.835,0.445,0.456,0.467,0.48,0.523,0.537,0.611,0.592,0.59,0.588,10.146
Point_79,15.657,2.566,2.566,2.603,1.331,0.773,0.676,0.714,0.714,0.714,0.755,0.781,0.313,0.329,0.381,0.381,0.403,0.416,0.432,0.47,0.368,0.311,0.408,0.413,0.437,0.447,0.458,0.467,0.473,0.455,0.462,0.557,0.291,0.277,0.225,0.153,0.152,0.117,0.119,0.101,0.101,0.072,0.064,0.041,0.048,0.092,0.185,0.197,0.221,0.225,0.232,0.315,0.305,0.305,0.301,0.293,0.258,0.275,0.275,0.239,0.224,0.224,0.224,0.292,0.294,0.316,0.292,0.293,0.276,0.258,0.262,0.226,0.241,0.208,0.204,0.167,0.153,0.125,0.0,0.047,0.043,0.043,0.114,0.126,0.126,0.126,0.164,0.152,0.168,0.169,0.168,0.22,0.197,0.22,0.318,0.349,0.412,0.261,0.265,0.299,0.328,0.346,0.432,0.412,0.501,0.492,0.432,0.591,0.591,0.591,0.639,0.639,0.639,0.639,0.639,0.665,0.674,0.753,0.706,0.718,0.734,0.738,0.868,0.786,0.796,0.87,0.929,0.88,0.879,0.886,0.909,0.905,0.787,0.787,0.768,0.756,0.756,0.727,0.772,0.758,0.795,0.831,0.824,0.838,0.79,0.7,0.758,0.844,0.863,0.901,0.914,0.957,0.957,0.901,0.901,0.875,0.831,0.849,0.785,0.768,0.709,0.689,0.084,0.746,0.334,0.738,0.708,0.677,0.662,0.641,0.626,0.623,0.552,1.008,0.591,0.916,0.566,0.554,0.478,0.465,0.447,0.398,0.385,0.35,0.341,0.329,0.32,0.328,0.318,0.318,0.626,0.266,0.25,0.214,0.204,0.366,0.533,0.52,0.451,0.394,0.378,0.374,0.347,0.331,0.321,0.302,0.285,0.284,0.267,0.487,0.296,0.332,0.356,0.391,0.405,0.384,0.457,0.478,0.477,0.5,0.5,0.571,0.614,0.721,0.734,0.734,0.734,0.734,0.734,0.724,0.734,0.81,0.81,0.829,0.926,1.03,1.038,1.038,1.171,1.175,1.175,1.226,1.368,1.304,1.253,1.166,1.07,1.202,1.07,1.07,1.07,1.07,1.019,1.05,0.97,0.91,0.91,0.896,0.896,0.799,0.78,0.792,0.792,0.799,0.818,0.818,0.862,0.884,0.898,0.907,0.914,0.957,0.957,0.956,0.972,0.98,0.984,0.995,1.001,1.024,1.059,1.052,1.071,1.091,1.099,0.917,0.973,0.874,0.87,0.837,0.792,0.771,0.696,0.704,0.721,0.565,0.568,0.594,0.613,0.611,0.628,0.653,0.659,0.656,0.673,0.679,0.725,0.723,0.746,0.798,0.843,0.849,0.876,0.907,0.989,0.973,0.989,0.458,0.435,0.511,0.528,0.522,0.924,0.534,0.545,0.556,0.569,0.612,0.627,0.7,0.681,0.679,0.678,10.236
Point_80,15.807,2.716,2.716,2.754,1.481,0.975,0.691,0.729,0.729,0.729,0.771,0.796,0.329,0.345,0.397,0.397,0.419,0.432,0.448,0.485,0.516,0.327,0.558,0.563,0.588,0.597,0.609,0.618,0.639,0.657,0.649,0.572,0.338,0.324,0.272,0.2,0.199,0.164,0.166,0.148,0.148,0.119,0.111,0.088,0.063,0.108,0.201,0.213,0.236,0.241,0.248,0.264,0.274,0.274,0.278,0.286,0.305,0.304,0.304,0.286,0.272,0.272,0.272,0.339,0.341,0.364,0.308,0.309,0.292,0.273,0.277,0.242,0.257,0.224,0.22,0.183,0.169,0.141,0.047,0.0,0.058,0.058,0.067,0.079,0.079,0.079,0.117,0.104,0.12,0.122,0.12,0.173,0.149,0.173,0.27,0.302,0.365,0.213,0.217,0.252,0.281,0.299,0.385,0.365,0.454,0.445,0.385,0.543,0.543,0.543,0.591,0.591,0.591,0.591,0.591,0.618,0.627,0.706,0.658,0.671,0.687,0.691,0.821,0.739,0.748,0.823,0.881,0.833,0.832,0.839,0.862,0.858,0.74,0.74,0.721,0.709,0.709,0.68,0.725,0.711,0.748,0.784,0.777,0.791,0.743,0.652,0.711,0.797,0.816,0.853,0.867,0.91,0.91,0.854,0.854,0.828,0.784,0.802,0.738,0.721,0.662,0.642,0.131,0.699,0.287,0.691,0.661,0.629,0.615,0.594,0.579,0.576,0.505,0.961,0.543,0.869,0.519,0.506,0.431,0.418,0.4,0.35,0.338,0.303,0.294,0.282,0.273,0.281,0.271,0.27,0.579,0.219,0.203,0.167,0.156,0.382,0.548,0.535,0.467,0.41,0.394,0.39,0.362,0.347,0.336,0.318,0.301,0.3,0.283,0.503,0.311,0.347,0.372,0.407,0.42,0.4,0.472,0.494,0.493,0.515,0.515,0.587,0.63,0.737,0.749,0.749,0.749,0.749,0.749,0.739,0.749,0.825,0.825,0.844,0.942,1.045,1.054,1.054,1.187,1.191,1.191,1.241,1.383,1.32,1.269,1.182,1.086,1.218,1.086,1.086,1.086,1.086,1.035,1.065,0.985,0.926,0.926,0.912,0.912,0.814,0.796,0.807,0.807,0.814,0.834,0.834,0.878,0.9,0.914,0.923,0.93,0.973,0.973,0.972,0.988,0.995,1.0,1.011,1.017,1.04,1.074,1.068,1.086,1.106,1.114,0.932,0.989,0.889,0.886,0.853,0.808,0.787,0.711,0.72,0.736,0.58,0.584,0.609,0.628,0.627,0.644,0.669,0.674,0.672,0.689,0.694,0.741,0.739,0.761,0.814,0.859,0.865,0.892,0.923,1.005,0.989,1.005,0.474,0.451,0.527,0.543,0.537,0.939,0.549,0.56,0.572,0.585,0.628,0.642,0.716,0.697,0.694,0.693,10.251
Point_81,15.749,2.658,2.658,2.695,1.423,0.917,0.633,0.671,0.671,0.671,0.712,0.738,0.27,0.286,0.339,0.339,0.361,0.373,0.389,0.427,0.458,0.268,0.5,0.505,0.529,0.539,0.55,0.559,0.58,0.598,0.591,0.514,0.334,0.32,0.267,0.196,0.194,0.16,0.162,0.144,0.144,0.114,0.107,0.083,0.005,0.05,0.143,0.155,0.178,0.183,0.19,0.205,0.215,0.215,0.22,0.228,0.301,0.246,0.246,0.281,0.267,0.267,0.267,0.263,0.265,0.338,0.25,0.25,0.233,0.215,0.219,0.183,0.198,0.165,0.161,0.124,0.111,0.083,0.043,0.058,0.0,0.0,0.125,0.137,0.137,0.137,0.175,0.163,0.179,0.18,0.179,0.231,0.208,0.231,0.329,0.36,0.424,0.272,0.276,0.31,0.339,0.357,0.444,0.423,0.513,0.503,0.443,0.602,0.602,0.602,0.65,0.65,0.65,0.65,0.65,0.676,0.685,0.764,0.717,0.729,0.745,0.749,0.879,0.797,0.807,0.881,0.94,0.891,0.89,0.897,0.92,0.916,0.798,0.798,0.779,0.767,0.767,0.738,0.783,0.769,0.806,0.842,0.835,0.85,0.801,0.711,0.769,0.855,0.875,0.912,0.925,0.968,0.968,0.912,0.912,0.886,0.842,0.861,0.796,0.779,0.72,0.701,0.127,0.757,0.345,0.749,0.719,0.688,0.673,0.653,0.637,0.634,0.563,1.02,0.602,0.928,0.577,0.565,0.489,0.476,0.458,0.409,0.396,0.361,0.353,0.34,0.331,0.34,0.329,0.329,0.637,0.277,0.261,0.225,0.215,0.323,0.49,0.477,0.408,0.352,0.336,0.332,0.304,0.288,0.278,0.259,0.242,0.241,0.224,0.444,0.253,0.289,0.313,0.348,0.362,0.341,0.414,0.435,0.435,0.457,0.457,0.529,0.571,0.679,0.691,0.691,0.691,0.691,0.691,0.681,0.691,0.767,0.767,0.786,0.884,0.987,0.995,0.995,1.129,1.132,1.132,1.183,1.325,1.262,1.21,1.123,1.027,1.159,1.027,1.027,1.027,1.027,0.977,1.007,0.927,0.868,0.868,0.853,0.853,0.756,0.738,0.749,0.749,0.756,0.776,0.776,0.819,0.841,0.855,0.865,0.871,0.915,0.915,0.914,0.929,0.937,0.942,0.952,0.959,0.981,1.016,1.009,1.028,1.048,1.056,0.874,0.93,0.831,0.827,0.795,0.75,0.728,0.653,0.661,0.678,0.522,0.526,0.551,0.57,0.568,0.586,0.61,0.616,0.614,0.631,0.636,0.683,0.68,0.703,0.756,0.801,0.807,0.834,0.864,0.947,0.931,0.947,0.415,0.393,0.468,0.485,0.479,0.881,0.491,0.502,0.513,0.527,0.57,0.584,0.657,0.638,0.636,0.635,10.193
Point_82,15.749,2.658,2.658,2.695,1.423,0.917,0.633,0.671,0.671,0.671,0.712,0.738,0.27,0.286,0.339,0.339,0.361,0.373,0.389,0.427,0.458,0.268,0.5,0.505,0.529,0.539,0.55,0.559,0.58,0.598,0.591,0.514,0.334,0.32,0.267,0.196,0.194,0.16,0.162,0.144,0.144,0.114,0.107,0.083,0.005,0.05,0.143,0.155,0.178,0.183,0.19,0.205,0.215,0.215,0.22,0.228,0.301,0.246,0.246,0.281,0.267,0.267,0.267,0.263,0.265,0.338,0.25,0.25,0.233,0.215,0.219,0.183,0.198,0.165,0.161,0.124,0.111,0.083,0.043,0.058,0.0,0.0,0.125,0.137,0.137,0.137,0.175,0.163,0.179,0.18,0.179,0.231,0.208,0.231,0.329,0.36,0.424,0.272,0.276,0.31,0.339,0.357,0.444,0.423,0.513,0.503,0.443,0.602,0.602,0.602,0.65,0.65,0.65,0.65,0.65,0.676,0.685,0.764,0.717,0.729,0.745,0.749,0.879,0.797,0.807,0.881,0.94,0.891,0.89,0.897,0.92,0.916,0.798,0.798,0.779,0.767,0.767,0.738,0.783,0.769,0.806,0.842,0.835,0.85,0.801,0.711,0.769,0.855,0.875,0.912,0.925,0.968,0.968,0.912,0.912,0.886,0.842,0.861,0.796,0.779,0.72,0.701,0.127,0.757,0.345,0.749,0.719,0.688,0.673,0.653,0.637,0.634,0.563,1.02,0.602,0.928,0.577,0.565,0.489,0.476,0.458,0.409,0.396,0.361,0.353,0.34,0.331,0.34,0.329,0.329,0.637,0.277,0.261,0.225,0.215,0.323,0.49,0.477,0.408,0.352,0.336,0.332,0.304,0.288,0.278,0.259,0.242,0.241,0.224,0.444,0.253,0.289,0.313,0.348,0.362,0.341,0.414,0.435,0.435,0.457,0.457,0.529,0.571,0.679,0.691,0.691,0.691,0.691,0.691,0.681,0.691,0.767,0.767,0.786,0.884,0.987,0.995,0.995,1.129,1.132,1.132,1.183,1.325,1.262,1.21,1.123,1.027,1.159,1.027,1.027,1.027,1.027,0.977,1.007,0.927,0.868,0.868,0.853,0.853,0.756,0.738,0.749,0.749,0.756,0.776,0.776,0.819,0.841,0.855,0.865,0.871,0.915,0.915,0.914,0.929,0.937,0.942,0.952,0.959,0.981,1.016,1.009,1.028,1.048,1.056,0.874,0.93,0.831,0.827,0.795,0.75,0.728,0.653,0.661,0.678,0.522,0.526,0.551,0.57,0.568,0.586,0.61,0.616,0.614,0.631,0.636,0.683,0.68,0.703,0.756,0.801,0.807,0.834,0.864,0.947,0.931,0.947,0.415,0.393,0.468,0.485,0.479,0.881,0.491,0.502,0.513,0.527,0.57,0.584,0.657,0.638,0.636,0.635,10.193
Point_83,15.874,2.784,2.784,2.821,1.548,1.043,0.758,0.796,0.796,0.796,0.838,0.864,0.396,0.412,0.464,0.464,0.486,0.499,0.515,0.552,0.583,0.394,0.625,0.63,0.655,0.664,0.676,0.685,0.706,0.724,0.716,0.639,0.405,0.392,0.339,0.267,0.266,0.231,0.233,0.215,0.215,0.186,0.178,0.155,0.13,0.175,0.268,0.28,0.303,0.308,0.315,0.331,0.341,0.341,0.345,0.353,0.372,0.371,0.371,0.353,0.339,0.339,0.339,0.406,0.408,0.431,0.375,0.376,0.359,0.34,0.344,0.309,0.324,0.291,0.287,0.25,0.236,0.208,0.114,0.067,0.125,0.125,0.0,0.012,0.012,0.012,0.049,0.037,0.053,0.055,0.053,0.106,0.082,0.106,0.203,0.235,0.298,0.146,0.15,0.185,0.214,0.232,0.318,0.298,0.387,0.378,0.318,0.476,0.476,0.476,0.524,0.524,0.524,0.524,0.524,0.551,0.559,0.639,0.591,0.604,0.62,0.623,0.754,0.672,0.681,0.756,0.814,0.766,0.765,0.772,0.795,0.791,0.673,0.673,0.654,0.642,0.642,0.613,0.658,0.644,0.681,0.717,0.71,0.724,0.676,0.585,0.644,0.73,0.749,0.786,0.8,0.843,0.843,0.787,0.787,0.761,0.717,0.735,0.671,0.654,0.595,0.575,0.198,0.632,0.272,0.624,0.593,0.562,0.548,0.527,0.511,0.509,0.438,0.894,0.476,0.802,0.452,0.439,0.363,0.351,0.333,0.283,0.271,0.236,0.227,0.215,0.206,0.214,0.204,0.203,0.511,0.152,0.136,0.1,0.089,0.449,0.616,0.602,0.534,0.477,0.461,0.457,0.429,0.414,0.403,0.385,0.368,0.367,0.35,0.57,0.378,0.414,0.439,0.474,0.487,0.467,0.539,0.561,0.56,0.582,0.582,0.654,0.697,0.804,0.816,0.816,0.816,0.816,0.816,0.807,0.816,0.892,0.892,0.911,1.009,1.113,1.121,1.121,1.254,1.258,1.258,1.308,1.451,1.387,1.336,1.249,1.153,1.285,1.153,1.153,1.153,1.153,1.102,1.132,1.052,0.993,0.993,0.979,0.979,0.881,0.863,0.874,0.874,0.881,0.901,0.901,0.945,0.967,0.981,0.99,0.997,1.04,1.04,1.039,1.055,1.062,1.067,1.078,1.084,1.107,1.142,1.135,1.154,1.173,1.181,0.999,1.056,0.956,0.953,0.92,0.875,0.854,0.779,0.787,0.803,0.648,0.651,0.677,0.695,0.694,0.711,0.736,0.742,0.739,0.756,0.761,0.808,0.806,0.829,0.881,0.926,0.932,0.959,0.99,1.072,1.056,1.072,0.541,0.518,0.594,0.61,0.604,1.007,0.617,0.627,0.639,0.652,0.695,0.709,0.783,0.764,0.761,0.76,10.318
Point_84,15.886,2.795,2.795,2.832,1.56,1.054,0.77,0.808,0.808,0.808,0.849,0.875,0.407,0.423,0.476,0.476,0.498,0.51,0.526,0.564,0.595,0.405,0.637,0.642,0.666,0.676,0.687,0.696,0.717,0.735,0.728,0.651,0.417,0.403,0.351,0.279,0.277,0.243,0.245,0.227,0.227,0.197,0.19,0.167,0.142,0.187,0.28,0.292,0.315,0.32,0.327,0.342,0.352,0.352,0.357,0.365,0.384,0.383,0.383,0.365,0.35,0.35,0.35,0.418,0.42,0.442,0.387,0.387,0.37,0.352,0.356,0.32,0.335,0.302,0.298,0.261,0.248,0.22,0.126,0.079,0.137,0.137,0.012,0.0,0.0,0.0,0.038,0.026,0.042,0.043,0.042,0.094,0.071,0.094,0.192,0.223,0.287,0.135,0.139,0.173,0.202,0.22,0.307,0.286,0.376,0.366,0.306,0.465,0.465,0.465,0.513,0.513,0.513,0.513,0.513,0.539,0.548,0.627,0.58,0.592,0.608,0.612,0.742,0.66,0.67,0.744,0.803,0.754,0.753,0.76,0.783,0.779,0.661,0.661,0.642,0.63,0.63,0.601,0.646,0.632,0.669,0.705,0.698,0.713,0.664,0.574,0.632,0.718,0.738,0.775,0.788,0.831,0.831,0.775,0.775,0.749,0.705,0.724,0.659,0.642,0.583,0.564,0.21,0.62,0.284,0.612,0.582,0.551,0.536,0.515,0.5,0.497,0.426,0.883,0.465,0.791,0.44,0.428,0.352,0.339,0.321,0.272,0.259,0.224,0.216,0.203,0.194,0.203,0.192,0.192,0.5,0.14,0.124,0.088,0.078,0.46,0.627,0.614,0.545,0.489,0.473,0.469,0.441,0.425,0.415,0.396,0.379,0.378,0.361,0.581,0.39,0.426,0.45,0.485,0.499,0.478,0.551,0.572,0.572,0.594,0.594,0.666,0.708,0.816,0.828,0.828,0.828,0.828,0.828,0.818,0.828,0.904,0.904,0.923,1.021,1.124,1.132,1.132,1.266,1.269,1.269,1.32,1.462,1.399,1.347,1.26,1.164,1.296,1.164,1.164,1.164,1.164,1.114,1.144,1.064,1.005,1.005,0.99,0.99,0.893,0.875,0.886,0.886,0.893,0.913,0.913,0.956,0.978,0.992,1.002,1.008,1.052,1.052,1.051,1.066,1.074,1.079,1.089,1.096,1.118,1.153,1.146,1.165,1.185,1.193,1.011,1.067,0.968,0.964,0.932,0.887,0.865,0.79,0.799,0.815,0.659,0.663,0.688,0.707,0.705,0.723,0.747,0.753,0.751,0.768,0.773,0.82,0.817,0.84,0.893,0.938,0.944,0.971,1.001,1.084,1.068,1.084,0.552,0.53,0.605,0.622,0.616,1.018,0.628,0.639,0.65,0.664,0.707,0.721,0.794,0.775,0.773,0.772,10.33
Point_85,15.886,2.795,2.795,2.832,1.56,1.054,0.77,0.808,0.808,0.808,0.849,0.875,0.407,0.423,0.476,0.476,0.498,0.51,0.526,0.564,0.595,0.405,0.637,0.642,0.666,0.676,0.687,0.696,0.717,0.735,0.728,0.651,0.417,0.403,0.351,0.279,0.277,0.243,0.245,0.227,0.227,0.197,0.19,0.167,0.142,0.187,0.28,0.292,0.315,0.32,0.327,0.342,0.352,0.352,0.357,0.365,0.384,0.383,0.383,0.365,0.35,0.35,0.35,0.418,0.42,0.442,0.387,0.387,0.37,0.352,0.356,0.32,0.335,0.302,0.298,0.261,0.248,0.22,0.126,0.079,0.137,0.137,0.012,0.0,0.0,0.0,0.038,0.026,0.042,0.043,0.042,0.094,0.071,0.094,0.192,0.223,0.287,0.135,0.139,0.173,0.202,0.22,0.307,0.286,0.376,0.366,0.306,0.465,0.465,0.465,0.513,0.513,0.513,0.513,0.513,0.539,0.548,0.627,0.58,0.592,0.608,0.612,0.742,0.66,0.67,0.744,0.803,0.754,0.753,0.76,0.783,0.779,0.661,0.661,0.642,0.63,0.63,0.601,0.646,0.632,0.669,0.705,0.698,0.713,0.664,0.574,0.632,0.718,0.738,0.775,0.788,0.831,0.831,0.775,0.775,0.749,0.705,0.724,0.659,0.642,0.583,0.564,0.21,0.62,0.284,0.612,0.582,0.551,0.536,0.515,0.5,0.497,0.426,0.883,0.465,0.791,0.44,0.428,0.352,0.339,0.321,0.272,0.259,0.224,0.216,0.203,0.194,0.203,0.192,0.192,0.5,0.14,0.124,0.088,0.078,0.46,0.627,0.614,0.545,0.489,0.473,0.469,0.441,0.425,0.415,0.396,0.379,0.378,0.361,0.581,0.39,0.426,0.45,0.485,0.499,0.478,0.551,0.572,0.572,0.594,0.594,0.666,0.708,0.816,0.828,0.828,0.828,0.828,0.828,0.818,0.828,0.904,0.904,0.923,1.021,1.124,1.132,1.132,1.266,1.269,1.269,1.32,1.462,1.399,1.347,1.26,1.164,1.296,1.164,1.164,1.164,1.164,1.114,1.144,1.064,1.005,1.005,0.99,0.99,0.893,0.875,0.886,0.886,0.893,0.913,0.913,0.956,0.978,0.992,1.002,1.008,1.052,1.052,1.051,1.066,1.074,1.079,1.089,1.096,1.118,1.153,1.146,1.165,1.185,1.193,1.011,1.067,0.968,0.964,0.932,0.887,0.865,0.79,0.799,0.815,0.659,0.663,0.688,0.707,0.705,0.723,0.747,0.753,0.751,0.768,0.773,0.82,0.817,0.84,0.893,0.938,0.944,0.971,1.001,1.084,1.068,1.084,0.552,0.53,0.605,0.622,0.616,1.018,0.628,0.639,0.65,0.664,0.707,0.721,0.794,0.775,0.773,0.772,10.33
Point_86,15.886,2.795,2.795,2.832,1.56,1.054,0.77,0.808,0.808,0.808,0.849,0.875,0.407,0.423,0.476,0.476,0.498,0.51,0.526,0.564,0.595,0.405,0.637,0.642,0.666,0.676,0.687,0.696,0.717,0.735,0.728,0.651,0.417,0.403,0.351,0.279,0.277,0.243,0.245,0.227,0.227,0.197,0.19,0.167,0.142,0.187,0.28,0.292,0.315,0.32,0.327,0.342,0.352,0.352,0.357,0.365,0.384,0.383,0.383,0.365,0.35,0.35,0.35,0.418,0.42,0.442,0.387,0.387,0.37,0.352,0.356,0.32,0.335,0.302,0.298,0.261,0.248,0.22,0.126,0.079,0.137,0.137,0.012,0.0,0.0,0.0,0.038,0.026,0.042,0.043,0.042,0.094,0.071,0.094,0.192,0.223,0.287,0.135,0.139,0.173,0.202,0.22,0.307,0.286,0.376,0.366,0.306,0.465,0.465,0.465,0.513,0.513,0.513,0.513,0.513,0.539,0.548,0.627,0.58,0.592,0.608,0.612,0.742,0.66,0.67,0.744,0.803,0.754,0.753,0.76,0.783,0.779,0.661,0.661,0.642,0.63,0.63,0.601,0.646,0.632,0.669,0.705,0.698,0.713,0.664,0.574,0.632,0.718,0.738,0.775,0.788,0.831,0.831,0.775,0.775,0.749,0.705,0.724,0.659,0.642,0.583,0.564,0.21,0.62,0.284,0.612,0.582,0.551,0.536,0.515,0.5,0.497,0.426,0.883,0.465,0.791,0.44,0.428,0.352,0.339,0.321,0.272,0.259,0.224,0.216,0.203,0.194,0.203,0.192,0.192,0.5,0.14,0.124,0.088,0.078,0.46,0.627,0.614,0.545,0.489,0.473,0.469,0.441,0.425,0.415,0.396,0.379,0.378,0.361,0.581,0.39,0.426,0.45,0.485,0.499,0.478,0.551,0.572,0.572,0.594,0.594,0.666,0.708,0.816,0.828,0.828,0.828,0.828,0.828,0.818,0.828,0.904,0.904,0.923,1.021,1.124,1.132,1.132,1.266,1.269,1.269,1.32,1.462,1.399,1.347,1.26,1.164,1.296,1.164,1.164,1.164,1.164,1.114,1.144,1.064,1.005,1.005,0.99,0.99,0.893,0.875,0.886,0.886,0.893,0.913,0.913,0.956,0.978,0.992,1.002,1.008,1.052,1.052,1.051,1.066,1.074,1.079,1.089,1.096,1.118,1.153,1.146,1.165,1.185,1.193,1.011,1.067,0.968,0.964,0.932,0.887,0.865,0.79,0.799,0.815,0.659,0.663,0.688,0.707,0.705,0.723,0.747,0.753,0.751,0.768,0.773,0.82,0.817,0.84,0.893,0.938,0.944,0.971,1.001,1.084,1.068,1.084,0.552,0.53,0.605,0.622,0.616,1.018,0.628,0.639,0.65,0.664,0.707,0.721,0.794,0.775,0.773,0.772,10.33
Point_87,15.924,2.833,2.833,2.87,1.597,1.092,0.808,0.846,0.846,0.846,0.887,0.913,0.445,0.461,0.514,0.514,0.536,0.548,0.564,0.602,0.633,0.443,0.674,0.68,0.704,0.713,0.725,0.734,0.755,0.773,0.765,0.689,0.455,0.441,0.388,0.317,0.315,0.281,0.283,0.265,0.265,0.235,0.228,0.204,0.18,0.225,0.318,0.329,0.353,0.357,0.365,0.38,0.39,0.39,0.395,0.402,0.422,0.421,0.421,0.402,0.388,0.388,0.388,0.456,0.457,0.48,0.425,0.425,0.408,0.39,0.394,0.358,0.373,0.34,0.336,0.299,0.285,0.258,0.164,0.117,0.175,0.175,0.049,0.038,0.038,0.038,0.0,0.012,0.004,0.006,0.004,0.056,0.033,0.056,0.154,0.185,0.249,0.097,0.101,0.135,0.165,0.183,0.269,0.248,0.338,0.328,0.268,0.427,0.427,0.427,0.475,0.475,0.475,0.475,0.475,0.501,0.51,0.59,0.542,0.554,0.57,0.574,0.705,0.622,0.632,0.706,0.765,0.717,0.715,0.722,0.745,0.741,0.624,0.623,0.604,0.593,0.592,0.563,0.608,0.595,0.631,0.667,0.661,0.675,0.626,0.536,0.595,0.68,0.7,0.737,0.75,0.793,0.793,0.738,0.738,0.711,0.667,0.686,0.621,0.604,0.545,0.526,0.248,0.583,0.322,0.574,0.544,0.513,0.498,0.478,0.462,0.459,0.389,0.845,0.427,0.753,0.462,0.449,0.373,0.36,0.342,0.293,0.28,0.245,0.237,0.224,0.215,0.224,0.213,0.213,0.462,0.161,0.145,0.109,0.099,0.498,0.665,0.652,0.583,0.526,0.511,0.506,0.479,0.463,0.453,0.434,0.417,0.416,0.399,0.619,0.428,0.464,0.488,0.523,0.537,0.516,0.589,0.61,0.609,0.632,0.632,0.704,0.746,0.854,0.866,0.866,0.866,0.866,0.866,0.856,0.866,0.942,0.942,0.961,1.058,1.162,1.17,1.17,1.303,1.307,1.307,1.358,1.5,1.436,1.385,1.298,1.202,1.334,1.202,1.202,1.202,1.202,1.152,1.182,1.102,1.042,1.042,1.028,1.028,0.931,0.913,0.924,0.924,0.931,0.95,0.95,0.994,1.016,1.03,1.04,1.046,1.09,1.09,1.088,1.104,1.112,1.117,1.127,1.133,1.156,1.191,1.184,1.203,1.223,1.231,1.049,1.105,1.006,1.002,0.97,0.925,0.903,0.828,0.836,0.853,0.697,0.701,0.726,0.745,0.743,0.761,0.785,0.791,0.789,0.805,0.811,0.858,0.855,0.878,0.931,0.975,0.982,1.009,1.039,1.122,1.106,1.122,0.59,0.567,0.643,0.66,0.654,1.056,0.666,0.677,0.688,0.702,0.745,0.759,0.832,0.813,0.811,0.81,10.368
Point_88,15.912,2.821,2.821,2.858,1.585,1.08,0.796,0.834,0.834,0.834,0.875,0.901,0.433,0.449,0.501,0.501,0.523,0.536,0.552,0.59,0.621,0.431,0.662,0.667,0.692,0.701,0.713,0.722,0.743,0.761,0.753,0.677,0.442,0.429,0.376,0.305,0.303,0.268,0.271,0.253,0.253,0.223,0.216,0.192,0.168,0.212,0.306,0.317,0.341,0.345,0.352,0.368,0.378,0.378,0.382,0.39,0.409,0.409,0.409,0.39,0.376,0.376,0.376,0.444,0.445,0.468,0.412,0.413,0.396,0.378,0.382,0.346,0.361,0.328,0.324,0.287,0.273,0.245,0.152,0.104,0.163,0.163,0.037,0.026,0.026,0.026,0.012,0.0,0.016,0.018,0.016,0.068,0.045,0.068,0.166,0.197,0.261,0.109,0.113,0.147,0.177,0.195,0.281,0.26,0.35,0.34,0.28,0.439,0.439,0.439,0.487,0.487,0.487,0.487,0.487,0.514,0.522,0.602,0.554,0.566,0.582,0.586,0.717,0.634,0.644,0.718,0.777,0.729,0.728,0.734,0.757,0.753,0.636,0.636,0.616,0.605,0.604,0.575,0.62,0.607,0.644,0.679,0.673,0.687,0.638,0.548,0.607,0.692,0.712,0.749,0.762,0.805,0.805,0.75,0.75,0.724,0.679,0.698,0.633,0.616,0.558,0.538,0.236,0.595,0.31,0.586,0.556,0.525,0.51,0.49,0.474,0.471,0.401,0.857,0.439,0.765,0.449,0.437,0.361,0.348,0.33,0.281,0.268,0.233,0.224,0.212,0.203,0.211,0.201,0.201,0.474,0.149,0.133,0.097,0.087,0.486,0.653,0.64,0.571,0.514,0.498,0.494,0.467,0.451,0.441,0.422,0.405,0.404,0.387,0.607,0.416,0.452,0.476,0.511,0.525,0.504,0.577,0.598,0.597,0.62,0.62,0.691,0.734,0.841,0.854,0.854,0.854,0.854,0.854,0.844,0.854,0.93,0.93,0.949,1.046,1.15,1.158,1.158,1.291,1.295,1.295,1.346,1.488,1.424,1.373,1.286,1.19,1.322,1.19,1.19,1.19,1.19,1.139,1.17,1.09,1.03,1.03,1.016,1.016,0.919,0.9,0.912,0.912,0.919,0.938,0.938,0.982,1.004,1.018,1.027,1.034,1.077,1.077,1.076,1.092,1.1,1.105,1.115,1.121,1.144,1.179,1.172,1.191,1.211,1.219,1.037,1.093,0.994,0.99,0.957,0.912,0.891,0.816,0.824,0.841,0.685,0.688,0.714,0.733,0.731,0.748,0.773,0.779,0.776,0.793,0.799,0.845,0.843,0.866,0.918,0.963,0.97,0.996,1.027,1.109,1.094,1.109,0.578,0.555,0.631,0.648,0.642,1.044,0.654,0.665,0.676,0.69,0.732,0.747,0.82,0.801,0.799,0.798,10.356
Point_89,15.928,2.837,2.837,2.874,1.601,1.096,0.812,0.85,0.85,0.85,0.891,0.917,0.449,0.465,0.517,0.517,0.539,0.552,0.568,0.606,0.637,0.447,0.678,0.683,0.708,0.717,0.729,0.738,0.759,0.777,0.769,0.693,0.458,0.445,0.392,0.32,0.319,0.284,0.287,0.269,0.269,0.239,0.232,0.208,0.184,0.228,0.321,0.333,0.357,0.361,0.368,0.384,0.394,0.394,0.398,0.406,0.425,0.425,0.425,0.406,0.392,0.392,0.392,0.459,0.461,0.484,0.428,0.429,0.412,0.394,0.398,0.362,0.377,0.344,0.34,0.303,0.289,0.261,0.168,0.12,0.179,0.179,0.053,0.042,0.042,0.042,0.004,0.016,0.0,0.002,0.0,0.052,0.029,0.052,0.15,0.182,0.245,0.093,0.097,0.131,0.161,0.179,0.265,0.244,0.334,0.324,0.264,0.423,0.423,0.423,0.471,0.471,0.471,0.471,0.471,0.498,0.506,0.586,0.538,0.55,0.566,0.57,0.701,0.618,0.628,0.702,0.761,0.713,0.712,0.718,0.741,0.737,0.62,0.62,0.6,0.589,0.588,0.559,0.604,0.591,0.628,0.663,0.657,0.671,0.622,0.532,0.591,0.676,0.696,0.733,0.746,0.789,0.789,0.734,0.734,0.708,0.663,0.682,0.617,0.601,0.542,0.522,0.252,0.579,0.326,0.57,0.54,0.509,0.494,0.474,0.458,0.455,0.385,0.841,0.423,0.749,0.465,0.453,0.377,0.364,0.346,0.297,0.284,0.249,0.24,0.228,0.219,0.227,0.217,0.217,0.458,0.165,0.149,0.113,0.103,0.502,0.669,0.656,0.587,0.53,0.514,0.51,0.483,0.467,0.457,0.438,0.421,0.42,0.403,0.623,0.432,0.468,0.492,0.527,0.541,0.52,0.593,0.614,0.613,0.636,0.636,0.707,0.75,0.857,0.87,0.87,0.87,0.87,0.87,0.86,0.87,0.946,0.946,0.965,1.062,1.166,1.174,1.174,1.307,1.311,1.311,1.362,1.504,1.44,1.389,1.302,1.206,1.338,1.206,1.206,1.206,1.206,1.155,1.186,1.106,1.046,1.046,1.032,1.032,0.935,0.916,0.928,0.928,0.935,0.954,0.954,0.998,1.02,1.034,1.043,1.05,1.093,1.093,1.092,1.108,1.116,1.12,1.131,1.137,1.16,1.195,1.188,1.207,1.227,1.235,1.053,1.109,1.01,1.006,0.973,0.928,0.907,0.832,0.84,0.857,0.701,0.704,0.73,0.749,0.747,0.764,0.789,0.795,0.792,0.809,0.815,0.861,0.859,0.882,0.934,0.979,0.985,1.012,1.043,1.125,1.109,1.125,0.594,0.571,0.647,0.664,0.658,1.06,0.67,0.681,0.692,0.705,0.748,0.763,0.836,0.817,0.815,0.814,10.372
Point_90,15.929,2.839,2.839,2.876,1.603,1.098,0.813,0.851,0.851,0.851,0.893,0.919,0.451,0.467,0.519,0.519,0.541,0.554,0.57,0.607,0.638,0.449,0.68,0.685,0.71,0.719,0.731,0.74,0.761,0.779,0.771,0.694,0.46,0.447,0.394,0.322,0.321,0.286,0.288,0.27,0.27,0.241,0.233,0.21,0.185,0.23,0.323,0.335,0.358,0.363,0.37,0.386,0.396,0.396,0.4,0.408,0.427,0.426,0.426,0.408,0.394,0.394,0.394,0.461,0.463,0.486,0.43,0.431,0.414,0.395,0.399,0.364,0.379,0.346,0.342,0.305,0.291,0.263,0.169,0.122,0.18,0.18,0.055,0.043,0.043,0.043,0.006,0.018,0.002,0.0,0.002,0.051,0.027,0.051,0.148,0.18,0.243,0.091,0.095,0.13,0.159,0.177,0.263,0.243,0.332,0.323,0.263,0.421,0.421,0.421,0.469,0.469,0.469,0.469,0.469,0.496,0.504,0.584,0.536,0.549,0.565,0.568,0.699,0.617,0.626,0.701,0.759,0.711,0.71,0.717,0.74,0.736,0.618,0.618,0.599,0.587,0.586,0.558,0.603,0.589,0.626,0.662,0.655,0.669,0.621,0.53,0.589,0.675,0.694,0.731,0.745,0.788,0.788,0.732,0.732,0.706,0.662,0.68,0.616,0.599,0.54,0.52,0.253,0.577,0.327,0.568,0.538,0.507,0.493,0.472,0.456,0.454,0.383,0.839,0.421,0.747,0.467,0.454,0.379,0.366,0.348,0.298,0.286,0.251,0.242,0.23,0.221,0.229,0.219,0.218,0.456,0.167,0.151,0.115,0.104,0.504,0.671,0.657,0.589,0.532,0.516,0.512,0.484,0.469,0.459,0.44,0.423,0.422,0.405,0.625,0.433,0.469,0.494,0.529,0.542,0.522,0.594,0.616,0.615,0.638,0.638,0.709,0.752,0.859,0.871,0.871,0.871,0.871,0.871,0.862,0.871,0.947,0.947,0.966,1.064,1.168,1.176,1.176,1.309,1.313,1.313,1.363,1.506,1.442,1.391,1.304,1.208,1.34,1.208,1.208,1.208,1.208,1.157,1.187,1.107,1.048,1.048,1.034,1.034,0.936,0.918,0.929,0.929,0.936,0.956,0.956,1.0,1.022,1.036,1.045,1.052,1.095,1.095,1.094,1.11,1.117,1.122,1.133,1.139,1.162,1.197,1.19,1.209,1.228,1.236,1.054,1.111,1.011,1.008,0.975,0.93,0.909,0.834,0.842,0.859,0.703,0.706,0.732,0.75,0.749,0.766,0.791,0.797,0.794,0.811,0.816,0.863,0.861,0.884,0.936,0.981,0.987,1.014,1.045,1.127,1.111,1.127,0.596,0.573,0.649,0.665,0.659,1.062,0.672,0.682,0.694,0.707,0.75,0.764,0.838,0.819,0.816,0.815,10.373
Point_91,15.928,2.837,2.837,2.874,1.601,1.096,0.812,0.85,0.85,0.85,0.891,0.917,0.449,0.465,0.517,0.517,0.539,0.552,0.568,0.606,0.637,0.447,0.678,0.683,0.708,0.717,0.729,0.738,0.759,0.777,0.769,0.693,0.458,0.445,0.392,0.32,0.319,0.284,0.287,0.269,0.269,0.239,0.232,0.208,0.184,0.228,0.321,0.333,0.357,0.361,0.368,0.384,0.394,0.394,0.398,0.406,0.425,0.425,0.425,0.406,0.392,0.392,0.392,0.459,0.461,0.484,0.428,0.429,0.412,0.394,0.398,0.362,0.377,0.344,0.34,0.303,0.289,0.261,0.168,0.12,0.179,0.179,0.053,0.042,0.042,0.042,0.004,0.016,0.0,0.002,0.0,0.052,0.029,0.052,0.15,0.182,0.245,0.093,0.097,0.131,0.161,0.179,0.265,0.244,0.334,0.324,0.264,0.423,0.423,0.423,0.471,0.471,0.471,0.471,0.471,0.498,0.506,0.586,0.538,0.55,0.566,0.57,0.701,0.618,0.628,0.702,0.761,0.713,0.712,0.718,0.741,0.737,0.62,0.62,0.6,0.589,0.588,0.559,0.604,0.591,0.628,0.663,0.657,0.671,0.622,0.532,0.591,0.676,0.696,0.733,0.746,0.789,0.789,0.734,0.734,0.708,0.663,0.682,0.617,0.601,0.542,0.522,0.252,0.579,0.326,0.57,0.54,0.509,0.494,0.474,0.458,0.455,0.385,0.841,0.423,0.749,0.465,0.453,0.377,0.364,0.346,0.297,0.284,0.249,0.24,0.228,0.219,0.227,0.217,0.217,0.458,0.165,0.149,0.113,0.103,0.502,0.669,0.656,0.587,0.53,0.514,0.51,0.483,0.467,0.457,0.438,0.421,0.42,0.403,0.623,0.432,0.468,0.492,0.527,0.541,0.52,0.593,0.614,0.613,0.636,0.636,0.707,0.75,0.857,0.87,0.87,0.87,0.87,0.87,0.86,0.87,0.946,0.946,0.965,1.062,1.166,1.174,1.174,1.307,1.311,1.311,1.362,1.504,1.44,1.389,1.302,1.206,1.338,1.206,1.206,1.206,1.206,1.155,1.186,1.106,1.046,1.046,1.032,1.032,0.935,0.916,0.928,0.928,0.935,0.954,0.954,0.998,1.02,1.034,1.043,1.05,1.093,1.093,1.092,1.108,1.116,1.12,1.131,1.137,1.16,1.195,1.188,1.207,1.227,1.235,1.053,1.109,1.01,1.006,0.973,0.928,0.907,0.832,0.84,0.857,0.701,0.704,0.73,0.749,0.747,0.764,0.789,0.795,0.792,0.809,0.815,0.861,0.859,0.882,0.934,0.979,0.985,1.012,1.043,1.125,1.109,1.125,0.594,0.571,0.647,0.664,0.658,1.06,0.67,0.681,0.692,0.705,0.748,0.763,0.836,0.817,0.815,0.814,10.372
Point_92,15.98,2.889,2.889,2.926,1.654,1.148,0.864,0.902,0.902,0.902,0.943,0.969,0.501,0.517,0.57,0.57,0.592,0.604,0.62,0.658,0.689,0.499,0.731,0.736,0.76,0.77,0.781,0.79,0.811,0.829,0.822,0.745,0.511,0.497,0.445,0.373,0.371,0.337,0.339,0.321,0.321,0.291,0.284,0.261,0.236,0.281,0.374,0.386,0.409,0.414,0.421,0.436,0.446,0.446,0.451,0.459,0.478,0.477,0.477,0.459,0.444,0.444,0.444,0.512,0.514,0.536,0.481,0.481,0.464,0.446,0.45,0.414,0.429,0.396,0.392,0.355,0.342,0.314,0.22,0.173,0.231,0.231,0.106,0.094,0.094,0.094,0.056,0.068,0.052,0.051,0.052,0.0,0.023,0.0,0.071,0.102,0.166,0.041,0.045,0.079,0.108,0.126,0.213,0.192,0.282,0.272,0.212,0.371,0.371,0.371,0.419,0.419,0.419,0.419,0.419,0.445,0.454,0.533,0.486,0.498,0.514,0.518,0.648,0.566,0.576,0.65,0.709,0.66,0.659,0.666,0.689,0.685,0.567,0.567,0.548,0.536,0.536,0.507,0.552,0.538,0.575,0.611,0.604,0.619,0.57,0.48,0.538,0.624,0.644,0.681,0.694,0.737,0.737,0.681,0.681,0.655,0.611,0.63,0.565,0.548,0.489,0.47,0.304,0.526,0.378,0.518,0.488,0.457,0.442,0.421,0.406,0.403,0.332,0.789,0.371,0.697,0.518,0.505,0.429,0.416,0.398,0.349,0.337,0.301,0.293,0.28,0.271,0.28,0.269,0.269,0.406,0.217,0.201,0.165,0.155,0.554,0.721,0.708,0.639,0.583,0.567,0.563,0.535,0.519,0.509,0.49,0.473,0.472,0.455,0.675,0.484,0.52,0.544,0.579,0.593,0.572,0.645,0.666,0.666,0.688,0.688,0.76,0.802,0.91,0.922,0.922,0.922,0.922,0.922,0.912,0.922,0.998,0.998,1.017,1.115,1.218,1.226,1.226,1.36,1.363,1.363,1.414,1.556,1.493,1.441,1.354,1.258,1.39,1.258,1.258,1.258,1.258,1.208,1.238,1.158,1.099,1.099,1.084,1.084,0.987,0.969,0.98,0.98,0.987,1.007,1.007,1.05,1.072,1.086,1.096,1.102,1.146,1.146,1.145,1.16,1.168,1.173,1.183,1.19,1.212,1.247,1.24,1.259,1.279,1.287,1.105,1.161,1.062,1.058,1.026,0.981,0.959,0.884,0.893,0.909,0.753,0.757,0.782,0.801,0.799,0.817,0.841,0.847,0.845,0.862,0.867,0.914,0.911,0.934,0.987,1.032,1.038,1.065,1.095,1.178,1.162,1.178,0.646,0.624,0.699,0.716,0.71,1.112,0.722,0.733,0.744,0.758,0.801,0.815,0.888,0.869,0.867,0.866,10.424
Point_93,15.957,2.866,2.866,2.903,1.63,1.125,0.841,0.879,0.879,0.879,0.92,0.946,0.478,0.494,0.546,0.546,0.568,0.581,0.597,0.635,0.666,0.476,0.707,0.712,0.737,0.746,0.758,0.767,0.788,0.806,0.798,0.722,0.487,0.474,0.421,0.349,0.348,0.313,0.316,0.298,0.298,0.268,0.261,0.237,0.213,0.257,0.35,0.362,0.386,0.39,0.397,0.413,0.423,0.423,0.427,0.435,0.454,0.454,0.454,0.435,0.421,0.421,0.421,0.488,0.49,0.513,0.457,0.458,0.441,0.423,0.427,0.391,0.406,0.373,0.369,0.332,0.318,0.29,0.197,0.149,0.208,0.208,0.082,0.071,0.071,0.071,0.033,0.045,0.029,0.027,0.029,0.023,0.0,0.023,0.121,0.153,0.216,0.064,0.068,0.102,0.132,0.15,0.236,0.215,0.305,0.295,0.235,0.394,0.394,0.394,0.442,0.442,0.442,0.442,0.442,0.469,0.477,0.557,0.509,0.521,0.537,0.541,0.672,0.589,0.599,0.673,0.732,0.684,0.683,0.689,0.712,0.708,0.591,0.591,0.571,0.56,0.559,0.53,0.575,0.562,0.599,0.634,0.628,0.642,0.593,0.503,0.562,0.647,0.667,0.704,0.717,0.76,0.76,0.705,0.705,0.679,0.634,0.653,0.588,0.572,0.513,0.493,0.281,0.55,0.355,0.541,0.511,0.48,0.465,0.445,0.429,0.426,0.356,0.812,0.394,0.72,0.494,0.482,0.406,0.393,0.375,0.326,0.313,0.278,0.269,0.257,0.248,0.256,0.246,0.246,0.429,0.194,0.178,0.142,0.132,0.531,0.698,0.685,0.616,0.559,0.543,0.539,0.512,0.496,0.486,0.467,0.45,0.449,0.432,0.652,0.461,0.497,0.521,0.556,0.57,0.549,0.622,0.643,0.642,0.665,0.665,0.736,0.779,0.886,0.899,0.899,0.899,0.899,0.899,0.889,0.899,0.975,0.975,0.994,1.091,1.195,1.203,1.203,1.336,1.34,1.34,1.391,1.533,1.469,1.418,1.331,1.235,1.367,1.235,1.235,1.235,1.235,1.184,1.215,1.135,1.075,1.075,1.061,1.061,0.964,0.945,0.957,0.957,0.964,0.983,0.983,1.027,1.049,1.063,1.072,1.079,1.122,1.122,1.121,1.137,1.145,1.149,1.16,1.166,1.189,1.224,1.217,1.236,1.256,1.264,1.082,1.138,1.039,1.035,1.002,0.957,0.936,0.861,0.869,0.886,0.73,0.733,0.759,0.778,0.776,0.793,0.818,0.824,0.821,0.838,0.844,0.89,0.888,0.911,0.963,1.008,1.014,1.041,1.072,1.154,1.138,1.154,0.623,0.6,0.676,0.693,0.687,1.089,0.699,0.71,0.721,0.734,0.777,0.792,0.865,0.846,0.844,0.843,10.401
Point_94,15.98,2.889,2.889,2.926,1.654,1.148,0.864,0.902,0.902,0.902,0.943,0.969,0.501,0.517,0.57,0.57,0.592,0.604,0.62,0.658,0.689,0.499,0.731,0.736,0.76,0.77,0.781,0.79,0.811,0.829,0.822,0.745,0.511,0.497,0.445,0.373,0.371,0.337,0.339,0.321,0.321,0.291,0.284,0.261,0.236,0.281,0.374,0.386,0.409,0.414,0.421,0.436,0.446,0.446,0.451,0.459,0.478,0.477,0.477,0.459,0.444,0.444,0.444,0.512,0.514,0.536,0.481,0.481,0.464,0.446,0.45,0.414,0.429,0.396,0.392,0.355,0.342,0.314,0.22,0.173,0.231,0.231,0.106,0.094,0.094,0.094,0.056,0.068,0.052,0.051,0.052,0.0,0.023,0.0,0.071,0.102,0.166,0.041,0.045,0.079,0.108,0.126,0.213,0.192,0.282,0.272,0.212,0.371,0.371,0.371,0.419,0.419,0.419,0.419,0.419,0.445,0.454,0.533,0.486,0.498,0.514,0.518,0.648,0.566,0.576,0.65,0.709,0.66,0.659,0.666,0.689,0.685,0.567,0.567,0.548,0.536,0.536,0.507,0.552,0.538,0.575,0.611,0.604,0.619,0.57,0.48,0.538,0.624,0.644,0.681,0.694,0.737,0.737,0.681,0.681,0.655,0.611,0.63,0.565,0.548,0.489,0.47,0.304,0.526,0.378,0.518,0.488,0.457,0.442,0.421,0.406,0.403,0.332,0.789,0.371,0.697,0.518,0.505,0.429,0.416,0.398,0.349,0.337,0.301,0.293,0.28,0.271,0.28,0.269,0.269,0.406,0.217,0.201,0.165,0.155,0.554,0.721,0.708,0.639,0.583,0.567,0.563,0.535,0.519,0.509,0.49,0.473,0.472,0.455,0.675,0.484,0.52,0.544,0.579,0.593,0.572,0.645,0.666,0.666,0.688,0.688,0.76,0.802,0.91,0.922,0.922,0.922,0.922,0.922,0.912,0.922,0.998,0.998,1.017,1.115,1.218,1.226,1.226,1.36,1.363,1.363,1.414,1.556,1.493,1.441,1.354,1.258,1.39,1.258,1.258,1.258,1.258,1.208,1.238,1.158,1.099,1.099,1.084,1.084,0.987,0.969,0.98,0.98,0.987,1.007,1.007,1.05,1.072,1.086,1.096,1.102,1.146,1.146,1.145,1.16,1.168,1.173,1.183,1.19,1.212,1.247,1.24,1.259,1.279,1.287,1.105,1.161,1.062,1.058,1.026,0.981,0.959,0.884,0.893,0.909,0.753,0.757,0.782,0.801,0.799,0.817,0.841,0.847,0.845,0.862,0.867,0.914,0.911,0.934,0.987,1.032,1.038,1.065,1.095,1.178,1.162,1.178,0.646,0.624,0.699,0.716,0.71,1.112,0.722,0.733,0.744,0.758,0.801,0.815,0.888,0.869,0.867,0.866,10.424
Point_95,16.078,2.987,2.987,3.024,1.751,1.246,0.962,1.0,1.0,1.0,1.041,1.067,0.599,0.615,0.667,0.667,0.689,0.702,0.718,0.756,0.787,0.597,0.828,0.834,0.858,0.867,0.879,0.888,0.909,0.927,0.919,0.843,0.609,0.595,0.542,0.471,0.469,0.435,0.437,0.419,0.419,0.389,0.382,0.358,0.334,0.378,0.472,0.483,0.507,0.511,0.518,0.534,0.544,0.544,0.548,0.556,0.576,0.575,0.575,0.556,0.542,0.542,0.542,0.61,0.611,0.634,0.578,0.579,0.562,0.544,0.548,0.512,0.527,0.494,0.49,0.453,0.439,0.411,0.318,0.27,0.329,0.329,0.203,0.192,0.192,0.192,0.154,0.166,0.15,0.148,0.15,0.071,0.121,0.071,0.0,0.031,0.095,0.11,0.114,0.148,0.177,0.195,0.281,0.261,0.351,0.341,0.281,0.44,0.44,0.44,0.488,0.488,0.488,0.488,0.488,0.514,0.523,0.602,0.555,0.567,0.583,0.587,0.717,0.635,0.645,0.719,0.778,0.729,0.728,0.735,0.758,0.754,0.636,0.636,0.617,0.605,0.605,0.576,0.621,0.607,0.644,0.68,0.673,0.688,0.639,0.549,0.607,0.693,0.712,0.75,0.763,0.815,0.815,0.75,0.75,0.724,0.68,0.698,0.634,0.617,0.558,0.539,0.402,0.595,0.476,0.587,0.557,0.526,0.511,0.49,0.475,0.472,0.401,0.858,0.44,0.765,0.616,0.603,0.527,0.514,0.496,0.447,0.434,0.399,0.391,0.378,0.369,0.378,0.367,0.367,0.475,0.315,0.299,0.263,0.253,0.652,0.819,0.806,0.737,0.68,0.665,0.66,0.633,0.617,0.607,0.588,0.571,0.57,0.553,0.773,0.582,0.618,0.642,0.677,0.691,0.67,0.743,0.764,0.763,0.786,0.786,0.857,0.9,1.007,1.02,1.02,1.02,1.02,1.02,1.01,1.02,1.096,1.096,1.115,1.212,1.316,1.324,1.324,1.457,1.461,1.461,1.512,1.654,1.59,1.539,1.452,1.356,1.488,1.356,1.356,1.356,1.356,1.306,1.336,1.256,1.196,1.196,1.182,1.182,1.085,1.067,1.078,1.078,1.085,1.104,1.104,1.148,1.17,1.184,1.194,1.2,1.243,1.243,1.242,1.258,1.266,1.271,1.281,1.287,1.31,1.345,1.338,1.357,1.377,1.385,1.203,1.259,1.16,1.156,1.123,1.079,1.057,0.982,0.99,1.007,0.851,0.855,0.88,0.899,0.897,0.915,0.939,0.945,0.943,0.959,0.965,1.011,1.009,1.032,1.084,1.129,1.136,1.163,1.193,1.275,1.26,1.275,0.744,0.721,0.797,0.814,0.808,1.21,0.82,0.831,0.842,0.856,0.899,0.913,0.986,0.967,0.965,0.964,10.522
Point_96,16.109,3.018,3.018,3.055,1.783,1.277,0.993,1.031,1.031,1.031,1.072,1.098,0.63,0.647,0.699,0.699,0.721,0.734,0.749,0.787,0.818,0.629,0.86,0.865,0.89,0.899,0.911,0.919,0.941,0.959,0.951,0.874,0.64,0.626,0.574,0.502,0.501,0.466,0.468,0.45,0.45,0.421,0.413,0.39,0.365,0.41,0.503,0.515,0.538,0.543,0.55,0.566,0.576,0.576,0.58,0.588,0.607,0.606,0.606,0.588,0.574,0.574,0.574,0.641,0.643,0.666,0.61,0.611,0.594,0.575,0.579,0.544,0.558,0.525,0.522,0.484,0.471,0.443,0.349,0.302,0.36,0.36,0.235,0.223,0.223,0.223,0.185,0.197,0.182,0.18,0.182,0.102,0.153,0.102,0.031,0.0,0.063,0.141,0.145,0.18,0.209,0.227,0.313,0.293,0.382,0.372,0.313,0.471,0.471,0.471,0.519,0.519,0.519,0.519,0.519,0.546,0.554,0.634,0.586,0.598,0.614,0.618,0.749,0.666,0.676,0.75,0.809,0.761,0.76,0.767,0.789,0.785,0.668,0.668,0.648,0.637,0.636,0.608,0.653,0.639,0.676,0.712,0.705,0.719,0.67,0.58,0.639,0.724,0.744,0.781,0.794,0.846,0.846,0.782,0.782,0.756,0.711,0.73,0.665,0.649,0.59,0.57,0.433,0.627,0.507,0.618,0.588,0.557,0.543,0.522,0.506,0.504,0.433,0.889,0.471,0.797,0.647,0.634,0.558,0.545,0.527,0.478,0.466,0.431,0.422,0.409,0.4,0.409,0.399,0.398,0.506,0.347,0.331,0.295,0.284,0.684,0.85,0.837,0.769,0.712,0.696,0.692,0.664,0.649,0.638,0.62,0.602,0.601,0.585,0.805,0.613,0.649,0.674,0.709,0.722,0.702,0.774,0.795,0.795,0.817,0.817,0.889,0.932,1.039,1.051,1.051,1.051,1.051,1.051,1.041,1.051,1.127,1.127,1.146,1.244,1.347,1.356,1.356,1.489,1.493,1.493,1.543,1.685,1.622,1.571,1.484,1.388,1.52,1.388,1.388,1.388,1.388,1.337,1.367,1.287,1.228,1.228,1.214,1.214,1.116,1.098,1.109,1.109,1.116,1.136,1.136,1.179,1.201,1.216,1.225,1.231,1.275,1.275,1.274,1.289,1.297,1.302,1.312,1.319,1.341,1.376,1.37,1.388,1.408,1.416,1.234,1.29,1.191,1.188,1.155,1.11,1.089,1.013,1.022,1.038,0.882,0.886,0.911,0.93,0.929,0.946,0.971,0.976,0.974,0.991,0.996,1.043,1.041,1.063,1.116,1.161,1.167,1.194,1.224,1.307,1.291,1.307,0.775,0.753,0.829,0.845,0.839,1.241,0.851,0.862,0.873,0.887,0.93,0.944,1.018,0.998,0.996,0.995,10.553
Point_97,16.172,3.082,3.082,3.119,1.846,1.341,1.057,1.094,1.094,1.094,1.136,1.162,0.694,0.71,0.762,0.762,0.784,0.797,0.813,0.85,0.881,0.692,0.923,0.928,0.953,0.962,0.974,0.983,1.004,1.022,1.014,0.937,0.703,0.69,0.637,0.565,0.564,0.529,0.531,0.513,0.513,0.484,0.476,0.453,0.428,0.473,0.566,0.578,0.602,0.606,0.613,0.629,0.639,0.639,0.643,0.651,0.67,0.67,0.67,0.651,0.637,0.637,0.637,0.704,0.706,0.729,0.673,0.674,0.657,0.638,0.642,0.607,0.622,0.589,0.585,0.548,0.534,0.506,0.412,0.365,0.424,0.424,0.298,0.287,0.287,0.287,0.249,0.261,0.245,0.243,0.245,0.166,0.216,0.166,0.095,0.063,0.0,0.205,0.208,0.243,0.272,0.29,0.376,0.356,0.445,0.436,0.376,0.534,0.534,0.534,0.582,0.582,0.582,0.582,0.582,0.609,0.618,0.697,0.649,0.662,0.678,0.682,0.812,0.73,0.739,0.814,0.872,0.824,0.823,0.83,0.853,0.849,0.731,0.731,0.712,0.7,0.7,0.671,0.716,0.702,0.739,0.775,0.768,0.782,0.734,0.643,0.702,0.788,0.807,0.844,0.858,0.91,0.91,0.845,0.845,0.819,0.775,0.793,0.729,0.712,0.653,0.633,0.496,0.69,0.57,0.682,0.652,0.62,0.606,0.585,0.57,0.567,0.496,0.952,0.534,0.86,0.71,0.697,0.622,0.609,0.591,0.541,0.529,0.494,0.485,0.473,0.464,0.472,0.462,0.462,0.57,0.41,0.394,0.358,0.347,0.747,0.914,0.901,0.832,0.775,0.759,0.755,0.727,0.712,0.702,0.683,0.666,0.665,0.648,0.868,0.677,0.712,0.737,0.772,0.786,0.765,0.838,0.859,0.858,0.881,0.881,0.952,0.995,1.102,1.114,1.114,1.114,1.114,1.114,1.105,1.114,1.19,1.19,1.21,1.307,1.411,1.419,1.419,1.552,1.556,1.556,1.606,1.749,1.685,1.634,1.547,1.451,1.583,1.451,1.451,1.451,1.451,1.4,1.431,1.35,1.291,1.291,1.277,1.277,1.179,1.161,1.173,1.173,1.179,1.199,1.199,1.243,1.265,1.279,1.288,1.295,1.338,1.338,1.337,1.353,1.36,1.365,1.376,1.382,1.405,1.44,1.433,1.452,1.471,1.479,1.298,1.354,1.255,1.251,1.218,1.173,1.152,1.077,1.085,1.102,0.946,0.949,0.975,0.994,0.992,1.009,1.034,1.04,1.037,1.054,1.059,1.106,1.104,1.127,1.179,1.224,1.23,1.257,1.288,1.37,1.354,1.37,0.839,0.816,0.892,0.908,0.902,1.305,0.915,0.926,0.937,0.95,0.993,1.007,1.081,1.062,1.06,1.058,10.616
Point_98,16.021,2.93,2.93,2.967,1.694,1.189,0.905,0.943,0.943,0.943,0.984,1.01,0.542,0.558,0.61,0.61,0.632,0.645,0.661,0.699,0.73,0.54,0.771,0.777,0.801,0.81,0.822,0.831,0.852,0.87,0.862,0.786,0.552,0.538,0.485,0.414,0.412,0.378,0.38,0.362,0.362,0.332,0.325,0.301,0.277,0.321,0.415,0.426,0.45,0.454,0.461,0.477,0.487,0.487,0.491,0.499,0.519,0.518,0.518,0.499,0.485,0.485,0.485,0.553,0.554,0.577,0.521,0.522,0.505,0.487,0.491,0.455,0.47,0.437,0.433,0.396,0.382,0.354,0.261,0.213,0.272,0.272,0.146,0.135,0.135,0.135,0.097,0.109,0.093,0.091,0.093,0.041,0.064,0.041,0.11,0.141,0.205,0.0,0.004,0.038,0.068,0.086,0.172,0.151,0.241,0.231,0.171,0.33,0.33,0.33,0.378,0.378,0.378,0.378,0.378,0.405,0.413,0.493,0.445,0.457,0.473,0.477,0.608,0.525,0.535,0.609,0.668,0.62,0.619,0.625,0.648,0.644,0.527,0.526,0.507,0.496,0.495,0.466,0.511,0.498,0.534,0.57,0.564,0.578,0.529,0.439,0.498,0.583,0.603,0.64,0.724,0.696,0.696,0.693,0.693,0.667,0.623,0.641,0.547,0.56,0.501,0.482,0.345,0.538,0.419,0.53,0.5,0.469,0.454,0.433,0.418,0.415,0.344,0.748,0.33,0.656,0.559,0.546,0.47,0.457,0.439,0.39,0.377,0.342,0.334,0.321,0.312,0.321,0.31,0.31,0.418,0.258,0.242,0.206,0.196,0.595,0.762,0.749,0.68,0.623,0.608,0.603,0.576,0.56,0.55,0.531,0.514,0.513,0.496,0.716,0.525,0.561,0.585,0.62,0.634,0.613,0.686,0.707,0.706,0.729,0.729,0.8,0.843,0.95,0.963,0.963,0.963,0.963,0.963,0.953,0.963,1.039,1.039,1.058,1.155,1.259,1.267,1.267,1.4,1.404,1.404,1.455,1.597,1.533,1.482,1.395,1.299,1.431,1.299,1.299,1.299,1.299,1.249,1.279,1.199,1.139,1.139,1.125,1.125,1.028,1.01,1.021,1.021,1.028,1.047,1.047,1.091,1.113,1.127,1.137,1.143,1.186,1.186,1.185,1.201,1.209,1.214,1.224,1.23,1.253,1.288,1.281,1.3,1.32,1.328,1.146,1.202,1.103,1.099,1.066,1.022,1.0,0.925,0.933,0.95,0.794,0.798,0.823,0.842,0.84,0.858,0.882,0.888,0.886,0.902,0.908,0.954,0.952,0.975,1.027,1.072,1.079,1.106,1.136,1.218,1.203,1.218,0.687,0.664,0.74,0.757,0.751,1.153,0.763,0.774,0.785,0.799,0.842,0.856,0.929,0.91,0.908,0.907,10.465
Point_99,16.024,2.934,2.934,2.971,1.698,1.193,0.909,0.947,0.947,0.947,0.988,1.014,0.546,0.562,0.614,0.614,0.636,0.649,0.665,0.703,0.734,0.544,0.775,0.78,0.805,0.814,0.826,0.835,0.856,0.874,0.866,0.79,0.555,0.542,0.489,0.417,0.416,0.381,0.384,0.366,0.366,0.336,0.329,0.305,0.28,0.325,0.418,0.43,0.454,0.458,0.465,0.481,0.491,0.491,0.495,0.503,0.522,0.522,0.522,0.503,0.489,0.489,0.489,0.556,0.558,0.581,0.525,0.526,0.509,0.491,0.495,0.459,0.474,0.441,0.437,0.4,0.386,0.358,0.265,0.217,0.276,0.276,0.15,0.139,0.139,0.139,0.101,0.113,0.097,0.095,0.097,0.045,0.068,0.045,0.114,0.145,0.208,0.004,0.0,0.034,0.064,0.082,0.168,0.147,0.237,0.227,0.167,0.326,0.326,0.326,0.374,0.374,0.374,0.374,0.374,0.401,0.409,0.489,0.441,0.453,0.469,0.473,0.604,0.521,0.531,0.605,0.664,0.616,0.615,0.621,0.644,0.64,0.523,0.523,0.503,0.492,0.491,0.462,0.507,0.494,0.531,0.567,0.56,0.574,0.525,0.435,0.494,0.579,0.599,0.636,0.72,0.692,0.692,0.66,0.66,0.634,0.589,0.608,0.543,0.564,0.505,0.485,0.349,0.542,0.423,0.534,0.504,0.473,0.458,0.437,0.422,0.419,0.348,0.744,0.326,0.652,0.562,0.55,0.474,0.461,0.443,0.394,0.381,0.346,0.337,0.325,0.316,0.324,0.314,0.314,0.422,0.262,0.246,0.21,0.2,0.599,0.766,0.753,0.684,0.627,0.611,0.607,0.58,0.564,0.554,0.535,0.518,0.517,0.5,0.72,0.529,0.565,0.589,0.624,0.638,0.617,0.69,0.711,0.71,0.733,0.733,0.804,0.847,0.954,0.967,0.967,0.967,0.967,0.967,0.957,0.967,1.043,1.043,1.062,1.159,1.263,1.271,1.271,1.404,1.408,1.408,1.459,1.601,1.537,1.486,1.399,1.303,1.435,1.303,1.303,1.303,1.303,1.252,1.283,1.203,1.143,1.143,1.129,1.129,1.032,1.013,1.025,1.025,1.032,1.051,1.051,1.095,1.117,1.131,1.14,1.147,1.19,1.19,1.189,1.205,1.213,1.217,1.228,1.234,1.257,1.292,1.285,1.304,1.324,1.332,1.15,1.206,1.107,1.103,1.07,1.025,1.004,0.929,0.937,0.954,0.798,0.801,0.827,0.846,0.844,0.861,0.886,0.892,0.889,0.906,0.912,0.958,0.956,0.979,1.031,1.076,1.082,1.109,1.14,1.222,1.206,1.222,0.691,0.668,0.744,0.761,0.754,1.157,0.767,0.778,0.789,0.802,0.845,0.86,0.933,0.914,0.912,0.911,10.469
Point_100,16.059,2.968,2.968,3.005,1.733,1.227,0.943,0.981,0.981,0.981,1.022,1.048,0.58,0.597,0.649,0.649,0.671,0.684,0.699,0.737,0.768,0.579,0.81,0.815,0.839,0.849,0.86,0.869,0.89,0.909,0.901,0.824,0.59,0.576,0.524,0.452,0.451,0.416,0.418,0.4,0.4,0.371,0.363,0.34,0.315,0.36,0.453,0.465,0.488,0.493,0.5,0.516,0.526,0.526,0.53,0.538,0.557,0.556,0.556,0.538,0.523,0.523,0.523,0.591,0.593,0.615,0.56,0.561,0.544,0.525,0.529,0.493,0.508,0.475,0.471,0.434,0.421,0.393,0.299,0.252,0.31,0.31,0.185,0.173,0.173,0.173,0.135,0.147,0.131,0.13,0.131,0.079,0.102,0.079,0.148,0.18,0.243,0.038,0.034,0.0,0.029,0.047,0.133,0.113,0.202,0.193,0.133,0.292,0.292,0.292,0.339,0.339,0.339,0.339,0.339,0.366,0.375,0.454,0.407,0.419,0.435,0.439,0.569,0.487,0.497,0.571,0.63,0.581,0.58,0.587,0.61,0.606,0.488,0.488,0.469,0.457,0.457,0.428,0.473,0.459,0.496,0.532,0.525,0.539,0.491,0.401,0.459,0.545,0.564,0.602,0.686,0.658,0.658,0.625,0.625,0.599,0.555,0.573,0.509,0.599,0.407,0.52,0.383,0.577,0.457,0.568,0.538,0.507,0.492,0.472,0.456,0.453,0.383,0.709,0.292,0.617,0.597,0.584,0.508,0.495,0.477,0.428,0.416,0.381,0.372,0.359,0.35,0.359,0.349,0.348,0.456,0.297,0.28,0.245,0.234,0.633,0.8,0.787,0.719,0.662,0.646,0.642,0.614,0.598,0.588,0.569,0.552,0.551,0.535,0.754,0.563,0.599,0.624,0.659,0.672,0.651,0.724,0.745,0.745,0.767,0.767,0.839,0.882,0.989,1.001,1.001,1.001,1.001,1.001,0.991,1.001,1.077,1.077,1.096,1.194,1.297,1.305,1.305,1.439,1.443,1.443,1.493,1.635,1.572,1.521,1.434,1.337,1.47,1.337,1.337,1.337,1.337,1.287,1.317,1.237,1.178,1.178,1.163,1.163,1.066,1.048,1.059,1.059,1.066,1.086,1.086,1.129,1.151,1.165,1.175,1.181,1.225,1.225,1.224,1.239,1.247,1.252,1.262,1.269,1.291,1.326,1.32,1.338,1.358,1.366,1.184,1.24,1.141,1.138,1.105,1.06,1.039,0.963,0.972,0.988,0.832,0.836,0.861,0.88,0.879,0.896,0.921,0.926,0.924,0.941,0.946,0.993,0.991,1.013,1.066,1.111,1.117,1.144,1.174,1.257,1.241,1.257,0.725,0.703,0.779,0.795,0.789,1.191,0.801,0.812,0.823,0.837,0.88,0.894,0.967,0.948,0.946,0.945,10.503
Point_101,16.088,2.997,2.997,3.035,1.762,1.257,0.972,1.01,1.01,1.01,1.052,1.078,0.61,0.626,0.678,0.678,0.7,0.713,0.729,0.766,0.797,0.608,0.839,0.844,0.869,0.878,0.89,0.899,0.92,0.938,0.93,0.853,0.619,0.606,0.553,0.481,0.48,0.445,0.447,0.429,0.429,0.4,0.392,0.369,0.344,0.389,0.482,0.494,0.517,0.522,0.529,0.545,0.555,0.555,0.559,0.567,0.586,0.585,0.585,0.567,0.553,0.553,0.553,0.62,0.622,0.645,0.589,0.59,0.573,0.554,0.558,0.523,0.538,0.505,0.501,0.464,0.45,0.422,0.328,0.281,0.339,0.339,0.214,0.202,0.202,0.202,0.165,0.177,0.161,0.159,0.161,0.108,0.132,0.108,0.177,0.209,0.272,0.068,0.064,0.029,0.0,0.018,0.104,0.084,0.173,0.164,0.104,0.262,0.262,0.262,0.31,0.31,0.31,0.31,0.31,0.337,0.346,0.425,0.377,0.39,0.406,0.409,0.54,0.458,0.467,0.542,0.6,0.552,0.551,0.558,0.581,0.577,0.459,0.459,0.44,0.428,0.428,0.399,0.444,0.43,0.467,0.503,0.496,0.51,0.462,0.371,0.43,0.516,0.535,0.572,0.657,0.629,0.629,0.596,0.596,0.57,0.526,0.544,0.48,0.628,0.405,0.549,0.412,0.606,0.486,0.597,0.567,0.536,0.522,0.501,0.485,0.483,0.412,0.68,0.262,0.588,0.626,0.613,0.538,0.525,0.507,0.457,0.445,0.41,0.401,0.389,0.38,0.388,0.378,0.377,0.485,0.326,0.31,0.274,0.263,0.663,0.83,0.816,0.748,0.691,0.675,0.671,0.643,0.628,0.617,0.599,0.582,0.581,0.564,0.784,0.592,0.628,0.653,0.688,0.701,0.681,0.753,0.775,0.774,0.796,0.796,0.868,0.911,1.018,1.03,1.03,1.03,1.03,1.03,1.021,1.03,1.106,1.106,1.125,1.223,1.327,1.335,1.335,1.468,1.472,1.472,1.522,1.665,1.601,1.55,1.463,1.367,1.499,1.367,1.367,1.367,1.367,1.316,1.346,1.266,1.207,1.207,1.193,1.193,1.095,1.077,1.088,1.088,1.095,1.115,1.115,1.159,1.181,1.195,1.204,1.211,1.254,1.254,1.253,1.269,1.276,1.281,1.292,1.298,1.321,1.356,1.349,1.368,1.387,1.395,1.213,1.27,1.17,1.167,1.134,1.089,1.068,0.993,1.001,1.017,0.862,0.865,0.89,0.909,0.908,0.925,0.95,0.956,0.953,0.97,0.975,1.022,1.02,1.043,1.095,1.14,1.146,1.173,1.204,1.286,1.27,1.286,0.755,0.732,0.808,0.824,0.818,1.221,0.831,0.841,0.853,0.866,0.909,0.923,0.997,0.978,0.975,0.974,10.532
Point_102,16.106,3.015,3.015,3.053,1.78,1.275,0.99,1.028,1.028,1.028,1.07,1.096,0.628,0.644,0.696,0.696,0.718,0.731,0.747,0.784,0.815,0.626,0.857,0.862,0.887,0.896,0.908,0.917,0.938,0.956,0.948,0.871,0.637,0.624,0.571,0.499,0.498,0.463,0.465,0.447,0.447,0.418,0.41,0.387,0.362,0.407,0.5,0.512,0.535,0.54,0.547,0.563,0.573,0.573,0.577,0.585,0.604,0.603,0.603,0.585,0.571,0.571,0.571,0.638,0.64,0.663,0.607,0.608,0.591,0.572,0.576,0.541,0.556,0.523,0.519,0.482,0.468,0.44,0.346,0.299,0.357,0.357,0.232,0.22,0.22,0.22,0.183,0.195,0.179,0.177,0.179,0.126,0.15,0.126,0.195,0.227,0.29,0.086,0.082,0.047,0.018,0.0,0.086,0.066,0.155,0.146,0.086,0.244,0.244,0.244,0.292,0.292,0.292,0.292,0.292,0.319,0.327,0.407,0.359,0.372,0.388,0.391,0.522,0.44,0.449,0.524,0.582,0.534,0.533,0.54,0.563,0.559,0.441,0.441,0.422,0.41,0.41,0.381,0.426,0.412,0.449,0.485,0.478,0.492,0.444,0.353,0.412,0.498,0.517,0.554,0.639,0.611,0.611,0.578,0.578,0.552,0.508,0.526,0.462,0.479,0.423,0.567,0.43,0.624,0.504,0.615,0.585,0.554,0.54,0.519,0.503,0.501,0.43,0.662,0.244,0.57,0.644,0.631,0.556,0.543,0.525,0.475,0.463,0.428,0.419,0.407,0.398,0.406,0.396,0.395,0.503,0.344,0.328,0.292,0.281,0.681,0.848,0.834,0.766,0.709,0.693,0.689,0.661,0.646,0.635,0.617,0.6,0.599,0.582,0.802,0.61,0.646,0.671,0.706,0.719,0.699,0.771,0.793,0.792,0.814,0.814,0.886,0.929,1.036,1.048,1.048,1.048,1.048,1.048,1.039,1.048,1.124,1.124,1.143,1.241,1.345,1.353,1.353,1.486,1.49,1.49,1.54,1.683,1.619,1.568,1.481,1.385,1.517,1.385,1.385,1.385,1.385,1.334,1.364,1.284,1.225,1.225,1.211,1.211,1.113,1.095,1.106,1.106,1.113,1.133,1.133,1.177,1.199,1.213,1.222,1.229,1.272,1.272,1.271,1.287,1.294,1.299,1.31,1.316,1.339,1.374,1.367,1.386,1.405,1.413,1.231,1.288,1.188,1.185,1.152,1.107,1.086,1.011,1.019,1.035,0.88,0.883,0.909,0.927,0.926,0.943,0.968,0.974,0.971,0.988,0.993,1.04,1.038,1.061,1.113,1.158,1.164,1.191,1.222,1.304,1.288,1.304,0.773,0.75,0.826,0.842,0.836,1.239,0.849,0.859,0.871,0.884,0.927,0.941,1.015,0.996,0.993,0.992,10.55
Point_103,16.192,3.102,3.102,3.139,1.866,1.361,1.077,1.114,1.114,1.114,1.156,1.182,0.714,0.73,0.782,0.782,0.804,0.817,0.833,0.87,0.901,0.712,0.943,0.948,0.973,0.982,0.994,1.003,1.024,1.042,1.034,0.957,0.723,0.71,0.657,0.585,0.584,0.549,0.551,0.533,0.533,0.504,0.496,0.473,0.448,0.493,0.586,0.598,0.621,0.626,0.633,0.649,0.659,0.659,0.663,0.671,0.69,0.69,0.69,0.671,0.657,0.657,0.657,0.724,0.726,0.749,0.693,0.694,0.677,0.658,0.662,0.627,0.642,0.609,0.605,0.568,0.554,0.526,0.432,0.385,0.444,0.444,0.318,0.307,0.307,0.307,0.269,0.281,0.265,0.263,0.265,0.213,0.236,0.213,0.281,0.313,0.376,0.172,0.168,0.133,0.104,0.086,0.0,0.02,0.069,0.06,0.104,0.263,0.263,0.263,0.31,0.31,0.31,0.31,0.31,0.337,0.346,0.425,0.378,0.39,0.406,0.41,0.54,0.458,0.468,0.542,0.601,0.552,0.551,0.558,0.581,0.577,0.459,0.459,0.44,0.428,0.428,0.399,0.444,0.43,0.467,0.503,0.496,0.471,0.462,0.372,0.43,0.516,0.535,0.573,0.657,0.629,0.629,0.596,0.596,0.57,0.526,0.544,0.48,0.497,0.509,0.653,0.516,0.71,0.59,0.702,0.672,0.64,0.626,0.605,0.59,0.587,0.516,0.68,0.263,0.588,0.73,0.717,0.642,0.629,0.611,0.561,0.549,0.514,0.505,0.493,0.484,0.492,0.482,0.482,0.59,0.43,0.414,0.378,0.367,0.767,0.934,0.92,0.852,0.795,0.779,0.775,0.747,0.732,0.722,0.703,0.686,0.685,0.668,0.888,0.697,0.732,0.757,0.792,0.805,0.785,0.858,0.879,0.878,0.901,0.901,0.972,1.015,1.122,1.134,1.134,1.134,1.134,1.134,1.125,1.134,1.21,1.21,1.23,1.327,1.431,1.439,1.439,1.572,1.576,1.576,1.626,1.769,1.705,1.654,1.567,1.471,1.603,1.471,1.471,1.471,1.471,1.42,1.451,1.37,1.311,1.311,1.297,1.297,1.199,1.181,1.193,1.193,1.199,1.219,1.219,1.263,1.285,1.299,1.308,1.315,1.358,1.358,1.357,1.373,1.38,1.385,1.396,1.402,1.425,1.46,1.453,1.472,1.491,1.499,1.318,1.374,1.275,1.271,1.238,1.193,1.172,1.097,1.105,1.122,0.966,0.969,0.995,1.014,1.012,1.029,1.054,1.06,1.057,1.074,1.079,1.126,1.124,1.147,1.199,1.244,1.25,1.277,1.308,1.39,1.374,1.39,0.859,0.836,0.912,0.928,0.922,1.325,0.935,0.946,0.957,0.97,1.013,1.027,1.101,1.082,1.08,1.078,10.636
Point_104,16.172,3.081,3.081,3.118,1.846,1.34,1.056,1.094,1.094,1.094,1.135,1.161,0.693,0.71,0.762,0.762,0.784,0.797,0.812,0.85,0.881,0.692,0.923,0.928,0.952,0.962,0.973,0.982,1.003,1.022,1.014,0.937,0.703,0.689,0.637,0.565,0.564,0.529,0.531,0.513,0.513,0.484,0.476,0.453,0.428,0.473,0.566,0.578,0.601,0.606,0.613,0.629,0.639,0.639,0.643,0.651,0.67,0.669,0.669,0.651,0.637,0.637,0.636,0.704,0.706,0.728,0.673,0.674,0.657,0.638,0.642,0.606,0.621,0.588,0.584,0.547,0.534,0.506,0.412,0.365,0.423,0.423,0.298,0.286,0.286,0.286,0.248,0.26,0.244,0.243,0.244,0.192,0.215,0.192,0.261,0.293,0.356,0.151,0.147,0.113,0.084,0.066,0.02,0.0,0.089,0.08,0.084,0.242,0.242,0.242,0.29,0.29,0.29,0.29,0.29,0.317,0.325,0.405,0.357,0.37,0.386,0.389,0.52,0.438,0.447,0.522,0.58,0.532,0.531,0.538,0.561,0.557,0.439,0.439,0.42,0.408,0.407,0.379,0.424,0.41,0.447,0.483,0.476,0.451,0.442,0.351,0.41,0.496,0.515,0.552,0.637,0.609,0.609,0.576,0.576,0.55,0.506,0.524,0.46,0.476,0.489,0.633,0.496,0.69,0.57,0.681,0.651,0.62,0.606,0.585,0.569,0.567,0.496,0.66,0.242,0.568,0.71,0.697,0.621,0.608,0.59,0.541,0.529,0.494,0.485,0.472,0.463,0.472,0.462,0.461,0.569,0.41,0.394,0.358,0.347,0.746,0.913,0.9,0.832,0.775,0.759,0.755,0.727,0.712,0.701,0.682,0.665,0.664,0.648,0.867,0.676,0.712,0.737,0.772,0.785,0.765,0.837,0.858,0.858,0.88,0.88,0.952,0.995,1.102,1.114,1.114,1.114,1.114,1.114,1.104,1.114,1.19,1.19,1.209,1.307,1.41,1.419,1.419,1.552,1.556,1.556,1.606,1.748,1.685,1.634,1.547,1.45,1.583,1.45,1.45,1.45,1.45,1.4,1.43,1.35,1.291,1.291,1.276,1.276,1.179,1.161,1.172,1.172,1.179,1.199,1.199,1.242,1.264,1.278,1.288,1.294,1.338,1.338,1.337,1.352,1.36,1.365,1.375,1.382,1.404,1.439,1.433,1.451,1.471,1.479,1.297,1.353,1.254,1.251,1.218,1.173,1.152,1.076,1.085,1.101,0.945,0.949,0.974,0.993,0.992,1.009,1.034,1.039,1.037,1.054,1.059,1.106,1.104,1.126,1.179,1.224,1.23,1.257,1.287,1.37,1.354,1.37,0.838,0.816,0.892,0.908,0.902,1.304,0.914,0.925,0.936,0.95,0.993,1.007,1.08,1.061,1.059,1.058,10.616
Point_105,16.261,3.171,3.171,3.208,1.935,1.43,1.146,1.183,1.183,1.183,1.225,1.251,0.783,0.799,0.851,0.851,0.873,0.886,0.902,0.939,0.971,0.781,1.012,1.017,1.042,1.051,1.063,1.072,1.093,1.111,1.103,1.026,0.792,0.779,0.726,0.654,0.653,0.618,0.621,0.603,0.603,0.573,0.566,0.542,0.517,0.562,0.655,0.667,0.691,0.695,0.702,0.718,0.728,0.728,0.732,0.74,0.759,0.759,0.759,0.74,0.726,0.726,0.726,0.793,0.795,0.818,0.762,0.763,0.746,0.727,0.732,0.696,0.711,0.678,0.674,0.637,0.623,0.595,0.501,0.454,0.513,0.513,0.387,0.376,0.376,0.376,0.338,0.35,0.334,0.332,0.334,0.282,0.305,0.282,0.351,0.382,0.445,0.241,0.237,0.202,0.173,0.155,0.069,0.089,0.0,0.01,0.173,0.332,0.332,0.332,0.38,0.38,0.38,0.38,0.38,0.406,0.415,0.494,0.447,0.459,0.475,0.479,0.609,0.527,0.537,0.611,0.67,0.621,0.62,0.627,0.65,0.646,0.528,0.528,0.509,0.497,0.497,0.468,0.513,0.499,0.536,0.572,0.565,0.54,0.531,0.441,0.499,0.585,0.604,0.642,0.726,0.698,0.698,0.665,0.665,0.639,0.595,0.614,0.549,0.566,0.578,0.722,0.586,0.779,0.659,0.771,0.741,0.709,0.695,0.674,0.659,0.656,0.585,0.75,0.332,0.657,0.799,0.786,0.711,0.698,0.68,0.631,0.618,0.583,0.574,0.562,0.553,0.561,0.551,0.551,0.659,0.499,0.483,0.447,0.437,0.836,1.003,0.99,0.921,0.864,0.848,0.844,0.816,0.801,0.791,0.772,0.755,0.754,0.737,0.957,0.766,0.801,0.826,0.861,0.875,0.854,0.927,0.948,0.947,0.97,0.97,1.041,1.084,1.191,1.203,1.203,1.203,1.203,1.203,1.194,1.203,1.279,1.279,1.299,1.396,1.5,1.508,1.508,1.641,1.645,1.645,1.695,1.838,1.774,1.723,1.636,1.54,1.672,1.54,1.54,1.54,1.54,1.489,1.52,1.439,1.38,1.38,1.366,1.366,1.268,1.25,1.262,1.262,1.268,1.288,1.288,1.332,1.354,1.368,1.377,1.384,1.427,1.427,1.426,1.442,1.45,1.454,1.465,1.471,1.494,1.529,1.522,1.541,1.56,1.568,1.387,1.443,1.344,1.34,1.307,1.262,1.241,1.166,1.174,1.191,1.035,1.038,1.064,1.083,1.081,1.098,1.123,1.129,1.126,1.143,1.148,1.195,1.193,1.216,1.268,1.313,1.319,1.346,1.377,1.459,1.443,1.459,0.928,0.905,0.981,0.997,0.991,1.394,1.004,1.015,1.026,1.039,1.082,1.097,1.17,1.151,1.149,1.147,10.705
Point_106,16.252,3.161,3.161,3.198,1.926,1.42,1.136,1.174,1.174,1.174,1.215,1.241,0.773,0.789,0.842,0.842,0.864,0.876,0.892,0.93,0.961,0.772,1.003,1.008,1.032,1.042,1.053,1.062,1.083,1.102,1.094,1.017,0.783,0.769,0.717,0.645,0.643,0.609,0.611,0.593,0.593,0.564,0.556,0.533,0.508,0.553,0.646,0.658,0.681,0.686,0.693,0.709,0.719,0.719,0.723,0.731,0.75,0.749,0.749,0.731,0.716,0.716,0.716,0.784,0.786,0.808,0.753,0.753,0.737,0.718,0.722,0.686,0.701,0.668,0.664,0.627,0.614,0.586,0.492,0.445,0.503,0.503,0.378,0.366,0.366,0.366,0.328,0.34,0.324,0.323,0.324,0.272,0.295,0.272,0.341,0.372,0.436,0.231,0.227,0.193,0.164,0.146,0.06,0.08,0.01,0.0,0.164,0.322,0.322,0.322,0.37,0.37,0.37,0.37,0.37,0.397,0.405,0.485,0.437,0.45,0.465,0.469,0.6,0.517,0.527,0.601,0.66,0.612,0.611,0.618,0.641,0.637,0.519,0.519,0.5,0.488,0.487,0.459,0.504,0.49,0.527,0.563,0.556,0.53,0.522,0.431,0.49,0.576,0.595,0.632,0.716,0.689,0.689,0.656,0.656,0.63,0.586,0.604,0.54,0.556,0.569,0.713,0.576,0.77,0.65,0.761,0.731,0.7,0.685,0.665,0.649,0.646,0.576,0.74,0.322,0.648,0.79,0.777,0.701,0.688,0.67,0.621,0.609,0.574,0.565,0.552,0.543,0.552,0.541,0.541,0.649,0.49,0.473,0.438,0.427,0.826,0.993,0.98,0.911,0.855,0.839,0.835,0.807,0.791,0.781,0.762,0.745,0.744,0.727,0.947,0.756,0.792,0.817,0.852,0.865,0.844,0.917,0.938,0.938,0.96,0.96,1.032,1.075,1.182,1.194,1.194,1.194,1.194,1.194,1.184,1.194,1.27,1.27,1.289,1.387,1.49,1.498,1.498,1.632,1.636,1.636,1.686,1.828,1.765,1.713,1.626,1.53,1.663,1.53,1.53,1.53,1.53,1.48,1.51,1.43,1.371,1.371,1.356,1.356,1.259,1.241,1.252,1.252,1.259,1.279,1.279,1.322,1.344,1.358,1.368,1.374,1.418,1.418,1.417,1.432,1.44,1.445,1.455,1.462,1.484,1.519,1.512,1.531,1.551,1.559,1.377,1.433,1.334,1.331,1.298,1.253,1.232,1.156,1.165,1.181,1.025,1.029,1.054,1.073,1.072,1.089,1.113,1.119,1.117,1.134,1.139,1.186,1.184,1.206,1.259,1.304,1.31,1.337,1.367,1.45,1.434,1.45,0.918,0.896,0.971,0.988,0.982,1.384,0.994,1.005,1.016,1.03,1.073,1.087,1.16,1.141,1.139,1.138,10.696
Point_107,16.192,3.101,3.101,3.138,1.866,1.36,1.076,1.114,1.114,1.114,1.155,1.181,0.713,0.73,0.782,0.782,0.804,0.817,0.832,0.87,0.901,0.712,0.943,0.948,0.972,0.982,0.993,1.002,1.023,1.042,1.034,0.957,0.723,0.709,0.657,0.585,0.584,0.549,0.551,0.533,0.533,0.504,0.496,0.473,0.448,0.493,0.586,0.598,0.621,0.626,0.633,0.649,0.659,0.659,0.663,0.671,0.69,0.689,0.689,0.671,0.657,0.657,0.656,0.724,0.726,0.748,0.693,0.694,0.677,0.658,0.662,0.626,0.641,0.608,0.604,0.567,0.554,0.526,0.432,0.385,0.443,0.443,0.318,0.306,0.306,0.306,0.268,0.28,0.264,0.263,0.264,0.212,0.235,0.212,0.281,0.313,0.376,0.171,0.167,0.133,0.104,0.086,0.104,0.084,0.173,0.164,0.0,0.158,0.158,0.158,0.206,0.206,0.206,0.206,0.206,0.233,0.242,0.321,0.274,0.286,0.302,0.306,0.436,0.354,0.364,0.438,0.497,0.448,0.447,0.454,0.477,0.473,0.355,0.355,0.336,0.324,0.324,0.295,0.34,0.326,0.363,0.399,0.392,0.406,0.358,0.371,0.447,0.516,0.535,0.572,0.657,0.629,0.629,0.596,0.596,0.57,0.526,0.544,0.48,0.732,0.509,0.653,0.516,0.71,0.59,0.701,0.671,0.64,0.626,0.605,0.589,0.587,0.516,0.576,0.158,0.484,0.73,0.717,0.641,0.628,0.61,0.561,0.549,0.514,0.505,0.492,0.483,0.492,0.482,0.481,0.589,0.43,0.414,0.378,0.367,0.766,0.933,0.92,0.852,0.795,0.779,0.775,0.747,0.732,0.721,0.702,0.685,0.684,0.668,0.887,0.696,0.732,0.757,0.792,0.805,0.785,0.857,0.878,0.878,0.9,0.9,0.972,1.015,1.122,1.134,1.134,1.134,1.134,1.134,1.124,1.134,1.21,1.21,1.229,1.327,1.43,1.439,1.439,1.572,1.576,1.576,1.626,1.768,1.705,1.654,1.567,1.47,1.603,1.47,1.47,1.47,1.47,1.42,1.45,1.37,1.311,1.311,1.296,1.296,1.199,1.181,1.192,1.192,1.199,1.219,1.219,1.262,1.284,1.298,1.308,1.314,1.358,1.358,1.357,1.372,1.38,1.385,1.395,1.402,1.424,1.459,1.453,1.471,1.491,1.499,1.317,1.373,1.274,1.271,1.238,1.193,1.172,1.096,1.105,1.121,0.965,0.969,0.994,1.013,1.012,1.029,1.054,1.059,1.057,1.074,1.079,1.126,1.124,1.146,1.199,1.244,1.25,1.277,1.307,1.39,1.374,1.39,0.858,0.836,0.912,0.928,0.922,1.324,0.934,0.945,0.956,0.97,1.013,1.027,1.1,1.081,1.079,1.078,10.636
Point_108,16.35,3.26,3.26,3.297,2.024,1.519,1.235,1.273,1.273,1.273,1.314,1.34,0.872,0.888,0.94,0.94,0.962,0.975,0.991,1.029,1.06,0.87,1.101,1.106,1.131,1.14,1.152,1.161,1.182,1.2,1.192,1.116,0.881,0.868,0.815,0.743,0.742,0.707,0.71,0.692,0.692,0.662,0.655,0.631,0.606,0.651,0.744,0.756,0.78,0.784,0.791,0.807,0.817,0.817,0.821,0.829,0.848,0.848,0.848,0.829,0.815,0.815,0.815,0.882,0.884,0.907,0.851,0.852,0.835,0.816,0.821,0.785,0.8,0.767,0.763,0.726,0.712,0.684,0.591,0.543,0.602,0.602,0.476,0.465,0.465,0.465,0.427,0.439,0.423,0.421,0.423,0.371,0.394,0.371,0.44,0.471,0.534,0.33,0.326,0.292,0.262,0.244,0.263,0.242,0.332,0.322,0.158,0.0,0.0,0.0,0.094,0.094,0.094,0.094,0.094,0.121,0.129,0.209,0.161,0.174,0.189,0.193,0.324,0.242,0.251,0.325,0.384,0.336,0.335,0.342,0.365,0.361,0.243,0.243,0.224,0.212,0.211,0.183,0.228,0.214,0.251,0.287,0.28,0.294,0.246,0.53,0.335,0.674,0.694,0.731,0.815,0.787,0.787,0.754,0.754,0.728,0.684,0.703,0.638,0.89,0.667,0.811,0.675,0.868,0.749,0.86,0.83,0.798,0.784,0.763,0.748,0.745,0.674,0.464,0.0,0.372,0.888,0.876,0.8,0.787,0.769,0.72,0.707,0.672,0.663,0.651,0.642,0.65,0.64,0.64,0.748,0.588,0.572,0.536,0.526,0.925,1.092,1.079,1.01,0.953,0.937,0.933,0.905,0.89,0.88,0.861,0.844,0.843,0.826,1.046,0.855,0.891,0.915,0.95,0.964,0.943,1.016,1.037,1.036,1.059,1.059,1.13,1.173,1.28,1.293,1.293,1.293,1.293,1.293,1.283,1.293,1.369,1.369,1.388,1.485,1.589,1.597,1.597,1.73,1.734,1.734,1.785,1.927,1.863,1.812,1.725,1.629,1.761,1.629,1.629,1.629,1.629,1.578,1.609,1.529,1.469,1.469,1.455,1.455,1.358,1.339,1.351,1.351,1.358,1.377,1.377,1.421,1.443,1.457,1.466,1.473,1.516,1.516,1.515,1.531,1.539,1.543,1.554,1.56,1.583,1.618,1.611,1.63,1.65,1.658,1.476,1.532,1.433,1.429,1.396,1.351,1.33,1.255,1.263,1.28,1.124,1.127,1.153,1.172,1.17,1.187,1.212,1.218,1.215,1.232,1.238,1.284,1.282,1.305,1.357,1.402,1.408,1.435,1.466,1.548,1.532,1.548,1.017,0.994,1.07,1.087,1.08,1.483,1.093,1.104,1.115,1.128,1.171,1.186,1.259,1.24,1.238,1.237,10.795
Point_109,16.35,3.26,3.26,3.297,2.024,1.519,1.235,1.273,1.273,1.273,1.314,1.34,0.872,0.888,0.94,0.94,0.962,0.975,0.991,1.029,1.06,0.87,1.101,1.106,1.131,1.14,1.152,1.161,1.182,1.2,1.192,1.116,0.881,0.868,0.815,0.743,0.742,0.707,0.71,0.692,0.692,0.662,0.655,0.631,0.606,0.651,0.744,0.756,0.78,0.784,0.791,0.807,0.817,0.817,0.821,0.829,0.848,0.848,0.848,0.829,0.815,0.815,0.815,0.882,0.884,0.907,0.851,0.852,0.835,0.816,0.821,0.785,0.8,0.767,0.763,0.726,0.712,0.684,0.591,0.543,0.602,0.602,0.476,0.465,0.465,0.465,0.427,0.439,0.423,0.421,0.423,0.371,0.394,0.371,0.44,0.471,0.534,0.33,0.326,0.292,0.262,0.244,0.263,0.242,0.332,0.322,0.158,0.0,0.0,0.0,0.094,0.094,0.094,0.094,0.094,0.121,0.129,0.209,0.161,0.174,0.189,0.193,0.324,0.242,0.251,0.325,0.384,0.336,0.335,0.342,0.365,0.361,0.243,0.243,0.224,0.212,0.211,0.183,0.228,0.214,0.251,0.287,0.28,0.294,0.246,0.53,0.335,0.674,0.694,0.731,0.815,0.787,0.787,0.754,0.754,0.728,0.684,0.703,0.638,0.89,0.667,0.811,0.675,0.868,0.749,0.86,0.83,0.798,0.784,0.763,0.748,0.745,0.674,0.464,0.0,0.372,0.888,0.876,0.8,0.787,0.769,0.72,0.707,0.672,0.663,0.651,0.642,0.65,0.64,0.64,0.748,0.588,0.572,0.536,0.526,0.925,1.092,1.079,1.01,0.953,0.937,0.933,0.905,0.89,0.88,0.861,0.844,0.843,0.826,1.046,0.855,0.891,0.915,0.95,0.964,0.943,1.016,1.037,1.036,1.059,1.059,1.13,1.173,1.28,1.293,1.293,1.293,1.293,1.293,1.283,1.293,1.369,1.369,1.388,1.485,1.589,1.597,1.597,1.73,1.734,1.734,1.785,1.927,1.863,1.812,1.725,1.629,1.761,1.629,1.629,1.629,1.629,1.578,1.609,1.529,1.469,1.469,1.455,1.455,1.358,1.339,1.351,1.351,1.358,1.377,1.377,1.421,1.443,1.457,1.466,1.473,1.516,1.516,1.515,1.531,1.539,1.543,1.554,1.56,1.583,1.618,1.611,1.63,1.65,1.658,1.476,1.532,1.433,1.429,1.396,1.351,1.33,1.255,1.263,1.28,1.124,1.127,1.153,1.172,1.17,1.187,1.212,1.218,1.215,1.232,1.238,1.284,1.282,1.305,1.357,1.402,1.408,1.435,1.466,1.548,1.532,1.548,1.017,0.994,1.07,1.087,1.08,1.483,1.093,1.104,1.115,1.128,1.171,1.186,1.259,1.24,1.238,1.237,10.795
Point_110,16.35,3.26,3.26,3.297,2.024,1.519,1.235,1.273,1.273,1.273,1.314,1.34,0.872,0.888,0.94,0.94,0.962,0.975,0.991,1.029,1.06,0.87,1.101,1.106,1.131,1.14,1.152,1.161,1.182,1.2,1.192,1.116,0.881,0.868,0.815,0.743,0.742,0.707,0.71,0.692,0.692,0.662,0.655,0.631,0.606,0.651,0.744,0.756,0.78,0.784,0.791,0.807,0.817,0.817,0.821,0.829,0.848,0.848,0.848,0.829,0.815,0.815,0.815,0.882,0.884,0.907,0.851,0.852,0.835,0.816,0.821,0.785,0.8,0.767,0.763,0.726,0.712,0.684,0.591,0.543,0.602,0.602,0.476,0.465,0.465,0.465,0.427,0.439,0.423,0.421,0.423,0.371,0.394,0.371,0.44,0.471,0.534,0.33,0.326,0.292,0.262,0.244,0.263,0.242,0.332,0.322,0.158,0.0,0.0,0.0,0.094,0.094,0.094,0.094,0.094,0.121,0.129,0.209,0.161,0.174,0.189,0.193,0.324,0.242,0.251,0.325,0.384,0.336,0.335,0.342,0.365,0.361,0.243,0.243,0.224,0.212,0.211,0.183,0.228,0.214,0.251,0.287,0.28,0.294,0.246,0.53,0.335,0.674,0.694,0.731,0.815,0.787,0.787,0.754,0.754,0.728,0.684,0.703,0.638,0.89,0.667,0.811,0.675,0.868,0.749,0.86,0.83,0.798,0.784,0.763,0.748,0.745,0.674,0.464,0.0,0.372,0.888,0.876,0.8,0.787,0.769,0.72,0.707,0.672,0.663,0.651,0.642,0.65,0.64,0.64,0.748,0.588,0.572,0.536,0.526,0.925,1.092,1.079,1.01,0.953,0.937,0.933,0.905,0.89,0.88,0.861,0.844,0.843,0.826,1.046,0.855,0.891,0.915,0.95,0.964,0.943,1.016,1.037,1.036,1.059,1.059,1.13,1.173,1.28,1.293,1.293,1.293,1.293,1.293,1.283,1.293,1.369,1.369,1.388,1.485,1.589,1.597,1.597,1.73,1.734,1.734,1.785,1.927,1.863,1.812,1.725,1.629,1.761,1.629,1.629,1.629,1.629,1.578,1.609,1.529,1.469,1.469,1.455,1.455,1.358,1.339,1.351,1.351,1.358,1.377,1.377,1.421,1.443,1.457,1.466,1.473,1.516,1.516,1.515,1.531,1.539,1.543,1.554,1.56,1.583,1.618,1.611,1.63,1.65,1.658,1.476,1.532,1.433,1.429,1.396,1.351,1.33,1.255,1.263,1.28,1.124,1.127,1.153,1.172,1.17,1.187,1.212,1.218,1.215,1.232,1.238,1.284,1.282,1.305,1.357,1.402,1.408,1.435,1.466,1.548,1.532,1.548,1.017,0.994,1.07,1.087,1.08,1.483,1.093,1.104,1.115,1.128,1.171,1.186,1.259,1.24,1.238,1.237,10.795
Point_111,16.398,3.308,3.308,3.345,2.072,1.567,1.283,1.32,1.32,1.32,1.362,1.388,0.92,0.936,0.988,0.988,1.01,1.023,1.039,1.076,1.108,0.918,1.149,1.154,1.179,1.188,1.2,1.209,1.23,1.248,1.24,1.307,0.929,0.916,0.863,0.791,0.79,0.755,0.758,0.74,0.74,0.71,0.703,0.679,0.654,0.699,0.792,0.804,0.828,0.832,0.839,0.855,0.865,0.865,0.869,0.877,0.896,0.896,0.896,0.877,0.863,0.863,0.863,0.93,0.932,0.955,0.899,0.9,0.883,0.864,0.869,0.833,0.848,0.815,0.811,0.774,0.76,0.732,0.639,0.591,0.65,0.65,0.524,0.513,0.513,0.513,0.475,0.487,0.471,0.469,0.471,0.419,0.442,0.419,0.488,0.519,0.582,0.378,0.374,0.339,0.31,0.292,0.31,0.29,0.38,0.37,0.206,0.094,0.094,0.094,0.0,0.0,0.0,0.0,0.0,0.063,0.072,0.151,0.103,0.116,0.132,0.135,0.266,0.184,0.193,0.268,0.326,0.278,0.277,0.284,0.307,0.303,0.185,0.185,0.166,0.154,0.154,0.125,0.17,0.156,0.193,0.229,0.222,0.236,0.188,0.336,0.277,0.722,0.742,0.779,0.863,0.835,0.835,0.802,0.802,0.776,0.732,0.751,0.686,0.938,0.715,0.859,0.723,0.916,0.797,0.908,0.878,0.846,0.832,0.811,0.796,0.793,0.722,0.37,0.094,0.278,0.788,0.801,0.876,0.835,0.817,0.768,0.755,0.72,0.711,0.699,0.69,0.698,0.688,0.688,0.796,0.636,0.62,0.584,0.574,0.973,1.14,1.127,1.058,1.001,0.985,0.981,0.953,0.938,0.928,0.909,0.892,0.891,0.874,1.094,0.903,0.938,0.963,0.998,1.012,0.991,1.064,1.085,1.084,1.107,1.107,1.178,1.221,1.328,1.341,1.341,1.341,1.341,1.341,1.331,1.341,1.416,1.416,1.436,1.533,1.637,1.645,1.645,1.778,1.782,1.782,1.833,1.954,1.911,1.86,1.773,1.677,1.809,1.677,1.677,1.677,1.677,1.626,1.657,1.576,1.517,1.517,1.503,1.503,1.405,1.387,1.399,1.399,1.405,1.425,1.425,1.469,1.491,1.505,1.514,1.521,1.564,1.564,1.563,1.579,1.587,1.591,1.602,1.608,1.631,1.666,1.659,1.678,1.698,1.706,1.524,1.423,1.481,1.477,1.444,1.399,1.378,1.303,1.311,1.328,1.172,1.175,1.201,1.22,1.218,1.235,1.26,1.266,1.263,1.28,1.285,1.332,1.33,1.353,1.405,1.45,1.456,1.483,1.514,1.596,1.58,1.596,1.065,1.042,1.118,1.135,1.128,1.531,1.141,1.152,1.163,1.176,1.219,1.234,1.307,1.288,1.286,1.284,10.509
Point_112,16.398,3.308,3.308,3.345,2.072,1.567,1.283,1.32,1.32,1.32,1.362,1.388,0.92,0.936,0.988,0.988,1.01,1.023,1.039,1.076,1.108,0.918,1.149,1.154,1.179,1.188,1.2,1.209,1.23,1.248,1.24,1.307,0.929,0.916,0.863,0.791,0.79,0.755,0.758,0.74,0.74,0.71,0.703,0.679,0.654,0.699,0.792,0.804,0.828,0.832,0.839,0.855,0.865,0.865,0.869,0.877,0.896,0.896,0.896,0.877,0.863,0.863,0.863,0.93,0.932,0.955,0.899,0.9,0.883,0.864,0.869,0.833,0.848,0.815,0.811,0.774,0.76,0.732,0.639,0.591,0.65,0.65,0.524,0.513,0.513,0.513,0.475,0.487,0.471,0.469,0.471,0.419,0.442,0.419,0.488,0.519,0.582,0.378,0.374,0.339,0.31,0.292,0.31,0.29,0.38,0.37,0.206,0.094,0.094,0.094,0.0,0.0,0.0,0.0,0.0,0.063,0.072,0.151,0.103,0.116,0.132,0.135,0.266,0.184,0.193,0.268,0.326,0.278,0.277,0.284,0.307,0.303,0.185,0.185,0.166,0.154,0.154,0.125,0.17,0.156,0.193,0.229,0.222,0.236,0.188,0.336,0.277,0.722,0.742,0.779,0.863,0.835,0.835,0.802,0.802,0.776,0.732,0.751,0.686,0.938,0.715,0.859,0.723,0.916,0.797,0.908,0.878,0.846,0.832,0.811,0.796,0.793,0.722,0.37,0.094,0.278,0.788,0.801,0.876,0.835,0.817,0.768,0.755,0.72,0.711,0.699,0.69,0.698,0.688,0.688,0.796,0.636,0.62,0.584,0.574,0.973,1.14,1.127,1.058,1.001,0.985,0.981,0.953,0.938,0.928,0.909,0.892,0.891,0.874,1.094,0.903,0.938,0.963,0.998,1.012,0.991,1.064,1.085,1.084,1.107,1.107,1.178,1.221,1.328,1.341,1.341,1.341,1.341,1.341,1.331,1.341,1.416,1.416,1.436,1.533,1.637,1.645,1.645,1.778,1.782,1.782,1.833,1.954,1.911,1.86,1.773,1.677,1.809,1.677,1.677,1.677,1.677,1.626,1.657,1.576,1.517,1.517,1.503,1.503,1.405,1.387,1.399,1.399,1.405,1.425,1.425,1.469,1.491,1.505,1.514,1.521,1.564,1.564,1.563,1.579,1.587,1.591,1.602,1.608,1.631,1.666,1.659,1.678,1.698,1.706,1.524,1.423,1.481,1.477,1.444,1.399,1.378,1.303,1.311,1.328,1.172,1.175,1.201,1.22,1.218,1.235,1.26,1.266,1.263,1.28,1.285,1.332,1.33,1.353,1.405,1.45,1.456,1.483,1.514,1.596,1.58,1.596,1.065,1.042,1.118,1.135,1.128,1.531,1.141,1.152,1.163,1.176,1.219,1.234,1.307,1.288,1.286,1.284,10.509
Point_113,16.398,3.308,3.308,3.345,2.072,1.567,1.283,1.32,1.32,1.32,1.362,1.388,0.92,0.936,0.988,0.988,1.01,1.023,1.039,1.076,1.108,0.918,1.149,1.154,1.179,1.188,1.2,1.209,1.23,1.248,1.24,1.307,0.929,0.916,0.863,0.791,0.79,0.755,0.758,0.74,0.74,0.71,0.703,0.679,0.654,0.699,0.792,0.804,0.828,0.832,0.839,0.855,0.865,0.865,0.869,0.877,0.896,0.896,0.896,0.877,0.863,0.863,0.863,0.93,0.932,0.955,0.899,0.9,0.883,0.864,0.869,0.833,0.848,0.815,0.811,0.774,0.76,0.732,0.639,0.591,0.65,0.65,0.524,0.513,0.513,0.513,0.475,0.487,0.471,0.469,0.471,0.419,0.442,0.419,0.488,0.519,0.582,0.378,0.374,0.339,0.31,0.292,0.31,0.29,0.38,0.37,0.206,0.094,0.094,0.094,0.0,0.0,0.0,0.0,0.0,0.063,0.072,0.151,0.103,0.116,0.132,0.135,0.266,0.184,0.193,0.268,0.326,0.278,0.277,0.284,0.307,0.303,0.185,0.185,0.166,0.154,0.154,0.125,0.17,0.156,0.193,0.229,0.222,0.236,0.188,0.336,0.277,0.722,0.742,0.779,0.863,0.835,0.835,0.802,0.802,0.776,0.732,0.751,0.686,0.938,0.715,0.859,0.723,0.916,0.797,0.908,0.878,0.846,0.832,0.811,0.796,0.793,0.722,0.37,0.094,0.278,0.788,0.801,0.876,0.835,0.817,0.768,0.755,0.72,0.711,0.699,0.69,0.698,0.688,0.688,0.796,0.636,0.62,0.584,0.574,0.973,1.14,1.127,1.058,1.001,0.985,0.981,0.953,0.938,0.928,0.909,0.892,0.891,0.874,1.094,0.903,0.938,0.963,0.998,1.012,0.991,1.064,1.085,1.084,1.107,1.107,1.178,1.221,1.328,1.341,1.341,1.341,1.341,1.341,1.331,1.341,1.416,1.416,1.436,1.533,1.637,1.645,1.645,1.778,1.782,1.782,1.833,1.954,1.911,1.86,1.773,1.677,1.809,1.677,1.677,1.677,1.677,1.626,1.657,1.576,1.517,1.517,1.503,1.503,1.405,1.387,1.399,1.399,1.405,1.425,1.425,1.469,1.491,1.505,1.514,1.521,1.564,1.564,1.563,1.579,1.587,1.591,1.602,1.608,1.631,1.666,1.659,1.678,1.698,1.706,1.524,1.423,1.481,1.477,1.444,1.399,1.378,1.303,1.311,1.328,1.172,1.175,1.201,1.22,1.218,1.235,1.26,1.266,1.263,1.28,1.285,1.332,1.33,1.353,1.405,1.45,1.456,1.483,1.514,1.596,1.58,1.596,1.065,1.042,1.118,1.135,1.128,1.531,1.141,1.152,1.163,1.176,1.219,1.234,1.307,1.288,1.286,1.284,10.509
Point_114,16.398,3.308,3.308,3.345,2.072,1.567,1.283,1.32,1.32,1.32,1.362,1.388,0.92,0.936,0.988,0.988,1.01,1.023,1.039,1.076,1.108,0.918,1.149,1.154,1.179,1.188,1.2,1.209,1.23,1.248,1.24,1.307,0.929,0.916,0.863,0.791,0.79,0.755,0.758,0.74,0.74,0.71,0.703,0.679,0.654,0.699,0.792,0.804,0.828,0.832,0.839,0.855,0.865,0.865,0.869,0.877,0.896,0.896,0.896,0.877,0.863,0.863,0.863,0.93,0.932,0.955,0.899,0.9,0.883,0.864,0.869,0.833,0.848,0.815,0.811,0.774,0.76,0.732,0.639,0.591,0.65,0.65,0.524,0.513,0.513,0.513,0.475,0.487,0.471,0.469,0.471,0.419,0.442,0.419,0.488,0.519,0.582,0.378,0.374,0.339,0.31,0.292,0.31,0.29,0.38,0.37,0.206,0.094,0.094,0.094,0.0,0.0,0.0,0.0,0.0,0.063,0.072,0.151,0.103,0.116,0.132,0.135,0.266,0.184,0.193,0.268,0.326,0.278,0.277,0.284,0.307,0.303,0.185,0.185,0.166,0.154,0.154,0.125,0.17,0.156,0.193,0.229,0.222,0.236,0.188,0.336,0.277,0.722,0.742,0.779,0.863,0.835,0.835,0.802,0.802,0.776,0.732,0.751,0.686,0.938,0.715,0.859,0.723,0.916,0.797,0.908,0.878,0.846,0.832,0.811,0.796,0.793,0.722,0.37,0.094,0.278,0.788,0.801,0.876,0.835,0.817,0.768,0.755,0.72,0.711,0.699,0.69,0.698,0.688,0.688,0.796,0.636,0.62,0.584,0.574,0.973,1.14,1.127,1.058,1.001,0.985,0.981,0.953,0.938,0.928,0.909,0.892,0.891,0.874,1.094,0.903,0.938,0.963,0.998,1.012,0.991,1.064,1.085,1.084,1.107,1.107,1.178,1.221,1.328,1.341,1.341,1.341,1.341,1.341,1.331,1.341,1.416,1.416,1.436,1.533,1.637,1.645,1.645,1.778,1.782,1.782,1.833,1.954,1.911,1.86,1.773,1.677,1.809,1.677,1.677,1.677,1.677,1.626,1.657,1.576,1.517,1.517,1.503,1.503,1.405,1.387,1.399,1.399,1.405,1.425,1.425,1.469,1.491,1.505,1.514,1.521,1.564,1.564,1.563,1.579,1.587,1.591,1.602,1.608,1.631,1.666,1.659,1.678,1.698,1.706,1.524,1.423,1.481,1.477,1.444,1.399,1.378,1.303,1.311,1.328,1.172,1.175,1.201,1.22,1.218,1.235,1.26,1.266,1.263,1.28,1.285,1.332,1.33,1.353,1.405,1.45,1.456,1.483,1.514,1.596,1.58,1.596,1.065,1.042,1.118,1.135,1.128,1.531,1.141,1.152,1.163,1.176,1.219,1.234,1.307,1.288,1.286,1.284,10.509
Point_115,16.398,3.308,3.308,3.345,2.072,1.567,1.283,1.32,1.32,1.32,1.362,1.388,0.92,0.936,0.988,0.988,1.01,1.023,1.039,1.076,1.108,0.918,1.149,1.154,1.179,1.188,1.2,1.209,1.23,1.248,1.24,1.307,0.929,0.916,0.863,0.791,0.79,0.755,0.758,0.74,0.74,0.71,0.703,0.679,0.654,0.699,0.792,0.804,0.828,0.832,0.839,0.855,0.865,0.865,0.869,0.877,0.896,0.896,0.896,0.877,0.863,0.863,0.863,0.93,0.932,0.955,0.899,0.9,0.883,0.864,0.869,0.833,0.848,0.815,0.811,0.774,0.76,0.732,0.639,0.591,0.65,0.65,0.524,0.513,0.513,0.513,0.475,0.487,0.471,0.469,0.471,0.419,0.442,0.419,0.488,0.519,0.582,0.378,0.374,0.339,0.31,0.292,0.31,0.29,0.38,0.37,0.206,0.094,0.094,0.094,0.0,0.0,0.0,0.0,0.0,0.063,0.072,0.151,0.103,0.116,0.132,0.135,0.266,0.184,0.193,0.268,0.326,0.278,0.277,0.284,0.307,0.303,0.185,0.185,0.166,0.154,0.154,0.125,0.17,0.156,0.193,0.229,0.222,0.236,0.188,0.336,0.277,0.722,0.742,0.779,0.863,0.835,0.835,0.802,0.802,0.776,0.732,0.751,0.686,0.938,0.715,0.859,0.723,0.916,0.797,0.908,0.878,0.846,0.832,0.811,0.796,0.793,0.722,0.37,0.094,0.278,0.788,0.801,0.876,0.835,0.817,0.768,0.755,0.72,0.711,0.699,0.69,0.698,0.688,0.688,0.796,0.636,0.62,0.584,0.574,0.973,1.14,1.127,1.058,1.001,0.985,0.981,0.953,0.938,0.928,0.909,0.892,0.891,0.874,1.094,0.903,0.938,0.963,0.998,1.012,0.991,1.064,1.085,1.084,1.107,1.107,1.178,1.221,1.328,1.341,1.341,1.341,1.341,1.341,1.331,1.341,1.416,1.416,1.436,1.533,1.637,1.645,1.645,1.778,1.782,1.782,1.833,1.954,1.911,1.86,1.773,1.677,1.809,1.677,1.677,1.677,1.677,1.626,1.657,1.576,1.517,1.517,1.503,1.503,1.405,1.387,1.399,1.399,1.405,1.425,1.425,1.469,1.491,1.505,1.514,1.521,1.564,1.564,1.563,1.579,1.587,1.591,1.602,1.608,1.631,1.666,1.659,1.678,1.698,1.706,1.524,1.423,1.481,1.477,1.444,1.399,1.378,1.303,1.311,1.328,1.172,1.175,1.201,1.22,1.218,1.235,1.26,1.266,1.263,1.28,1.285,1.332,1.33,1.353,1.405,1.45,1.456,1.483,1.514,1.596,1.58,1.596,1.065,1.042,1.118,1.135,1.128,1.531,1.141,1.152,1.163,1.176,1.219,1.234,1.307,1.288,1.286,1.284,10.509
Point_116,16.425,3.334,3.334,3.372,2.099,1.593,1.309,1.347,1.347,1.347,1.389,1.414,0.947,0.963,1.015,1.015,1.037,1.05,1.066,1.103,1.134,0.945,1.176,1.181,1.206,1.215,1.227,1.236,1.257,1.275,1.267,1.19,0.956,0.942,0.89,0.818,0.817,0.782,0.784,0.766,0.766,0.737,0.729,0.706,0.681,0.726,0.819,0.831,0.854,0.859,0.866,0.882,0.892,0.892,0.896,0.904,0.923,0.922,0.922,0.904,0.89,0.89,0.89,0.957,0.959,0.982,0.926,0.927,0.91,0.891,0.895,0.86,0.875,0.842,0.838,0.801,0.787,0.759,0.665,0.618,0.676,0.676,0.551,0.539,0.539,0.539,0.501,0.514,0.498,0.496,0.498,0.445,0.469,0.445,0.514,0.546,0.609,0.405,0.401,0.366,0.337,0.319,0.337,0.317,0.406,0.397,0.233,0.121,0.121,0.121,0.063,0.063,0.063,0.063,0.063,0.0,0.009,0.088,0.04,0.053,0.069,0.073,0.203,0.121,0.13,0.205,0.263,0.215,0.214,0.221,0.244,0.24,0.164,0.164,0.145,0.133,0.133,0.104,0.149,0.135,0.172,0.208,0.201,0.215,0.167,0.315,0.256,0.749,0.768,0.805,0.89,0.862,0.862,0.829,0.829,0.803,0.759,0.777,0.713,0.965,0.742,0.886,0.749,0.943,0.823,0.934,0.904,0.873,0.859,0.838,0.822,0.82,0.749,0.433,0.121,0.341,0.963,0.95,0.874,0.861,0.844,0.794,0.782,0.747,0.738,0.726,0.717,0.725,0.715,0.714,0.822,0.663,0.647,0.611,0.6,1.0,1.166,1.153,1.085,1.028,1.012,1.008,0.98,0.965,0.954,0.936,0.919,0.918,0.901,1.121,0.929,0.965,0.99,1.025,1.038,1.018,1.09,1.112,1.111,1.133,1.133,1.205,1.248,1.355,1.367,1.367,1.367,1.367,1.367,1.357,1.367,1.443,1.443,1.462,1.56,1.663,1.672,1.672,1.805,1.809,1.809,1.859,2.001,1.938,1.887,1.8,1.704,1.836,1.704,1.704,1.704,1.704,1.653,1.683,1.603,1.544,1.544,1.53,1.53,1.432,1.414,1.425,1.425,1.432,1.452,1.452,1.496,1.518,1.532,1.541,1.548,1.591,1.591,1.59,1.606,1.613,1.618,1.629,1.635,1.658,1.692,1.686,1.704,1.724,1.732,1.55,1.607,1.507,1.504,1.471,1.426,1.405,1.329,1.338,1.354,1.198,1.202,1.227,1.246,1.245,1.262,1.287,1.292,1.29,1.307,1.312,1.359,1.357,1.379,1.432,1.477,1.483,1.51,1.541,1.623,1.607,1.623,1.092,1.069,1.145,1.161,1.155,1.557,1.167,1.178,1.19,1.203,1.246,1.26,1.334,1.315,1.312,1.311,10.869
Point_117,16.434,3.343,3.343,3.38,2.107,1.602,1.318,1.356,1.356,1.356,1.397,1.423,0.955,0.971,1.024,1.024,1.046,1.058,1.074,1.112,1.143,0.953,1.184,1.19,1.214,1.223,1.235,1.244,1.265,1.283,1.275,1.199,0.965,0.951,0.898,0.827,0.825,0.791,0.793,0.775,0.775,0.745,0.738,0.714,0.69,0.735,0.828,0.839,0.863,0.867,0.875,0.89,0.9,0.9,0.905,0.912,0.932,0.931,0.931,0.912,0.898,0.898,0.898,0.966,0.967,0.99,0.935,0.935,0.918,0.9,0.904,0.868,0.883,0.85,0.846,0.809,0.795,0.768,0.674,0.627,0.685,0.685,0.559,0.548,0.548,0.548,0.51,0.522,0.506,0.504,0.506,0.454,0.477,0.454,0.523,0.554,0.618,0.413,0.409,0.375,0.346,0.327,0.346,0.325,0.415,0.405,0.242,0.129,0.129,0.129,0.072,0.072,0.072,0.072,0.072,0.009,0.0,0.08,0.032,0.044,0.06,0.064,0.195,0.112,0.122,0.196,0.255,0.207,0.205,0.212,0.235,0.231,0.173,0.173,0.153,0.142,0.141,0.112,0.157,0.144,0.181,0.217,0.21,0.224,0.175,0.324,0.265,0.757,0.777,0.814,0.898,0.87,0.87,0.838,0.838,0.812,0.767,0.786,0.721,0.973,0.751,0.895,0.758,0.951,0.832,0.943,0.913,0.882,0.867,0.847,0.831,0.828,0.757,0.442,0.129,0.349,0.972,0.959,0.883,0.87,0.852,0.803,0.79,0.755,0.747,0.734,0.725,0.734,0.723,0.723,0.831,0.671,0.655,0.619,0.609,1.008,1.175,1.162,1.093,1.036,1.021,1.016,0.989,0.973,0.963,0.944,0.927,0.926,0.909,1.129,0.938,0.974,0.998,1.033,1.047,1.026,1.099,1.12,1.119,1.142,1.142,1.214,1.256,1.364,1.376,1.376,1.376,1.376,1.376,1.366,1.376,1.452,1.452,1.471,1.568,1.672,1.68,1.68,1.813,1.817,1.817,1.868,2.01,1.946,1.895,1.808,1.712,1.844,1.712,1.712,1.712,1.712,1.662,1.692,1.612,1.552,1.552,1.538,1.538,1.441,1.423,1.434,1.434,1.441,1.46,1.46,1.504,1.526,1.54,1.55,1.556,1.6,1.6,1.598,1.614,1.622,1.627,1.637,1.643,1.666,1.701,1.694,1.713,1.733,1.741,1.559,1.615,1.516,1.512,1.48,1.435,1.413,1.338,1.346,1.363,1.207,1.211,1.236,1.255,1.253,1.271,1.295,1.301,1.299,1.315,1.321,1.368,1.365,1.388,1.441,1.485,1.492,1.519,1.549,1.632,1.616,1.632,1.1,1.077,1.153,1.17,1.164,1.566,1.176,1.187,1.198,1.212,1.255,1.269,1.342,1.323,1.321,1.32,10.878
Point_118,16.513,3.422,3.422,3.46,2.187,1.682,1.397,1.435,1.435,1.435,1.477,1.503,1.035,1.051,1.103,1.103,1.125,1.138,1.154,1.191,1.222,1.033,1.264,1.269,1.294,1.303,1.315,1.324,1.345,1.363,1.355,1.278,1.044,1.031,0.978,0.906,0.905,0.87,0.872,0.854,0.854,0.825,0.817,0.794,0.769,0.814,0.907,0.919,0.942,0.947,0.954,0.97,0.98,0.98,0.984,0.992,1.011,1.01,1.01,0.992,0.978,0.978,0.978,1.045,1.047,1.07,1.014,1.015,0.998,0.979,0.983,0.948,0.963,0.93,0.926,0.889,0.875,0.847,0.753,0.706,0.764,0.764,0.639,0.627,0.627,0.627,0.59,0.602,0.586,0.584,0.586,0.533,0.557,0.533,0.602,0.634,0.697,0.493,0.489,0.454,0.425,0.407,0.425,0.405,0.494,0.485,0.321,0.209,0.209,0.209,0.151,0.151,0.151,0.151,0.151,0.088,0.08,0.0,0.048,0.035,0.019,0.016,0.115,0.033,0.042,0.117,0.175,0.127,0.126,0.133,0.156,0.152,0.177,0.177,0.196,0.208,0.208,0.192,0.237,0.223,0.26,0.296,0.289,0.303,0.255,0.404,0.344,0.837,0.856,0.893,0.978,0.95,0.95,0.917,0.917,0.891,0.847,0.865,0.801,1.053,0.83,0.974,0.837,1.031,0.911,1.022,0.992,0.961,0.947,0.926,0.91,0.908,0.837,0.521,0.209,0.429,1.051,1.038,0.963,0.95,0.932,0.882,0.87,0.835,0.826,0.814,0.805,0.813,0.803,0.802,0.91,0.751,0.735,0.699,0.688,1.088,1.255,1.241,1.173,1.116,1.1,1.096,1.068,1.053,1.042,1.024,1.007,1.006,0.989,1.209,1.017,1.053,1.078,1.113,1.126,1.106,1.178,1.2,1.199,1.221,1.221,1.293,1.336,1.443,1.455,1.455,1.455,1.455,1.455,1.446,1.455,1.531,1.531,1.55,1.648,1.752,1.76,1.76,1.893,1.897,1.897,1.947,2.09,2.026,1.975,1.888,1.792,1.924,1.792,1.792,1.792,1.792,1.741,1.771,1.691,1.632,1.632,1.618,1.618,1.52,1.502,1.513,1.513,1.52,1.54,1.54,1.584,1.606,1.62,1.629,1.636,1.679,1.679,1.678,1.694,1.701,1.706,1.717,1.723,1.746,1.781,1.774,1.793,1.812,1.82,1.638,1.695,1.595,1.592,1.559,1.514,1.493,1.418,1.426,1.442,1.287,1.29,1.316,1.334,1.333,1.35,1.375,1.381,1.378,1.395,1.4,1.447,1.445,1.468,1.52,1.565,1.571,1.598,1.629,1.711,1.695,1.711,1.18,1.157,1.233,1.249,1.243,1.646,1.256,1.266,1.278,1.291,1.334,1.348,1.422,1.403,1.4,1.399,10.957
Point_119,16.466,3.375,3.375,3.412,2.139,1.634,1.35,1.388,1.388,1.388,1.429,1.455,0.987,1.003,1.055,1.055,1.077,1.09,1.106,1.144,1.175,0.985,1.216,1.221,1.246,1.255,1.267,1.276,1.297,1.315,1.307,1.231,0.996,0.983,0.93,0.859,0.857,0.823,0.825,0.807,0.807,0.777,0.77,0.746,0.722,0.766,0.86,0.871,0.895,0.899,0.906,0.922,0.932,0.932,0.936,0.944,0.964,0.963,0.963,0.944,0.93,0.93,0.93,0.998,0.999,1.022,0.966,0.967,0.95,0.932,0.936,0.9,0.915,0.882,0.878,0.841,0.827,0.799,0.706,0.658,0.717,0.717,0.591,0.58,0.58,0.58,0.542,0.554,0.538,0.536,0.538,0.486,0.509,0.486,0.555,0.586,0.649,0.445,0.441,0.407,0.377,0.359,0.378,0.357,0.447,0.437,0.274,0.161,0.161,0.161,0.103,0.103,0.103,0.103,0.103,0.04,0.032,0.048,0.0,0.012,0.028,0.032,0.163,0.08,0.09,0.164,0.223,0.175,0.174,0.18,0.203,0.199,0.224,0.224,0.185,0.174,0.173,0.144,0.189,0.176,0.212,0.248,0.242,0.256,0.207,0.356,0.296,0.789,0.809,0.846,0.93,0.902,0.902,0.87,0.87,0.844,0.799,0.818,0.753,1.005,0.783,0.926,0.79,0.983,0.864,0.975,0.945,0.914,0.899,0.878,0.863,0.86,0.789,0.473,0.161,0.381,1.003,0.991,0.915,0.902,0.884,0.835,0.822,0.787,0.778,0.766,0.757,0.765,0.755,0.755,0.863,0.703,0.687,0.651,0.641,1.04,1.207,1.194,1.125,1.068,1.053,1.048,1.021,1.005,0.995,0.976,0.959,0.958,0.941,1.161,0.97,1.006,1.03,1.065,1.079,1.058,1.131,1.152,1.151,1.174,1.174,1.245,1.288,1.395,1.408,1.408,1.408,1.408,1.408,1.398,1.408,1.484,1.484,1.503,1.6,1.704,1.712,1.712,1.845,1.849,1.849,1.9,2.042,1.978,1.927,1.84,1.744,1.876,1.744,1.744,1.744,1.744,1.693,1.724,1.644,1.584,1.584,1.57,1.57,1.473,1.455,1.466,1.466,1.473,1.492,1.492,1.536,1.558,1.572,1.581,1.588,1.631,1.631,1.63,1.646,1.654,1.659,1.669,1.675,1.698,1.733,1.726,1.745,1.765,1.773,1.591,1.647,1.548,1.544,1.511,1.467,1.445,1.37,1.378,1.395,1.239,1.242,1.268,1.287,1.285,1.302,1.327,1.333,1.33,1.347,1.353,1.399,1.397,1.42,1.472,1.517,1.524,1.551,1.581,1.663,1.648,1.663,1.132,1.109,1.185,1.202,1.196,1.598,1.208,1.219,1.23,1.244,1.287,1.301,1.374,1.355,1.353,1.352,10.91
Point_120,16.478,3.387,3.387,3.424,2.152,1.646,1.362,1.4,1.4,1.4,1.441,1.467,0.999,1.016,1.068,1.068,1.09,1.103,1.118,1.156,1.187,0.998,1.229,1.234,1.258,1.268,1.279,1.288,1.309,1.328,1.32,1.243,1.009,0.995,0.943,0.871,0.87,0.835,0.837,0.819,0.819,0.79,0.782,0.759,0.734,0.779,0.872,0.884,0.907,0.912,0.919,0.935,0.945,0.945,0.949,0.957,0.976,0.975,0.975,0.957,0.942,0.942,0.942,1.01,1.012,1.034,0.979,0.979,0.963,0.944,0.948,0.912,0.927,0.894,0.89,0.853,0.84,0.812,0.718,0.671,0.729,0.729,0.604,0.592,0.592,0.592,0.554,0.566,0.55,0.549,0.55,0.498,0.521,0.498,0.567,0.598,0.662,0.457,0.453,0.419,0.39,0.372,0.39,0.37,0.459,0.45,0.286,0.174,0.174,0.174,0.116,0.116,0.116,0.116,0.116,0.053,0.044,0.035,0.012,0.0,0.016,0.02,0.15,0.068,0.078,0.152,0.211,0.162,0.161,0.168,0.191,0.187,0.212,0.212,0.198,0.186,0.185,0.157,0.202,0.188,0.225,0.261,0.254,0.268,0.22,0.368,0.309,0.802,0.821,0.858,0.942,0.915,0.915,0.882,0.882,0.856,0.812,0.83,0.766,1.017,0.795,0.939,0.802,0.996,0.876,0.987,0.957,0.926,0.911,0.891,0.875,0.872,0.802,0.486,0.174,0.394,1.016,1.003,0.927,0.914,0.896,0.847,0.835,0.8,0.791,0.778,0.769,0.778,0.768,0.767,0.875,0.716,0.699,0.664,0.653,1.052,1.219,1.206,1.138,1.081,1.065,1.061,1.033,1.017,1.007,0.988,0.971,0.97,0.954,1.173,0.982,1.018,1.043,1.078,1.091,1.07,1.143,1.164,1.164,1.186,1.186,1.258,1.301,1.408,1.42,1.42,1.42,1.42,1.42,1.41,1.42,1.496,1.496,1.515,1.613,1.716,1.724,1.724,1.858,1.862,1.862,1.912,2.054,1.991,1.939,1.853,1.756,1.889,1.756,1.756,1.756,1.756,1.706,1.736,1.656,1.597,1.597,1.582,1.582,1.485,1.467,1.478,1.478,1.485,1.505,1.505,1.548,1.57,1.584,1.594,1.6,1.644,1.644,1.643,1.658,1.666,1.671,1.681,1.688,1.71,1.745,1.738,1.757,1.777,1.785,1.603,1.659,1.56,1.557,1.524,1.479,1.458,1.382,1.391,1.407,1.251,1.255,1.28,1.299,1.298,1.315,1.339,1.345,1.343,1.36,1.365,1.412,1.41,1.432,1.485,1.53,1.536,1.563,1.593,1.676,1.66,1.676,1.144,1.122,1.198,1.214,1.208,1.61,1.22,1.231,1.242,1.256,1.299,1.313,1.386,1.367,1.365,1.364,10.922
Point_121,16.494,3.403,3.403,3.44,2.167,1.662,1.378,1.416,1.416,1.416,1.457,1.483,1.015,1.031,1.084,1.084,1.106,1.118,1.134,1.172,1.203,1.013,1.245,1.25,1.274,1.284,1.295,1.304,1.325,1.343,1.336,1.259,1.025,1.011,0.958,0.887,0.885,0.851,0.853,0.835,0.835,0.805,0.798,0.775,0.75,0.795,0.888,0.9,0.923,0.928,0.935,0.95,0.96,0.96,0.965,0.973,0.992,0.991,0.991,0.973,0.958,0.958,0.958,1.026,1.028,1.05,0.995,0.995,0.978,0.96,0.964,0.928,0.943,0.91,0.906,0.869,0.856,0.828,0.734,0.687,0.745,0.745,0.62,0.608,0.608,0.608,0.57,0.582,0.566,0.565,0.566,0.514,0.537,0.514,0.583,0.614,0.678,0.473,0.469,0.435,0.406,0.388,0.406,0.386,0.475,0.465,0.302,0.189,0.189,0.189,0.132,0.132,0.132,0.132,0.132,0.069,0.06,0.019,0.028,0.016,0.0,0.004,0.134,0.052,0.062,0.136,0.195,0.146,0.145,0.152,0.175,0.171,0.196,0.196,0.215,0.202,0.201,0.173,0.218,0.204,0.241,0.277,0.27,0.284,0.236,0.384,0.325,0.817,0.837,0.874,0.958,0.93,0.93,0.898,0.898,0.872,0.828,0.846,0.781,1.033,0.811,0.955,0.818,1.012,0.892,1.003,0.973,0.942,0.927,0.907,0.891,0.888,0.818,0.502,0.189,0.409,1.032,1.019,0.943,0.93,0.912,0.863,0.85,0.815,0.807,0.794,0.785,0.794,0.783,0.783,0.891,0.731,0.715,0.679,0.669,1.068,1.235,1.222,1.153,1.097,1.081,1.076,1.049,1.033,1.023,1.004,0.987,0.986,0.969,1.189,0.998,1.034,1.058,1.093,1.107,1.086,1.159,1.18,1.18,1.202,1.202,1.274,1.316,1.424,1.436,1.436,1.436,1.436,1.436,1.426,1.436,1.512,1.512,1.531,1.629,1.732,1.74,1.74,1.874,1.877,1.877,1.928,2.07,2.006,1.955,1.868,1.772,1.904,1.772,1.772,1.772,1.772,1.722,1.752,1.672,1.613,1.613,1.598,1.598,1.501,1.483,1.494,1.494,1.501,1.521,1.521,1.564,1.586,1.6,1.61,1.616,1.66,1.66,1.659,1.674,1.682,1.687,1.697,1.704,1.726,1.761,1.754,1.773,1.793,1.801,1.619,1.675,1.576,1.572,1.54,1.495,1.473,1.398,1.406,1.423,1.267,1.271,1.296,1.315,1.313,1.331,1.355,1.361,1.359,1.376,1.381,1.428,1.425,1.448,1.501,1.546,1.552,1.579,1.609,1.692,1.676,1.692,1.16,1.138,1.213,1.23,1.224,1.626,1.236,1.247,1.258,1.272,1.315,1.329,1.402,1.383,1.381,1.38,10.938
Point_122,16.498,3.407,3.407,3.444,2.171,1.666,1.382,1.42,1.42,1.42,1.461,1.487,1.019,1.035,1.087,1.087,1.11,1.122,1.138,1.176,1.207,1.017,1.248,1.254,1.278,1.287,1.299,1.308,1.329,1.347,1.339,1.263,1.029,1.015,0.962,0.891,0.889,0.855,0.857,0.839,0.839,0.809,0.802,0.778,0.754,0.798,0.892,0.903,0.927,0.931,0.939,0.954,0.964,0.964,0.969,0.976,0.996,0.995,0.995,0.976,0.962,0.962,0.962,1.03,1.031,1.054,0.998,0.999,0.982,0.964,0.968,0.932,0.947,0.914,0.91,0.873,0.859,0.831,0.738,0.691,0.749,0.749,0.623,0.612,0.612,0.612,0.574,0.586,0.57,0.568,0.57,0.518,0.541,0.518,0.587,0.618,0.682,0.477,0.473,0.439,0.409,0.391,0.41,0.389,0.479,0.469,0.306,0.193,0.193,0.193,0.135,0.135,0.135,0.135,0.135,0.073,0.064,0.016,0.032,0.02,0.004,0.0,0.131,0.048,0.058,0.132,0.191,0.143,0.141,0.148,0.171,0.167,0.192,0.192,0.211,0.206,0.205,0.176,0.221,0.208,0.245,0.28,0.274,0.288,0.239,0.388,0.329,0.821,0.841,0.878,0.962,0.934,0.934,0.902,0.902,0.876,0.831,0.85,0.785,1.037,0.815,0.959,0.822,1.015,0.896,1.007,0.977,0.946,0.931,0.91,0.895,0.892,0.821,0.505,0.193,0.413,1.036,1.023,0.947,0.934,0.916,0.867,0.854,0.819,0.811,0.798,0.789,0.798,0.787,0.787,0.895,0.735,0.719,0.683,0.673,1.072,1.239,1.226,1.157,1.1,1.085,1.08,1.053,1.037,1.027,1.008,0.991,0.99,0.973,1.193,1.002,1.038,1.062,1.097,1.111,1.09,1.163,1.184,1.183,1.206,1.206,1.278,1.32,1.427,1.44,1.44,1.44,1.44,1.44,1.43,1.44,1.516,1.516,1.535,1.632,1.736,1.744,1.744,1.877,1.881,1.881,1.932,2.074,2.01,1.959,1.872,1.776,1.908,1.776,1.776,1.776,1.776,1.726,1.756,1.676,1.616,1.616,1.602,1.602,1.505,1.487,1.498,1.498,1.505,1.524,1.524,1.568,1.59,1.604,1.614,1.62,1.663,1.663,1.662,1.678,1.686,1.691,1.701,1.707,1.73,1.765,1.758,1.777,1.797,1.805,1.623,1.679,1.58,1.576,1.543,1.499,1.477,1.402,1.41,1.427,1.271,1.275,1.3,1.319,1.317,1.335,1.359,1.365,1.363,1.379,1.385,1.432,1.429,1.452,1.504,1.549,1.556,1.583,1.613,1.695,1.68,1.695,1.164,1.141,1.217,1.234,1.228,1.63,1.24,1.251,1.262,1.276,1.319,1.333,1.406,1.387,1.385,1.384,10.942
Point_123,16.628,3.538,3.538,3.575,2.302,1.797,1.512,1.55,1.55,1.55,1.592,1.618,1.15,1.166,1.218,1.218,1.24,1.253,1.269,1.306,1.337,1.148,1.379,1.384,1.409,1.418,1.43,1.439,1.46,1.478,1.47,1.393,1.159,1.146,1.093,1.021,1.02,0.985,0.987,0.969,0.969,0.94,0.932,0.909,0.884,0.929,1.022,1.034,1.057,1.062,1.069,1.085,1.095,1.095,1.099,1.107,1.126,1.125,1.125,1.107,1.093,1.093,1.093,1.16,1.162,1.185,1.129,1.13,1.113,1.094,1.098,1.063,1.078,1.045,1.041,1.004,0.99,0.962,0.868,0.821,0.879,0.879,0.754,0.742,0.742,0.742,0.705,0.717,0.701,0.699,0.701,0.648,0.672,0.648,0.717,0.749,0.812,0.608,0.604,0.569,0.54,0.522,0.54,0.52,0.609,0.6,0.436,0.324,0.324,0.324,0.266,0.266,0.266,0.266,0.266,0.203,0.195,0.115,0.163,0.15,0.134,0.131,0.0,0.082,0.069,0.139,0.197,0.038,0.011,0.018,0.041,0.037,0.062,0.062,0.081,0.093,0.093,0.122,0.206,0.193,0.23,0.266,0.259,0.273,0.224,0.372,0.314,0.63,0.649,0.686,0.771,0.743,0.743,0.783,0.783,0.809,0.962,0.98,0.916,1.168,0.945,1.089,0.952,1.146,1.026,1.138,1.107,1.076,1.062,1.041,1.025,1.023,0.952,0.636,0.324,0.544,1.166,1.153,1.078,1.065,1.047,0.997,0.985,0.95,0.941,0.929,0.92,0.928,0.918,0.917,1.025,0.866,0.85,0.814,0.803,1.203,1.37,1.356,1.288,1.231,1.215,1.211,1.183,1.168,1.158,1.139,1.122,1.121,1.104,1.324,1.132,1.168,1.193,1.228,1.241,1.221,1.293,1.315,1.314,1.337,1.337,1.408,1.451,1.558,1.57,1.57,1.57,1.57,1.57,1.561,1.57,1.646,1.646,1.665,1.763,1.867,1.875,1.875,2.008,2.012,2.012,2.062,2.205,2.141,2.09,2.003,1.907,2.039,1.907,1.907,1.907,1.907,1.856,1.886,1.806,1.747,1.747,1.733,1.733,1.635,1.617,1.628,1.628,1.635,1.655,1.655,1.699,1.721,1.735,1.744,1.751,1.794,1.794,1.793,1.809,1.816,1.821,1.832,1.838,1.861,1.896,1.889,1.908,1.927,1.935,1.753,1.81,1.71,1.707,1.674,1.629,1.608,1.533,1.541,1.558,1.402,1.405,1.431,1.449,1.448,1.465,1.49,1.496,1.493,1.51,1.515,1.562,1.56,1.583,1.635,1.68,1.686,1.713,1.744,1.826,1.81,1.826,1.295,1.272,1.348,1.364,1.358,1.761,1.371,1.381,1.393,1.406,1.449,1.463,1.537,1.518,1.515,1.514,11.072
Point_124,16.546,3.455,3.455,3.492,2.22,1.714,1.43,1.468,1.468,1.468,1.509,1.535,1.067,1.083,1.136,1.136,1.158,1.17,1.186,1.224,1.255,1.066,1.297,1.302,1.326,1.336,1.347,1.356,1.377,1.395,1.388,1.311,1.077,1.063,1.011,0.939,0.937,0.903,0.905,0.887,0.887,0.858,0.85,0.827,0.802,0.847,0.94,0.952,0.975,0.98,0.987,1.003,1.013,1.013,1.017,1.025,1.044,1.043,1.043,1.025,1.01,1.01,1.01,1.078,1.08,1.102,1.047,1.047,1.03,1.012,1.016,0.98,0.995,0.962,0.958,0.921,0.908,0.88,0.786,0.739,0.797,0.797,0.672,0.66,0.66,0.66,0.622,0.634,0.618,0.617,0.618,0.566,0.589,0.566,0.635,0.666,0.73,0.525,0.521,0.487,0.458,0.44,0.458,0.438,0.527,0.517,0.354,0.242,0.242,0.242,0.184,0.184,0.184,0.184,0.184,0.121,0.112,0.033,0.08,0.068,0.052,0.048,0.082,0.0,0.01,0.084,0.143,0.094,0.093,0.1,0.123,0.119,0.144,0.144,0.163,0.175,0.175,0.225,0.27,0.256,0.293,0.329,0.322,0.336,0.288,0.436,0.377,0.869,0.889,0.926,1.01,0.982,0.982,0.95,0.95,0.924,0.88,0.898,0.833,1.085,0.863,1.007,0.87,1.064,0.944,1.055,1.025,0.994,0.979,0.959,0.943,0.94,0.87,0.554,0.242,0.462,1.084,1.071,0.995,0.982,0.964,0.915,0.903,0.867,0.859,0.846,0.837,0.846,0.835,0.835,0.943,0.784,0.767,0.731,0.721,1.12,1.287,1.274,1.205,1.149,1.133,1.129,1.101,1.085,1.075,1.056,1.039,1.038,1.021,1.241,1.05,1.086,1.11,1.145,1.159,1.138,1.211,1.232,1.232,1.254,1.254,1.326,1.368,1.476,1.488,1.488,1.488,1.488,1.488,1.478,1.488,1.564,1.564,1.583,1.681,1.784,1.792,1.792,1.926,1.929,1.929,1.98,2.122,2.059,2.007,1.92,1.824,1.956,1.824,1.824,1.824,1.824,1.774,1.804,1.724,1.665,1.665,1.65,1.65,1.553,1.535,1.546,1.546,1.553,1.573,1.573,1.616,1.638,1.652,1.662,1.668,1.712,1.712,1.711,1.726,1.734,1.739,1.749,1.756,1.778,1.813,1.806,1.825,1.845,1.853,1.671,1.727,1.628,1.624,1.592,1.547,1.525,1.45,1.459,1.475,1.319,1.323,1.348,1.367,1.366,1.383,1.407,1.413,1.411,1.428,1.433,1.48,1.477,1.5,1.553,1.598,1.604,1.631,1.661,1.744,1.728,1.744,1.212,1.19,1.265,1.282,1.276,1.678,1.288,1.299,1.31,1.324,1.367,1.381,1.454,1.435,1.433,1.432,10.99
Point_125,16.556,3.465,3.465,3.502,2.229,1.724,1.44,1.478,1.478,1.478,1.519,1.545,1.077,1.093,1.145,1.145,1.167,1.18,1.196,1.234,1.265,1.075,1.306,1.311,1.336,1.345,1.357,1.366,1.387,1.405,1.397,1.321,1.086,1.073,1.02,0.949,0.947,0.912,0.915,0.897,0.897,0.867,0.86,0.836,0.812,0.856,0.95,0.961,0.985,0.989,0.996,1.012,1.022,1.022,1.026,1.034,1.053,1.053,1.053,1.034,1.02,1.02,1.02,1.088,1.089,1.112,1.056,1.057,1.04,1.022,1.026,0.99,1.005,0.972,0.968,0.931,0.917,0.889,0.796,0.748,0.807,0.807,0.681,0.67,0.67,0.67,0.632,0.644,0.628,0.626,0.628,0.576,0.599,0.576,0.645,0.676,0.739,0.535,0.531,0.497,0.467,0.449,0.468,0.447,0.537,0.527,0.364,0.251,0.251,0.251,0.193,0.193,0.193,0.193,0.193,0.13,0.122,0.042,0.09,0.078,0.062,0.058,0.069,0.01,0.0,0.07,0.129,0.081,0.079,0.086,0.109,0.105,0.13,0.13,0.149,0.161,0.162,0.19,0.279,0.266,0.302,0.338,0.332,0.346,0.297,0.438,0.386,0.879,0.899,0.936,1.02,0.992,0.992,0.96,0.96,0.934,0.889,0.908,0.843,1.095,0.873,1.016,0.88,1.073,0.954,1.065,1.035,1.004,0.989,0.968,0.953,0.95,0.879,0.563,0.251,0.471,1.093,1.081,1.005,0.992,0.974,0.925,0.912,0.877,0.868,0.856,0.847,0.855,0.845,0.845,0.953,0.793,0.777,0.741,0.731,1.13,1.297,1.284,1.215,1.158,1.142,1.138,1.111,1.095,1.085,1.066,1.049,1.048,1.031,1.251,1.06,1.096,1.12,1.155,1.169,1.148,1.221,1.242,1.241,1.264,1.264,1.335,1.378,1.485,1.498,1.498,1.498,1.498,1.498,1.488,1.498,1.574,1.574,1.593,1.69,1.794,1.802,1.802,1.935,1.939,1.939,1.99,2.132,2.068,2.017,1.93,1.834,1.966,1.834,1.834,1.834,1.834,1.783,1.814,1.734,1.674,1.674,1.66,1.66,1.563,1.544,1.556,1.556,1.563,1.582,1.582,1.626,1.648,1.662,1.671,1.678,1.721,1.721,1.72,1.736,1.744,1.749,1.759,1.765,1.788,1.823,1.816,1.835,1.855,1.863,1.681,1.737,1.638,1.634,1.601,1.556,1.535,1.46,1.468,1.485,1.329,1.332,1.358,1.377,1.375,1.392,1.417,1.423,1.42,1.437,1.443,1.489,1.487,1.51,1.562,1.607,1.613,1.64,1.671,1.753,1.738,1.753,1.222,1.199,1.275,1.292,1.286,1.688,1.298,1.309,1.32,1.334,1.376,1.391,1.464,1.445,1.443,1.442,11.0
Point_126,16.63,3.539,3.539,3.576,2.303,1.798,1.514,1.552,1.552,1.552,1.593,1.619,1.151,1.167,1.22,1.22,1.242,1.254,1.27,1.308,1.339,1.149,1.381,1.386,1.41,1.42,1.431,1.44,1.461,1.479,1.472,1.395,1.161,1.147,1.094,1.023,1.021,0.987,0.989,0.971,0.971,0.941,0.934,0.911,0.886,0.931,1.024,1.036,1.059,1.064,1.071,1.086,1.096,1.096,1.101,1.109,1.128,1.127,1.127,1.109,1.094,1.094,1.094,1.162,1.164,1.186,1.131,1.131,1.114,1.096,1.1,1.064,1.079,1.046,1.042,1.005,0.992,0.964,0.87,0.823,0.881,0.881,0.756,0.744,0.744,0.744,0.706,0.718,0.702,0.701,0.702,0.65,0.673,0.65,0.719,0.75,0.814,0.609,0.605,0.571,0.542,0.524,0.542,0.522,0.611,0.601,0.438,0.325,0.325,0.325,0.268,0.268,0.268,0.268,0.268,0.205,0.196,0.117,0.164,0.152,0.136,0.132,0.139,0.084,0.07,0.0,0.059,0.151,0.15,0.156,0.179,0.175,0.2,0.2,0.22,0.231,0.232,0.261,0.354,0.34,0.377,0.413,0.406,0.42,0.372,0.52,0.461,0.953,0.973,1.01,1.094,1.066,1.066,1.034,1.034,1.008,0.964,0.982,0.917,1.169,0.947,1.091,0.954,1.148,1.028,1.139,1.109,1.078,1.063,1.043,1.027,1.024,0.954,0.638,0.325,0.546,1.168,1.155,1.079,1.066,1.048,0.999,0.987,0.951,0.943,0.93,0.921,0.93,0.919,0.919,1.027,0.867,0.851,0.815,0.805,1.204,1.371,1.358,1.289,1.233,1.217,1.212,1.185,1.169,1.159,1.14,1.123,1.122,1.105,1.325,1.134,1.17,1.194,1.229,1.243,1.222,1.295,1.316,1.316,1.338,1.338,1.41,1.452,1.56,1.572,1.572,1.572,1.572,1.572,1.562,1.572,1.648,1.648,1.667,1.765,1.868,1.876,1.876,2.01,2.013,2.013,2.064,2.206,2.142,2.091,2.004,1.908,2.04,1.908,1.908,1.908,1.908,1.858,1.888,1.808,1.749,1.749,1.734,1.734,1.637,1.619,1.63,1.63,1.637,1.657,1.657,1.7,1.722,1.736,1.746,1.752,1.796,1.796,1.795,1.81,1.818,1.823,1.833,1.84,1.862,1.897,1.89,1.909,1.929,1.937,1.755,1.811,1.712,1.708,1.676,1.631,1.609,1.534,1.542,1.559,1.403,1.407,1.432,1.451,1.449,1.467,1.491,1.497,1.495,1.512,1.517,1.564,1.561,1.584,1.637,1.682,1.688,1.715,1.745,1.828,1.812,1.828,1.296,1.274,1.349,1.366,1.36,1.762,1.372,1.383,1.394,1.408,1.451,1.465,1.538,1.519,1.517,1.516,11.074
Point_127,16.689,3.598,3.598,3.635,2.362,1.857,1.573,1.611,1.611,1.611,1.652,1.678,1.21,1.226,1.278,1.278,1.3,1.313,1.329,1.367,1.398,1.208,1.439,1.444,1.469,1.478,1.49,1.499,1.52,1.538,1.53,1.454,1.219,1.206,1.153,1.082,1.08,1.045,1.048,1.03,1.03,1.0,0.993,0.969,0.945,0.989,1.083,1.094,1.118,1.122,1.129,1.145,1.155,1.155,1.159,1.167,1.186,1.186,1.186,1.167,1.153,1.153,1.153,1.221,1.222,1.245,1.189,1.19,1.173,1.155,1.159,1.123,1.138,1.105,1.101,1.064,1.05,1.022,0.929,0.881,0.94,0.94,0.814,0.803,0.803,0.803,0.765,0.777,0.761,0.759,0.761,0.709,0.732,0.709,0.778,0.809,0.872,0.668,0.664,0.63,0.6,0.582,0.601,0.58,0.67,0.66,0.497,0.384,0.384,0.384,0.326,0.326,0.326,0.326,0.326,0.263,0.255,0.175,0.223,0.211,0.195,0.191,0.197,0.143,0.129,0.059,0.0,0.209,0.208,0.215,0.238,0.234,0.259,0.259,0.278,0.29,0.29,0.319,0.412,0.399,0.435,0.471,0.465,0.479,0.43,0.579,0.519,0.82,0.839,0.877,0.961,0.933,0.933,1.093,1.093,1.067,1.022,1.041,0.976,1.228,1.006,1.149,1.013,1.206,1.087,1.198,1.168,1.137,1.122,1.101,1.086,1.083,1.012,0.696,0.384,0.604,1.226,1.214,1.138,1.125,1.107,1.058,1.045,1.01,1.001,0.989,0.98,0.988,0.978,0.978,1.086,0.926,0.91,0.874,0.864,1.263,1.43,1.417,1.348,1.291,1.275,1.271,1.244,1.228,1.218,1.199,1.182,1.181,1.164,1.384,1.193,1.229,1.253,1.288,1.302,1.281,1.354,1.375,1.374,1.397,1.397,1.468,1.511,1.618,1.631,1.631,1.631,1.631,1.631,1.621,1.631,1.707,1.707,1.726,1.823,1.927,1.935,1.935,2.068,2.072,2.072,2.123,2.265,2.201,2.15,2.063,1.967,2.099,1.967,1.967,1.967,1.967,1.916,1.947,1.867,1.807,1.807,1.793,1.793,1.696,1.677,1.689,1.689,1.696,1.715,1.715,1.759,1.781,1.795,1.804,1.811,1.854,1.854,1.853,1.869,1.877,1.882,1.892,1.898,1.921,1.956,1.949,1.968,1.988,1.996,1.814,1.87,1.771,1.767,1.734,1.689,1.668,1.593,1.601,1.618,1.462,1.465,1.491,1.51,1.508,1.525,1.55,1.556,1.553,1.57,1.576,1.622,1.62,1.643,1.695,1.74,1.746,1.773,1.804,1.886,1.871,1.886,1.355,1.332,1.408,1.425,1.419,1.821,1.431,1.442,1.453,1.467,1.509,1.524,1.597,1.578,1.576,1.575,11.133
Point_128,16.64,3.549,3.549,3.587,2.314,1.809,1.524,1.562,1.562,1.562,1.604,1.63,1.162,1.178,1.23,1.23,1.252,1.265,1.281,1.318,1.349,1.16,1.391,1.396,1.421,1.43,1.442,1.451,1.472,1.49,1.482,1.405,1.171,1.158,1.105,1.033,1.032,0.997,0.999,0.981,0.981,0.952,0.944,0.921,0.896,0.941,1.034,1.046,1.069,1.074,1.081,1.097,1.107,1.107,1.111,1.119,1.138,1.137,1.137,1.119,1.105,1.105,1.105,1.172,1.174,1.197,1.141,1.142,1.125,1.106,1.11,1.075,1.09,1.057,1.053,1.016,1.002,0.974,0.88,0.833,0.891,0.891,0.766,0.754,0.754,0.754,0.717,0.729,0.713,0.711,0.713,0.66,0.684,0.66,0.729,0.761,0.824,0.62,0.616,0.581,0.552,0.534,0.552,0.532,0.621,0.612,0.448,0.336,0.336,0.336,0.278,0.278,0.278,0.278,0.278,0.215,0.207,0.127,0.175,0.162,0.146,0.143,0.038,0.094,0.081,0.151,0.209,0.0,0.048,0.055,0.078,0.074,0.099,0.099,0.118,0.13,0.131,0.159,0.243,0.23,0.267,0.303,0.296,0.31,0.262,0.355,0.351,0.59,0.609,0.646,0.731,0.703,0.703,0.743,0.743,0.769,0.974,0.795,0.928,1.18,0.957,1.101,0.964,1.158,1.038,1.149,1.119,1.088,1.074,1.053,1.037,1.035,0.964,0.648,0.336,0.556,1.178,1.165,1.09,1.077,1.059,1.009,0.997,0.962,0.953,0.941,0.932,0.94,0.93,0.929,1.037,0.878,0.862,0.826,0.815,1.215,1.382,1.368,1.3,1.243,1.227,1.223,1.195,1.18,1.169,1.151,1.134,1.133,1.116,1.336,1.144,1.18,1.205,1.24,1.253,1.233,1.305,1.327,1.326,1.348,1.348,1.42,1.463,1.57,1.582,1.582,1.582,1.582,1.582,1.573,1.582,1.658,1.658,1.677,1.775,1.879,1.887,1.887,2.02,2.024,2.024,2.074,2.217,2.153,2.102,2.015,1.919,2.051,1.919,1.919,1.919,1.919,1.868,1.898,1.818,1.759,1.759,1.745,1.745,1.647,1.629,1.64,1.64,1.647,1.667,1.667,1.711,1.733,1.747,1.756,1.763,1.806,1.806,1.805,1.821,1.828,1.833,1.844,1.85,1.873,1.908,1.901,1.92,1.939,1.947,1.765,1.822,1.722,1.719,1.686,1.641,1.62,1.545,1.553,1.569,1.414,1.417,1.442,1.461,1.46,1.477,1.502,1.508,1.505,1.522,1.527,1.574,1.572,1.595,1.647,1.692,1.698,1.725,1.756,1.838,1.822,1.838,1.307,1.284,1.36,1.376,1.37,1.773,1.383,1.393,1.405,1.418,1.461,1.475,1.549,1.53,1.527,1.526,11.084
Point_129,16.639,3.548,3.548,3.586,2.313,1.807,1.523,1.561,1.561,1.561,1.603,1.628,1.161,1.177,1.229,1.229,1.251,1.264,1.28,1.317,1.348,1.159,1.39,1.395,1.42,1.429,1.441,1.45,1.471,1.489,1.481,1.404,1.17,1.156,1.104,1.032,1.031,0.996,0.998,0.98,0.98,0.951,0.943,0.92,0.895,0.94,1.033,1.045,1.068,1.073,1.08,1.096,1.106,1.106,1.11,1.118,1.137,1.136,1.136,1.118,1.104,1.104,1.104,1.171,1.173,1.196,1.14,1.141,1.124,1.105,1.109,1.074,1.089,1.056,1.052,1.015,1.001,0.973,0.879,0.832,0.89,0.89,0.765,0.753,0.753,0.753,0.715,0.728,0.712,0.71,0.712,0.659,0.683,0.659,0.728,0.76,0.823,0.619,0.615,0.58,0.551,0.533,0.551,0.531,0.62,0.611,0.447,0.335,0.335,0.335,0.277,0.277,0.277,0.277,0.277,0.214,0.205,0.126,0.174,0.161,0.145,0.141,0.011,0.093,0.079,0.15,0.208,0.048,0.0,0.007,0.03,0.026,0.051,0.051,0.07,0.082,0.082,0.111,0.195,0.182,0.219,0.255,0.248,0.262,0.214,0.361,0.303,0.641,0.66,0.697,0.781,0.754,0.754,0.794,0.794,0.82,0.973,0.991,0.927,1.179,0.956,1.1,0.963,1.157,1.037,1.148,1.118,1.087,1.073,1.052,1.036,1.034,0.963,0.647,0.335,0.555,1.177,1.164,1.088,1.075,1.058,1.008,0.996,0.961,0.952,0.94,0.931,0.939,0.929,0.928,1.036,0.877,0.861,0.825,0.814,1.214,1.381,1.367,1.299,1.242,1.226,1.222,1.194,1.179,1.168,1.15,1.133,1.132,1.115,1.335,1.143,1.179,1.204,1.239,1.252,1.232,1.304,1.326,1.325,1.347,1.347,1.419,1.462,1.569,1.581,1.581,1.581,1.581,1.581,1.571,1.581,1.657,1.657,1.676,1.774,1.877,1.886,1.886,2.019,2.023,2.023,2.073,2.215,2.152,2.101,2.014,1.918,2.05,1.918,1.918,1.918,1.918,1.867,1.897,1.817,1.758,1.758,1.744,1.744,1.646,1.628,1.639,1.639,1.646,1.666,1.666,1.71,1.732,1.746,1.755,1.762,1.805,1.805,1.804,1.82,1.827,1.832,1.843,1.849,1.872,1.906,1.9,1.919,1.938,1.946,1.764,1.821,1.721,1.718,1.685,1.64,1.619,1.543,1.552,1.568,1.412,1.416,1.441,1.46,1.459,1.476,1.501,1.506,1.504,1.521,1.526,1.573,1.571,1.594,1.646,1.691,1.697,1.724,1.755,1.837,1.821,1.837,1.306,1.283,1.359,1.375,1.369,1.771,1.381,1.392,1.404,1.417,1.46,1.474,1.548,1.529,1.526,1.525,11.083
Point_130,16.646,3.555,3.555,3.592,2.32,1.814,1.53,1.568,1.568,1.568,1.609,1.635,1.167,1.184,1.236,1.236,1.258,1.271,1.286,1.324,1.355,1.166,1.397,1.402,1.426,1.436,1.447,1.456,1.477,1.496,1.488,1.411,1.177,1.163,1.111,1.039,1.038,1.003,1.005,0.987,0.987,0.958,0.95,0.927,0.902,0.947,1.04,1.052,1.075,1.08,1.087,1.103,1.113,1.113,1.117,1.125,1.144,1.143,1.143,1.125,1.11,1.11,1.11,1.178,1.18,1.202,1.147,1.148,1.131,1.112,1.116,1.08,1.095,1.062,1.058,1.021,1.008,0.98,0.886,0.839,0.897,0.897,0.772,0.76,0.76,0.76,0.722,0.734,0.718,0.717,0.718,0.666,0.689,0.666,0.735,0.767,0.83,0.625,0.621,0.587,0.558,0.54,0.558,0.538,0.627,0.618,0.454,0.342,0.342,0.342,0.284,0.284,0.284,0.284,0.284,0.221,0.212,0.133,0.18,0.168,0.152,0.148,0.018,0.1,0.086,0.156,0.215,0.055,0.007,0.0,0.023,0.019,0.044,0.044,0.063,0.075,0.075,0.104,0.188,0.175,0.212,0.248,0.241,0.255,0.207,0.355,0.296,0.647,0.667,0.704,0.788,0.76,0.76,0.801,0.801,0.827,0.98,0.998,0.934,1.186,0.963,1.107,0.97,1.164,1.044,1.155,1.125,1.094,1.079,1.059,1.043,1.04,0.97,0.654,0.342,0.562,1.184,1.171,1.095,1.082,1.064,1.015,1.003,0.968,0.959,0.946,0.937,0.946,0.936,0.935,1.043,0.884,0.867,0.832,0.821,1.22,1.387,1.374,1.306,1.249,1.233,1.229,1.201,1.185,1.175,1.156,1.139,1.138,1.122,1.341,1.15,1.186,1.211,1.246,1.259,1.238,1.311,1.332,1.332,1.354,1.354,1.426,1.469,1.576,1.588,1.588,1.588,1.588,1.588,1.578,1.588,1.664,1.664,1.683,1.781,1.884,1.892,1.892,2.026,2.03,2.03,2.08,2.222,2.159,2.108,2.021,1.924,2.057,1.924,1.924,1.924,1.924,1.874,1.904,1.824,1.765,1.765,1.75,1.75,1.653,1.635,1.646,1.646,1.653,1.673,1.673,1.716,1.738,1.752,1.762,1.768,1.812,1.812,1.811,1.826,1.834,1.839,1.849,1.856,1.878,1.913,1.907,1.925,1.945,1.953,1.771,1.827,1.728,1.725,1.692,1.647,1.626,1.55,1.559,1.575,1.419,1.423,1.448,1.467,1.466,1.483,1.508,1.513,1.511,1.528,1.533,1.58,1.578,1.6,1.653,1.698,1.704,1.731,1.761,1.844,1.828,1.844,1.312,1.29,1.366,1.382,1.376,1.778,1.388,1.399,1.41,1.424,1.467,1.481,1.554,1.535,1.533,1.532,11.09
Point_131,16.568,3.477,3.477,3.515,2.242,1.736,1.452,1.49,1.49,1.49,1.532,1.557,1.089,1.106,1.158,1.158,1.18,1.193,1.209,1.246,1.277,1.088,1.319,1.324,1.349,1.358,1.37,1.379,1.4,1.418,1.41,1.333,1.099,1.085,1.033,0.961,0.96,0.925,0.927,0.909,0.909,0.88,0.872,0.849,0.824,0.869,0.962,0.974,0.997,1.002,1.009,1.025,1.035,1.035,1.039,1.047,1.066,1.065,1.065,1.047,1.033,1.033,1.033,1.1,1.102,1.125,1.069,1.07,1.053,1.034,1.038,1.003,1.018,0.984,0.981,0.944,0.93,0.902,0.808,0.761,0.819,0.819,0.694,0.682,0.682,0.682,0.644,0.657,0.641,0.639,0.641,0.588,0.612,0.588,0.657,0.689,0.752,0.548,0.544,0.509,0.48,0.462,0.48,0.46,0.549,0.54,0.376,0.264,0.264,0.264,0.206,0.206,0.206,0.206,0.206,0.244,0.235,0.156,0.203,0.191,0.175,0.171,0.041,0.123,0.109,0.179,0.238,0.078,0.03,0.023,0.0,0.004,0.021,0.021,0.04,0.052,0.052,0.081,0.165,0.152,0.189,0.225,0.218,0.232,0.184,0.332,0.273,0.67,0.69,0.727,0.811,0.783,0.783,0.824,0.824,0.85,0.902,0.92,0.856,1.108,0.885,1.029,0.892,1.086,0.966,1.077,1.047,1.016,1.002,0.981,0.965,0.963,0.892,0.576,0.264,0.484,1.106,1.093,1.017,1.004,0.987,0.937,0.925,0.89,0.881,0.869,0.86,0.868,0.858,0.857,0.965,0.806,0.79,0.754,0.743,1.143,1.309,1.296,1.228,1.171,1.155,1.151,1.123,1.108,1.097,1.079,1.061,1.061,1.044,1.264,1.072,1.108,1.133,1.168,1.181,1.161,1.233,1.255,1.254,1.276,1.276,1.348,1.391,1.498,1.51,1.51,1.51,1.51,1.51,1.5,1.51,1.586,1.586,1.605,1.703,1.806,1.815,1.815,1.948,1.952,1.952,2.002,2.144,2.081,2.03,1.943,1.847,1.979,1.847,1.847,1.847,1.847,1.796,1.826,1.746,1.687,1.687,1.673,1.673,1.575,1.557,1.568,1.568,1.575,1.595,1.595,1.639,1.661,1.675,1.684,1.691,1.734,1.734,1.733,1.749,1.756,1.761,1.772,1.778,1.801,1.835,1.829,1.847,1.867,1.875,1.693,1.75,1.65,1.647,1.614,1.569,1.548,1.472,1.481,1.497,1.341,1.345,1.37,1.389,1.388,1.405,1.43,1.435,1.433,1.45,1.455,1.502,1.5,1.522,1.575,1.62,1.626,1.653,1.684,1.766,1.75,1.766,1.235,1.212,1.288,1.304,1.298,1.7,1.31,1.321,1.332,1.346,1.389,1.403,1.477,1.458,1.455,1.454,11.012
Point_132,16.572,3.481,3.481,3.519,2.246,1.74,1.456,1.494,1.494,1.494,1.535,1.561,1.093,1.11,1.162,1.162,1.184,1.197,1.213,1.25,1.281,1.092,1.323,1.328,1.353,1.362,1.374,1.382,1.404,1.422,1.414,1.337,1.103,1.089,1.037,0.965,0.964,0.929,0.931,0.913,0.913,0.884,0.876,0.853,0.828,0.873,0.966,0.978,1.001,1.006,1.013,1.029,1.039,1.039,1.043,1.051,1.07,1.069,1.069,1.051,1.037,1.037,1.037,1.104,1.106,1.129,1.073,1.074,1.057,1.038,1.042,1.007,1.022,0.988,0.985,0.948,0.934,0.906,0.812,0.765,0.823,0.823,0.698,0.686,0.686,0.686,0.648,0.661,0.645,0.643,0.645,0.592,0.616,0.592,0.661,0.693,0.756,0.551,0.548,0.513,0.484,0.466,0.484,0.464,0.553,0.544,0.38,0.268,0.268,0.268,0.21,0.21,0.21,0.21,0.21,0.24,0.231,0.152,0.199,0.187,0.171,0.167,0.037,0.119,0.105,0.175,0.234,0.074,0.026,0.019,0.004,0.0,0.025,0.025,0.044,0.056,0.056,0.085,0.169,0.156,0.193,0.229,0.222,0.236,0.188,0.336,0.277,0.666,0.686,0.723,0.807,0.779,0.779,0.82,0.82,0.846,0.906,0.924,0.86,1.112,0.889,1.033,0.896,1.09,0.97,1.081,1.051,1.02,1.006,0.985,0.969,0.967,0.896,0.58,0.268,0.488,1.11,1.097,1.021,1.008,0.991,0.941,0.929,0.894,0.885,0.873,0.863,0.872,0.862,0.861,0.969,0.81,0.794,0.758,0.747,1.147,1.313,1.3,1.232,1.175,1.159,1.155,1.127,1.112,1.101,1.083,1.065,1.065,1.048,1.268,1.076,1.112,1.137,1.172,1.185,1.165,1.237,1.259,1.258,1.28,1.28,1.352,1.395,1.502,1.514,1.514,1.514,1.514,1.514,1.504,1.514,1.59,1.59,1.609,1.707,1.81,1.819,1.819,1.952,1.956,1.956,2.006,2.148,2.085,2.034,1.947,1.851,1.983,1.851,1.851,1.851,1.851,1.8,1.83,1.75,1.691,1.691,1.677,1.677,1.579,1.561,1.572,1.572,1.579,1.599,1.599,1.643,1.664,1.679,1.688,1.695,1.738,1.738,1.737,1.753,1.76,1.765,1.776,1.782,1.805,1.839,1.833,1.851,1.871,1.879,1.697,1.754,1.654,1.651,1.618,1.573,1.552,1.476,1.485,1.501,1.345,1.349,1.374,1.393,1.392,1.409,1.434,1.439,1.437,1.454,1.459,1.506,1.504,1.526,1.579,1.624,1.63,1.657,1.688,1.77,1.754,1.77,1.239,1.216,1.292,1.308,1.302,1.704,1.314,1.325,1.336,1.35,1.393,1.407,1.481,1.462,1.459,1.458,11.016
Point_133,16.547,3.457,3.457,3.494,2.221,1.716,1.432,1.469,1.469,1.469,1.511,1.537,1.069,1.085,1.137,1.137,1.159,1.172,1.188,1.225,1.256,1.067,1.298,1.303,1.328,1.337,1.349,1.358,1.379,1.397,1.389,1.312,1.078,1.065,1.012,0.94,0.939,0.904,0.906,0.888,0.888,0.859,0.851,0.828,0.803,0.848,0.941,0.953,0.976,0.981,0.988,1.004,1.014,1.014,1.018,1.026,1.045,1.044,1.044,1.026,1.012,1.012,1.012,1.079,1.081,1.104,1.048,1.049,1.032,1.013,1.017,0.982,0.997,0.964,0.96,0.923,0.909,0.881,0.787,0.74,0.798,0.798,0.673,0.661,0.661,0.661,0.624,0.636,0.62,0.618,0.62,0.567,0.591,0.567,0.636,0.668,0.731,0.527,0.523,0.488,0.459,0.441,0.459,0.439,0.528,0.519,0.355,0.243,0.243,0.243,0.185,0.185,0.185,0.185,0.185,0.164,0.173,0.177,0.224,0.212,0.196,0.192,0.062,0.144,0.13,0.2,0.259,0.099,0.051,0.044,0.021,0.025,0.0,0.0,0.019,0.031,0.032,0.06,0.144,0.131,0.168,0.204,0.197,0.211,0.163,0.311,0.252,0.555,0.574,0.611,0.695,0.668,0.668,0.708,0.708,0.925,0.881,0.899,0.835,1.087,0.864,1.008,0.871,1.065,0.945,1.057,1.026,0.995,0.981,0.96,0.944,0.942,0.871,0.555,0.243,0.463,1.085,1.072,0.997,0.984,0.966,0.916,0.904,0.869,0.86,0.848,0.839,0.847,0.837,0.836,0.944,0.785,0.769,0.733,0.722,1.122,1.289,1.275,1.207,1.15,1.134,1.13,1.102,1.087,1.077,1.058,1.041,1.04,1.023,1.243,1.051,1.087,1.112,1.147,1.16,1.14,1.212,1.234,1.233,1.256,1.256,1.327,1.37,1.477,1.489,1.489,1.489,1.489,1.489,1.48,1.489,1.565,1.565,1.584,1.682,1.786,1.794,1.794,1.927,1.931,1.931,1.981,2.124,2.06,2.009,1.922,1.826,1.958,1.826,1.826,1.826,1.826,1.775,1.805,1.725,1.666,1.666,1.652,1.652,1.554,1.536,1.547,1.547,1.554,1.574,1.574,1.618,1.64,1.654,1.663,1.67,1.713,1.713,1.712,1.728,1.735,1.74,1.751,1.757,1.78,1.815,1.808,1.827,1.846,1.854,1.672,1.729,1.629,1.626,1.593,1.548,1.527,1.452,1.46,1.477,1.321,1.324,1.35,1.368,1.367,1.384,1.409,1.415,1.412,1.429,1.434,1.481,1.479,1.502,1.554,1.599,1.605,1.632,1.663,1.745,1.729,1.745,1.214,1.191,1.267,1.283,1.277,1.68,1.29,1.3,1.312,1.325,1.368,1.382,1.456,1.437,1.434,1.433,10.991
Point_134,16.547,3.456,3.456,3.494,2.221,1.715,1.431,1.469,1.469,1.469,1.51,1.536,1.068,1.085,1.137,1.137,1.159,1.172,1.188,1.225,1.256,1.067,1.298,1.303,1.328,1.337,1.349,1.357,1.379,1.397,1.389,1.312,1.078,1.064,1.012,0.94,0.939,0.904,0.906,0.888,0.888,0.859,0.851,0.828,0.803,0.848,0.941,0.953,0.976,0.981,0.988,1.004,1.014,1.014,1.018,1.026,1.045,1.044,1.044,1.026,1.012,1.012,1.012,1.079,1.081,1.104,1.048,1.049,1.032,1.013,1.017,0.982,0.997,0.963,0.96,0.923,0.909,0.881,0.787,0.74,0.798,0.798,0.673,0.661,0.661,0.661,0.623,0.636,0.62,0.618,0.62,0.567,0.591,0.567,0.636,0.668,0.731,0.526,0.523,0.488,0.459,0.441,0.459,0.439,0.528,0.519,0.355,0.243,0.243,0.243,0.185,0.185,0.185,0.185,0.185,0.164,0.173,0.177,0.224,0.212,0.196,0.192,0.062,0.144,0.13,0.2,0.259,0.099,0.051,0.044,0.021,0.025,0.0,0.0,0.019,0.031,0.031,0.06,0.144,0.131,0.168,0.204,0.197,0.211,0.163,0.311,0.252,0.554,0.574,0.611,0.695,0.667,0.667,0.708,0.708,0.925,0.881,0.899,0.835,1.087,0.864,1.008,0.871,1.065,0.945,1.056,1.026,0.995,0.981,0.96,0.944,0.942,0.871,0.555,0.243,0.463,1.085,1.072,0.996,0.983,0.966,0.916,0.904,0.869,0.86,0.848,0.839,0.847,0.837,0.836,0.944,0.785,0.769,0.733,0.722,1.122,1.288,1.275,1.207,1.15,1.134,1.13,1.102,1.087,1.076,1.058,1.04,1.04,1.023,1.243,1.051,1.087,1.112,1.147,1.16,1.14,1.212,1.234,1.233,1.255,1.255,1.327,1.37,1.477,1.489,1.489,1.489,1.489,1.489,1.479,1.489,1.565,1.565,1.584,1.682,1.785,1.794,1.794,1.927,1.931,1.931,1.981,2.123,2.06,2.009,1.922,1.826,1.958,1.826,1.826,1.826,1.826,1.775,1.805,1.725,1.666,1.666,1.652,1.652,1.554,1.536,1.547,1.547,1.554,1.574,1.574,1.618,1.639,1.654,1.663,1.67,1.713,1.713,1.712,1.728,1.735,1.74,1.751,1.757,1.78,1.814,1.808,1.826,1.846,1.854,1.672,1.729,1.629,1.626,1.593,1.548,1.527,1.451,1.46,1.476,1.32,1.324,1.349,1.368,1.367,1.384,1.409,1.414,1.412,1.429,1.434,1.481,1.479,1.501,1.554,1.599,1.605,1.632,1.663,1.745,1.729,1.745,1.214,1.191,1.267,1.283,1.277,1.679,1.289,1.3,1.311,1.325,1.368,1.382,1.456,1.437,1.434,1.433,10.991
Point_135,16.528,3.437,3.437,3.474,2.202,1.696,1.412,1.45,1.45,1.45,1.491,1.517,1.049,1.065,1.118,1.118,1.14,1.152,1.168,1.206,1.237,1.048,1.279,1.284,1.308,1.318,1.329,1.338,1.359,1.378,1.37,1.293,1.059,1.045,0.993,0.921,0.92,0.885,0.887,0.869,0.869,0.84,0.832,0.809,0.784,0.829,0.922,0.934,0.957,0.962,0.969,0.985,0.995,0.995,0.999,1.007,1.026,1.025,1.025,1.007,0.992,0.992,0.992,1.06,1.062,1.084,1.029,1.029,1.013,0.994,0.998,0.962,0.977,0.944,0.94,0.903,0.89,0.862,0.768,0.721,0.779,0.779,0.654,0.642,0.642,0.642,0.604,0.616,0.6,0.599,0.6,0.548,0.571,0.548,0.617,0.648,0.712,0.507,0.503,0.469,0.44,0.422,0.44,0.42,0.509,0.5,0.336,0.224,0.224,0.224,0.166,0.166,0.166,0.166,0.166,0.145,0.153,0.196,0.185,0.198,0.215,0.211,0.081,0.163,0.149,0.22,0.278,0.118,0.07,0.063,0.04,0.044,0.019,0.019,0.0,0.012,0.012,0.041,0.125,0.112,0.149,0.185,0.178,0.192,0.144,0.291,0.233,0.535,0.555,0.592,0.676,0.648,0.648,0.689,0.689,0.906,0.862,0.88,0.816,1.067,0.845,0.989,0.852,1.046,0.926,1.037,1.007,0.976,0.961,0.941,0.925,0.922,0.852,0.536,0.224,0.444,1.066,1.053,0.977,0.964,0.946,0.897,0.885,0.85,0.841,0.828,0.819,0.828,0.818,0.817,0.925,0.766,0.749,0.714,0.703,1.102,1.269,1.256,1.187,1.131,1.115,1.111,1.083,1.067,1.057,1.038,1.021,1.02,1.003,1.223,1.032,1.068,1.093,1.128,1.141,1.12,1.193,1.214,1.214,1.236,1.236,1.308,1.351,1.458,1.47,1.47,1.47,1.47,1.47,1.46,1.47,1.546,1.546,1.565,1.663,1.766,1.774,1.774,1.908,1.912,1.912,1.962,2.104,2.041,1.989,1.902,1.806,1.939,1.806,1.806,1.806,1.806,1.756,1.786,1.706,1.647,1.647,1.632,1.632,1.535,1.517,1.528,1.528,1.535,1.555,1.555,1.598,1.62,1.634,1.644,1.65,1.694,1.694,1.693,1.708,1.716,1.721,1.731,1.738,1.76,1.795,1.788,1.807,1.827,1.835,1.653,1.709,1.61,1.607,1.574,1.529,1.508,1.432,1.441,1.457,1.301,1.305,1.33,1.349,1.348,1.365,1.389,1.395,1.393,1.41,1.415,1.462,1.46,1.482,1.535,1.58,1.586,1.613,1.643,1.726,1.71,1.726,1.194,1.172,1.248,1.264,1.258,1.66,1.27,1.281,1.292,1.306,1.349,1.363,1.436,1.417,1.415,1.414,10.972
Point_136,16.516,3.426,3.426,3.463,2.19,1.685,1.401,1.438,1.438,1.438,1.48,1.506,1.038,1.054,1.106,1.106,1.128,1.141,1.157,1.194,1.225,1.036,1.267,1.272,1.297,1.306,1.318,1.327,1.348,1.366,1.358,1.281,1.047,1.034,0.981,0.909,0.908,0.873,0.875,0.857,0.857,0.828,0.82,0.797,0.772,0.817,0.91,0.922,0.945,0.95,0.957,0.973,0.983,0.983,0.987,0.995,1.014,1.013,1.013,0.995,0.981,0.981,0.981,1.048,1.05,1.073,1.017,1.018,1.001,0.982,0.986,0.951,0.966,0.933,0.929,0.892,0.878,0.85,0.756,0.709,0.767,0.767,0.642,0.63,0.63,0.63,0.593,0.605,0.589,0.587,0.589,0.536,0.56,0.536,0.605,0.637,0.7,0.496,0.492,0.457,0.428,0.41,0.428,0.408,0.497,0.488,0.324,0.212,0.212,0.212,0.154,0.154,0.154,0.154,0.154,0.133,0.142,0.208,0.174,0.186,0.202,0.206,0.093,0.175,0.161,0.231,0.29,0.13,0.082,0.075,0.052,0.056,0.031,0.031,0.012,0.0,0.001,0.029,0.113,0.1,0.137,0.173,0.166,0.18,0.132,0.28,0.221,0.524,0.543,0.58,0.664,0.637,0.637,0.677,0.677,0.894,0.85,0.868,0.804,1.056,0.833,0.977,0.84,1.034,0.914,1.026,0.995,0.964,0.95,0.929,0.913,0.911,0.84,0.524,0.212,0.432,1.054,1.041,0.966,0.953,0.935,0.885,0.873,0.838,0.829,0.817,0.808,0.816,0.806,0.805,0.913,0.754,0.738,0.702,0.691,1.091,1.258,1.244,1.176,1.119,1.103,1.099,1.071,1.056,1.046,1.027,1.01,1.009,0.992,1.212,1.02,1.056,1.081,1.116,1.129,1.109,1.181,1.203,1.202,1.225,1.225,1.296,1.339,1.446,1.458,1.458,1.458,1.458,1.458,1.449,1.458,1.534,1.534,1.553,1.651,1.755,1.763,1.763,1.896,1.9,1.9,1.95,2.093,2.029,1.978,1.891,1.795,1.927,1.795,1.795,1.795,1.795,1.744,1.774,1.694,1.635,1.635,1.621,1.621,1.523,1.505,1.516,1.516,1.523,1.543,1.543,1.587,1.609,1.623,1.632,1.639,1.682,1.682,1.681,1.697,1.704,1.709,1.72,1.726,1.749,1.784,1.777,1.796,1.815,1.823,1.641,1.698,1.599,1.595,1.562,1.517,1.496,1.421,1.429,1.446,1.29,1.293,1.319,1.337,1.336,1.353,1.378,1.384,1.381,1.398,1.403,1.45,1.448,1.471,1.523,1.568,1.574,1.601,1.632,1.714,1.698,1.714,1.183,1.16,1.236,1.252,1.246,1.649,1.259,1.269,1.281,1.294,1.337,1.351,1.425,1.406,1.404,1.402,10.96
Point_137,16.516,3.425,3.425,3.462,2.189,1.684,1.4,1.438,1.438,1.438,1.479,1.505,1.037,1.053,1.106,1.106,1.128,1.14,1.156,1.194,1.225,1.035,1.266,1.272,1.296,1.305,1.317,1.326,1.347,1.365,1.358,1.281,1.047,1.033,0.98,0.909,0.907,0.873,0.875,0.857,0.857,0.827,0.82,0.796,0.772,0.817,0.91,0.921,0.945,0.949,0.957,0.972,0.982,0.982,0.987,0.994,1.014,1.013,1.013,0.994,0.98,0.98,0.98,1.048,1.049,1.072,1.017,1.017,1.0,0.982,0.986,0.95,0.965,0.932,0.928,0.891,0.877,0.85,0.756,0.709,0.767,0.767,0.642,0.63,0.63,0.63,0.592,0.604,0.588,0.586,0.588,0.536,0.559,0.536,0.605,0.636,0.7,0.495,0.491,0.457,0.428,0.41,0.428,0.407,0.497,0.487,0.324,0.211,0.211,0.211,0.154,0.154,0.154,0.154,0.154,0.133,0.141,0.208,0.173,0.185,0.201,0.205,0.093,0.175,0.162,0.232,0.29,0.131,0.082,0.075,0.052,0.056,0.032,0.031,0.012,0.001,0.0,0.029,0.112,0.1,0.137,0.172,0.166,0.18,0.131,0.279,0.22,0.523,0.542,0.58,0.664,0.636,0.636,0.677,0.677,0.894,0.849,0.868,0.803,1.055,0.833,0.977,0.84,1.033,0.914,1.025,0.995,0.964,0.949,0.929,0.913,0.91,0.839,0.524,0.211,0.431,1.054,1.041,0.965,0.952,0.934,0.885,0.872,0.837,0.829,0.816,0.807,0.816,0.805,0.805,0.913,0.753,0.737,0.701,0.691,1.09,1.257,1.244,1.175,1.118,1.103,1.098,1.071,1.055,1.045,1.026,1.009,1.008,0.991,1.211,1.02,1.056,1.08,1.115,1.129,1.108,1.181,1.202,1.201,1.224,1.224,1.296,1.338,1.446,1.458,1.458,1.458,1.458,1.458,1.448,1.458,1.534,1.534,1.553,1.65,1.754,1.762,1.762,1.896,1.899,1.899,1.95,2.092,2.028,1.977,1.89,1.794,1.926,1.794,1.794,1.794,1.794,1.744,1.774,1.694,1.634,1.634,1.62,1.62,1.523,1.505,1.516,1.516,1.523,1.542,1.542,1.586,1.608,1.622,1.632,1.638,1.682,1.682,1.68,1.696,1.704,1.709,1.719,1.725,1.748,1.783,1.776,1.795,1.815,1.823,1.641,1.697,1.598,1.594,1.562,1.517,1.495,1.42,1.428,1.445,1.289,1.293,1.318,1.337,1.335,1.353,1.377,1.383,1.381,1.397,1.403,1.45,1.447,1.47,1.523,1.567,1.574,1.601,1.631,1.714,1.698,1.714,1.182,1.159,1.235,1.252,1.246,1.648,1.258,1.269,1.28,1.294,1.337,1.351,1.424,1.405,1.403,1.402,10.96
Point_138,16.487,3.396,3.396,3.433,2.161,1.655,1.371,1.409,1.409,1.409,1.45,1.476,1.008,1.025,1.077,1.077,1.099,1.112,1.127,1.165,1.196,1.007,1.238,1.243,1.267,1.277,1.288,1.297,1.318,1.337,1.329,1.252,1.018,1.004,0.952,0.88,0.879,0.844,0.846,0.828,0.828,0.799,0.791,0.768,0.743,0.788,0.881,0.893,0.916,0.921,0.928,0.944,0.954,0.954,0.958,0.966,0.985,0.984,0.984,0.966,0.951,0.951,0.951,1.019,1.021,1.043,0.988,0.989,0.972,0.953,0.957,0.921,0.936,0.903,0.899,0.862,0.849,0.821,0.727,0.68,0.738,0.738,0.613,0.601,0.601,0.601,0.563,0.575,0.559,0.558,0.559,0.507,0.53,0.507,0.576,0.608,0.671,0.466,0.462,0.428,0.399,0.381,0.399,0.379,0.468,0.459,0.295,0.183,0.183,0.183,0.125,0.125,0.125,0.125,0.125,0.104,0.112,0.192,0.144,0.157,0.173,0.176,0.122,0.225,0.19,0.261,0.319,0.159,0.111,0.104,0.081,0.085,0.06,0.06,0.041,0.029,0.029,0.0,0.084,0.071,0.108,0.144,0.137,0.151,0.103,0.25,0.192,0.494,0.514,0.551,0.635,0.607,0.607,0.648,0.648,0.865,0.821,0.839,0.775,1.027,0.804,0.948,0.811,1.005,0.885,0.996,0.966,0.935,0.92,0.9,0.884,0.881,0.811,0.495,0.183,0.403,1.025,1.012,0.936,0.923,0.905,0.856,0.844,0.809,0.8,0.787,0.778,0.787,0.777,0.776,0.884,0.725,0.708,0.673,0.662,1.061,1.228,1.215,1.147,1.09,1.074,1.07,1.042,1.026,1.016,0.997,0.98,0.979,0.963,1.182,0.991,1.027,1.052,1.087,1.1,1.079,1.152,1.173,1.173,1.195,1.195,1.267,1.31,1.417,1.429,1.429,1.429,1.429,1.429,1.419,1.429,1.505,1.505,1.524,1.622,1.725,1.733,1.733,1.867,1.871,1.871,1.921,2.063,2.0,1.949,1.862,1.765,1.898,1.765,1.765,1.765,1.765,1.715,1.745,1.665,1.606,1.606,1.591,1.591,1.494,1.476,1.487,1.487,1.494,1.514,1.514,1.557,1.579,1.593,1.603,1.609,1.653,1.653,1.652,1.667,1.675,1.68,1.69,1.697,1.719,1.754,1.748,1.766,1.786,1.794,1.612,1.668,1.569,1.566,1.533,1.488,1.467,1.391,1.4,1.416,1.26,1.264,1.289,1.308,1.307,1.324,1.349,1.354,1.352,1.369,1.374,1.421,1.419,1.441,1.494,1.539,1.545,1.572,1.602,1.685,1.669,1.685,1.153,1.131,1.207,1.223,1.217,1.619,1.229,1.24,1.251,1.265,1.308,1.322,1.395,1.376,1.374,1.373,10.931
Point_139,16.532,3.441,3.441,3.478,2.206,1.7,1.416,1.454,1.454,1.454,1.495,1.521,1.053,1.07,1.122,1.122,1.144,1.157,1.172,1.21,1.241,1.052,1.283,1.288,1.312,1.322,1.333,1.342,1.363,1.382,1.374,1.297,1.063,1.049,0.997,0.925,0.924,0.889,0.891,0.873,0.873,0.844,0.836,0.813,0.788,0.833,0.926,0.938,0.961,0.966,0.973,0.989,0.999,0.999,1.003,1.011,1.03,1.029,1.029,1.011,0.996,0.996,0.996,1.064,1.066,1.088,1.033,1.034,1.017,0.998,1.002,0.966,0.981,0.948,0.944,0.907,0.894,0.866,0.772,0.725,0.783,0.783,0.658,0.646,0.646,0.646,0.608,0.62,0.604,0.603,0.604,0.552,0.575,0.552,0.621,0.653,0.716,0.511,0.507,0.473,0.444,0.426,0.444,0.424,0.513,0.504,0.34,0.228,0.228,0.228,0.17,0.17,0.17,0.17,0.17,0.149,0.157,0.237,0.189,0.202,0.218,0.221,0.206,0.27,0.279,0.354,0.412,0.243,0.195,0.188,0.165,0.169,0.144,0.144,0.125,0.113,0.112,0.084,0.0,0.116,0.153,0.189,0.182,0.196,0.148,0.167,0.158,0.411,0.43,0.467,0.551,0.524,0.524,0.564,0.564,0.59,0.626,0.616,0.58,0.597,0.849,0.993,0.856,1.05,0.93,1.041,1.011,0.98,0.965,0.945,0.929,0.926,0.856,0.54,0.228,0.448,1.07,1.057,0.981,0.968,0.95,0.901,0.889,0.854,0.845,0.832,0.823,0.832,0.822,0.821,0.929,0.77,0.753,0.718,0.707,1.106,1.273,1.26,1.192,1.135,1.119,1.115,1.087,1.071,1.061,1.042,1.025,1.024,1.008,1.227,1.036,1.072,1.097,1.132,1.145,1.124,1.197,1.218,1.218,1.24,1.24,1.312,1.355,1.462,1.474,1.474,1.474,1.474,1.474,1.464,1.474,1.55,1.55,1.569,1.667,1.77,1.778,1.778,1.912,1.916,1.916,1.966,2.108,2.045,1.994,1.907,1.81,1.943,1.81,1.81,1.81,1.81,1.76,1.79,1.71,1.651,1.651,1.636,1.636,1.539,1.521,1.532,1.532,1.539,1.559,1.559,1.602,1.624,1.638,1.648,1.654,1.698,1.698,1.697,1.712,1.72,1.725,1.735,1.742,1.764,1.799,1.793,1.811,1.831,1.839,1.657,1.713,1.614,1.611,1.578,1.533,1.512,1.436,1.445,1.461,1.305,1.309,1.334,1.353,1.352,1.369,1.394,1.399,1.397,1.414,1.419,1.466,1.464,1.486,1.539,1.584,1.59,1.617,1.647,1.73,1.714,1.73,1.198,1.176,1.252,1.268,1.262,1.664,1.274,1.285,1.296,1.31,1.353,1.367,1.44,1.421,1.419,1.418,10.976
Point_140,16.452,3.361,3.361,3.398,2.125,1.62,1.336,1.374,1.374,1.374,1.415,1.441,0.973,0.989,1.042,1.042,1.064,1.076,1.092,1.13,1.161,0.971,1.202,1.208,1.232,1.241,1.253,1.262,1.283,1.301,1.293,1.217,0.983,0.969,0.916,0.845,0.843,0.809,0.811,0.793,0.793,0.763,0.756,0.732,0.708,0.753,0.846,0.857,0.881,0.885,0.893,0.908,0.918,0.918,0.923,0.93,0.95,0.949,0.949,0.93,0.916,0.916,0.916,0.984,0.985,1.008,0.953,0.953,0.936,0.918,0.922,0.886,0.901,0.868,0.864,0.827,0.813,0.786,0.692,0.645,0.703,0.703,0.577,0.566,0.566,0.566,0.528,0.54,0.524,0.522,0.524,0.472,0.495,0.472,0.541,0.572,0.636,0.431,0.427,0.393,0.364,0.345,0.364,0.343,0.433,0.423,0.26,0.215,0.215,0.215,0.157,0.157,0.157,0.157,0.157,0.136,0.145,0.224,0.177,0.189,0.205,0.209,0.193,0.257,0.261,0.341,0.4,0.23,0.182,0.175,0.152,0.156,0.131,0.131,0.112,0.1,0.1,0.071,0.116,0.0,0.037,0.073,0.066,0.08,0.032,0.179,0.121,0.43,0.45,0.487,0.571,0.543,0.543,0.584,0.584,0.61,0.639,0.658,0.593,0.61,0.65,0.913,0.776,0.969,0.85,0.961,0.931,0.9,0.885,0.865,0.849,0.846,0.775,0.527,0.215,0.435,0.99,0.977,0.901,0.888,0.87,0.821,0.808,0.773,0.765,0.752,0.743,0.752,0.741,0.741,0.849,0.689,0.673,0.637,0.627,1.026,1.193,1.18,1.111,1.054,1.039,1.034,1.007,0.991,0.981,0.962,0.945,0.944,0.927,1.147,0.956,0.992,1.016,1.051,1.065,1.044,1.117,1.138,1.137,1.16,1.16,1.232,1.274,1.382,1.394,1.394,1.394,1.394,1.394,1.384,1.394,1.47,1.47,1.489,1.586,1.69,1.698,1.698,1.831,1.835,1.835,1.886,2.028,1.964,1.913,1.826,1.73,1.862,1.73,1.73,1.73,1.73,1.68,1.71,1.63,1.57,1.57,1.556,1.556,1.459,1.441,1.452,1.452,1.459,1.478,1.478,1.522,1.544,1.558,1.568,1.574,1.618,1.618,1.616,1.632,1.64,1.645,1.655,1.661,1.684,1.719,1.712,1.731,1.751,1.759,1.577,1.633,1.534,1.53,1.498,1.453,1.431,1.356,1.364,1.381,1.225,1.229,1.254,1.273,1.271,1.289,1.313,1.319,1.317,1.333,1.339,1.386,1.383,1.406,1.459,1.503,1.51,1.537,1.567,1.65,1.634,1.65,1.118,1.095,1.171,1.188,1.182,1.584,1.194,1.205,1.216,1.23,1.273,1.287,1.36,1.341,1.339,1.338,10.896
Point_141,16.415,3.324,3.324,3.361,2.089,1.583,1.299,1.337,1.337,1.337,1.378,1.404,0.936,0.952,1.005,1.005,1.027,1.039,1.055,1.093,1.124,0.935,1.166,1.171,1.195,1.205,1.216,1.225,1.246,1.264,1.257,1.18,0.946,0.932,0.88,0.808,0.806,0.772,0.774,0.756,0.756,0.727,0.719,0.696,0.671,0.716,0.809,0.821,0.844,0.849,0.856,0.872,0.882,0.882,0.886,0.894,0.913,0.912,0.912,0.894,0.879,0.879,0.879,0.947,0.949,0.971,0.916,0.916,0.9,0.881,0.885,0.849,0.864,0.831,0.827,0.79,0.777,0.749,0.655,0.608,0.666,0.666,0.541,0.529,0.529,0.529,0.491,0.503,0.487,0.486,0.487,0.435,0.458,0.435,0.504,0.535,0.599,0.394,0.39,0.356,0.327,0.309,0.327,0.307,0.396,0.386,0.223,0.308,0.308,0.308,0.356,0.356,0.356,0.356,0.356,0.383,0.391,0.471,0.423,0.435,0.451,0.455,0.23,0.503,0.513,0.587,0.646,0.267,0.219,0.212,0.189,0.193,0.168,0.168,0.149,0.137,0.137,0.108,0.153,0.037,0.0,0.036,0.029,0.014,0.005,0.113,0.055,0.364,0.384,0.421,0.505,0.477,0.477,0.518,0.518,0.544,0.573,0.591,0.527,0.544,0.584,0.596,0.739,0.933,0.813,0.924,0.894,0.863,0.848,0.828,0.812,0.809,0.739,0.726,0.308,0.634,0.953,0.94,0.864,0.851,0.833,0.784,0.772,0.737,0.728,0.715,0.706,0.715,0.704,0.704,0.812,0.653,0.636,0.601,0.59,0.989,1.156,1.143,1.074,1.018,1.002,0.998,0.97,0.954,0.944,0.925,0.908,0.907,0.89,1.11,0.919,0.955,0.98,1.015,1.028,1.007,1.08,1.101,1.101,1.123,1.123,1.195,1.238,1.345,1.357,1.357,1.357,1.357,1.357,1.347,1.357,1.433,1.433,1.452,1.55,1.653,1.661,1.661,1.795,1.799,1.799,1.849,1.991,1.928,1.876,1.789,1.693,1.825,1.693,1.693,1.693,1.693,1.643,1.673,1.593,1.534,1.534,1.519,1.519,1.422,1.404,1.415,1.415,1.422,1.442,1.442,1.485,1.507,1.521,1.531,1.537,1.581,1.581,1.58,1.595,1.603,1.608,1.618,1.625,1.647,1.682,1.675,1.694,1.714,1.722,1.54,1.596,1.497,1.493,1.461,1.416,1.394,1.319,1.328,1.344,1.188,1.192,1.217,1.236,1.235,1.252,1.276,1.282,1.28,1.297,1.302,1.349,1.347,1.369,1.422,1.467,1.473,1.5,1.53,1.613,1.597,1.613,1.081,1.059,1.134,1.151,1.145,1.547,1.157,1.168,1.179,1.193,1.236,1.25,1.323,1.304,1.302,1.301,10.859
Point_142,16.379,3.288,3.288,3.325,2.053,1.547,1.263,1.301,1.301,1.301,1.342,1.368,0.9,0.917,0.969,0.969,0.991,1.004,1.019,1.057,1.088,0.899,1.13,1.135,1.159,1.169,1.18,1.189,1.21,1.229,1.221,1.144,0.91,0.896,0.844,0.772,0.771,0.736,0.738,0.72,0.72,0.691,0.683,0.66,0.635,0.68,0.773,0.785,0.808,0.813,0.82,0.836,0.846,0.846,0.85,0.858,0.877,0.876,0.876,0.858,0.843,0.843,0.843,0.911,0.913,0.935,0.88,0.88,0.864,0.845,0.849,0.813,0.828,0.795,0.791,0.754,0.741,0.713,0.619,0.572,0.63,0.63,0.505,0.493,0.493,0.493,0.455,0.467,0.451,0.45,0.451,0.399,0.422,0.399,0.468,0.499,0.563,0.358,0.354,0.32,0.291,0.273,0.291,0.271,0.36,0.351,0.187,0.272,0.272,0.272,0.32,0.32,0.32,0.32,0.32,0.347,0.355,0.435,0.387,0.4,0.415,0.419,0.266,0.467,0.477,0.551,0.61,0.303,0.255,0.248,0.225,0.229,0.204,0.204,0.185,0.173,0.172,0.144,0.189,0.073,0.036,0.0,0.007,0.05,0.041,0.149,0.09,0.4,0.419,0.457,0.541,0.513,0.513,0.554,0.554,0.58,0.609,0.627,0.563,0.58,0.696,0.84,0.703,0.897,0.777,0.888,0.858,0.827,0.812,0.792,0.776,0.773,0.703,0.69,0.272,0.598,0.917,0.904,0.828,0.815,0.797,0.748,0.736,0.701,0.692,0.679,0.67,0.679,0.669,0.668,0.776,0.617,0.6,0.565,0.554,0.953,1.12,1.107,1.039,0.982,0.966,0.962,0.934,0.918,0.908,0.889,0.872,0.871,0.855,1.074,0.883,0.919,0.944,0.979,0.992,0.971,1.044,1.065,1.065,1.087,1.087,1.159,1.202,1.309,1.321,1.321,1.321,1.321,1.321,1.311,1.321,1.397,1.397,1.416,1.514,1.617,1.625,1.625,1.759,1.763,1.763,1.813,1.955,1.892,1.841,1.754,1.657,1.79,1.657,1.657,1.657,1.657,1.607,1.637,1.557,1.498,1.498,1.483,1.483,1.386,1.368,1.379,1.379,1.386,1.406,1.406,1.449,1.471,1.485,1.495,1.501,1.545,1.545,1.544,1.559,1.567,1.572,1.582,1.589,1.611,1.646,1.639,1.658,1.678,1.686,1.504,1.56,1.461,1.458,1.425,1.38,1.359,1.283,1.292,1.308,1.152,1.156,1.181,1.2,1.199,1.216,1.241,1.246,1.244,1.261,1.266,1.313,1.311,1.333,1.386,1.431,1.437,1.464,1.494,1.577,1.561,1.577,1.045,1.023,1.099,1.115,1.109,1.511,1.121,1.132,1.143,1.157,1.2,1.214,1.287,1.268,1.266,1.265,10.823
Point_143,16.386,3.295,3.295,3.332,2.059,1.554,1.27,1.308,1.308,1.308,1.349,1.375,0.907,0.923,0.976,0.976,0.998,1.01,1.026,1.064,1.095,0.905,1.136,1.142,1.166,1.176,1.187,1.196,1.217,1.235,1.228,1.151,0.917,0.903,0.85,0.779,0.777,0.743,0.745,0.727,0.727,0.697,0.69,0.666,0.642,0.687,0.78,0.791,0.815,0.819,0.827,0.842,0.852,0.852,0.857,0.865,0.884,0.883,0.883,0.864,0.85,0.85,0.85,0.918,0.919,0.942,0.887,0.887,0.87,0.852,0.856,0.82,0.835,0.802,0.798,0.761,0.747,0.72,0.626,0.579,0.637,0.637,0.512,0.5,0.5,0.5,0.462,0.474,0.458,0.456,0.458,0.406,0.429,0.406,0.475,0.506,0.57,0.365,0.361,0.327,0.298,0.28,0.298,0.277,0.367,0.357,0.194,0.279,0.279,0.279,0.327,0.327,0.327,0.327,0.327,0.354,0.362,0.442,0.394,0.406,0.422,0.426,0.259,0.474,0.484,0.558,0.617,0.296,0.248,0.241,0.218,0.222,0.197,0.197,0.178,0.166,0.166,0.137,0.182,0.066,0.029,0.007,0.0,0.043,0.034,0.142,0.084,0.393,0.413,0.45,0.534,0.506,0.506,0.547,0.547,0.573,0.602,0.62,0.556,0.573,0.703,0.847,0.71,0.903,0.784,0.895,0.865,0.834,0.819,0.799,0.783,0.78,0.709,0.697,0.279,0.605,0.924,0.911,0.835,0.822,0.804,0.755,0.742,0.707,0.699,0.686,0.677,0.686,0.675,0.675,0.783,0.623,0.607,0.571,0.561,0.96,1.127,1.114,1.045,0.988,0.973,0.968,0.941,0.925,0.915,0.896,0.879,0.878,0.861,1.081,0.89,0.926,0.95,0.985,0.999,0.978,1.051,1.072,1.071,1.094,1.094,1.166,1.208,1.316,1.328,1.328,1.328,1.328,1.328,1.318,1.328,1.404,1.404,1.423,1.521,1.624,1.632,1.632,1.766,1.769,1.769,1.82,1.962,1.898,1.847,1.76,1.664,1.796,1.664,1.664,1.664,1.664,1.614,1.644,1.564,1.504,1.504,1.49,1.49,1.393,1.375,1.386,1.386,1.393,1.413,1.413,1.456,1.478,1.492,1.502,1.508,1.552,1.552,1.551,1.566,1.574,1.579,1.589,1.595,1.618,1.653,1.646,1.665,1.685,1.693,1.511,1.567,1.468,1.464,1.432,1.387,1.365,1.29,1.298,1.315,1.159,1.163,1.188,1.207,1.205,1.223,1.247,1.253,1.251,1.267,1.273,1.32,1.317,1.34,1.393,1.437,1.444,1.471,1.501,1.584,1.568,1.584,1.052,1.029,1.105,1.122,1.116,1.518,1.128,1.139,1.15,1.164,1.207,1.221,1.294,1.275,1.273,1.272,10.83
Point_144,16.429,3.338,3.338,3.375,2.103,1.597,1.313,1.351,1.351,1.351,1.392,1.418,0.95,0.966,1.019,1.019,1.041,1.053,1.069,1.107,1.138,0.948,1.18,1.185,1.209,1.219,1.23,1.239,1.26,1.278,1.271,1.194,0.96,0.946,0.894,0.822,0.82,0.786,0.788,0.77,0.77,0.74,0.733,0.71,0.685,0.73,0.823,0.835,0.858,0.863,0.87,0.885,0.895,0.895,0.9,0.908,0.927,0.926,0.926,0.908,0.893,0.893,0.893,0.961,0.963,0.985,0.93,0.93,0.913,0.895,0.899,0.863,0.878,0.845,0.841,0.804,0.791,0.763,0.669,0.622,0.68,0.68,0.555,0.543,0.543,0.543,0.505,0.517,0.501,0.5,0.501,0.449,0.472,0.449,0.518,0.549,0.613,0.408,0.404,0.37,0.341,0.323,0.341,0.321,0.41,0.4,0.237,0.322,0.322,0.322,0.37,0.37,0.37,0.37,0.37,0.397,0.405,0.485,0.437,0.449,0.465,0.469,0.273,0.517,0.527,0.601,0.66,0.31,0.262,0.255,0.232,0.236,0.211,0.211,0.192,0.18,0.18,0.151,0.196,0.08,0.014,0.05,0.043,0.0,0.048,0.099,0.041,0.35,0.37,0.407,0.491,0.463,0.463,0.504,0.504,0.53,0.559,0.577,0.513,0.53,0.57,0.582,0.753,0.947,0.827,0.938,0.908,0.877,0.862,0.842,0.826,0.823,0.753,0.74,0.322,0.648,0.967,0.954,0.878,0.865,0.847,0.798,0.786,0.75,0.742,0.729,0.72,0.729,0.718,0.718,0.826,0.667,0.65,0.614,0.604,1.003,1.17,1.157,1.088,1.032,1.016,1.012,0.984,0.968,0.958,0.939,0.922,0.921,0.904,1.124,0.933,0.969,0.993,1.028,1.042,1.021,1.094,1.115,1.115,1.137,1.137,1.209,1.251,1.359,1.371,1.371,1.371,1.371,1.371,1.361,1.371,1.447,1.447,1.466,1.564,1.667,1.675,1.675,1.809,1.812,1.812,1.863,2.005,1.942,1.89,1.803,1.707,1.839,1.707,1.707,1.707,1.707,1.657,1.687,1.607,1.548,1.548,1.533,1.533,1.436,1.418,1.429,1.429,1.436,1.456,1.456,1.499,1.521,1.535,1.545,1.551,1.595,1.595,1.594,1.609,1.617,1.622,1.632,1.639,1.661,1.696,1.689,1.708,1.728,1.736,1.554,1.61,1.511,1.507,1.475,1.43,1.408,1.333,1.342,1.358,1.202,1.206,1.231,1.25,1.248,1.266,1.29,1.296,1.294,1.311,1.316,1.363,1.36,1.383,1.436,1.481,1.487,1.514,1.544,1.627,1.611,1.627,1.095,1.073,1.148,1.165,1.159,1.561,1.171,1.182,1.193,1.207,1.25,1.264,1.337,1.318,1.316,1.315,10.873
Point_145,16.42,3.329,3.329,3.366,2.094,1.588,1.304,1.342,1.342,1.342,1.383,1.409,0.941,0.958,1.01,1.01,1.032,1.045,1.06,1.098,1.129,0.94,1.171,1.176,1.2,1.21,1.222,1.23,1.251,1.27,1.262,1.185,0.951,0.937,0.885,0.813,0.812,0.777,0.779,0.761,0.761,0.732,0.724,0.701,0.676,0.721,0.814,0.826,0.849,0.854,0.861,0.877,0.887,0.887,0.891,0.899,0.918,0.917,0.917,0.899,0.885,0.885,0.885,0.952,0.954,0.977,0.921,0.922,0.905,0.886,0.89,0.855,0.869,0.836,0.833,0.795,0.782,0.754,0.66,0.613,0.671,0.671,0.546,0.534,0.534,0.534,0.496,0.508,0.492,0.491,0.492,0.44,0.463,0.44,0.509,0.541,0.604,0.399,0.396,0.361,0.332,0.314,0.332,0.312,0.401,0.392,0.228,0.313,0.313,0.313,0.361,0.361,0.361,0.361,0.361,0.388,0.396,0.476,0.428,0.441,0.456,0.46,0.224,0.509,0.293,0.592,0.651,0.262,0.214,0.207,0.184,0.188,0.163,0.163,0.144,0.132,0.131,0.103,0.148,0.032,0.005,0.041,0.034,0.048,0.0,0.148,0.089,0.399,0.418,0.455,0.54,0.512,0.512,0.552,0.552,0.578,0.607,0.626,0.561,0.578,0.618,0.881,0.744,0.938,0.818,0.929,0.899,0.868,0.854,0.833,0.817,0.815,0.744,0.731,0.313,0.639,0.958,0.945,0.869,0.856,0.838,0.789,0.777,0.742,0.733,0.72,0.711,0.72,0.71,0.709,0.817,0.658,0.642,0.606,0.595,0.994,1.161,1.148,1.08,1.023,1.007,1.003,0.975,0.96,0.949,0.931,0.913,0.912,0.896,1.115,0.924,0.96,0.985,1.02,1.033,1.013,1.085,1.106,1.106,1.128,1.128,1.2,1.243,1.35,1.362,1.362,1.362,1.362,1.362,1.352,1.362,1.438,1.438,1.457,1.555,1.658,1.667,1.667,1.8,1.804,1.804,1.854,1.996,1.933,1.882,1.795,1.698,1.831,1.698,1.698,1.698,1.698,1.648,1.678,1.598,1.539,1.539,1.524,1.524,1.427,1.409,1.42,1.42,1.427,1.447,1.447,1.49,1.512,1.526,1.536,1.542,1.586,1.586,1.585,1.6,1.608,1.613,1.623,1.63,1.652,1.687,1.681,1.699,1.719,1.727,1.545,1.601,1.502,1.499,1.466,1.421,1.4,1.324,1.333,1.349,1.193,1.197,1.222,1.241,1.24,1.257,1.282,1.287,1.285,1.302,1.307,1.354,1.352,1.374,1.427,1.472,1.478,1.505,1.535,1.618,1.602,1.618,1.086,1.064,1.14,1.156,1.15,1.552,1.162,1.173,1.184,1.198,1.241,1.255,1.329,1.309,1.307,1.306,10.864
Point_146,16.435,3.345,3.345,3.382,2.109,1.604,1.32,1.357,1.357,1.357,1.399,1.425,0.957,0.973,1.025,1.025,1.047,1.06,1.076,1.113,1.144,0.955,1.186,1.191,1.216,1.225,1.237,1.246,1.267,1.285,1.277,1.2,0.966,0.953,0.9,0.828,0.827,0.792,0.794,0.776,0.776,0.747,0.739,0.716,0.691,0.736,0.829,0.841,0.864,0.869,0.876,0.892,0.902,0.902,0.906,0.914,0.933,0.933,0.933,0.914,0.9,0.9,0.9,0.967,0.969,0.992,0.936,0.937,0.92,0.901,0.905,0.87,0.885,0.852,0.848,0.811,0.797,0.769,0.675,0.628,0.687,0.687,0.561,0.55,0.55,0.55,0.512,0.524,0.508,0.506,0.508,0.456,0.479,0.456,0.524,0.556,0.619,0.415,0.411,0.376,0.347,0.329,0.372,0.351,0.441,0.431,0.243,0.328,0.328,0.328,0.376,0.376,0.376,0.376,0.376,0.403,0.412,0.491,0.444,0.456,0.472,0.476,0.606,0.524,0.534,0.608,0.667,0.355,0.361,0.355,0.332,0.336,0.311,0.311,0.291,0.28,0.279,0.25,0.167,0.179,0.113,0.149,0.142,0.099,0.148,0.0,0.059,0.251,0.27,0.307,0.392,0.364,0.364,0.405,0.405,0.431,0.46,0.478,0.414,0.43,0.47,0.482,0.759,0.725,0.833,0.716,0.686,0.655,0.641,0.62,0.604,0.602,0.531,0.746,0.328,0.654,0.973,0.96,0.885,0.872,0.854,0.804,0.792,0.757,0.748,0.736,0.727,0.735,0.725,0.725,0.604,0.673,0.657,0.621,0.61,1.01,1.177,1.163,1.095,1.038,1.022,1.018,0.99,0.975,0.965,0.946,0.929,0.928,0.911,1.131,0.94,0.975,1.0,1.035,1.048,1.028,1.101,1.122,1.121,1.144,1.144,1.215,1.258,1.365,1.377,1.377,1.377,1.377,1.377,1.368,1.377,1.453,1.453,1.473,1.57,1.674,1.682,1.682,1.815,1.819,1.819,1.869,2.012,1.948,1.897,1.81,1.714,1.846,1.714,1.714,1.714,1.714,1.663,1.694,1.613,1.554,1.554,1.54,1.54,1.442,1.424,1.436,1.436,1.442,1.462,1.462,1.506,1.528,1.542,1.551,1.558,1.601,1.601,1.6,1.616,1.623,1.628,1.639,1.645,1.668,1.703,1.696,1.715,1.734,1.742,1.561,1.617,1.518,1.514,1.481,1.436,1.415,1.34,1.348,1.365,1.209,1.212,1.238,1.257,1.255,1.272,1.297,1.303,1.3,1.317,1.322,1.369,1.367,1.39,1.442,1.487,1.493,1.52,1.551,1.633,1.617,1.633,1.102,1.079,1.155,1.171,1.165,1.568,1.178,1.189,1.2,1.213,1.256,1.27,1.344,1.325,1.323,1.321,10.879
Point_147,16.494,3.403,3.403,3.44,2.168,1.662,1.378,1.416,1.416,1.416,1.457,1.483,1.015,1.032,1.084,1.084,1.106,1.119,1.134,1.172,1.203,1.014,1.245,1.25,1.274,1.284,1.295,1.304,1.325,1.344,1.336,1.259,1.025,1.011,0.959,0.887,0.886,0.851,0.853,0.835,0.835,0.806,0.798,0.775,0.75,0.795,0.888,0.9,0.923,0.928,0.935,0.951,0.961,0.961,0.965,0.973,0.992,0.991,0.991,0.973,0.959,0.959,0.958,1.026,1.028,1.05,0.995,0.996,0.979,0.96,0.964,0.928,0.943,0.91,0.906,0.869,0.856,0.828,0.734,0.687,0.745,0.745,0.62,0.608,0.608,0.608,0.57,0.582,0.566,0.565,0.566,0.514,0.537,0.514,0.583,0.615,0.678,0.473,0.469,0.435,0.406,0.388,0.43,0.41,0.499,0.49,0.302,0.387,0.387,0.387,0.435,0.435,0.435,0.435,0.435,0.462,0.47,0.55,0.502,0.515,0.53,0.534,0.314,0.583,0.592,0.666,0.725,0.346,0.303,0.296,0.273,0.277,0.252,0.252,0.233,0.221,0.22,0.192,0.158,0.121,0.055,0.09,0.084,0.041,0.089,0.059,0.0,0.31,0.329,0.366,0.45,0.423,0.423,0.463,0.463,0.489,0.518,0.537,0.472,0.489,0.529,0.541,0.818,0.783,0.892,0.775,0.745,0.714,0.699,0.679,0.663,0.66,0.589,0.805,0.387,0.713,1.032,1.019,0.943,0.93,0.912,0.863,0.851,0.816,0.807,0.794,0.785,0.794,0.784,0.783,0.663,0.732,0.716,0.68,0.669,1.068,1.235,1.222,1.154,1.097,1.081,1.077,1.049,1.034,1.023,1.004,0.987,0.986,0.97,1.189,0.998,1.034,1.059,1.094,1.107,1.087,1.159,1.18,1.18,1.202,1.202,1.274,1.317,1.424,1.436,1.436,1.436,1.436,1.436,1.426,1.436,1.512,1.512,1.531,1.629,1.732,1.741,1.741,1.874,1.878,1.878,1.928,2.07,2.007,1.956,1.869,1.772,1.905,1.772,1.772,1.772,1.772,1.722,1.752,1.672,1.613,1.613,1.598,1.598,1.501,1.483,1.494,1.494,1.501,1.521,1.521,1.564,1.586,1.6,1.61,1.616,1.66,1.66,1.659,1.674,1.682,1.687,1.697,1.704,1.726,1.761,1.755,1.773,1.793,1.801,1.619,1.675,1.576,1.573,1.54,1.495,1.474,1.398,1.407,1.423,1.267,1.271,1.296,1.315,1.314,1.331,1.356,1.361,1.359,1.376,1.381,1.428,1.426,1.448,1.501,1.546,1.552,1.579,1.609,1.692,1.676,1.692,1.16,1.138,1.214,1.23,1.224,1.626,1.236,1.247,1.258,1.272,1.315,1.329,1.402,1.383,1.381,1.38,10.938
Point_148,16.601,3.51,3.51,3.547,2.275,1.769,1.485,1.523,1.523,1.523,1.564,1.59,1.122,1.139,1.191,1.191,1.213,1.226,1.241,1.279,1.31,1.121,1.352,1.357,1.381,1.391,1.402,1.411,1.432,1.451,1.443,1.366,1.132,1.118,1.066,0.994,0.993,0.958,0.96,0.942,0.942,0.913,0.905,0.882,0.857,0.902,0.995,1.007,1.03,1.035,1.042,1.058,1.068,1.068,1.072,1.08,1.099,1.098,1.098,1.08,1.066,1.066,1.065,1.133,1.135,1.157,1.102,1.103,1.086,1.067,1.071,1.035,1.05,1.017,1.013,0.976,0.963,0.935,0.841,0.794,0.852,0.852,0.727,0.715,0.715,0.715,0.677,0.689,0.673,0.672,0.673,0.621,0.644,0.621,0.69,0.722,0.785,0.58,0.576,0.542,0.513,0.495,0.513,0.493,0.582,0.573,0.407,0.492,0.492,0.492,0.54,0.54,0.54,0.54,0.54,0.566,0.575,0.655,0.607,0.619,0.635,0.639,0.63,0.687,0.673,0.771,0.83,0.59,0.641,0.647,0.67,0.666,0.691,0.691,0.711,0.722,0.723,0.596,0.513,0.407,0.364,0.334,0.341,0.35,0.375,0.251,0.31,0.0,0.019,0.057,0.141,0.113,0.113,0.154,0.154,0.18,0.224,0.205,0.27,0.287,0.346,0.358,0.925,0.602,0.87,0.593,0.563,0.532,0.517,0.497,0.481,0.432,0.503,0.91,0.492,0.818,1.139,1.126,1.05,1.037,1.019,0.97,0.958,0.923,0.914,0.901,0.892,0.901,0.891,0.89,0.481,0.839,0.822,0.787,0.776,1.175,1.342,1.329,1.261,1.204,1.188,1.184,1.156,1.14,1.13,1.111,1.094,1.093,1.077,1.296,1.105,1.141,1.166,1.201,1.214,1.193,1.266,1.287,1.287,1.309,1.309,1.381,1.424,1.531,1.543,1.543,1.543,1.543,1.543,1.533,1.543,1.619,1.619,1.638,1.736,1.839,1.848,1.848,1.981,1.985,1.985,2.035,2.177,2.114,2.063,1.976,1.879,2.012,1.879,1.879,1.879,1.879,1.829,1.859,1.779,1.72,1.72,1.705,1.705,1.608,1.59,1.601,1.601,1.608,1.628,1.628,1.671,1.693,1.707,1.717,1.723,1.767,1.767,1.766,1.781,1.789,1.794,1.804,1.811,1.833,1.868,1.862,1.88,1.9,1.908,1.726,1.782,1.683,1.68,1.647,1.602,1.581,1.505,1.514,1.53,1.374,1.378,1.403,1.422,1.421,1.438,1.463,1.468,1.466,1.483,1.488,1.535,1.533,1.555,1.608,1.653,1.659,1.686,1.716,1.799,1.783,1.799,1.267,1.245,1.321,1.337,1.331,1.733,1.343,1.354,1.365,1.379,1.422,1.436,1.509,1.49,1.488,1.487,11.045
Point_149,16.62,3.53,3.53,3.567,2.294,1.789,1.505,1.542,1.542,1.542,1.584,1.61,1.142,1.158,1.21,1.21,1.232,1.245,1.261,1.298,1.33,1.14,1.371,1.376,1.401,1.41,1.422,1.431,1.452,1.47,1.462,1.385,1.151,1.138,1.085,1.013,1.012,0.977,0.98,0.962,0.962,0.932,0.925,0.901,0.876,0.921,1.014,1.026,1.05,1.054,1.061,1.077,1.087,1.087,1.091,1.099,1.118,1.118,1.118,1.099,1.085,1.085,1.085,1.152,1.154,1.177,1.121,1.122,1.105,1.086,1.091,1.055,1.07,1.037,1.033,0.996,0.982,0.954,0.86,0.813,0.872,0.872,0.746,0.735,0.735,0.735,0.697,0.709,0.693,0.691,0.693,0.641,0.664,0.641,0.885,0.916,0.979,0.6,0.596,0.561,0.532,0.514,0.532,0.512,0.602,0.592,0.426,0.511,0.511,0.511,0.559,0.559,0.559,0.559,0.559,0.586,0.594,0.674,0.626,0.639,0.655,0.658,0.649,0.707,0.692,0.791,0.849,0.609,0.66,0.667,0.69,0.686,0.711,0.711,0.73,0.742,0.742,0.616,0.532,0.426,0.384,0.353,0.36,0.37,0.394,0.27,0.329,0.019,0.0,0.037,0.121,0.094,0.094,0.134,0.134,0.16,0.204,0.186,0.251,0.267,0.326,0.338,0.945,0.582,0.85,0.574,0.544,0.513,0.498,0.477,0.462,0.412,0.483,0.929,0.511,0.837,1.158,1.145,1.07,1.057,1.039,0.99,0.977,0.942,0.933,0.921,0.912,0.92,0.91,0.91,0.462,0.858,0.842,0.806,0.796,1.195,1.362,1.349,1.28,1.223,1.207,1.203,1.175,1.16,1.15,1.131,1.114,1.113,1.096,1.316,1.125,1.16,1.185,1.22,1.234,1.213,1.286,1.307,1.306,1.329,1.329,1.4,1.443,1.55,1.562,1.562,1.562,1.562,1.562,1.553,1.562,1.638,1.638,1.658,1.755,1.859,1.867,1.867,2.0,2.004,2.004,2.054,2.197,2.133,2.082,1.995,1.899,2.031,1.899,1.899,1.899,1.899,1.848,1.879,1.798,1.739,1.739,1.725,1.725,1.627,1.609,1.621,1.621,1.627,1.647,1.647,1.691,1.713,1.727,1.736,1.743,1.786,1.786,1.785,1.801,1.809,1.813,1.824,1.83,1.853,1.888,1.881,1.9,1.92,1.927,1.746,1.802,1.703,1.699,1.666,1.621,1.6,1.525,1.533,1.55,1.394,1.397,1.423,1.442,1.44,1.457,1.482,1.488,1.485,1.502,1.507,1.554,1.552,1.575,1.627,1.672,1.678,1.705,1.736,1.818,1.802,1.818,1.287,1.264,1.34,1.356,1.35,1.753,1.363,1.374,1.385,1.398,1.441,1.456,1.529,1.51,1.508,1.506,11.064
Point_150,16.781,3.691,3.691,3.728,2.455,1.95,1.666,1.703,1.703,1.703,1.745,1.771,1.303,1.319,1.371,1.371,1.393,1.406,1.422,1.459,1.49,1.301,1.532,1.537,1.562,1.571,1.583,1.592,1.613,1.631,1.623,1.546,1.312,1.299,1.246,1.174,1.173,1.138,1.14,1.122,1.122,1.093,1.085,1.062,1.037,1.082,1.175,1.187,1.21,1.215,1.222,1.238,1.248,1.248,1.252,1.26,1.279,1.278,1.278,1.26,1.246,1.246,1.246,1.313,1.315,1.338,1.282,1.283,1.266,1.247,1.251,1.216,1.231,1.198,1.194,1.157,1.143,1.115,1.021,0.974,1.033,1.033,0.907,0.896,0.896,0.896,0.858,0.87,0.854,0.852,0.854,0.802,0.825,0.802,0.847,0.879,0.942,0.761,0.757,0.722,0.693,0.675,0.693,0.673,0.762,0.753,0.693,0.548,0.548,0.548,0.596,0.596,0.596,0.596,0.596,0.623,0.632,0.711,0.663,0.676,0.692,0.696,0.686,0.744,0.729,0.828,0.886,0.646,0.697,0.704,0.727,0.723,0.748,0.748,0.767,0.779,0.779,0.653,0.569,0.463,0.421,0.391,0.397,0.407,0.432,0.307,0.366,0.057,0.037,0.0,0.084,0.056,0.056,0.097,0.097,0.123,0.167,0.149,0.213,0.23,0.289,0.301,1.105,0.545,0.813,0.537,0.507,0.475,0.461,0.44,0.425,0.375,0.446,0.966,0.548,0.874,1.319,1.306,1.231,1.218,1.2,1.15,1.138,1.103,1.094,1.082,1.073,1.081,1.071,1.071,0.425,1.019,1.003,0.967,0.956,1.356,1.523,1.509,1.441,1.384,1.368,1.364,1.336,1.321,1.311,1.292,1.275,1.274,1.257,1.477,1.286,1.321,1.346,1.381,1.394,1.374,1.447,1.468,1.467,1.49,1.49,1.561,1.604,1.711,1.723,1.723,1.723,1.723,1.723,1.714,1.723,1.799,1.799,1.818,1.916,2.02,2.028,2.028,2.161,2.165,2.165,2.215,2.358,2.294,2.243,2.156,2.06,2.192,2.06,2.06,2.06,2.06,2.009,2.039,1.959,1.9,1.9,1.886,1.886,1.788,1.77,1.781,1.781,1.788,1.808,1.808,1.852,1.874,1.888,1.897,1.904,1.947,1.947,1.946,1.962,1.969,1.974,1.985,1.991,2.014,2.049,2.042,2.061,2.08,2.088,1.907,1.963,1.864,1.86,1.827,1.782,1.761,1.686,1.694,1.711,1.555,1.558,1.584,1.602,1.601,1.618,1.643,1.649,1.646,1.663,1.668,1.715,1.713,1.736,1.788,1.833,1.839,1.866,1.897,1.979,1.963,1.979,1.448,1.425,1.501,1.517,1.511,1.914,1.524,1.534,1.546,1.559,1.602,1.616,1.69,1.671,1.669,1.667,11.225
Point_151,16.697,3.606,3.606,3.643,2.371,1.865,1.581,1.619,1.619,1.619,1.66,1.686,1.218,1.235,1.287,1.287,1.309,1.322,1.337,1.375,1.406,1.217,1.448,1.453,1.477,1.487,1.499,1.507,1.528,1.547,1.539,1.462,1.228,1.214,1.162,1.09,1.089,1.054,1.056,1.038,1.038,1.009,1.001,0.978,0.953,0.998,1.091,1.103,1.126,1.131,1.138,1.154,1.164,1.164,1.168,1.176,1.195,1.194,1.194,1.176,1.162,1.162,1.162,1.229,1.231,1.254,1.198,1.199,1.182,1.163,1.167,1.132,1.146,1.113,1.109,1.072,1.059,1.031,0.937,0.89,0.948,0.948,0.823,0.811,0.811,0.811,0.773,0.785,0.769,0.768,0.769,0.717,0.74,0.717,0.763,0.794,0.858,0.676,0.673,0.638,0.609,0.591,0.609,0.589,0.678,0.669,0.609,0.767,0.767,0.767,0.815,0.815,0.815,0.815,0.815,0.842,0.85,0.93,0.882,0.895,0.911,0.914,1.045,0.963,0.972,1.047,1.105,0.731,1.056,1.063,1.086,1.082,0.964,0.964,0.945,0.933,0.932,0.904,0.949,0.699,0.656,0.626,0.633,0.642,0.667,0.543,0.601,0.141,0.121,0.084,0.0,0.052,0.052,0.013,0.013,0.039,0.083,0.065,0.129,0.146,0.205,0.217,1.021,0.461,0.729,0.452,0.422,0.391,0.377,0.356,0.34,0.291,0.362,1.185,0.767,1.093,1.235,1.222,1.146,1.133,1.115,1.066,1.054,1.019,1.01,0.997,0.988,0.997,0.987,0.986,0.34,0.935,0.919,0.883,0.872,1.271,1.438,1.425,1.357,1.3,1.284,1.28,1.252,1.237,1.226,1.208,1.19,1.189,1.173,1.392,1.201,1.237,1.262,1.297,1.31,1.29,1.362,1.383,1.383,1.405,1.405,1.477,1.52,1.627,1.639,1.639,1.639,1.639,1.639,1.629,1.639,1.715,1.715,1.734,1.832,1.935,1.944,1.944,2.077,2.081,2.081,2.131,2.273,2.21,2.159,2.072,1.975,2.108,1.975,1.975,1.975,1.975,1.925,1.955,1.875,1.816,1.816,1.801,1.801,1.704,1.686,1.697,1.697,1.704,1.724,1.724,1.767,1.789,1.803,1.813,1.819,1.863,1.863,1.862,1.877,1.885,1.89,1.9,1.907,1.929,1.964,1.958,1.976,1.996,2.004,1.822,1.878,1.779,1.776,1.743,1.698,1.677,1.601,1.61,1.626,1.47,1.474,1.499,1.518,1.517,1.534,1.559,1.564,1.562,1.579,1.584,1.631,1.629,1.651,1.704,1.749,1.755,1.782,1.812,1.895,1.879,1.895,1.363,1.341,1.417,1.433,1.427,1.829,1.439,1.45,1.461,1.475,1.518,1.532,1.605,1.586,1.584,1.583,11.141
Point_152,16.749,3.658,3.658,3.695,2.423,1.917,1.633,1.671,1.671,1.671,1.712,1.738,1.27,1.287,1.339,1.339,1.361,1.374,1.389,1.427,1.458,1.269,1.5,1.505,1.529,1.539,1.55,1.559,1.58,1.599,1.591,1.514,1.28,1.266,1.214,1.142,1.141,1.106,1.108,1.09,1.09,1.061,1.053,1.03,1.005,1.05,1.143,1.155,1.178,1.183,1.19,1.206,1.216,1.216,1.22,1.228,1.247,1.246,1.246,1.228,1.213,1.213,1.213,1.281,1.283,1.305,1.25,1.25,1.234,1.215,1.219,1.183,1.198,1.165,1.161,1.124,1.111,1.083,0.989,0.942,1.0,1.0,0.875,0.863,0.863,0.863,0.825,0.837,0.821,0.82,0.821,0.769,0.792,0.769,0.815,0.846,0.91,0.728,0.724,0.69,0.661,0.643,0.661,0.641,0.73,0.721,0.661,0.819,0.819,0.819,0.867,0.867,0.867,0.867,0.867,0.894,0.902,0.982,0.934,0.947,0.962,0.966,0.743,1.015,1.024,1.098,1.157,0.703,0.754,0.76,0.783,0.779,0.804,0.804,0.824,0.985,0.984,0.956,0.626,0.52,0.477,0.447,0.454,0.463,0.488,0.364,0.423,0.113,0.094,0.056,0.052,0.0,0.0,0.065,0.065,0.091,0.135,0.117,0.181,0.198,0.257,0.269,1.073,0.513,0.781,0.504,0.474,0.443,0.429,0.408,0.392,0.343,0.414,1.237,0.819,1.145,1.287,1.274,1.198,1.185,1.167,1.118,1.106,1.071,1.062,1.049,1.04,1.049,1.039,1.038,0.392,0.987,0.97,0.935,0.924,1.323,1.49,1.477,1.409,1.352,1.336,1.332,1.304,1.288,1.278,1.259,1.242,1.241,1.225,1.444,1.253,1.289,1.314,1.349,1.362,1.341,1.414,1.435,1.435,1.457,1.457,1.529,1.572,1.679,1.691,1.691,1.691,1.691,1.691,1.681,1.691,1.767,1.767,1.786,1.884,1.987,1.995,1.995,2.129,2.133,2.133,2.183,2.325,2.262,2.211,2.124,2.027,2.16,2.027,2.027,2.027,2.027,1.977,2.007,1.927,1.868,1.868,1.853,1.853,1.756,1.738,1.749,1.749,1.756,1.776,1.776,1.819,1.841,1.855,1.865,1.871,1.915,1.915,1.914,1.929,1.937,1.942,1.952,1.959,1.981,2.016,2.01,2.028,2.048,2.056,1.874,1.93,1.831,1.828,1.795,1.75,1.729,1.653,1.662,1.678,1.522,1.526,1.551,1.57,1.569,1.586,1.611,1.616,1.614,1.631,1.636,1.683,1.681,1.703,1.756,1.801,1.807,1.834,1.864,1.947,1.931,1.947,1.415,1.393,1.469,1.485,1.479,1.881,1.491,1.502,1.513,1.527,1.57,1.584,1.657,1.638,1.636,1.635,11.193
Point_153,16.749,3.658,3.658,3.695,2.423,1.917,1.633,1.671,1.671,1.671,1.712,1.738,1.27,1.287,1.339,1.339,1.361,1.374,1.389,1.427,1.458,1.269,1.5,1.505,1.529,1.539,1.55,1.559,1.58,1.599,1.591,1.514,1.28,1.266,1.214,1.142,1.141,1.106,1.108,1.09,1.09,1.061,1.053,1.03,1.005,1.05,1.143,1.155,1.178,1.183,1.19,1.206,1.216,1.216,1.22,1.228,1.247,1.246,1.246,1.228,1.213,1.213,1.213,1.281,1.283,1.305,1.25,1.25,1.234,1.215,1.219,1.183,1.198,1.165,1.161,1.124,1.111,1.083,0.989,0.942,1.0,1.0,0.875,0.863,0.863,0.863,0.825,0.837,0.821,0.82,0.821,0.769,0.792,0.769,0.815,0.846,0.91,0.728,0.724,0.69,0.661,0.643,0.661,0.641,0.73,0.721,0.661,0.819,0.819,0.819,0.867,0.867,0.867,0.867,0.867,0.894,0.902,0.982,0.934,0.947,0.962,0.966,0.743,1.015,1.024,1.098,1.157,0.703,0.754,0.76,0.783,0.779,0.804,0.804,0.824,0.985,0.984,0.956,0.626,0.52,0.477,0.447,0.454,0.463,0.488,0.364,0.423,0.113,0.094,0.056,0.052,0.0,0.0,0.065,0.065,0.091,0.135,0.117,0.181,0.198,0.257,0.269,1.073,0.513,0.781,0.504,0.474,0.443,0.429,0.408,0.392,0.343,0.414,1.237,0.819,1.145,1.287,1.274,1.198,1.185,1.167,1.118,1.106,1.071,1.062,1.049,1.04,1.049,1.039,1.038,0.392,0.987,0.97,0.935,0.924,1.323,1.49,1.477,1.409,1.352,1.336,1.332,1.304,1.288,1.278,1.259,1.242,1.241,1.225,1.444,1.253,1.289,1.314,1.349,1.362,1.341,1.414,1.435,1.435,1.457,1.457,1.529,1.572,1.679,1.691,1.691,1.691,1.691,1.691,1.681,1.691,1.767,1.767,1.786,1.884,1.987,1.995,1.995,2.129,2.133,2.133,2.183,2.325,2.262,2.211,2.124,2.027,2.16,2.027,2.027,2.027,2.027,1.977,2.007,1.927,1.868,1.868,1.853,1.853,1.756,1.738,1.749,1.749,1.756,1.776,1.776,1.819,1.841,1.855,1.865,1.871,1.915,1.915,1.914,1.929,1.937,1.942,1.952,1.959,1.981,2.016,2.01,2.028,2.048,2.056,1.874,1.93,1.831,1.828,1.795,1.75,1.729,1.653,1.662,1.678,1.522,1.526,1.551,1.57,1.569,1.586,1.611,1.616,1.614,1.631,1.636,1.683,1.681,1.703,1.756,1.801,1.807,1.834,1.864,1.947,1.931,1.947,1.415,1.393,1.469,1.485,1.479,1.881,1.491,1.502,1.513,1.527,1.57,1.584,1.657,1.638,1.636,1.635,11.193
Point_154,16.684,3.594,3.594,3.631,2.358,1.853,1.569,1.606,1.606,1.606,1.648,1.674,1.206,1.222,1.274,1.274,1.296,1.309,1.325,1.362,1.393,1.204,1.435,1.44,1.465,1.474,1.486,1.495,1.516,1.534,1.526,1.449,1.215,1.202,1.149,1.077,1.076,1.041,1.043,1.025,1.025,0.996,0.988,0.965,0.94,0.985,1.078,1.09,1.113,1.118,1.125,1.141,1.151,1.151,1.155,1.163,1.182,1.181,1.181,1.163,1.149,1.149,1.149,1.216,1.218,1.241,1.185,1.186,1.169,1.15,1.154,1.119,1.134,1.101,1.097,1.06,1.046,1.018,0.924,0.877,0.935,0.935,0.81,0.798,0.798,0.798,0.761,0.773,0.757,0.755,0.757,0.704,0.728,0.704,0.75,0.782,0.845,0.664,0.66,0.625,0.596,0.578,0.596,0.576,0.665,0.656,0.596,0.754,0.754,0.754,0.802,0.802,0.802,0.802,0.802,0.829,0.838,0.917,0.87,0.882,0.898,0.902,1.032,0.95,0.96,1.034,1.093,0.743,1.043,1.05,1.073,1.069,0.951,0.951,0.932,0.92,0.92,0.891,0.936,0.686,0.643,0.613,0.62,0.629,0.654,0.53,0.589,0.154,0.134,0.097,0.013,0.065,0.065,0.0,0.0,0.026,0.07,0.052,0.116,0.133,0.192,0.204,1.008,0.448,0.716,0.44,0.41,0.378,0.364,0.343,0.328,0.278,0.349,1.172,0.754,1.08,1.222,1.209,1.134,1.121,1.103,1.053,1.041,1.006,0.997,0.985,0.976,0.984,0.974,0.973,0.328,0.922,0.906,0.87,0.859,1.259,1.426,1.412,1.344,1.287,1.271,1.267,1.239,1.224,1.214,1.195,1.178,1.177,1.16,1.38,1.188,1.224,1.249,1.284,1.297,1.277,1.349,1.371,1.37,1.393,1.393,1.464,1.507,1.614,1.626,1.626,1.626,1.626,1.626,1.617,1.626,1.702,1.702,1.721,1.819,1.923,1.931,1.931,2.064,2.068,2.068,2.118,2.261,2.197,2.146,2.059,1.963,2.095,1.963,1.963,1.963,1.963,1.912,1.942,1.862,1.803,1.803,1.789,1.789,1.691,1.673,1.684,1.684,1.691,1.711,1.711,1.755,1.777,1.791,1.8,1.807,1.85,1.85,1.849,1.865,1.872,1.877,1.888,1.894,1.917,1.952,1.945,1.964,1.983,1.991,1.809,1.866,1.767,1.763,1.73,1.685,1.664,1.589,1.597,1.614,1.458,1.461,1.487,1.505,1.504,1.521,1.546,1.552,1.549,1.566,1.571,1.618,1.616,1.639,1.691,1.736,1.742,1.769,1.8,1.882,1.866,1.882,1.351,1.328,1.404,1.42,1.414,1.817,1.427,1.437,1.449,1.462,1.505,1.519,1.593,1.574,1.572,1.57,11.128
Point_155,16.684,3.594,3.594,3.631,2.358,1.853,1.569,1.606,1.606,1.606,1.648,1.674,1.206,1.222,1.274,1.274,1.296,1.309,1.325,1.362,1.393,1.204,1.435,1.44,1.465,1.474,1.486,1.495,1.516,1.534,1.526,1.449,1.215,1.202,1.149,1.077,1.076,1.041,1.043,1.025,1.025,0.996,0.988,0.965,0.94,0.985,1.078,1.09,1.113,1.118,1.125,1.141,1.151,1.151,1.155,1.163,1.182,1.181,1.181,1.163,1.149,1.149,1.149,1.216,1.218,1.241,1.185,1.186,1.169,1.15,1.154,1.119,1.134,1.101,1.097,1.06,1.046,1.018,0.924,0.877,0.935,0.935,0.81,0.798,0.798,0.798,0.761,0.773,0.757,0.755,0.757,0.704,0.728,0.704,0.75,0.782,0.845,0.664,0.66,0.625,0.596,0.578,0.596,0.576,0.665,0.656,0.596,0.754,0.754,0.754,0.802,0.802,0.802,0.802,0.802,0.829,0.838,0.917,0.87,0.882,0.898,0.902,1.032,0.95,0.96,1.034,1.093,0.743,1.043,1.05,1.073,1.069,0.951,0.951,0.932,0.92,0.92,0.891,0.936,0.686,0.643,0.613,0.62,0.629,0.654,0.53,0.589,0.154,0.134,0.097,0.013,0.065,0.065,0.0,0.0,0.026,0.07,0.052,0.116,0.133,0.192,0.204,1.008,0.448,0.716,0.44,0.41,0.378,0.364,0.343,0.328,0.278,0.349,1.172,0.754,1.08,1.222,1.209,1.134,1.121,1.103,1.053,1.041,1.006,0.997,0.985,0.976,0.984,0.974,0.973,0.328,0.922,0.906,0.87,0.859,1.259,1.426,1.412,1.344,1.287,1.271,1.267,1.239,1.224,1.214,1.195,1.178,1.177,1.16,1.38,1.188,1.224,1.249,1.284,1.297,1.277,1.349,1.371,1.37,1.393,1.393,1.464,1.507,1.614,1.626,1.626,1.626,1.626,1.626,1.617,1.626,1.702,1.702,1.721,1.819,1.923,1.931,1.931,2.064,2.068,2.068,2.118,2.261,2.197,2.146,2.059,1.963,2.095,1.963,1.963,1.963,1.963,1.912,1.942,1.862,1.803,1.803,1.789,1.789,1.691,1.673,1.684,1.684,1.691,1.711,1.711,1.755,1.777,1.791,1.8,1.807,1.85,1.85,1.849,1.865,1.872,1.877,1.888,1.894,1.917,1.952,1.945,1.964,1.983,1.991,1.809,1.866,1.767,1.763,1.73,1.685,1.664,1.589,1.597,1.614,1.458,1.461,1.487,1.505,1.504,1.521,1.546,1.552,1.549,1.566,1.571,1.618,1.616,1.639,1.691,1.736,1.742,1.769,1.8,1.882,1.866,1.882,1.351,1.328,1.404,1.42,1.414,1.817,1.427,1.437,1.449,1.462,1.505,1.519,1.593,1.574,1.572,1.57,11.128
Point_156,16.658,3.568,3.568,3.605,2.332,1.827,1.542,1.58,1.58,1.58,1.622,1.648,1.18,1.196,1.248,1.248,1.27,1.283,1.299,1.336,1.367,1.178,1.409,1.414,1.439,1.448,1.46,1.469,1.49,1.508,1.5,1.423,1.189,1.176,1.123,1.051,1.05,1.015,1.017,0.999,0.999,0.97,0.962,0.939,0.914,0.959,1.052,1.064,1.087,1.092,1.099,1.115,1.125,1.125,1.129,1.137,1.156,1.155,1.155,1.137,1.123,1.123,1.123,1.19,1.192,1.215,1.159,1.16,1.143,1.124,1.128,1.093,1.108,1.075,1.071,1.034,1.02,0.992,0.898,0.851,0.909,0.909,0.784,0.772,0.772,0.772,0.735,0.747,0.731,0.729,0.731,0.678,0.702,0.678,0.724,0.756,0.819,0.638,0.634,0.599,0.57,0.552,0.57,0.55,0.639,0.63,0.57,0.728,0.728,0.728,0.776,0.776,0.776,0.776,0.776,0.803,0.812,0.891,0.844,0.856,0.872,0.876,1.006,0.924,0.934,1.008,1.067,1.018,1.017,1.024,1.047,1.043,0.925,0.925,0.906,0.894,0.894,0.865,0.91,0.66,0.617,0.587,0.594,0.603,0.628,0.504,0.563,0.18,0.16,0.123,0.039,0.091,0.091,0.026,0.026,0.0,0.044,0.026,0.09,0.107,0.166,0.178,0.982,0.422,0.69,0.414,0.384,0.352,0.338,0.317,0.302,0.252,0.323,1.146,0.728,1.054,1.196,1.183,1.108,1.095,1.077,1.027,1.015,0.98,0.971,0.959,0.95,0.958,0.948,0.947,0.302,0.896,0.88,0.844,0.833,1.233,1.4,1.386,1.318,1.261,1.245,1.241,1.213,1.198,1.188,1.169,1.152,1.151,1.134,1.354,1.162,1.198,1.223,1.258,1.271,1.251,1.323,1.345,1.344,1.367,1.367,1.438,1.481,1.588,1.6,1.6,1.6,1.6,1.6,1.591,1.6,1.676,1.676,1.695,1.793,1.897,1.905,1.905,2.038,2.042,2.042,2.092,2.235,2.171,2.12,2.033,1.937,2.069,1.937,1.937,1.937,1.937,1.886,1.916,1.836,1.777,1.777,1.763,1.763,1.665,1.647,1.658,1.658,1.665,1.685,1.685,1.729,1.751,1.765,1.774,1.781,1.824,1.824,1.823,1.839,1.846,1.851,1.862,1.868,1.891,1.926,1.919,1.938,1.957,1.965,1.783,1.84,1.74,1.737,1.704,1.659,1.638,1.563,1.571,1.588,1.432,1.435,1.461,1.479,1.478,1.495,1.52,1.526,1.523,1.54,1.545,1.592,1.59,1.613,1.665,1.71,1.716,1.743,1.774,1.856,1.84,1.856,1.325,1.302,1.378,1.394,1.388,1.791,1.401,1.411,1.423,1.436,1.479,1.493,1.567,1.548,1.545,1.544,11.102
Point_157,16.614,3.523,3.523,3.56,2.288,1.782,1.498,1.536,1.536,1.536,1.577,1.603,1.135,1.152,1.204,1.204,1.226,1.239,1.254,1.292,1.323,1.134,1.365,1.37,1.394,1.404,1.415,1.424,1.445,1.464,1.456,1.379,1.145,1.131,1.079,1.007,1.006,0.971,0.973,0.955,0.955,0.926,0.918,0.895,0.87,0.915,1.008,1.02,1.043,1.048,1.055,1.071,1.081,1.081,1.085,1.093,1.112,1.111,1.111,1.093,1.079,1.079,1.078,1.146,1.148,1.17,1.115,1.116,1.099,1.08,1.084,1.048,1.063,1.03,1.026,0.989,0.976,0.948,0.854,0.807,0.865,0.865,0.74,0.728,0.728,0.728,0.69,0.702,0.686,0.685,0.686,0.634,0.657,0.634,0.68,0.711,0.775,0.593,0.589,0.555,0.526,0.508,0.526,0.506,0.595,0.586,0.526,0.684,0.684,0.684,0.732,0.732,0.732,0.732,0.732,0.759,0.767,0.847,0.799,0.812,0.828,0.831,0.962,0.88,0.889,0.964,1.022,0.974,0.973,0.98,1.003,0.999,0.881,0.881,0.862,0.85,0.849,0.821,0.866,0.615,0.573,0.543,0.55,0.559,0.584,0.46,0.518,0.224,0.204,0.167,0.083,0.135,0.135,0.07,0.07,0.044,0.0,0.018,0.046,0.063,0.122,0.134,0.938,0.378,0.646,0.369,0.339,0.308,0.294,0.273,0.257,0.208,0.279,1.102,0.684,1.01,1.152,1.139,1.063,1.05,1.032,0.983,0.971,0.936,0.927,0.914,0.905,0.914,0.904,0.903,0.257,0.852,0.836,0.8,0.789,1.188,1.355,1.342,1.274,1.217,1.201,1.197,1.169,1.154,1.143,1.124,1.107,1.106,1.09,1.309,1.118,1.154,1.179,1.214,1.227,1.207,1.279,1.3,1.3,1.322,1.322,1.394,1.437,1.544,1.556,1.556,1.556,1.556,1.556,1.546,1.556,1.632,1.632,1.651,1.749,1.852,1.861,1.861,1.994,1.998,1.998,2.048,2.19,2.127,2.076,1.989,1.892,2.025,1.892,1.892,1.892,1.892,1.842,1.872,1.792,1.733,1.733,1.718,1.718,1.621,1.603,1.614,1.614,1.621,1.641,1.641,1.684,1.706,1.72,1.73,1.736,1.78,1.78,1.779,1.794,1.802,1.807,1.817,1.824,1.846,1.881,1.875,1.893,1.913,1.921,1.739,1.795,1.696,1.693,1.66,1.615,1.594,1.518,1.527,1.543,1.387,1.391,1.416,1.435,1.434,1.451,1.476,1.481,1.479,1.496,1.501,1.548,1.546,1.568,1.621,1.666,1.672,1.699,1.729,1.812,1.796,1.812,1.28,1.258,1.334,1.35,1.344,1.746,1.356,1.367,1.378,1.392,1.435,1.449,1.522,1.503,1.501,1.5,11.058
Point_158,16.632,3.542,3.542,3.579,2.306,1.801,1.517,1.554,1.554,1.554,1.596,1.622,1.154,1.17,1.222,1.222,1.244,1.257,1.273,1.31,1.342,1.152,1.383,1.388,1.413,1.422,1.434,1.443,1.464,1.482,1.474,1.397,1.163,1.15,1.097,1.025,1.024,0.989,0.992,0.974,0.974,0.944,0.937,0.913,0.888,0.933,1.026,1.038,1.062,1.066,1.073,1.089,1.099,1.099,1.103,1.111,1.13,1.13,1.13,1.111,1.097,1.097,1.097,1.164,1.166,1.189,1.133,1.134,1.117,1.098,1.103,1.067,1.082,1.049,1.045,1.008,0.994,0.966,0.873,0.825,0.884,0.884,0.758,0.747,0.747,0.747,0.709,0.721,0.705,0.703,0.705,0.653,0.676,0.653,0.698,0.73,0.793,0.612,0.608,0.573,0.544,0.526,0.544,0.524,0.614,0.604,0.544,0.703,0.703,0.703,0.751,0.751,0.751,0.751,0.751,0.777,0.786,0.865,0.818,0.83,0.846,0.85,0.98,0.898,0.908,0.982,1.041,0.992,0.991,0.998,1.021,1.017,0.899,0.899,0.88,0.868,0.868,0.839,0.884,0.634,0.591,0.561,0.568,0.577,0.602,0.478,0.537,0.205,0.186,0.149,0.065,0.117,0.117,0.052,0.052,0.026,0.018,0.0,0.065,0.081,0.14,0.152,0.957,0.396,0.664,0.388,0.358,0.326,0.312,0.291,0.276,0.226,0.297,1.121,0.703,1.028,1.17,1.157,1.082,1.069,1.051,1.002,0.989,0.954,0.945,0.933,0.924,0.932,0.922,0.922,0.276,0.87,0.854,0.818,0.808,1.207,1.374,1.361,1.292,1.235,1.219,1.215,1.187,1.172,1.162,1.143,1.126,1.125,1.108,1.328,1.137,1.172,1.197,1.232,1.246,1.225,1.298,1.319,1.318,1.341,1.341,1.412,1.455,1.562,1.575,1.575,1.575,1.575,1.575,1.565,1.575,1.65,1.65,1.67,1.767,1.871,1.879,1.879,2.012,2.016,2.016,2.067,2.209,2.145,2.094,2.007,1.911,2.043,1.911,1.911,1.911,1.911,1.86,1.891,1.81,1.751,1.751,1.737,1.737,1.639,1.621,1.633,1.633,1.639,1.659,1.659,1.703,1.725,1.739,1.748,1.755,1.798,1.798,1.797,1.813,1.821,1.825,1.836,1.842,1.865,1.9,1.893,1.912,1.932,1.94,1.758,1.814,1.715,1.711,1.678,1.633,1.612,1.537,1.545,1.562,1.406,1.409,1.435,1.454,1.452,1.469,1.494,1.5,1.497,1.514,1.519,1.566,1.564,1.587,1.639,1.684,1.69,1.717,1.748,1.83,1.814,1.83,1.299,1.276,1.352,1.369,1.362,1.765,1.375,1.386,1.397,1.41,1.453,1.468,1.541,1.522,1.52,1.518,11.076
Point_159,16.568,3.477,3.477,3.514,2.242,1.736,1.452,1.49,1.49,1.49,1.531,1.557,1.089,1.106,1.158,1.158,1.18,1.193,1.208,1.246,1.277,1.088,1.319,1.324,1.348,1.358,1.369,1.378,1.399,1.418,1.41,1.333,1.099,1.085,1.033,0.961,0.96,0.925,0.927,0.909,0.909,0.88,0.872,0.849,0.824,0.869,0.962,0.974,0.997,1.002,1.009,1.025,1.035,1.035,1.039,1.047,1.066,1.065,1.065,1.047,1.032,1.032,1.032,1.1,1.102,1.124,1.069,1.069,1.053,1.034,1.038,1.002,1.017,0.984,0.98,0.943,0.93,0.902,0.808,0.761,0.819,0.819,0.694,0.682,0.682,0.682,0.644,0.656,0.64,0.639,0.64,0.588,0.611,0.588,0.634,0.665,0.729,0.547,0.543,0.509,0.48,0.462,0.48,0.46,0.549,0.54,0.48,0.638,0.638,0.638,0.686,0.686,0.686,0.686,0.686,0.713,0.721,0.801,0.753,0.766,0.781,0.785,0.916,0.833,0.843,0.917,0.976,0.928,0.927,0.934,0.957,0.953,0.835,0.835,0.816,0.804,0.803,0.775,0.82,0.569,0.527,0.497,0.503,0.513,0.538,0.414,0.472,0.27,0.251,0.213,0.129,0.181,0.181,0.116,0.116,0.09,0.046,0.065,0.0,0.017,0.076,0.088,0.892,0.332,0.6,0.323,0.293,0.262,0.247,0.227,0.211,0.162,0.233,1.056,0.638,0.964,1.106,1.093,1.017,1.004,0.986,0.937,0.925,0.89,0.881,0.868,0.859,0.868,0.858,0.857,0.211,0.806,0.789,0.754,0.743,1.142,1.309,1.296,1.227,1.171,1.155,1.151,1.123,1.107,1.097,1.078,1.061,1.06,1.043,1.263,1.072,1.108,1.133,1.168,1.181,1.16,1.233,1.254,1.254,1.276,1.276,1.348,1.391,1.498,1.51,1.51,1.51,1.51,1.51,1.5,1.51,1.586,1.586,1.605,1.703,1.806,1.814,1.814,1.948,1.952,1.952,2.002,2.144,2.081,2.029,1.942,1.846,1.979,1.846,1.846,1.846,1.846,1.796,1.826,1.746,1.687,1.687,1.672,1.672,1.575,1.557,1.568,1.568,1.575,1.595,1.595,1.638,1.66,1.674,1.684,1.69,1.734,1.734,1.733,1.748,1.756,1.761,1.771,1.778,1.8,1.835,1.828,1.847,1.867,1.875,1.693,1.749,1.65,1.647,1.614,1.569,1.548,1.472,1.481,1.497,1.341,1.345,1.37,1.389,1.388,1.405,1.429,1.435,1.433,1.45,1.455,1.502,1.5,1.522,1.575,1.62,1.626,1.653,1.683,1.766,1.75,1.766,1.234,1.212,1.288,1.304,1.298,1.7,1.31,1.321,1.332,1.346,1.389,1.403,1.476,1.457,1.455,1.454,11.012
Point_160,16.528,3.437,3.437,3.474,2.202,1.696,1.412,1.45,1.45,1.45,1.491,1.517,1.049,1.066,1.118,1.118,1.14,1.153,1.168,1.206,1.237,1.048,1.279,1.284,1.308,1.318,1.33,1.338,1.36,1.378,1.37,1.293,1.059,1.045,0.993,0.921,0.92,0.885,0.887,0.869,0.869,0.84,0.832,0.809,0.784,0.829,0.922,0.934,0.957,0.962,0.969,0.985,0.995,0.995,0.999,1.007,1.026,1.025,1.025,1.007,0.993,0.993,0.993,1.06,1.062,1.085,1.029,1.03,1.013,0.994,0.998,0.963,0.977,0.944,0.941,0.903,0.89,0.862,0.768,0.721,0.779,0.779,0.654,0.642,0.642,0.642,0.604,0.616,0.601,0.599,0.601,0.548,0.572,0.548,0.617,0.649,0.712,0.56,0.564,0.49,0.497,0.479,0.497,0.476,0.566,0.556,0.496,0.655,0.655,0.655,0.703,0.703,0.703,0.703,0.703,0.73,0.738,0.818,0.77,0.782,0.798,0.802,0.933,0.85,0.86,0.934,0.993,0.945,0.944,0.95,0.973,0.969,0.852,0.852,0.832,0.821,0.82,0.791,0.836,0.586,0.544,0.513,0.52,0.53,0.555,0.43,0.489,0.287,0.267,0.23,0.146,0.198,0.198,0.133,0.133,0.107,0.063,0.081,0.017,0.0,0.059,0.071,0.852,0.315,0.583,0.306,0.276,0.245,0.231,0.21,0.194,0.145,0.216,1.073,0.655,0.981,1.066,1.053,0.977,0.964,0.946,0.897,0.885,0.85,0.841,0.828,0.819,0.828,0.818,0.817,0.194,0.766,0.75,0.714,0.703,1.102,1.269,1.256,1.188,1.131,1.115,1.111,1.083,1.068,1.057,1.039,1.021,1.02,1.004,1.223,1.032,1.068,1.093,1.128,1.141,1.121,1.193,1.214,1.214,1.236,1.236,1.308,1.351,1.458,1.47,1.47,1.47,1.47,1.47,1.46,1.47,1.546,1.546,1.565,1.663,1.766,1.775,1.775,1.908,1.912,1.912,1.962,2.104,2.041,1.99,1.903,1.806,1.939,1.806,1.806,1.806,1.806,1.756,1.786,1.706,1.647,1.647,1.632,1.632,1.535,1.517,1.528,1.528,1.535,1.555,1.555,1.598,1.62,1.634,1.644,1.65,1.694,1.694,1.693,1.708,1.716,1.721,1.731,1.738,1.76,1.795,1.789,1.807,1.827,1.835,1.653,1.709,1.61,1.607,1.574,1.529,1.508,1.432,1.441,1.457,1.301,1.305,1.33,1.349,1.348,1.365,1.39,1.395,1.393,1.41,1.415,1.462,1.46,1.482,1.535,1.58,1.586,1.613,1.643,1.726,1.71,1.726,1.194,1.172,1.248,1.264,1.258,1.66,1.27,1.281,1.292,1.306,1.349,1.363,1.437,1.417,1.415,1.414,10.972
Point_161,16.466,3.375,3.375,3.412,2.139,1.634,1.35,1.388,1.388,1.388,1.429,1.455,0.987,1.003,1.055,1.055,1.078,1.09,1.106,1.144,1.175,0.985,1.216,1.222,1.246,1.255,1.267,1.276,1.297,1.315,1.307,1.231,0.997,0.983,0.93,0.859,0.857,0.823,0.825,0.807,0.807,0.777,0.77,0.746,0.722,0.767,0.86,0.871,0.895,0.899,0.907,0.922,0.932,0.932,0.937,0.944,0.964,0.963,0.963,0.944,0.93,0.93,0.93,0.998,0.999,1.022,0.967,0.967,0.95,0.932,0.936,0.9,0.915,0.882,0.878,0.841,0.827,0.8,0.706,0.659,0.717,0.717,0.591,0.58,0.58,0.58,0.542,0.554,0.538,0.536,0.538,0.486,0.509,0.486,0.558,0.59,0.653,0.445,0.441,0.407,0.405,0.423,0.509,0.489,0.578,0.569,0.509,0.667,0.667,0.667,0.715,0.715,0.715,0.715,0.715,0.742,0.751,0.83,0.783,0.795,0.811,0.815,0.945,0.863,0.873,0.947,1.006,0.957,0.956,0.963,0.986,0.982,0.864,0.864,0.845,0.833,0.833,0.804,0.849,0.835,0.584,0.554,0.56,0.57,0.867,0.47,0.529,0.346,0.326,0.289,0.205,0.257,0.257,0.192,0.192,0.166,0.122,0.14,0.076,0.059,0.0,0.012,0.79,0.256,0.524,0.248,0.217,0.186,0.172,0.151,0.136,0.086,0.157,1.085,0.667,0.993,1.004,0.991,0.915,0.902,0.884,0.835,0.822,0.787,0.779,0.766,0.757,0.766,0.755,0.755,0.136,0.703,0.687,0.651,0.641,1.04,1.207,1.194,1.125,1.068,1.053,1.048,1.021,1.005,0.995,0.976,0.959,0.958,0.941,1.161,0.97,1.006,1.03,1.065,1.079,1.058,1.131,1.152,1.151,1.174,1.174,1.246,1.288,1.395,1.408,1.408,1.408,1.408,1.408,1.398,1.408,1.484,1.484,1.503,1.6,1.704,1.712,1.712,1.845,1.849,1.849,1.9,2.042,1.978,1.927,1.84,1.744,1.876,1.744,1.744,1.744,1.744,1.694,1.724,1.644,1.584,1.584,1.57,1.57,1.473,1.455,1.466,1.466,1.473,1.492,1.492,1.536,1.558,1.572,1.582,1.588,1.632,1.632,1.63,1.646,1.654,1.659,1.669,1.675,1.698,1.733,1.726,1.745,1.765,1.773,1.591,1.647,1.548,1.544,1.511,1.467,1.445,1.37,1.378,1.395,1.239,1.243,1.268,1.287,1.285,1.303,1.327,1.333,1.331,1.347,1.353,1.4,1.397,1.42,1.473,1.517,1.524,1.551,1.581,1.663,1.648,1.663,1.132,1.109,1.185,1.202,1.196,1.598,1.208,1.219,1.23,1.244,1.287,1.301,1.374,1.355,1.353,1.352,10.91
Point_162,16.449,3.359,3.359,3.396,2.123,1.618,1.334,1.371,1.371,1.371,1.413,1.439,0.971,0.987,1.039,1.039,1.061,1.074,1.09,1.127,1.159,0.969,1.2,1.205,1.23,1.239,1.251,1.26,1.281,1.299,1.291,1.214,0.98,0.967,0.914,0.842,0.841,0.806,0.809,0.791,0.791,0.761,0.754,0.73,0.705,0.75,0.843,0.855,0.879,0.883,0.89,0.906,0.916,0.916,0.92,0.928,0.947,0.947,0.947,0.928,0.914,0.914,0.914,0.981,0.983,1.006,0.95,0.951,0.934,0.915,0.92,0.884,0.899,0.866,0.862,0.825,0.811,0.783,0.689,0.642,0.701,0.701,0.575,0.564,0.564,0.564,0.526,0.538,0.522,0.52,0.522,0.47,0.493,0.47,0.539,0.57,0.633,0.482,0.485,0.419,0.417,0.435,0.521,0.501,0.59,0.581,0.521,0.679,0.679,0.679,0.727,0.727,0.727,0.727,0.727,0.754,0.763,0.842,0.795,0.807,0.823,0.827,0.957,0.875,0.884,0.959,1.017,0.969,0.968,0.975,0.998,0.994,0.876,0.876,0.857,0.845,0.845,0.816,0.861,0.847,0.596,0.566,0.572,0.582,0.879,0.482,0.541,0.358,0.338,0.301,0.217,0.269,0.269,0.204,0.204,0.178,0.134,0.152,0.088,0.071,0.012,0.0,0.774,0.236,0.504,0.228,0.198,0.167,0.152,0.131,0.116,0.066,0.137,1.097,0.679,1.005,0.987,0.974,0.899,0.886,0.868,0.819,0.806,0.771,0.762,0.75,0.741,0.749,0.739,0.739,0.116,0.687,0.671,0.635,0.625,1.024,1.191,1.178,1.109,1.052,1.036,1.032,1.004,0.989,0.979,0.96,0.943,0.942,0.925,1.145,0.954,0.989,1.014,1.049,1.063,1.042,1.115,1.136,1.135,1.158,1.158,1.229,1.272,1.379,1.392,1.392,1.392,1.392,1.392,1.382,1.392,1.467,1.467,1.487,1.584,1.688,1.696,1.696,1.829,1.833,1.833,1.884,2.026,1.962,1.911,1.824,1.728,1.86,1.728,1.728,1.728,1.728,1.677,1.708,1.627,1.568,1.568,1.554,1.554,1.456,1.438,1.45,1.45,1.456,1.476,1.476,1.52,1.542,1.556,1.565,1.572,1.615,1.615,1.614,1.63,1.638,1.642,1.653,1.659,1.682,1.717,1.71,1.729,1.749,1.757,1.575,1.631,1.532,1.528,1.495,1.45,1.429,1.354,1.362,1.379,1.223,1.226,1.252,1.271,1.269,1.286,1.311,1.317,1.314,1.331,1.336,1.383,1.381,1.404,1.456,1.501,1.507,1.534,1.565,1.647,1.631,1.647,1.116,1.093,1.169,1.186,1.179,1.582,1.192,1.203,1.214,1.227,1.27,1.285,1.358,1.339,1.337,1.335,10.893
Point_163,15.573,2.482,2.482,2.519,1.246,0.689,0.76,0.798,0.798,0.798,0.839,0.865,0.397,0.413,0.465,0.465,0.487,0.5,0.516,0.554,0.284,0.302,0.323,0.329,0.353,0.363,0.374,0.383,0.389,0.37,0.378,0.641,0.207,0.193,0.141,0.069,0.067,0.033,0.035,0.017,0.017,0.012,0.02,0.043,0.132,0.176,0.294,0.282,0.259,0.254,0.247,0.231,0.221,0.221,0.217,0.209,0.174,0.191,0.191,0.155,0.14,0.14,0.14,0.208,0.21,0.232,0.321,0.32,0.36,0.342,0.346,0.31,0.325,0.292,0.288,0.251,0.237,0.209,0.084,0.131,0.127,0.127,0.198,0.21,0.21,0.21,0.248,0.236,0.252,0.253,0.252,0.304,0.281,0.304,0.402,0.433,0.496,0.345,0.349,0.383,0.412,0.43,0.516,0.496,0.586,0.576,0.516,0.675,0.675,0.675,0.723,0.723,0.723,0.723,0.723,0.749,0.758,0.837,0.79,0.802,0.818,0.822,0.952,0.87,0.88,0.954,1.013,0.964,0.963,0.97,0.993,0.989,0.871,0.871,0.852,0.84,0.84,0.811,0.856,0.842,0.879,0.915,0.908,0.923,0.874,0.784,0.842,0.928,0.947,0.985,0.998,1.041,1.041,0.985,0.985,0.959,0.915,0.933,0.869,0.852,0.793,0.774,0.0,0.83,0.418,0.822,0.792,0.761,0.746,0.725,0.71,0.707,0.636,1.093,0.675,1.0,0.65,0.638,0.562,0.549,0.531,0.482,0.469,0.434,0.425,0.413,0.404,0.412,0.402,0.402,0.71,0.35,0.334,0.298,0.288,0.45,0.617,0.604,0.535,0.478,0.463,0.458,0.431,0.415,0.405,0.386,0.369,0.368,0.351,0.571,0.38,0.416,0.44,0.475,0.489,0.468,0.541,0.562,0.561,0.584,0.584,0.655,0.698,0.805,0.818,0.818,0.818,0.818,0.818,0.808,0.818,0.894,0.894,0.913,1.01,1.114,1.122,1.122,1.255,1.259,1.259,1.31,1.452,1.388,1.401,1.25,1.154,1.286,1.154,1.154,1.154,1.154,1.103,1.134,1.054,0.994,0.994,0.98,0.98,0.883,0.865,0.876,0.876,0.883,0.902,0.902,0.946,0.968,0.982,0.992,0.998,1.041,1.041,1.04,1.056,1.064,1.069,1.079,1.085,1.108,1.143,1.136,1.155,1.175,1.183,1.001,1.057,0.958,0.954,0.921,0.877,0.855,0.78,0.788,0.805,0.649,0.652,0.678,0.697,0.695,0.713,0.737,0.743,0.74,0.757,0.763,0.809,0.807,0.83,0.882,0.927,0.934,0.961,0.991,1.073,1.058,1.073,0.542,0.519,0.595,0.612,0.606,1.008,0.618,0.629,0.64,0.654,0.697,0.711,0.784,0.765,0.763,0.762,10.32
Point_164,16.506,3.416,3.416,3.453,2.18,1.675,1.39,1.428,1.428,1.428,1.47,1.496,1.028,1.044,1.096,1.096,1.118,1.131,1.147,1.184,1.215,1.026,1.257,1.262,1.287,1.296,1.308,1.317,1.338,1.356,1.348,1.271,1.037,1.024,0.971,0.899,0.898,0.863,0.865,0.847,0.847,0.818,0.81,0.787,0.762,0.807,0.9,0.912,0.935,0.94,0.947,0.963,0.973,0.973,0.977,0.985,1.004,1.003,1.003,0.985,0.971,0.971,0.971,1.038,1.04,1.063,1.007,1.008,0.991,0.972,0.976,0.941,0.956,0.923,0.919,0.882,0.868,0.84,0.746,0.699,0.757,0.757,0.632,0.62,0.62,0.62,0.583,0.595,0.579,0.577,0.579,0.526,0.55,0.526,0.595,0.627,0.69,0.538,0.542,0.577,0.606,0.624,0.71,0.69,0.779,0.77,0.71,0.868,0.868,0.868,0.916,0.916,0.916,0.916,0.916,0.943,0.951,1.031,0.983,0.996,1.012,1.015,1.146,1.064,1.073,1.148,1.206,1.158,1.157,1.164,1.187,1.183,1.065,1.065,1.046,1.034,1.033,1.005,1.05,1.036,1.073,1.109,1.102,1.116,1.068,0.725,0.783,0.602,0.582,0.545,0.461,0.513,0.513,0.448,0.448,0.422,0.378,0.396,0.332,0.315,0.256,0.236,0.83,0.0,0.45,0.008,0.039,0.099,0.078,0.105,0.121,0.17,0.194,1.286,0.868,1.194,1.044,1.031,0.956,0.943,0.925,0.875,0.863,0.828,0.819,0.807,0.798,0.806,0.796,0.795,0.121,0.744,0.728,0.692,0.681,1.081,1.248,1.234,1.166,1.109,1.093,1.089,1.061,1.046,1.035,1.017,1.0,0.999,0.982,1.202,1.01,1.046,1.071,1.106,1.119,1.099,1.171,1.193,1.192,1.214,1.214,1.286,1.329,1.436,1.448,1.448,1.448,1.448,1.448,1.439,1.448,1.524,1.524,1.543,1.641,1.745,1.753,1.753,1.886,1.89,1.89,1.94,2.083,2.019,1.968,1.881,1.785,1.917,1.785,1.785,1.785,1.785,1.734,1.764,1.684,1.625,1.625,1.611,1.611,1.513,1.495,1.506,1.506,1.513,1.533,1.533,1.577,1.599,1.613,1.622,1.629,1.672,1.672,1.671,1.687,1.694,1.699,1.71,1.716,1.739,1.774,1.767,1.786,1.805,1.813,1.631,1.688,1.588,1.585,1.552,1.507,1.486,1.411,1.419,1.435,1.28,1.283,1.309,1.327,1.326,1.343,1.368,1.374,1.371,1.388,1.393,1.44,1.438,1.461,1.513,1.558,1.564,1.591,1.622,1.704,1.688,1.704,1.173,1.15,1.226,1.242,1.236,1.639,1.249,1.259,1.271,1.284,1.327,1.341,1.415,1.396,1.393,1.392,10.95
Point_165,16.094,3.003,3.003,3.041,1.768,1.262,0.978,1.016,1.016,1.016,1.058,1.084,0.616,0.632,0.684,0.684,0.706,0.719,0.735,0.772,0.803,0.614,0.845,0.85,0.875,0.884,0.896,0.905,0.926,0.944,0.936,0.859,0.625,0.611,0.559,0.487,0.486,0.451,0.453,0.435,0.435,0.406,0.398,0.375,0.35,0.395,0.488,0.5,0.523,0.528,0.535,0.551,0.561,0.561,0.565,0.573,0.592,0.591,0.591,0.573,0.559,0.559,0.559,0.626,0.628,0.651,0.595,0.596,0.579,0.56,0.564,0.529,0.544,0.511,0.507,0.47,0.456,0.428,0.334,0.287,0.345,0.345,0.272,0.284,0.284,0.284,0.322,0.31,0.326,0.327,0.326,0.378,0.355,0.378,0.517,0.549,0.612,0.419,0.423,0.457,0.486,0.504,0.59,0.57,0.659,0.65,0.59,0.749,0.749,0.749,0.797,0.797,0.797,0.797,0.797,0.823,0.832,0.911,0.864,0.876,0.892,0.896,1.026,0.944,0.954,1.028,1.087,1.038,1.037,1.044,1.067,1.063,0.945,0.945,0.926,0.914,0.914,0.885,0.93,0.916,0.953,0.989,0.982,0.996,0.948,0.858,0.916,0.626,0.646,0.683,0.729,0.781,0.781,0.716,0.716,0.69,0.646,0.664,0.6,0.583,0.524,0.504,0.418,0.561,0.0,0.553,0.523,0.351,0.365,0.456,0.441,0.438,0.367,1.166,0.749,1.074,0.724,0.712,0.636,0.623,0.605,0.556,0.543,0.508,0.499,0.487,0.478,0.486,0.476,0.476,0.441,0.424,0.408,0.372,0.362,0.669,0.836,0.822,0.754,0.697,0.681,0.677,0.649,0.634,0.623,0.605,0.588,0.587,0.57,0.79,0.598,0.634,0.659,0.694,0.707,0.687,0.759,0.781,0.78,0.802,0.802,0.874,0.917,1.024,1.036,1.036,1.036,1.036,1.036,1.027,1.036,1.112,1.112,1.131,1.229,1.332,1.341,1.341,1.474,1.478,1.478,1.528,1.671,1.607,1.556,1.469,1.373,1.505,1.373,1.373,1.373,1.373,1.322,1.352,1.272,1.213,1.213,1.199,1.199,1.101,1.083,1.094,1.094,1.101,1.121,1.121,1.165,1.187,1.201,1.21,1.217,1.26,1.26,1.259,1.275,1.282,1.287,1.298,1.304,1.327,1.362,1.355,1.374,1.393,1.401,1.219,1.276,1.176,1.173,1.14,1.095,1.074,0.998,1.007,1.023,0.867,0.871,0.896,0.915,0.914,0.931,0.956,0.961,0.959,0.976,0.981,1.028,1.026,1.049,1.101,1.146,1.152,1.179,1.21,1.292,1.276,1.292,0.761,0.738,0.814,0.83,0.824,1.226,0.836,0.847,0.859,0.872,0.915,0.929,1.003,0.984,0.981,0.98,10.538
Point_166,16.498,3.407,3.407,3.444,2.171,1.666,1.382,1.42,1.42,1.42,1.461,1.487,1.019,1.035,1.088,1.088,1.11,1.122,1.138,1.176,1.207,1.017,1.248,1.254,1.278,1.288,1.299,1.308,1.329,1.347,1.34,1.263,1.029,1.015,0.962,0.891,0.889,0.855,0.857,0.839,0.839,0.809,0.802,0.778,0.754,0.799,0.892,0.903,0.927,0.931,0.939,0.954,0.964,0.964,0.969,0.977,0.996,0.995,0.995,0.977,0.962,0.962,0.962,1.03,1.031,1.054,0.999,0.999,0.982,0.964,0.968,0.932,0.947,0.914,0.91,0.873,0.859,0.832,0.738,0.691,0.749,0.749,0.624,0.612,0.612,0.612,0.574,0.586,0.57,0.568,0.57,0.518,0.541,0.518,0.587,0.618,0.682,0.53,0.534,0.568,0.597,0.615,0.702,0.681,0.771,0.761,0.701,0.86,0.86,0.86,0.908,0.908,0.908,0.908,0.908,0.934,0.943,1.022,0.975,0.987,1.003,1.007,1.138,1.055,1.065,1.139,1.198,1.149,1.148,1.155,1.178,1.174,1.057,1.056,1.037,1.026,1.025,0.996,1.041,1.027,1.064,1.1,1.093,1.108,1.059,0.716,0.775,0.593,0.574,0.537,0.452,0.504,0.504,0.44,0.44,0.414,0.369,0.388,0.323,0.306,0.248,0.228,0.822,0.008,0.441,0.0,0.03,0.09,0.069,0.096,0.112,0.161,0.186,1.278,0.86,1.186,1.036,1.023,0.947,0.934,0.916,0.867,0.854,0.819,0.811,0.798,0.789,0.798,0.787,0.787,0.112,0.735,0.719,0.683,0.673,1.072,1.239,1.226,1.157,1.1,1.085,1.08,1.053,1.037,1.027,1.008,0.991,0.99,0.973,1.193,1.002,1.038,1.062,1.097,1.111,1.09,1.163,1.184,1.183,1.206,1.206,1.278,1.32,1.428,1.44,1.44,1.44,1.44,1.44,1.43,1.44,1.516,1.516,1.535,1.633,1.736,1.744,1.744,1.878,1.881,1.881,1.932,2.074,2.01,1.959,1.872,1.776,1.908,1.776,1.776,1.776,1.776,1.726,1.756,1.676,1.616,1.616,1.602,1.602,1.505,1.487,1.498,1.498,1.505,1.525,1.525,1.568,1.59,1.604,1.614,1.62,1.664,1.664,1.663,1.678,1.686,1.691,1.701,1.708,1.73,1.765,1.758,1.777,1.797,1.805,1.623,1.679,1.58,1.576,1.544,1.499,1.477,1.402,1.41,1.427,1.271,1.275,1.3,1.319,1.317,1.335,1.359,1.365,1.363,1.379,1.385,1.432,1.429,1.452,1.505,1.549,1.556,1.583,1.613,1.696,1.68,1.696,1.164,1.141,1.217,1.234,1.228,1.63,1.24,1.251,1.262,1.276,1.319,1.333,1.406,1.387,1.385,1.384,10.942
Point_167,16.468,3.377,3.377,3.414,2.141,1.636,1.352,1.39,1.39,1.39,1.431,1.457,0.989,1.005,1.058,1.058,1.08,1.092,1.108,1.146,1.177,0.987,1.218,1.224,1.248,1.257,1.269,1.278,1.299,1.317,1.309,1.233,0.999,0.985,0.932,0.861,0.859,0.825,0.827,0.809,0.809,0.779,0.772,0.748,0.724,0.769,0.862,0.873,0.897,0.901,0.909,0.924,0.934,0.934,0.939,0.946,0.966,0.965,0.965,0.946,0.932,0.932,0.932,1.0,1.001,1.024,0.969,0.969,0.952,0.934,0.938,0.902,0.917,0.884,0.88,0.843,0.829,0.802,0.708,0.661,0.719,0.719,0.593,0.582,0.582,0.582,0.544,0.556,0.54,0.538,0.54,0.488,0.511,0.488,0.557,0.588,0.652,0.5,0.504,0.538,0.567,0.585,0.672,0.651,0.741,0.731,0.671,0.83,0.83,0.83,0.878,0.878,0.878,0.878,0.878,0.904,0.913,0.992,0.945,0.957,0.973,0.977,1.107,1.025,1.035,1.109,1.168,1.119,1.118,1.125,1.148,1.144,1.026,1.026,1.007,0.995,0.995,0.966,1.011,0.997,1.034,1.07,1.063,1.078,1.029,0.686,0.745,0.563,0.544,0.507,0.422,0.474,0.474,0.41,0.41,0.384,0.339,0.358,0.293,0.276,0.217,0.198,0.792,0.039,0.411,0.03,0.0,0.06,0.039,0.066,0.082,0.131,0.155,1.248,0.83,1.156,1.006,0.993,0.917,0.904,0.886,0.837,0.824,0.789,0.781,0.768,0.759,0.768,0.757,0.757,0.082,0.705,0.689,0.653,0.643,1.042,1.209,1.196,1.127,1.07,1.055,1.05,1.023,1.007,0.997,0.978,0.961,0.96,0.943,1.163,0.972,1.008,1.032,1.067,1.081,1.06,1.133,1.154,1.153,1.176,1.176,1.248,1.29,1.397,1.41,1.41,1.41,1.41,1.41,1.4,1.41,1.486,1.486,1.505,1.602,1.706,1.714,1.714,1.847,1.851,1.851,1.902,2.044,1.98,1.929,1.842,1.746,1.878,1.746,1.746,1.746,1.746,1.696,1.726,1.646,1.586,1.586,1.572,1.572,1.475,1.457,1.468,1.468,1.475,1.494,1.494,1.538,1.56,1.574,1.584,1.59,1.634,1.634,1.632,1.648,1.656,1.661,1.671,1.677,1.7,1.735,1.728,1.747,1.767,1.775,1.593,1.649,1.55,1.546,1.514,1.469,1.447,1.372,1.38,1.397,1.241,1.245,1.27,1.289,1.287,1.305,1.329,1.335,1.333,1.349,1.355,1.402,1.399,1.422,1.475,1.519,1.526,1.553,1.583,1.665,1.65,1.666,1.134,1.111,1.187,1.204,1.198,1.6,1.21,1.221,1.232,1.246,1.289,1.303,1.376,1.357,1.355,1.354,10.912
Point_168,16.436,3.346,3.346,3.383,2.11,1.605,1.321,1.359,1.359,1.359,1.4,1.426,0.958,0.974,1.026,1.026,1.048,1.061,1.077,1.115,1.146,0.956,1.187,1.192,1.217,1.226,1.238,1.247,1.268,1.286,1.278,1.202,0.967,0.954,0.901,0.829,0.828,0.793,0.796,0.778,0.778,0.748,0.741,0.717,0.692,0.737,0.83,0.842,0.866,0.87,0.877,0.893,0.903,0.903,0.907,0.915,0.934,0.934,0.934,0.915,0.901,0.901,0.901,0.968,0.97,0.993,0.937,0.938,0.921,0.903,0.907,0.871,0.886,0.853,0.849,0.812,0.798,0.77,0.677,0.629,0.688,0.688,0.562,0.551,0.551,0.551,0.513,0.525,0.509,0.507,0.509,0.457,0.48,0.457,0.526,0.557,0.62,0.469,0.473,0.507,0.536,0.554,0.64,0.62,0.709,0.7,0.64,0.798,0.798,0.798,0.846,0.846,0.846,0.846,0.846,0.873,0.882,0.961,0.914,0.926,0.942,0.946,1.076,0.994,1.004,1.078,1.137,1.088,1.087,1.094,1.117,1.113,0.995,0.995,0.976,0.964,0.964,0.935,0.98,0.966,1.003,1.039,1.032,1.046,0.998,0.655,0.714,0.532,0.513,0.475,0.391,0.443,0.443,0.378,0.378,0.352,0.308,0.326,0.262,0.245,0.186,0.167,0.761,0.099,0.351,0.09,0.06,0.0,0.014,0.035,0.051,0.1,0.124,1.216,0.798,1.124,0.974,0.962,0.886,0.873,0.855,0.806,0.793,0.758,0.749,0.737,0.728,0.736,0.726,0.726,0.051,0.674,0.658,0.622,0.612,1.011,1.178,1.165,1.096,1.039,1.023,1.019,0.991,0.976,0.966,0.947,0.93,0.929,0.912,1.132,0.941,0.977,1.001,1.036,1.05,1.029,1.102,1.123,1.122,1.145,1.145,1.216,1.259,1.366,1.379,1.379,1.379,1.379,1.379,1.369,1.379,1.455,1.455,1.474,1.571,1.675,1.683,1.683,1.816,1.82,1.82,1.871,2.013,1.949,1.898,1.811,1.715,1.847,1.715,1.715,1.715,1.715,1.664,1.695,1.615,1.555,1.555,1.541,1.541,1.444,1.425,1.437,1.437,1.444,1.463,1.463,1.507,1.529,1.543,1.552,1.559,1.602,1.602,1.601,1.617,1.625,1.629,1.64,1.646,1.669,1.704,1.697,1.716,1.736,1.744,1.562,1.618,1.519,1.515,1.482,1.437,1.416,1.341,1.349,1.366,1.21,1.213,1.239,1.258,1.256,1.273,1.298,1.304,1.301,1.318,1.324,1.37,1.368,1.391,1.443,1.488,1.494,1.521,1.552,1.634,1.618,1.634,1.103,1.08,1.156,1.173,1.166,1.569,1.179,1.19,1.201,1.214,1.257,1.272,1.345,1.326,1.324,1.323,10.881
Point_169,16.422,3.331,3.331,3.368,2.096,1.59,1.306,1.344,1.344,1.344,1.385,1.411,0.943,0.96,1.012,1.012,1.034,1.047,1.062,1.1,1.131,0.942,1.173,1.178,1.202,1.212,1.224,1.232,1.253,1.272,1.264,1.187,0.953,0.939,0.887,0.815,0.814,0.779,0.781,0.763,0.763,0.734,0.726,0.703,0.678,0.723,0.816,0.828,0.851,0.856,0.863,0.879,0.889,0.889,0.893,0.901,0.92,0.919,0.919,0.901,0.887,0.887,0.886,0.954,0.956,0.978,0.923,0.924,0.907,0.888,0.892,0.856,0.871,0.838,0.834,0.797,0.784,0.756,0.662,0.615,0.673,0.673,0.548,0.536,0.536,0.536,0.498,0.51,0.494,0.493,0.494,0.442,0.465,0.442,0.511,0.543,0.606,0.454,0.458,0.492,0.522,0.54,0.626,0.606,0.695,0.685,0.626,0.784,0.784,0.784,0.832,0.832,0.832,0.832,0.832,0.859,0.867,0.947,0.899,0.911,0.927,0.931,1.062,0.979,0.989,1.063,1.122,1.074,1.073,1.079,1.102,1.098,0.981,0.981,0.961,0.95,0.949,0.92,0.965,0.952,0.989,1.025,1.018,1.032,0.983,0.641,0.699,0.517,0.498,0.461,0.377,0.429,0.429,0.364,0.364,0.338,0.294,0.312,0.247,0.231,0.172,0.152,0.746,0.078,0.365,0.069,0.039,0.014,0.0,0.021,0.036,0.086,0.11,1.202,0.784,1.11,0.96,0.947,0.871,0.858,0.84,0.791,0.779,0.744,0.735,0.722,0.713,0.722,0.712,0.711,0.036,0.66,0.644,0.608,0.597,0.996,1.163,1.15,1.082,1.025,1.009,1.005,0.977,0.962,0.951,0.932,0.915,0.914,0.898,1.117,0.926,0.962,0.987,1.022,1.035,1.015,1.087,1.108,1.108,1.13,1.13,1.202,1.245,1.352,1.364,1.364,1.364,1.364,1.364,1.354,1.364,1.44,1.44,1.459,1.557,1.66,1.669,1.669,1.802,1.806,1.806,1.856,1.998,1.935,1.884,1.797,1.7,1.833,1.7,1.7,1.7,1.7,1.65,1.68,1.6,1.541,1.541,1.526,1.526,1.429,1.411,1.422,1.422,1.429,1.449,1.449,1.492,1.514,1.528,1.538,1.544,1.588,1.588,1.587,1.602,1.61,1.615,1.625,1.632,1.654,1.689,1.683,1.701,1.721,1.729,1.547,1.603,1.504,1.501,1.468,1.423,1.402,1.326,1.335,1.351,1.195,1.199,1.224,1.243,1.242,1.259,1.284,1.289,1.287,1.304,1.309,1.356,1.354,1.376,1.429,1.474,1.48,1.507,1.537,1.62,1.604,1.62,1.088,1.066,1.142,1.158,1.152,1.554,1.164,1.175,1.186,1.2,1.243,1.257,1.33,1.311,1.309,1.308,10.866
Point_170,16.401,3.311,3.311,3.348,2.075,1.57,1.286,1.323,1.323,1.323,1.365,1.391,0.923,0.939,0.991,0.991,1.013,1.026,1.042,1.079,1.11,0.921,1.152,1.157,1.182,1.191,1.203,1.212,1.233,1.251,1.243,1.166,0.932,0.919,0.866,0.794,0.793,0.758,0.76,0.742,0.742,0.713,0.705,0.682,0.657,0.702,0.795,0.807,0.83,0.835,0.842,0.858,0.868,0.868,0.872,0.88,0.899,0.898,0.898,0.88,0.866,0.866,0.866,0.933,0.935,0.958,0.902,0.903,0.886,0.867,0.871,0.836,0.851,0.818,0.814,0.777,0.763,0.735,0.641,0.594,0.653,0.653,0.527,0.515,0.515,0.515,0.478,0.49,0.474,0.472,0.474,0.421,0.445,0.421,0.49,0.522,0.585,0.433,0.437,0.472,0.501,0.519,0.605,0.585,0.674,0.665,0.605,0.763,0.763,0.763,0.811,0.811,0.811,0.811,0.811,0.838,0.847,0.926,0.878,0.891,0.907,0.91,1.041,0.959,0.968,1.043,1.101,1.053,1.052,1.059,1.082,1.078,0.96,0.96,0.941,0.929,0.929,0.9,0.945,0.931,0.968,1.004,0.997,1.011,0.963,0.62,0.679,0.497,0.477,0.44,0.356,0.408,0.408,0.343,0.343,0.317,0.273,0.291,0.227,0.21,0.151,0.131,0.725,0.105,0.386,0.096,0.066,0.035,0.021,0.0,0.016,0.065,0.089,1.181,0.763,1.089,0.939,0.926,0.851,0.838,0.82,0.77,0.758,0.723,0.714,0.702,0.693,0.701,0.691,0.691,0.016,0.639,0.623,0.587,0.576,0.976,1.143,1.129,1.061,1.004,0.988,0.984,0.956,0.941,0.931,0.912,0.895,0.894,0.877,1.097,0.906,0.941,0.966,1.001,1.014,0.994,1.066,1.088,1.087,1.11,1.11,1.181,1.224,1.331,1.343,1.343,1.343,1.343,1.343,1.334,1.343,1.419,1.419,1.438,1.536,1.64,1.648,1.648,1.781,1.785,1.785,1.835,1.978,1.914,1.863,1.776,1.68,1.812,1.68,1.68,1.68,1.68,1.629,1.659,1.579,1.52,1.52,1.506,1.506,1.408,1.39,1.401,1.401,1.408,1.428,1.428,1.472,1.494,1.508,1.517,1.524,1.567,1.567,1.566,1.582,1.589,1.594,1.605,1.611,1.634,1.669,1.662,1.681,1.7,1.708,1.527,1.583,1.484,1.48,1.447,1.402,1.381,1.306,1.314,1.331,1.175,1.178,1.204,1.222,1.221,1.238,1.263,1.269,1.266,1.283,1.288,1.335,1.333,1.356,1.408,1.453,1.459,1.486,1.517,1.599,1.583,1.599,1.068,1.045,1.121,1.137,1.131,1.534,1.144,1.154,1.166,1.179,1.222,1.236,1.31,1.291,1.289,1.287,10.845
Point_171,16.386,3.295,3.295,3.332,2.059,1.554,1.27,1.308,1.308,1.308,1.349,1.375,0.907,0.923,0.976,0.976,0.998,1.01,1.026,1.064,1.095,0.905,1.136,1.142,1.166,1.175,1.187,1.196,1.217,1.235,1.227,1.151,0.917,0.903,0.85,0.779,0.777,0.743,0.745,0.727,0.727,0.697,0.69,0.666,0.642,0.687,0.78,0.791,0.815,0.819,0.827,0.842,0.852,0.852,0.857,0.864,0.884,0.883,0.883,0.864,0.85,0.85,0.85,0.918,0.919,0.942,0.887,0.887,0.87,0.852,0.856,0.82,0.835,0.802,0.798,0.761,0.747,0.72,0.626,0.579,0.637,0.637,0.511,0.5,0.5,0.5,0.462,0.474,0.458,0.456,0.458,0.406,0.429,0.406,0.475,0.506,0.57,0.418,0.422,0.456,0.485,0.503,0.59,0.569,0.659,0.649,0.589,0.748,0.748,0.748,0.796,0.796,0.796,0.796,0.796,0.822,0.831,0.91,0.863,0.875,0.891,0.895,1.025,0.943,0.953,1.027,1.086,1.037,1.036,1.043,1.066,1.062,0.944,0.944,0.925,0.913,0.913,0.884,0.929,0.915,0.952,0.988,0.981,0.996,0.947,0.604,0.663,0.481,0.462,0.425,0.34,0.392,0.392,0.328,0.328,0.302,0.257,0.276,0.211,0.194,0.136,0.116,0.71,0.121,0.441,0.112,0.082,0.051,0.036,0.016,0.0,0.049,0.073,1.166,0.748,1.074,0.924,0.911,0.835,0.822,0.804,0.755,0.742,0.707,0.699,0.686,0.677,0.686,0.675,0.675,0.0,0.623,0.607,0.571,0.561,0.96,1.127,1.114,1.045,0.988,0.973,0.968,0.941,0.925,0.915,0.896,0.879,0.878,0.861,1.081,0.89,0.926,0.95,0.985,0.999,0.978,1.051,1.072,1.071,1.094,1.094,1.166,1.208,1.316,1.328,1.328,1.328,1.328,1.328,1.318,1.328,1.404,1.404,1.423,1.52,1.624,1.632,1.632,1.765,1.769,1.769,1.82,1.962,1.898,1.847,1.76,1.664,1.796,1.664,1.664,1.664,1.664,1.614,1.644,1.564,1.504,1.504,1.49,1.49,1.393,1.375,1.386,1.386,1.393,1.412,1.412,1.456,1.478,1.492,1.502,1.508,1.552,1.552,1.55,1.566,1.574,1.579,1.589,1.595,1.618,1.653,1.646,1.665,1.685,1.693,1.511,1.567,1.468,1.464,1.432,1.387,1.365,1.29,1.298,1.315,1.159,1.163,1.188,1.207,1.205,1.223,1.247,1.253,1.251,1.267,1.273,1.32,1.317,1.34,1.393,1.437,1.444,1.471,1.501,1.584,1.568,1.584,1.052,1.029,1.105,1.122,1.116,1.518,1.128,1.139,1.15,1.164,1.207,1.221,1.294,1.275,1.273,1.272,10.83
Point_172,16.383,3.292,3.292,3.329,2.057,1.551,1.267,1.305,1.305,1.305,1.346,1.372,0.904,0.921,0.973,0.973,0.995,1.008,1.023,1.061,1.092,0.903,1.134,1.139,1.163,1.173,1.185,1.193,1.214,1.233,1.225,1.148,0.914,0.9,0.848,0.776,0.775,0.74,0.742,0.724,0.724,0.695,0.687,0.664,0.639,0.684,0.777,0.789,0.812,0.817,0.824,0.84,0.85,0.85,0.854,0.862,0.881,0.88,0.88,0.862,0.848,0.848,0.848,0.915,0.917,0.94,0.884,0.885,0.868,0.849,0.853,0.818,0.832,0.799,0.796,0.758,0.745,0.717,0.623,0.576,0.634,0.634,0.509,0.497,0.497,0.497,0.459,0.471,0.455,0.454,0.455,0.403,0.426,0.403,0.472,0.504,0.567,0.415,0.419,0.453,0.483,0.501,0.587,0.567,0.656,0.646,0.587,0.745,0.745,0.745,0.793,0.793,0.793,0.793,0.793,0.82,0.828,0.908,0.86,0.872,0.888,0.892,1.023,0.94,0.95,1.024,1.083,1.035,1.034,1.04,1.063,1.059,0.942,0.942,0.922,0.911,0.91,0.881,0.926,0.913,0.95,0.986,0.979,0.993,0.944,0.602,0.66,0.432,0.412,0.375,0.291,0.343,0.343,0.278,0.278,0.252,0.208,0.226,0.162,0.145,0.086,0.066,0.707,0.17,0.438,0.161,0.131,0.1,0.086,0.065,0.049,0.0,0.071,1.163,0.745,1.071,0.921,0.908,0.832,0.819,0.801,0.752,0.74,0.705,0.696,0.683,0.674,0.683,0.673,0.672,0.049,0.621,0.605,0.569,0.558,0.957,1.124,1.111,1.043,0.986,0.97,0.966,0.938,0.923,0.912,0.894,0.876,0.875,0.859,1.078,0.887,0.923,0.948,0.983,0.996,0.976,1.048,1.069,1.069,1.091,1.091,1.163,1.206,1.313,1.325,1.325,1.325,1.325,1.325,1.315,1.325,1.401,1.401,1.42,1.518,1.621,1.63,1.63,1.763,1.767,1.767,1.817,1.959,1.896,1.845,1.758,1.661,1.794,1.661,1.661,1.661,1.661,1.611,1.641,1.561,1.502,1.502,1.487,1.487,1.39,1.372,1.383,1.383,1.39,1.41,1.41,1.453,1.475,1.489,1.499,1.505,1.549,1.549,1.548,1.563,1.571,1.576,1.586,1.593,1.615,1.65,1.644,1.662,1.682,1.69,1.508,1.564,1.465,1.462,1.429,1.384,1.363,1.287,1.296,1.312,1.156,1.16,1.185,1.204,1.203,1.22,1.245,1.25,1.248,1.265,1.27,1.317,1.315,1.337,1.39,1.435,1.441,1.468,1.498,1.581,1.565,1.581,1.049,1.027,1.103,1.119,1.113,1.515,1.125,1.136,1.147,1.161,1.204,1.218,1.291,1.272,1.27,1.269,10.827
Point_173,16.312,3.221,3.221,3.259,1.986,1.481,1.196,1.234,1.234,1.234,1.276,1.302,0.834,0.85,0.902,0.902,0.924,0.937,0.953,0.99,1.021,0.832,1.063,1.068,1.093,1.102,1.114,1.123,1.144,1.162,1.154,1.077,0.843,0.83,0.777,0.705,0.704,0.669,0.671,0.653,0.653,0.624,0.616,0.593,0.568,0.613,0.706,0.718,0.741,0.746,0.753,0.769,0.779,0.779,0.783,0.791,0.81,0.809,0.809,0.791,0.777,0.777,0.777,0.844,0.846,0.869,0.813,0.814,0.797,0.778,0.782,0.747,0.762,0.729,0.725,0.688,0.674,0.646,0.552,0.505,0.563,0.563,0.438,0.426,0.426,0.426,0.389,0.401,0.385,0.383,0.385,0.332,0.356,0.332,0.401,0.433,0.496,0.344,0.348,0.383,0.412,0.43,0.516,0.496,0.585,0.576,0.516,0.674,0.674,0.674,0.722,0.722,0.722,0.722,0.722,0.749,0.757,0.837,0.789,0.802,0.818,0.821,0.952,0.87,0.879,0.954,1.012,0.964,0.963,0.97,0.993,0.989,0.871,0.871,0.852,0.84,0.839,0.811,0.856,0.842,0.879,0.915,0.908,0.922,0.874,0.531,0.589,0.497,0.483,0.446,0.362,0.414,0.414,0.349,0.349,0.323,0.279,0.297,0.233,0.216,0.157,0.137,0.636,0.194,0.367,0.186,0.155,0.124,0.11,0.089,0.073,0.071,0.0,1.092,0.674,1.0,0.85,0.837,0.762,0.749,0.731,0.681,0.669,0.634,0.625,0.613,0.604,0.612,0.602,0.601,0.073,0.55,0.534,0.498,0.487,0.887,1.054,1.04,0.972,0.915,0.899,0.895,0.867,0.852,0.841,0.823,0.806,0.805,0.788,1.008,0.816,0.852,0.877,0.912,0.925,0.905,0.977,0.999,0.998,1.02,1.02,1.092,1.135,1.242,1.254,1.254,1.254,1.254,1.254,1.245,1.254,1.33,1.33,1.349,1.447,1.551,1.559,1.559,1.692,1.696,1.696,1.746,1.889,1.825,1.774,1.687,1.591,1.723,1.591,1.591,1.591,1.591,1.54,1.57,1.49,1.431,1.431,1.417,1.417,1.319,1.301,1.312,1.312,1.319,1.339,1.339,1.383,1.405,1.419,1.428,1.435,1.478,1.478,1.477,1.493,1.5,1.505,1.516,1.522,1.545,1.58,1.573,1.592,1.611,1.619,1.437,1.494,1.394,1.391,1.358,1.313,1.292,1.217,1.225,1.241,1.086,1.089,1.115,1.133,1.132,1.149,1.174,1.18,1.177,1.194,1.199,1.246,1.244,1.267,1.319,1.364,1.37,1.397,1.428,1.51,1.494,1.51,0.979,0.956,1.032,1.048,1.042,1.445,1.055,1.065,1.077,1.09,1.133,1.147,1.221,1.202,1.199,1.198,10.756
Point_174,16.768,3.678,3.678,3.715,2.442,1.937,1.653,1.69,1.69,1.69,1.732,1.758,1.29,1.306,1.358,1.358,1.38,1.393,1.409,1.446,1.478,1.288,1.519,1.524,1.549,1.558,1.57,1.579,1.6,1.618,1.61,0.999,1.299,1.286,1.233,1.161,1.16,1.125,1.128,1.11,1.11,1.08,1.073,1.049,1.024,1.069,1.162,1.174,1.198,1.202,1.209,1.225,1.235,1.235,1.239,1.247,1.266,1.266,1.266,1.247,1.233,1.233,1.233,1.3,1.302,1.325,1.269,1.27,1.253,1.234,1.239,1.203,1.218,1.185,1.181,1.144,1.13,1.102,1.008,0.961,1.02,1.02,0.894,0.883,0.883,0.883,0.845,0.857,0.841,0.839,0.841,0.789,0.812,0.789,0.858,0.889,0.952,0.748,0.744,0.709,0.68,0.662,0.68,0.66,0.75,0.74,0.576,0.464,0.464,0.464,0.37,0.37,0.37,0.37,0.37,0.433,0.442,0.521,0.473,0.486,0.502,0.505,0.636,0.554,0.563,0.638,0.696,0.648,0.647,0.654,0.677,0.673,0.555,0.555,0.536,0.524,0.524,0.495,0.54,0.526,0.563,0.599,0.592,0.606,0.558,0.706,0.647,1.092,1.111,1.149,1.233,1.205,1.205,1.172,1.172,1.146,1.102,1.121,1.056,1.308,1.085,1.229,1.093,1.286,1.166,1.278,1.248,1.216,1.202,1.181,1.166,1.163,1.092,0.0,0.464,0.092,0.479,0.492,0.568,0.581,0.599,0.648,0.661,0.696,0.704,0.717,0.726,0.717,0.728,0.728,1.166,0.78,0.796,0.832,0.842,0.898,0.893,0.906,0.974,1.371,1.355,1.351,1.323,1.308,1.298,1.279,1.262,1.261,1.244,1.018,1.273,1.308,1.333,1.368,1.382,1.361,1.434,1.455,1.454,1.477,1.477,1.548,1.591,1.434,1.446,1.446,1.446,1.446,1.446,1.437,1.446,1.522,1.522,1.541,1.639,1.742,1.751,1.751,1.778,1.782,1.782,1.833,1.645,2.017,2.23,1.697,1.758,1.733,1.758,1.758,1.758,1.758,1.732,1.762,1.682,1.623,1.623,1.609,1.609,1.511,1.493,1.504,1.504,1.511,1.531,1.531,1.575,1.597,1.611,1.62,1.627,1.67,1.67,1.669,1.685,1.692,1.697,1.708,1.714,1.737,1.772,1.765,1.784,1.803,1.811,1.17,1.115,1.213,1.217,1.108,1.063,1.041,0.966,0.974,0.991,1.054,1.057,1.083,1.102,1.1,1.117,1.142,1.148,1.145,1.162,1.167,1.214,1.212,1.347,1.359,1.404,1.41,1.437,1.467,1.55,1.534,1.55,1.156,1.133,1.209,1.225,1.219,1.484,1.232,1.243,1.254,1.267,1.31,1.324,1.398,1.658,1.656,1.654,10.2
Point_175,16.35,3.26,3.26,3.297,2.024,1.519,1.235,1.273,1.273,1.273,1.314,1.34,0.872,0.888,0.94,0.94,0.962,0.975,0.991,1.029,1.06,0.87,1.101,1.106,1.131,1.14,1.152,1.161,1.182,1.2,1.192,1.116,0.881,0.868,0.815,0.743,0.742,0.707,0.71,0.692,0.692,0.662,0.655,0.631,0.606,0.651,0.744,0.756,0.78,0.784,0.791,0.807,0.817,0.817,0.821,0.829,0.848,0.848,0.848,0.829,0.815,0.815,0.815,0.882,0.884,0.907,0.851,0.852,0.835,0.816,0.821,0.785,0.8,0.767,0.763,0.726,0.712,0.684,0.591,0.543,0.602,0.602,0.476,0.465,0.465,0.465,0.427,0.439,0.423,0.421,0.423,0.371,0.394,0.371,0.44,0.471,0.534,0.33,0.326,0.292,0.262,0.244,0.263,0.242,0.332,0.322,0.158,0.0,0.0,0.0,0.094,0.094,0.094,0.094,0.094,0.121,0.129,0.209,0.161,0.174,0.189,0.193,0.324,0.242,0.251,0.325,0.384,0.336,0.335,0.342,0.365,0.361,0.243,0.243,0.224,0.212,0.211,0.183,0.228,0.214,0.251,0.287,0.28,0.294,0.246,0.53,0.335,0.674,0.694,0.731,0.815,0.787,0.787,0.754,0.754,0.728,0.684,0.703,0.638,0.89,0.667,0.811,0.675,0.868,0.749,0.86,0.83,0.798,0.784,0.763,0.748,0.745,0.674,0.464,0.0,0.372,0.888,0.876,0.8,0.787,0.769,0.72,0.707,0.672,0.663,0.651,0.642,0.65,0.64,0.64,0.748,0.588,0.572,0.536,0.526,0.925,1.092,1.079,1.01,0.953,0.937,0.933,0.905,0.89,0.88,0.861,0.844,0.843,0.826,1.046,0.855,0.891,0.915,0.95,0.964,0.943,1.016,1.037,1.036,1.059,1.059,1.13,1.173,1.28,1.293,1.293,1.293,1.293,1.293,1.283,1.293,1.369,1.369,1.388,1.485,1.589,1.597,1.597,1.73,1.734,1.734,1.785,1.927,1.863,1.812,1.725,1.629,1.761,1.629,1.629,1.629,1.629,1.578,1.609,1.529,1.469,1.469,1.455,1.455,1.358,1.339,1.351,1.351,1.358,1.377,1.377,1.421,1.443,1.457,1.466,1.473,1.516,1.516,1.515,1.531,1.539,1.543,1.554,1.56,1.583,1.618,1.611,1.63,1.65,1.658,1.476,1.532,1.433,1.429,1.396,1.351,1.33,1.255,1.263,1.28,1.124,1.127,1.153,1.172,1.17,1.187,1.212,1.218,1.215,1.232,1.238,1.284,1.282,1.305,1.357,1.402,1.408,1.435,1.466,1.548,1.532,1.548,1.017,0.994,1.07,1.087,1.08,1.483,1.093,1.104,1.115,1.128,1.171,1.186,1.259,1.24,1.238,1.237,10.795
Point_176,16.676,3.586,3.586,3.623,2.35,1.845,1.561,1.598,1.598,1.598,1.64,1.666,1.198,1.214,1.266,1.266,1.288,1.301,1.317,1.354,1.385,1.196,1.427,1.432,1.457,1.466,1.478,1.487,1.508,1.526,1.518,1.029,1.207,1.194,1.141,1.069,1.068,1.033,1.035,1.017,1.017,0.988,0.98,0.957,0.932,0.977,1.07,1.082,1.105,1.11,1.117,1.133,1.143,1.143,1.147,1.155,1.174,1.174,1.174,1.155,1.141,1.141,1.141,1.208,1.21,1.233,1.177,1.178,1.161,1.142,1.146,1.111,1.126,1.093,1.089,1.052,1.038,1.01,0.916,0.869,0.928,0.928,0.802,0.791,0.791,0.791,0.753,0.765,0.749,0.747,0.749,0.697,0.72,0.697,0.765,0.797,0.86,0.656,0.652,0.617,0.588,0.57,0.588,0.568,0.657,0.648,0.484,0.372,0.372,0.372,0.278,0.278,0.278,0.278,0.278,0.341,0.349,0.429,0.381,0.394,0.409,0.413,0.544,0.462,0.471,0.546,0.604,0.556,0.555,0.562,0.585,0.581,0.463,0.463,0.444,0.432,0.431,0.403,0.448,0.434,0.471,0.507,0.5,0.514,0.466,0.614,0.555,1.0,1.019,1.057,1.141,1.113,1.113,1.08,1.08,1.054,1.01,1.028,0.964,1.216,0.993,1.137,1.0,1.194,1.074,1.186,1.156,1.124,1.11,1.089,1.074,1.071,1.0,0.092,0.372,0.0,0.51,0.523,0.599,0.612,0.629,0.679,0.691,0.726,0.735,0.747,0.756,0.748,0.758,0.759,1.074,0.81,0.826,0.862,0.873,0.929,0.923,0.936,1.336,1.279,1.263,1.259,1.231,1.216,1.206,1.187,1.17,1.169,1.152,1.048,1.181,1.216,1.241,1.276,1.289,1.269,1.342,1.363,1.362,1.385,1.385,1.456,1.499,1.606,1.618,1.618,1.618,1.618,1.618,1.609,1.618,1.694,1.694,1.714,1.811,1.915,1.923,1.923,2.056,2.06,2.06,2.11,1.676,2.189,2.138,1.728,1.955,1.764,1.955,1.955,1.955,1.955,1.904,1.935,1.854,1.795,1.795,1.781,1.781,1.683,1.665,1.677,1.677,1.683,1.703,1.703,1.747,1.769,1.783,1.792,1.799,1.842,1.842,1.841,1.857,1.864,1.869,1.88,1.886,1.909,1.944,1.937,1.956,1.975,1.983,1.201,1.145,1.244,1.247,1.138,1.093,1.072,0.997,1.005,1.022,1.084,1.088,1.113,1.132,1.131,1.148,1.172,1.178,1.176,1.193,1.198,1.245,1.243,1.378,1.389,1.434,1.44,1.467,1.498,1.58,1.564,1.58,1.343,1.32,1.396,1.412,1.406,1.515,1.419,1.43,1.441,1.454,1.497,1.511,1.585,1.566,1.564,1.562,10.231
Point_177,16.326,3.236,3.236,3.273,2.0,1.495,1.211,1.248,1.248,1.248,1.29,1.316,0.848,0.864,0.916,0.916,0.938,0.951,0.967,1.004,1.035,0.846,1.077,1.082,1.107,1.116,1.128,1.137,1.158,1.176,1.168,0.622,0.857,0.844,0.791,0.719,0.718,0.683,0.685,0.667,0.667,0.638,0.63,0.607,0.582,0.627,0.72,0.732,0.755,0.76,0.767,0.783,0.793,0.793,0.797,0.805,0.824,0.823,0.823,0.805,0.791,0.791,0.791,0.858,0.86,0.883,0.827,0.828,0.811,0.792,0.796,0.761,0.776,0.743,0.739,0.702,0.688,0.66,0.566,0.519,0.577,0.577,0.452,0.44,0.44,0.44,0.462,0.449,0.465,0.467,0.465,0.518,0.494,0.518,0.616,0.647,0.71,0.559,0.562,0.597,0.626,0.644,0.73,0.71,0.799,0.79,0.73,0.888,0.888,0.888,0.788,0.788,0.788,0.788,0.788,0.963,0.972,1.051,1.003,1.016,1.032,1.036,1.166,1.084,1.093,1.168,1.226,1.178,1.177,1.184,1.207,1.203,1.085,1.085,1.066,1.054,1.054,1.025,1.07,1.056,1.093,1.129,1.122,1.136,1.088,0.997,1.056,1.142,1.161,1.198,1.212,1.255,1.255,1.199,1.199,1.173,1.129,1.147,1.083,1.066,1.007,0.987,0.65,1.044,0.724,1.036,1.006,0.974,0.96,0.939,0.924,0.921,0.85,0.479,0.888,0.51,0.0,0.013,0.089,0.102,0.119,0.169,0.181,0.216,0.225,0.237,0.247,0.238,0.248,0.249,0.924,0.3,0.316,0.352,0.363,0.522,0.516,0.529,0.598,0.929,0.913,0.909,0.881,0.866,0.856,0.837,0.82,0.819,0.802,0.642,0.83,0.866,0.891,0.926,0.939,0.919,0.991,1.013,1.012,1.035,1.035,1.106,1.149,1.256,1.268,1.268,1.268,1.268,1.268,1.259,1.268,1.344,1.344,1.363,1.461,1.565,1.573,1.573,1.402,1.406,1.406,1.456,1.269,1.839,1.788,1.321,1.605,1.357,1.605,1.605,1.605,1.605,1.554,1.584,1.504,1.445,1.445,1.431,1.431,1.333,1.315,1.326,1.326,1.333,1.353,1.353,1.397,1.419,1.433,1.442,1.449,1.492,1.492,1.491,1.507,1.514,1.519,1.53,1.536,1.559,1.594,1.587,1.606,1.625,1.633,0.794,0.738,0.837,0.84,0.731,0.686,0.665,0.59,0.598,0.615,0.677,0.681,0.706,0.725,0.724,0.741,0.766,0.771,0.769,0.786,0.791,0.838,0.836,0.971,0.982,1.027,1.033,1.06,1.091,1.173,1.157,1.173,0.993,0.97,1.046,1.062,1.056,1.108,1.069,1.079,1.091,1.104,1.147,1.161,1.235,1.216,1.214,1.212,9.84
Point_178,16.313,3.223,3.223,3.26,1.987,1.482,1.198,1.235,1.235,1.235,1.277,1.303,0.835,0.851,0.903,0.903,0.925,0.938,0.954,0.991,1.023,0.833,1.064,1.069,1.094,1.103,1.115,1.124,1.145,1.163,1.155,0.635,0.844,0.831,0.778,0.706,0.705,0.67,0.673,0.655,0.655,0.625,0.618,0.594,0.569,0.614,0.707,0.719,0.743,0.747,0.754,0.77,0.78,0.78,0.784,0.792,0.811,0.811,0.811,0.792,0.778,0.778,0.778,0.845,0.847,0.87,0.814,0.815,0.798,0.779,0.784,0.748,0.763,0.73,0.726,0.689,0.675,0.647,0.554,0.506,0.565,0.565,0.439,0.428,0.428,0.428,0.449,0.437,0.453,0.454,0.453,0.505,0.482,0.505,0.603,0.634,0.697,0.546,0.55,0.584,0.613,0.631,0.717,0.697,0.786,0.777,0.717,0.876,0.876,0.876,0.923,0.923,0.923,0.923,0.923,0.95,0.959,1.038,0.991,1.003,1.019,1.023,1.153,1.071,1.081,1.155,1.214,1.165,1.164,1.171,1.194,1.19,1.072,1.072,1.053,1.041,1.041,1.012,1.057,1.043,1.08,1.116,1.109,1.123,1.075,0.985,1.043,1.129,1.148,1.186,1.199,1.242,1.242,1.186,1.186,1.16,1.116,1.134,1.07,1.053,0.994,0.974,0.638,1.031,0.712,1.023,0.993,0.962,0.947,0.926,0.911,0.908,0.837,0.492,0.876,0.523,0.013,0.0,0.076,0.089,0.107,0.156,0.168,0.203,0.212,0.225,0.234,0.225,0.235,0.236,0.911,0.287,0.304,0.339,0.35,0.534,0.529,0.542,0.611,0.916,0.9,0.896,0.868,0.853,0.843,0.824,0.807,0.806,0.789,0.654,0.818,0.853,0.878,0.913,0.927,0.906,0.979,1.0,0.999,1.022,1.022,1.093,1.136,1.243,1.256,1.256,1.256,1.256,1.256,1.246,1.256,1.331,1.331,1.351,1.448,1.552,1.56,1.56,1.415,1.419,1.419,1.469,1.282,1.826,1.775,1.334,1.592,1.37,1.592,1.592,1.592,1.592,1.541,1.572,1.491,1.432,1.432,1.418,1.418,1.32,1.302,1.314,1.314,1.321,1.34,1.34,1.384,1.406,1.42,1.429,1.436,1.479,1.479,1.478,1.494,1.502,1.506,1.517,1.523,1.546,1.581,1.574,1.593,1.613,1.621,0.807,0.751,0.849,0.853,0.744,0.699,0.678,0.603,0.611,0.627,0.69,0.694,0.719,0.738,0.736,0.754,0.778,0.784,0.782,0.799,0.804,0.851,0.848,0.984,0.995,1.04,1.046,1.073,1.104,1.186,1.17,1.186,0.98,0.957,1.033,1.05,1.043,1.121,1.056,1.067,1.078,1.091,1.134,1.149,1.222,1.203,1.201,1.199,9.853
Point_179,16.238,3.147,3.147,3.184,1.911,1.406,1.122,1.16,1.16,1.16,1.201,1.227,0.759,0.775,0.828,0.828,0.85,0.862,0.878,0.916,0.947,0.757,0.988,0.994,1.018,1.027,1.039,1.048,1.069,1.087,1.079,0.711,0.769,0.755,0.702,0.631,0.629,0.595,0.597,0.579,0.579,0.549,0.542,0.518,0.494,0.539,0.632,0.643,0.667,0.671,0.679,0.694,0.704,0.704,0.709,0.716,0.736,0.735,0.735,0.716,0.702,0.702,0.702,0.77,0.771,0.794,0.739,0.739,0.722,0.704,0.708,0.672,0.687,0.654,0.65,0.613,0.599,0.572,0.478,0.431,0.489,0.489,0.363,0.352,0.352,0.352,0.373,0.361,0.377,0.379,0.377,0.429,0.406,0.429,0.527,0.558,0.622,0.47,0.474,0.508,0.538,0.556,0.642,0.621,0.711,0.701,0.641,0.8,0.8,0.8,0.848,0.848,0.848,0.848,0.848,0.874,0.883,0.963,0.915,0.927,0.943,0.947,1.078,0.995,1.005,1.079,1.138,1.09,1.088,1.095,1.118,1.114,0.997,0.996,0.977,0.966,0.965,0.936,0.981,0.968,1.004,1.04,1.034,1.048,0.999,0.909,0.968,1.053,1.073,1.11,1.123,1.166,1.166,1.111,1.111,1.085,1.04,1.059,0.994,0.977,0.918,0.899,0.562,0.956,0.636,0.947,0.917,0.886,0.871,0.851,0.835,0.832,0.762,0.568,0.8,0.599,0.089,0.076,0.0,0.013,0.031,0.08,0.093,0.128,0.136,0.149,0.158,0.149,0.16,0.16,0.835,0.212,0.228,0.264,0.274,0.61,0.605,0.618,0.897,0.84,0.825,0.82,0.793,0.777,0.767,0.748,0.731,0.73,0.713,0.933,0.742,0.778,0.802,0.837,0.851,0.83,0.903,0.924,0.923,0.946,0.946,1.018,1.06,1.168,1.18,1.18,1.18,1.18,1.18,1.17,1.18,1.256,1.256,1.275,1.372,1.476,1.484,1.484,1.617,1.621,1.621,1.672,1.357,1.75,1.699,1.612,1.516,1.648,1.516,1.516,1.516,1.516,1.466,1.496,1.416,1.356,1.356,1.342,1.342,1.245,1.227,1.238,1.238,1.245,1.264,1.264,1.308,1.33,1.344,1.354,1.36,1.404,1.404,1.402,1.418,1.426,1.431,1.441,1.447,1.47,1.505,1.498,1.517,1.537,1.545,0.882,0.827,0.925,0.929,0.82,0.775,0.754,0.678,0.687,0.703,1.011,1.015,1.04,1.059,1.057,1.075,1.099,1.105,1.103,1.119,1.125,1.172,1.169,1.06,1.071,1.116,1.122,1.149,1.179,1.262,1.246,1.262,0.904,0.881,0.957,0.974,0.968,1.196,0.98,0.991,1.002,1.016,1.059,1.073,1.146,1.127,1.125,1.124,9.929
Point_180,16.225,3.134,3.134,3.171,1.898,1.393,1.109,1.147,1.147,1.147,1.188,1.214,0.746,0.762,0.815,0.815,0.837,0.849,0.865,0.903,0.934,0.744,0.975,0.981,1.005,1.014,1.026,1.035,1.056,1.074,1.066,0.724,0.756,0.742,0.689,0.618,0.616,0.582,0.584,0.566,0.566,0.536,0.529,0.505,0.481,0.526,0.619,0.63,0.654,0.658,0.666,0.681,0.691,0.691,0.696,0.703,0.723,0.722,0.722,0.703,0.689,0.689,0.689,0.757,0.758,0.781,0.726,0.726,0.709,0.691,0.695,0.659,0.674,0.641,0.637,0.6,0.586,0.559,0.465,0.418,0.476,0.476,0.351,0.339,0.339,0.339,0.36,0.348,0.364,0.366,0.364,0.416,0.393,0.416,0.514,0.545,0.609,0.457,0.461,0.495,0.525,0.543,0.629,0.608,0.698,0.688,0.628,0.787,0.787,0.787,0.835,0.835,0.835,0.835,0.835,0.861,0.87,0.95,0.902,0.914,0.93,0.934,1.065,0.982,0.992,1.066,1.125,1.077,1.075,1.082,1.105,1.101,0.984,0.983,0.964,0.953,0.952,0.923,0.968,0.955,0.991,1.027,1.021,1.035,0.986,0.896,0.955,1.04,1.06,1.097,1.11,1.153,1.153,1.098,1.098,1.072,1.027,1.046,0.981,0.964,0.906,0.886,0.549,0.943,0.623,0.934,0.904,0.873,0.858,0.838,0.822,0.819,0.749,0.581,0.787,0.612,0.102,0.089,0.013,0.0,0.018,0.067,0.08,0.115,0.123,0.136,0.145,0.136,0.147,0.147,0.822,0.199,0.215,0.251,0.261,0.623,0.618,0.631,0.884,0.827,0.812,0.807,0.78,0.764,0.754,0.735,0.718,0.717,0.7,0.92,0.729,0.765,0.789,0.824,0.838,0.817,0.89,0.911,0.91,0.933,0.933,1.005,1.047,1.155,1.167,1.167,1.167,1.167,1.167,1.157,1.167,1.243,1.243,1.262,1.359,1.463,1.471,1.471,1.604,1.608,1.608,1.659,1.37,1.737,1.686,1.599,1.503,1.635,1.503,1.503,1.503,1.503,1.453,1.483,1.403,1.343,1.343,1.329,1.329,1.232,1.214,1.225,1.225,1.232,1.251,1.251,1.295,1.317,1.331,1.341,1.347,1.391,1.391,1.389,1.405,1.413,1.418,1.428,1.434,1.457,1.492,1.485,1.504,1.524,1.532,0.895,0.84,0.938,0.942,0.833,0.788,0.767,0.691,0.7,0.716,0.998,1.002,1.027,1.046,1.044,1.062,1.086,1.092,1.09,1.106,1.112,1.159,1.156,1.179,1.084,1.129,1.135,1.162,1.192,1.275,1.259,1.275,0.891,0.868,0.944,0.961,0.955,1.209,0.967,0.978,0.989,1.003,1.046,1.06,1.133,1.114,1.112,1.111,9.942
Point_181,16.207,3.116,3.116,3.153,1.881,1.375,1.091,1.129,1.129,1.129,1.17,1.196,0.728,0.744,0.797,0.797,0.819,0.831,0.847,0.885,0.916,0.726,0.958,0.963,0.987,0.997,1.008,1.017,1.038,1.056,1.049,0.742,0.738,0.724,0.672,0.6,0.598,0.564,0.566,0.548,0.548,0.518,0.511,0.488,0.463,0.508,0.601,0.613,0.636,0.641,0.648,0.663,0.673,0.673,0.678,0.686,0.705,0.704,0.704,0.686,0.671,0.671,0.671,0.739,0.741,0.763,0.708,0.708,0.691,0.673,0.677,0.641,0.656,0.623,0.619,0.582,0.569,0.541,0.447,0.4,0.458,0.458,0.333,0.321,0.321,0.321,0.342,0.33,0.346,0.348,0.346,0.398,0.375,0.398,0.496,0.527,0.591,0.439,0.443,0.477,0.507,0.525,0.611,0.59,0.68,0.67,0.61,0.769,0.769,0.769,0.817,0.817,0.817,0.817,0.817,0.844,0.852,0.932,0.884,0.896,0.912,0.916,1.047,0.964,0.974,1.048,1.107,1.059,1.058,1.064,1.087,1.083,0.966,0.966,0.946,0.935,0.934,0.905,0.95,0.937,0.974,1.009,1.003,1.017,0.968,0.878,0.937,1.022,1.042,1.079,1.092,1.135,1.135,1.08,1.08,1.054,1.009,1.028,0.963,0.946,0.888,0.868,0.531,0.925,0.605,0.916,0.886,0.855,0.84,0.82,0.804,0.801,0.731,0.599,0.769,0.629,0.119,0.107,0.031,0.018,0.0,0.049,0.062,0.097,0.105,0.118,0.127,0.118,0.129,0.129,0.804,0.181,0.197,0.233,0.243,0.641,0.636,0.935,0.866,0.81,0.794,0.79,0.762,0.746,0.736,0.717,0.7,0.699,0.682,0.902,0.711,0.747,0.771,0.806,0.82,0.799,0.872,0.893,0.893,0.915,0.915,0.987,1.029,1.137,1.149,1.149,1.149,1.149,1.149,1.139,1.149,1.225,1.225,1.244,1.342,1.445,1.453,1.453,1.587,1.59,1.59,1.641,1.388,1.72,1.668,1.581,1.485,1.617,1.485,1.485,1.485,1.485,1.435,1.465,1.385,1.326,1.326,1.311,1.311,1.214,1.196,1.207,1.207,1.214,1.234,1.234,1.277,1.299,1.313,1.323,1.329,1.373,1.373,1.372,1.387,1.395,1.4,1.41,1.417,1.439,1.474,1.467,1.486,1.506,1.514,0.913,0.858,0.956,0.96,0.851,0.806,0.784,0.709,0.718,0.734,0.98,0.984,1.009,1.028,1.026,1.044,1.068,1.074,1.072,1.089,1.094,1.141,1.138,1.161,1.102,1.147,1.153,1.18,1.21,1.293,1.277,1.293,0.873,0.851,0.926,0.943,0.937,1.227,0.949,0.96,0.971,0.985,1.028,1.042,1.115,1.096,1.094,1.093,9.96
Point_182,16.157,3.067,3.067,3.104,1.831,1.326,1.042,1.08,1.08,1.08,1.121,1.147,0.679,0.695,0.747,0.747,0.769,0.782,0.798,0.836,0.867,0.677,0.908,0.913,0.938,0.947,0.959,0.968,0.989,1.007,0.999,0.791,0.688,0.675,0.622,0.55,0.549,0.514,0.517,0.499,0.499,0.469,0.462,0.438,0.413,0.458,0.551,0.563,0.587,0.591,0.598,0.614,0.624,0.624,0.628,0.636,0.655,0.655,0.655,0.636,0.622,0.622,0.622,0.689,0.691,0.714,0.658,0.659,0.642,0.624,0.628,0.592,0.607,0.574,0.57,0.533,0.519,0.491,0.398,0.35,0.409,0.409,0.283,0.272,0.272,0.272,0.293,0.281,0.297,0.298,0.297,0.349,0.326,0.349,0.447,0.478,0.541,0.39,0.394,0.428,0.457,0.475,0.561,0.541,0.631,0.621,0.561,0.72,0.72,0.72,0.768,0.768,0.768,0.768,0.768,0.794,0.803,0.882,0.835,0.847,0.863,0.867,0.997,0.915,0.925,0.999,1.058,1.009,1.008,1.015,1.038,1.034,0.916,0.916,0.897,0.885,0.885,0.856,0.901,0.887,0.924,0.96,0.953,0.968,0.919,0.829,0.887,0.973,0.992,1.03,1.043,1.086,1.086,1.03,1.03,1.004,0.96,0.978,0.914,0.897,0.838,0.819,0.482,0.875,0.556,0.867,0.837,0.806,0.791,0.77,0.755,0.752,0.681,0.648,0.72,0.679,0.169,0.156,0.08,0.067,0.049,0.0,0.012,0.047,0.056,0.069,0.078,0.069,0.08,0.08,0.755,0.131,0.148,0.183,0.194,0.69,0.899,0.886,0.817,0.76,0.744,0.74,0.712,0.697,0.687,0.668,0.651,0.65,0.633,0.853,0.662,0.698,0.722,0.757,0.771,0.75,0.823,0.844,0.843,0.866,0.866,0.937,0.98,1.087,1.1,1.1,1.1,1.1,1.1,1.09,1.1,1.176,1.176,1.195,1.292,1.396,1.404,1.404,1.537,1.541,1.541,1.592,1.437,1.67,1.619,1.532,1.436,1.568,1.436,1.436,1.436,1.436,1.385,1.416,1.336,1.276,1.276,1.262,1.262,1.165,1.146,1.158,1.158,1.165,1.184,1.184,1.228,1.25,1.264,1.273,1.28,1.323,1.323,1.322,1.338,1.346,1.35,1.361,1.367,1.39,1.425,1.418,1.437,1.457,1.465,0.962,0.907,1.005,1.009,0.9,0.855,0.834,0.758,0.767,0.783,0.931,0.934,0.96,0.979,0.977,0.994,1.019,1.025,1.022,1.039,1.045,1.091,1.089,1.112,1.151,1.196,1.202,1.229,1.26,1.342,1.326,1.342,0.824,0.801,0.877,0.894,0.887,1.276,0.9,0.911,0.922,0.935,0.978,0.993,1.066,1.047,1.045,1.044,10.009
Point_183,16.145,3.054,3.054,3.092,1.819,1.313,1.029,1.067,1.067,1.067,1.108,1.134,0.666,0.683,0.735,0.735,0.757,0.77,0.786,0.823,0.854,0.665,0.896,0.901,0.926,0.935,0.947,0.955,0.977,0.995,0.987,0.803,0.676,0.662,0.61,0.538,0.537,0.502,0.504,0.486,0.486,0.457,0.449,0.426,0.401,0.446,0.539,0.551,0.574,0.579,0.586,0.602,0.612,0.612,0.616,0.624,0.643,0.642,0.642,0.624,0.61,0.61,0.61,0.677,0.679,0.702,0.646,0.647,0.63,0.611,0.615,0.58,0.595,0.561,0.558,0.521,0.507,0.479,0.385,0.338,0.396,0.396,0.271,0.259,0.259,0.259,0.28,0.268,0.284,0.286,0.284,0.337,0.313,0.337,0.434,0.466,0.529,0.377,0.381,0.416,0.445,0.463,0.549,0.529,0.618,0.609,0.549,0.707,0.707,0.707,0.755,0.755,0.755,0.755,0.755,0.782,0.79,0.87,0.822,0.835,0.85,0.854,0.985,0.903,0.912,0.987,1.045,0.997,0.996,1.003,1.026,1.022,0.904,0.904,0.885,0.873,0.872,0.844,0.889,0.875,0.912,0.948,0.941,0.955,0.907,0.816,0.875,0.961,0.98,1.017,1.031,1.074,1.074,1.018,1.018,0.992,0.948,0.966,0.902,0.885,0.826,0.806,0.469,0.863,0.543,0.854,0.824,0.793,0.779,0.758,0.742,0.74,0.669,0.661,0.707,0.691,0.181,0.168,0.093,0.08,0.062,0.012,0.0,0.035,0.044,0.056,0.065,0.057,0.067,0.068,0.742,0.119,0.135,0.171,0.182,0.703,0.886,0.873,0.805,0.748,0.732,0.728,0.7,0.685,0.674,0.656,0.638,0.638,0.621,0.841,0.649,0.685,0.71,0.745,0.758,0.738,0.81,0.832,0.831,0.853,0.853,0.925,0.968,1.075,1.087,1.087,1.087,1.087,1.087,1.077,1.087,1.163,1.163,1.182,1.28,1.383,1.392,1.392,1.525,1.529,1.529,1.579,1.45,1.658,1.607,1.52,1.424,1.556,1.424,1.424,1.424,1.424,1.373,1.403,1.323,1.264,1.264,1.25,1.25,1.152,1.134,1.145,1.145,1.152,1.172,1.172,1.216,1.237,1.252,1.261,1.268,1.311,1.311,1.31,1.326,1.333,1.338,1.349,1.355,1.378,1.412,1.406,1.424,1.444,1.452,0.975,0.92,1.018,1.021,0.912,0.867,0.846,0.771,0.779,0.796,0.918,0.922,0.947,0.966,0.965,0.982,1.007,1.012,1.01,1.027,1.032,1.079,1.077,1.099,1.163,1.208,1.215,1.242,1.272,1.354,1.339,1.354,0.812,0.789,0.865,0.881,0.875,1.289,0.887,0.898,0.909,0.923,0.966,0.98,1.054,1.035,1.032,1.031,10.021
Point_184,16.11,3.019,3.019,3.056,1.784,1.278,0.994,1.032,1.032,1.032,1.073,1.099,0.631,0.648,0.7,0.7,0.722,0.735,0.75,0.788,0.819,0.63,0.861,0.866,0.891,0.9,0.912,0.92,0.942,0.96,0.952,0.838,0.641,0.627,0.575,0.503,0.502,0.467,0.469,0.451,0.451,0.422,0.414,0.391,0.366,0.411,0.504,0.516,0.539,0.544,0.551,0.567,0.577,0.577,0.581,0.589,0.608,0.607,0.607,0.589,0.575,0.575,0.575,0.642,0.644,0.667,0.611,0.612,0.595,0.576,0.58,0.545,0.559,0.526,0.523,0.486,0.472,0.444,0.35,0.303,0.361,0.361,0.236,0.224,0.224,0.224,0.245,0.233,0.249,0.251,0.249,0.301,0.278,0.301,0.399,0.431,0.494,0.342,0.346,0.381,0.41,0.428,0.514,0.494,0.583,0.574,0.514,0.672,0.672,0.672,0.72,0.72,0.72,0.72,0.72,0.747,0.755,0.835,0.787,0.8,0.815,0.819,0.95,0.867,0.877,0.951,1.01,0.962,0.961,0.968,0.991,0.987,0.869,0.869,0.85,0.838,0.837,0.809,0.854,0.84,0.877,0.913,0.906,0.92,0.872,0.781,0.84,0.926,0.945,0.982,0.996,1.039,1.039,0.983,0.983,0.957,0.913,0.931,0.867,0.85,0.791,0.771,0.434,0.828,0.508,0.819,0.789,0.758,0.744,0.723,0.707,0.705,0.634,0.696,0.672,0.726,0.216,0.203,0.128,0.115,0.097,0.047,0.035,0.0,0.009,0.021,0.03,0.022,0.032,0.032,0.707,0.084,0.1,0.136,0.147,0.685,0.851,0.838,0.77,0.713,0.697,0.693,0.665,0.65,0.639,0.621,0.603,0.602,0.586,0.806,0.614,0.65,0.675,0.71,0.723,0.703,0.775,0.796,0.796,0.818,0.818,0.89,0.933,1.04,1.052,1.052,1.052,1.052,1.052,1.042,1.052,1.128,1.128,1.147,1.245,1.348,1.357,1.357,1.49,1.494,1.494,1.544,1.485,1.623,1.572,1.485,1.389,1.521,1.389,1.389,1.389,1.389,1.338,1.368,1.288,1.229,1.229,1.215,1.215,1.117,1.099,1.11,1.11,1.117,1.137,1.137,1.18,1.202,1.217,1.226,1.232,1.276,1.276,1.275,1.291,1.298,1.303,1.313,1.32,1.343,1.377,1.371,1.389,1.409,1.417,1.01,0.955,1.053,1.056,0.947,0.903,0.881,0.806,0.814,0.831,0.883,0.887,0.912,0.931,0.93,0.947,0.972,0.977,0.975,0.992,0.997,1.044,1.042,1.064,1.117,1.162,1.168,1.195,1.225,1.308,1.292,1.308,0.777,0.754,0.83,0.846,0.84,1.242,0.852,0.863,0.874,0.888,0.931,0.945,1.019,0.999,0.997,0.996,10.056
Point_185,16.101,3.011,3.011,3.048,1.775,1.27,0.986,1.023,1.023,1.023,1.065,1.091,0.623,0.639,0.691,0.691,0.713,0.726,0.742,0.779,0.81,0.621,0.852,0.857,0.882,0.891,0.903,0.912,0.933,0.951,0.943,0.847,0.632,0.619,0.566,0.494,0.493,0.458,0.46,0.442,0.442,0.413,0.405,0.382,0.357,0.402,0.495,0.507,0.53,0.535,0.542,0.558,0.568,0.568,0.572,0.58,0.599,0.598,0.598,0.58,0.566,0.566,0.566,0.633,0.635,0.658,0.602,0.603,0.586,0.567,0.571,0.536,0.551,0.518,0.514,0.477,0.463,0.435,0.341,0.294,0.353,0.353,0.227,0.216,0.216,0.216,0.237,0.224,0.24,0.242,0.24,0.293,0.269,0.293,0.391,0.422,0.485,0.334,0.337,0.372,0.401,0.419,0.505,0.485,0.574,0.565,0.505,0.663,0.663,0.663,0.711,0.711,0.711,0.711,0.711,0.738,0.747,0.826,0.778,0.791,0.807,0.811,0.941,0.859,0.868,0.943,1.001,0.953,0.952,0.959,0.982,0.978,0.86,0.86,0.841,0.829,0.829,0.8,0.845,0.831,0.868,0.904,0.897,0.911,0.863,0.772,0.831,0.917,0.936,0.973,0.987,1.03,1.03,0.974,0.974,0.948,0.904,0.922,0.858,0.841,0.782,0.762,0.425,0.819,0.499,0.811,0.781,0.749,0.735,0.714,0.699,0.696,0.625,0.704,0.663,0.735,0.225,0.212,0.136,0.123,0.105,0.056,0.044,0.009,0.0,0.013,0.022,0.013,0.023,0.024,0.699,0.075,0.091,0.127,0.138,0.676,0.843,0.829,0.761,0.704,0.688,0.684,0.656,0.641,0.631,0.612,0.595,0.594,0.577,0.797,0.606,0.641,0.666,0.701,0.714,0.694,0.767,0.788,0.787,0.81,0.81,0.881,0.924,1.031,1.043,1.043,1.043,1.043,1.043,1.034,1.043,1.119,1.119,1.138,1.236,1.34,1.348,1.348,1.481,1.485,1.485,1.535,1.494,1.614,1.563,1.476,1.38,1.512,1.38,1.38,1.38,1.38,1.329,1.359,1.279,1.22,1.22,1.206,1.206,1.108,1.09,1.101,1.101,1.108,1.128,1.128,1.172,1.194,1.208,1.217,1.224,1.267,1.267,1.266,1.282,1.289,1.294,1.305,1.311,1.334,1.369,1.362,1.381,1.4,1.408,1.019,0.963,1.062,1.065,0.956,0.911,0.89,0.815,0.823,0.84,0.875,0.878,0.904,0.922,0.921,0.938,0.963,0.969,0.966,0.983,0.988,1.035,1.033,1.056,1.108,1.153,1.159,1.186,1.217,1.299,1.283,1.299,0.768,0.745,0.821,0.837,0.831,1.234,0.844,0.854,0.866,0.879,0.922,0.936,1.01,0.991,0.989,0.987,10.065
Point_186,16.089,2.998,2.998,3.035,1.762,1.257,0.973,1.011,1.011,1.011,1.052,1.078,0.61,0.626,0.679,0.679,0.701,0.713,0.729,0.767,0.798,0.608,0.84,0.845,0.869,0.879,0.89,0.899,0.92,0.938,0.931,0.86,0.62,0.606,0.553,0.482,0.48,0.446,0.448,0.43,0.43,0.4,0.393,0.37,0.345,0.39,0.483,0.495,0.518,0.523,0.53,0.545,0.555,0.555,0.56,0.568,0.587,0.586,0.586,0.568,0.553,0.553,0.553,0.621,0.623,0.645,0.59,0.59,0.573,0.555,0.559,0.523,0.538,0.505,0.501,0.464,0.451,0.423,0.329,0.282,0.34,0.34,0.215,0.203,0.203,0.203,0.224,0.212,0.228,0.23,0.228,0.28,0.257,0.28,0.378,0.409,0.473,0.321,0.325,0.359,0.389,0.407,0.493,0.472,0.562,0.552,0.492,0.651,0.651,0.651,0.699,0.699,0.699,0.699,0.699,0.726,0.734,0.814,0.766,0.778,0.794,0.798,0.929,0.846,0.856,0.93,0.989,0.941,0.94,0.946,0.969,0.965,0.848,0.848,0.828,0.817,0.816,0.787,0.832,0.819,0.855,0.891,0.885,0.899,0.85,0.76,0.819,0.904,0.924,0.961,0.974,1.017,1.017,0.962,0.962,0.936,0.891,0.91,0.845,0.828,0.77,0.75,0.413,0.807,0.487,0.798,0.768,0.737,0.722,0.702,0.686,0.683,0.613,0.717,0.651,0.747,0.237,0.225,0.149,0.136,0.118,0.069,0.056,0.021,0.013,0.0,0.009,0.0,0.011,0.011,0.686,0.063,0.079,0.115,0.125,0.663,0.83,0.817,0.748,0.692,0.676,0.671,0.644,0.628,0.618,0.599,0.582,0.581,0.564,0.784,0.593,0.629,0.653,0.688,0.702,0.681,0.754,0.775,0.775,0.797,0.797,0.869,0.911,1.019,1.031,1.031,1.031,1.031,1.031,1.021,1.031,1.107,1.107,1.126,1.224,1.327,1.335,1.335,1.469,1.472,1.472,1.523,1.506,1.601,1.55,1.463,1.367,1.499,1.367,1.367,1.367,1.367,1.317,1.347,1.267,1.208,1.208,1.193,1.193,1.096,1.078,1.089,1.089,1.096,1.116,1.116,1.159,1.181,1.195,1.205,1.211,1.255,1.255,1.254,1.269,1.277,1.282,1.292,1.299,1.321,1.356,1.349,1.368,1.388,1.396,1.031,0.976,1.074,1.078,1.135,1.09,1.068,0.993,1.001,1.018,0.862,0.866,0.891,0.91,0.908,0.926,0.95,0.956,0.954,0.971,0.976,1.023,1.02,1.043,1.096,1.141,1.147,1.174,1.204,1.287,1.271,1.287,0.755,0.733,0.808,0.825,0.819,1.221,0.831,0.842,0.853,0.867,0.91,0.924,0.997,0.978,0.976,0.975,10.078
Point_187,16.08,2.989,2.989,3.026,1.753,1.248,0.964,1.002,1.002,1.002,1.043,1.069,0.601,0.617,0.67,0.67,0.692,0.704,0.72,0.758,0.789,0.599,0.831,0.836,0.86,0.87,0.881,0.89,0.911,0.929,0.922,0.869,0.611,0.597,0.544,0.473,0.471,0.437,0.439,0.421,0.421,0.391,0.384,0.361,0.336,0.381,0.474,0.486,0.509,0.513,0.521,0.536,0.546,0.546,0.551,0.559,0.578,0.577,0.577,0.559,0.544,0.544,0.544,0.612,0.614,0.636,0.581,0.581,0.564,0.546,0.55,0.514,0.529,0.496,0.492,0.455,0.442,0.414,0.32,0.273,0.331,0.331,0.206,0.194,0.194,0.194,0.215,0.203,0.219,0.221,0.219,0.271,0.248,0.271,0.369,0.4,0.464,0.312,0.316,0.35,0.38,0.398,0.484,0.463,0.553,0.543,0.483,0.642,0.642,0.642,0.69,0.69,0.69,0.69,0.69,0.717,0.725,0.805,0.757,0.769,0.785,0.789,0.92,0.837,0.847,0.921,0.98,0.932,0.931,0.937,0.96,0.956,0.839,0.839,0.819,0.808,0.807,0.778,0.823,0.81,0.846,0.882,0.876,0.89,0.841,0.751,0.81,0.895,0.915,0.952,0.965,1.008,1.008,0.953,0.953,0.927,0.882,0.901,0.836,0.819,0.761,0.741,0.404,0.798,0.478,0.789,0.759,0.728,0.713,0.693,0.677,0.674,0.604,0.726,0.642,0.756,0.247,0.234,0.158,0.145,0.127,0.078,0.065,0.03,0.022,0.009,0.0,0.009,0.002,0.002,0.677,0.054,0.07,0.106,0.116,0.654,0.821,0.808,0.739,0.682,0.667,0.662,0.635,0.619,0.609,0.59,0.573,0.572,0.555,0.775,0.584,0.62,0.644,0.679,0.693,0.672,0.745,0.766,0.765,0.788,0.788,0.86,0.902,1.01,1.022,1.022,1.022,1.022,1.022,1.012,1.022,1.098,1.098,1.117,1.215,1.318,1.326,1.326,1.46,1.463,1.463,1.514,1.515,1.592,1.541,1.454,1.358,1.49,1.358,1.358,1.358,1.358,1.308,1.338,1.258,1.199,1.199,1.184,1.184,1.087,1.069,1.08,1.08,1.087,1.107,1.107,1.15,1.172,1.186,1.196,1.202,1.246,1.246,1.245,1.26,1.268,1.273,1.283,1.29,1.312,1.347,1.34,1.359,1.379,1.387,1.04,0.985,1.083,1.087,1.126,1.081,1.059,0.984,0.992,1.009,0.853,0.857,0.882,0.901,0.899,0.917,0.941,0.947,0.945,0.962,0.967,1.014,1.011,1.034,1.087,1.131,1.138,1.165,1.195,1.278,1.262,1.278,0.746,0.724,0.799,0.816,0.81,1.212,0.822,0.833,0.844,0.858,0.901,0.915,0.988,0.969,0.967,0.966,10.087
Point_188,16.088,2.998,2.998,3.035,1.762,1.257,0.973,1.01,1.01,1.01,1.052,1.078,0.61,0.626,0.678,0.678,0.7,0.713,0.729,0.766,0.797,0.608,0.839,0.844,0.869,0.878,0.89,0.899,0.92,0.938,0.93,0.86,0.619,0.606,0.553,0.481,0.48,0.445,0.447,0.429,0.429,0.4,0.392,0.369,0.344,0.389,0.482,0.494,0.517,0.522,0.529,0.545,0.555,0.555,0.559,0.567,0.586,0.585,0.585,0.567,0.553,0.553,0.553,0.62,0.622,0.645,0.589,0.59,0.573,0.554,0.558,0.523,0.538,0.505,0.501,0.464,0.45,0.422,0.328,0.281,0.34,0.34,0.214,0.203,0.203,0.203,0.224,0.211,0.227,0.229,0.227,0.28,0.256,0.28,0.378,0.409,0.472,0.321,0.324,0.359,0.388,0.406,0.492,0.472,0.561,0.552,0.492,0.65,0.65,0.65,0.698,0.698,0.698,0.698,0.698,0.725,0.734,0.813,0.765,0.778,0.794,0.798,0.928,0.846,0.855,0.93,0.988,0.94,0.939,0.946,0.969,0.965,0.847,0.847,0.828,0.816,0.816,0.787,0.832,0.818,0.855,0.891,0.884,0.898,0.85,0.759,0.818,0.904,0.923,0.96,0.974,1.017,1.017,0.961,0.961,0.935,0.891,0.909,0.845,0.828,0.769,0.749,0.412,0.806,0.486,0.798,0.768,0.736,0.722,0.701,0.686,0.683,0.612,0.717,0.65,0.748,0.238,0.225,0.149,0.136,0.118,0.069,0.057,0.022,0.013,0.0,0.009,0.0,0.01,0.011,0.686,0.062,0.078,0.114,0.125,0.663,0.83,0.816,0.748,0.691,0.675,0.671,0.643,0.628,0.618,0.599,0.582,0.581,0.564,0.784,0.593,0.628,0.653,0.688,0.701,0.681,0.754,0.775,0.774,0.797,0.797,0.868,0.911,1.018,1.03,1.03,1.03,1.03,1.03,1.021,1.03,1.106,1.106,1.126,1.223,1.327,1.335,1.335,1.468,1.472,1.472,1.522,1.507,1.601,1.55,1.463,1.367,1.499,1.367,1.367,1.367,1.367,1.316,1.346,1.266,1.207,1.207,1.193,1.193,1.095,1.077,1.088,1.088,1.095,1.115,1.115,1.159,1.181,1.195,1.204,1.211,1.254,1.254,1.253,1.269,1.276,1.281,1.292,1.298,1.321,1.356,1.349,1.368,1.387,1.395,1.032,0.976,1.075,1.078,1.134,1.089,1.068,0.993,1.001,1.018,0.862,0.865,0.891,0.909,0.908,0.925,0.95,0.956,0.953,0.97,0.975,1.022,1.02,1.043,1.095,1.14,1.146,1.173,1.204,1.286,1.27,1.286,0.755,0.732,0.808,0.824,0.818,1.221,0.831,0.841,0.853,0.866,0.909,0.923,0.997,0.978,0.976,0.974,10.078
Point_189,16.078,2.987,2.987,3.024,1.752,1.246,0.962,1.0,1.0,1.0,1.041,1.067,0.599,0.616,0.668,0.668,0.69,0.703,0.718,0.756,0.787,0.598,0.829,0.834,0.858,0.868,0.879,0.888,0.909,0.928,0.92,0.87,0.609,0.595,0.543,0.471,0.47,0.435,0.437,0.419,0.419,0.39,0.382,0.359,0.334,0.379,0.472,0.484,0.507,0.512,0.519,0.535,0.545,0.545,0.549,0.557,0.576,0.575,0.575,0.557,0.543,0.543,0.542,0.61,0.612,0.634,0.579,0.58,0.563,0.544,0.548,0.512,0.527,0.494,0.49,0.453,0.44,0.412,0.318,0.271,0.329,0.329,0.204,0.192,0.192,0.192,0.213,0.201,0.217,0.219,0.217,0.269,0.246,0.269,0.367,0.399,0.462,0.31,0.314,0.349,0.378,0.396,0.482,0.462,0.551,0.541,0.482,0.64,0.64,0.64,0.688,0.688,0.688,0.688,0.688,0.715,0.723,0.803,0.755,0.768,0.783,0.787,0.918,0.835,0.845,0.919,0.978,0.93,0.929,0.936,0.959,0.955,0.837,0.837,0.818,0.806,0.805,0.777,0.822,0.808,0.845,0.881,0.874,0.888,0.84,0.749,0.808,0.894,0.913,0.95,0.964,1.007,1.007,0.951,0.951,0.925,0.881,0.899,0.834,0.818,0.759,0.739,0.402,0.796,0.476,0.787,0.757,0.726,0.712,0.691,0.675,0.673,0.602,0.728,0.64,0.758,0.248,0.235,0.16,0.147,0.129,0.08,0.067,0.032,0.023,0.011,0.002,0.01,0.0,0.0,0.675,0.052,0.068,0.104,0.114,0.652,0.819,0.806,0.738,0.681,0.665,0.661,0.633,0.618,0.607,0.588,0.571,0.57,0.554,0.773,0.582,0.618,0.643,0.678,0.691,0.671,0.743,0.764,0.764,0.786,0.786,0.858,0.901,1.008,1.02,1.02,1.02,1.02,1.02,1.01,1.02,1.096,1.096,1.115,1.213,1.316,1.325,1.325,1.458,1.462,1.462,1.512,1.517,1.591,1.54,1.453,1.356,1.489,1.356,1.356,1.356,1.356,1.306,1.336,1.256,1.197,1.197,1.182,1.182,1.085,1.067,1.078,1.078,1.085,1.105,1.105,1.148,1.17,1.184,1.194,1.2,1.244,1.244,1.243,1.258,1.266,1.271,1.281,1.288,1.31,1.345,1.339,1.357,1.377,1.385,1.042,0.987,1.085,1.089,1.124,1.079,1.058,0.982,0.991,1.007,0.851,0.855,0.88,0.899,0.898,0.915,0.94,0.945,0.943,0.96,0.965,1.012,1.01,1.032,1.085,1.13,1.136,1.163,1.193,1.276,1.26,1.276,0.744,0.722,0.798,0.814,0.808,1.21,0.82,0.831,0.842,0.856,0.899,0.913,0.986,0.967,0.965,0.964,10.088
Point_190,16.078,2.987,2.987,3.024,1.751,1.246,0.962,1.0,1.0,1.0,1.041,1.067,0.599,0.615,0.667,0.667,0.689,0.702,0.718,0.756,0.787,0.597,0.828,0.834,0.858,0.867,0.879,0.888,0.909,0.927,0.919,0.871,0.608,0.595,0.542,0.471,0.469,0.435,0.437,0.419,0.419,0.389,0.382,0.358,0.334,0.378,0.472,0.483,0.507,0.511,0.518,0.534,0.544,0.544,0.548,0.556,0.576,0.575,0.575,0.556,0.542,0.542,0.542,0.61,0.611,0.634,0.578,0.579,0.562,0.544,0.548,0.512,0.527,0.494,0.49,0.453,0.439,0.411,0.318,0.27,0.329,0.329,0.203,0.192,0.192,0.192,0.213,0.201,0.217,0.218,0.217,0.269,0.246,0.269,0.367,0.398,0.462,0.31,0.314,0.348,0.377,0.395,0.482,0.461,0.551,0.541,0.481,0.64,0.64,0.64,0.688,0.688,0.688,0.688,0.688,0.714,0.723,0.802,0.755,0.767,0.783,0.787,0.917,0.835,0.845,0.919,0.978,0.929,0.928,0.935,0.958,0.954,0.836,0.836,0.817,0.805,0.805,0.776,0.821,0.807,0.844,0.88,0.873,0.888,0.839,0.749,0.807,0.893,0.913,0.95,0.963,1.006,1.006,0.95,0.95,0.924,0.88,0.899,0.834,0.817,0.758,0.739,0.402,0.795,0.476,0.787,0.757,0.726,0.711,0.691,0.675,0.672,0.601,0.728,0.64,0.759,0.249,0.236,0.16,0.147,0.129,0.08,0.068,0.032,0.024,0.011,0.002,0.011,0.0,0.0,0.675,0.052,0.068,0.104,0.114,0.652,0.819,0.806,0.737,0.68,0.665,0.66,0.633,0.617,0.607,0.588,0.571,0.57,0.553,0.773,0.582,0.618,0.642,0.677,0.691,0.67,0.743,0.764,0.763,0.786,0.786,0.857,0.9,1.007,1.02,1.02,1.02,1.02,1.02,1.01,1.02,1.096,1.096,1.115,1.212,1.316,1.324,1.324,1.457,1.461,1.461,1.512,1.517,1.59,1.539,1.452,1.356,1.488,1.356,1.356,1.356,1.356,1.305,1.336,1.256,1.196,1.196,1.182,1.182,1.085,1.067,1.078,1.078,1.085,1.104,1.104,1.148,1.17,1.184,1.194,1.2,1.243,1.243,1.242,1.258,1.266,1.271,1.281,1.287,1.31,1.345,1.338,1.357,1.377,1.385,1.042,0.987,1.085,1.089,1.123,1.079,1.057,0.982,0.99,1.007,0.851,0.854,0.88,0.899,0.897,0.915,0.939,0.945,0.943,0.959,0.965,1.011,1.009,1.032,1.084,1.129,1.136,1.163,1.193,1.275,1.26,1.275,0.744,0.721,0.797,0.814,0.808,1.21,0.82,0.831,0.842,0.856,0.899,0.913,0.986,0.967,0.965,0.964,10.089
Point_191,16.386,3.295,3.295,3.332,2.059,1.554,1.27,1.308,1.308,1.308,1.349,1.375,0.907,0.923,0.976,0.976,0.998,1.01,1.026,1.064,1.095,0.905,1.136,1.142,1.166,1.175,1.187,1.196,1.217,1.235,1.227,1.151,0.917,0.903,0.85,0.779,0.777,0.743,0.745,0.727,0.727,0.697,0.69,0.666,0.642,0.687,0.78,0.791,0.815,0.819,0.827,0.842,0.852,0.852,0.857,0.864,0.884,0.883,0.883,0.864,0.85,0.85,0.85,0.918,0.919,0.942,0.887,0.887,0.87,0.852,0.856,0.82,0.835,0.802,0.798,0.761,0.747,0.72,0.626,0.579,0.637,0.637,0.511,0.5,0.5,0.5,0.462,0.474,0.458,0.456,0.458,0.406,0.429,0.406,0.475,0.506,0.57,0.418,0.422,0.456,0.485,0.503,0.59,0.569,0.659,0.649,0.589,0.748,0.748,0.748,0.796,0.796,0.796,0.796,0.796,0.822,0.831,0.91,0.863,0.875,0.891,0.895,1.025,0.943,0.953,1.027,1.086,1.037,1.036,1.043,1.066,1.062,0.944,0.944,0.925,0.913,0.913,0.884,0.929,0.915,0.952,0.988,0.981,0.996,0.947,0.604,0.663,0.481,0.462,0.425,0.34,0.392,0.392,0.328,0.328,0.302,0.257,0.276,0.211,0.194,0.136,0.116,0.71,0.121,0.441,0.112,0.082,0.051,0.036,0.016,0.0,0.049,0.073,1.166,0.748,1.074,0.924,0.911,0.835,0.822,0.804,0.755,0.742,0.707,0.699,0.686,0.677,0.686,0.675,0.675,0.0,0.623,0.607,0.571,0.561,0.96,1.127,1.114,1.045,0.988,0.973,0.968,0.941,0.925,0.915,0.896,0.879,0.878,0.861,1.081,0.89,0.926,0.95,0.985,0.999,0.978,1.051,1.072,1.071,1.094,1.094,1.166,1.208,1.316,1.328,1.328,1.328,1.328,1.328,1.318,1.328,1.404,1.404,1.423,1.52,1.624,1.632,1.632,1.765,1.769,1.769,1.82,1.962,1.898,1.847,1.76,1.664,1.796,1.664,1.664,1.664,1.664,1.614,1.644,1.564,1.504,1.504,1.49,1.49,1.393,1.375,1.386,1.386,1.393,1.412,1.412,1.456,1.478,1.492,1.502,1.508,1.552,1.552,1.55,1.566,1.574,1.579,1.589,1.595,1.618,1.653,1.646,1.665,1.685,1.693,1.511,1.567,1.468,1.464,1.432,1.387,1.365,1.29,1.298,1.315,1.159,1.163,1.188,1.207,1.205,1.223,1.247,1.253,1.251,1.267,1.273,1.32,1.317,1.34,1.393,1.437,1.444,1.471,1.501,1.584,1.568,1.584,1.052,1.029,1.105,1.122,1.116,1.518,1.128,1.139,1.15,1.164,1.207,1.221,1.294,1.275,1.273,1.272,10.83
Point_192,16.026,2.935,2.935,2.972,1.7,1.194,0.91,0.948,0.948,0.948,0.989,1.015,0.547,0.564,0.616,0.616,0.638,0.651,0.667,0.704,0.735,0.546,0.777,0.782,0.807,0.816,0.828,0.836,0.858,0.876,0.868,0.922,0.557,0.543,0.491,0.419,0.418,0.383,0.385,0.367,0.367,0.338,0.33,0.307,0.282,0.327,0.42,0.432,0.455,0.46,0.467,0.483,0.493,0.493,0.497,0.505,0.524,0.523,0.523,0.505,0.491,0.491,0.491,0.558,0.56,0.583,0.527,0.528,0.511,0.492,0.496,0.461,0.476,0.442,0.439,0.402,0.388,0.36,0.266,0.219,0.277,0.277,0.152,0.14,0.14,0.14,0.161,0.149,0.165,0.167,0.165,0.217,0.194,0.217,0.315,0.347,0.41,0.258,0.262,0.297,0.326,0.344,0.43,0.41,0.499,0.49,0.43,0.588,0.588,0.588,0.636,0.636,0.636,0.636,0.636,0.663,0.671,0.751,0.703,0.716,0.731,0.735,0.866,0.784,0.793,0.867,0.926,0.878,0.877,0.884,0.907,0.903,0.785,0.785,0.766,0.754,0.753,0.725,0.77,0.756,0.793,0.829,0.822,0.836,0.788,0.697,0.756,0.842,0.861,0.898,0.912,0.955,0.955,0.899,0.899,0.873,0.829,0.847,0.783,0.766,0.707,0.687,0.35,0.744,0.424,0.735,0.705,0.674,0.66,0.639,0.623,0.621,0.55,0.78,0.588,0.81,0.3,0.287,0.212,0.199,0.181,0.131,0.119,0.084,0.075,0.063,0.054,0.062,0.052,0.052,0.623,0.0,0.016,0.052,0.063,0.601,0.767,0.754,0.686,0.629,0.613,0.609,0.581,0.566,0.555,0.537,0.519,0.519,0.502,0.722,0.53,0.566,0.591,0.626,0.639,0.619,0.691,0.712,0.712,0.734,0.734,0.806,0.849,0.956,0.968,0.968,0.968,0.968,0.968,0.958,0.968,1.044,1.044,1.063,1.161,1.264,1.273,1.273,1.406,1.41,1.41,1.46,1.569,1.539,1.488,1.401,1.305,1.437,1.305,1.305,1.305,1.305,1.254,1.284,1.204,1.145,1.145,1.131,1.131,1.033,1.015,1.026,1.026,1.033,1.053,1.053,1.096,1.118,1.133,1.142,1.148,1.192,1.192,1.191,1.207,1.214,1.219,1.23,1.236,1.259,1.293,1.287,1.305,1.325,1.333,1.094,1.039,1.108,1.105,1.072,1.027,1.006,0.93,0.939,0.955,0.799,0.803,0.828,0.847,0.846,0.863,0.888,0.893,0.891,0.908,0.913,0.96,0.958,0.98,1.033,1.078,1.084,1.111,1.142,1.224,1.208,1.224,0.693,0.67,0.746,0.762,0.756,1.158,0.768,0.779,0.79,0.804,0.847,0.861,0.935,0.916,0.913,0.912,10.14
Point_193,16.01,2.919,2.919,2.956,1.684,1.178,0.894,0.932,0.932,0.932,0.973,0.999,0.531,0.547,0.6,0.6,0.622,0.634,0.65,0.688,0.719,0.53,0.761,0.766,0.79,0.8,0.811,0.82,0.841,0.86,0.852,0.939,0.541,0.527,0.475,0.403,0.401,0.367,0.369,0.351,0.351,0.322,0.314,0.291,0.266,0.311,0.404,0.416,0.439,0.444,0.451,0.467,0.477,0.477,0.481,0.489,0.508,0.507,0.507,0.489,0.474,0.474,0.474,0.542,0.544,0.566,0.511,0.511,0.495,0.476,0.48,0.444,0.459,0.426,0.422,0.385,0.372,0.344,0.25,0.203,0.261,0.261,0.136,0.124,0.124,0.124,0.145,0.133,0.149,0.151,0.149,0.201,0.178,0.201,0.299,0.331,0.394,0.242,0.246,0.28,0.31,0.328,0.414,0.394,0.483,0.473,0.414,0.572,0.572,0.572,0.62,0.62,0.62,0.62,0.62,0.647,0.655,0.735,0.687,0.699,0.715,0.719,0.85,0.767,0.777,0.851,0.91,0.862,0.861,0.867,0.89,0.886,0.769,0.769,0.749,0.738,0.737,0.708,0.753,0.74,0.777,0.813,0.806,0.82,0.771,0.681,0.74,0.825,0.845,0.882,0.895,0.938,0.938,0.883,0.883,0.857,0.812,0.831,0.766,0.75,0.691,0.671,0.334,0.728,0.408,0.719,0.689,0.658,0.644,0.623,0.607,0.605,0.534,0.796,0.572,0.826,0.316,0.304,0.228,0.215,0.197,0.148,0.135,0.1,0.091,0.079,0.07,0.078,0.068,0.068,0.607,0.016,0.0,0.036,0.046,0.584,0.751,0.738,0.669,0.613,0.597,0.593,0.565,0.549,0.539,0.52,0.503,0.502,0.485,0.705,0.514,0.55,0.575,0.61,0.623,0.602,0.675,0.696,0.696,0.718,0.718,0.79,0.833,0.94,0.952,0.952,0.952,0.952,0.952,0.942,0.952,1.028,1.028,1.047,1.145,1.248,1.256,1.256,1.39,1.394,1.394,1.444,1.585,1.523,1.471,1.384,1.288,1.421,1.288,1.288,1.288,1.288,1.238,1.268,1.188,1.129,1.129,1.114,1.114,1.017,0.999,1.01,1.01,1.017,1.037,1.037,1.08,1.102,1.116,1.126,1.132,1.176,1.176,1.175,1.19,1.198,1.203,1.213,1.22,1.242,1.277,1.27,1.289,1.309,1.317,1.11,1.055,1.092,1.089,1.056,1.011,0.99,0.914,0.923,0.939,0.783,0.787,0.812,0.831,0.83,0.847,0.871,0.877,0.875,0.892,0.897,0.944,0.942,0.964,1.017,1.062,1.068,1.095,1.125,1.208,1.192,1.208,0.676,0.654,0.729,0.746,0.74,1.142,0.752,0.763,0.774,0.788,0.831,0.845,0.918,0.899,0.897,0.896,10.157
Point_194,15.974,2.883,2.883,2.92,1.648,1.142,0.858,0.896,0.896,0.896,0.937,0.963,0.495,0.512,0.564,0.564,0.586,0.599,0.614,0.652,0.683,0.494,0.725,0.73,0.754,0.764,0.776,0.784,0.805,0.824,0.816,0.974,0.505,0.491,0.439,0.367,0.366,0.331,0.333,0.315,0.315,0.286,0.278,0.255,0.23,0.275,0.368,0.38,0.403,0.408,0.415,0.431,0.441,0.441,0.445,0.453,0.472,0.471,0.471,0.453,0.439,0.439,0.439,0.506,0.508,0.531,0.475,0.476,0.459,0.44,0.444,0.409,0.423,0.39,0.387,0.349,0.336,0.308,0.214,0.167,0.225,0.225,0.1,0.088,0.088,0.088,0.109,0.097,0.113,0.115,0.113,0.165,0.142,0.165,0.263,0.295,0.358,0.206,0.21,0.245,0.274,0.292,0.378,0.358,0.447,0.438,0.378,0.536,0.536,0.536,0.584,0.584,0.584,0.584,0.584,0.611,0.619,0.699,0.651,0.664,0.679,0.683,0.814,0.731,0.741,0.815,0.874,0.826,0.825,0.832,0.855,0.851,0.733,0.733,0.714,0.702,0.701,0.673,0.718,0.704,0.741,0.777,0.77,0.784,0.736,0.645,0.704,0.79,0.809,0.846,0.86,0.903,0.903,0.847,0.847,0.821,0.777,0.795,0.73,0.714,0.655,0.635,0.298,0.692,0.372,0.683,0.653,0.622,0.608,0.587,0.571,0.569,0.498,0.832,0.536,0.862,0.352,0.339,0.264,0.251,0.233,0.183,0.171,0.136,0.127,0.115,0.106,0.114,0.104,0.104,0.571,0.052,0.036,0.0,0.011,0.548,0.715,0.702,0.634,0.577,0.561,0.557,0.529,0.514,0.503,0.485,0.467,0.466,0.45,0.669,0.478,0.514,0.539,0.574,0.587,0.567,0.639,0.66,0.66,0.682,0.682,0.754,0.797,0.904,0.916,0.916,0.916,0.916,0.916,0.906,0.916,0.992,0.992,1.011,1.109,1.212,1.221,1.221,1.354,1.358,1.358,1.408,1.621,1.487,1.436,1.349,1.252,1.385,1.252,1.252,1.252,1.252,1.202,1.232,1.152,1.093,1.093,1.078,1.078,0.981,0.963,0.974,0.974,0.981,1.001,1.001,1.044,1.066,1.08,1.09,1.096,1.14,1.14,1.139,1.154,1.162,1.167,1.177,1.184,1.206,1.241,1.235,1.253,1.273,1.281,1.099,1.091,1.056,1.053,1.02,0.975,0.954,0.878,0.887,0.903,0.747,0.751,0.776,0.795,0.794,0.811,0.836,0.841,0.839,0.856,0.861,0.908,0.906,0.928,0.981,1.026,1.032,1.059,1.089,1.172,1.156,1.172,0.64,0.618,0.694,0.71,0.704,1.106,0.716,0.727,0.738,0.752,0.795,0.809,0.883,0.863,0.861,0.86,10.192
Point_195,15.963,2.873,2.873,2.91,1.637,1.132,0.848,0.886,0.886,0.886,0.927,0.953,0.485,0.501,0.553,0.553,0.575,0.588,0.604,0.642,0.673,0.483,0.714,0.719,0.744,0.753,0.765,0.774,0.795,0.813,0.805,0.985,0.494,0.481,0.428,0.356,0.355,0.32,0.323,0.305,0.305,0.275,0.268,0.244,0.219,0.264,0.357,0.369,0.393,0.397,0.404,0.42,0.43,0.43,0.434,0.442,0.461,0.461,0.461,0.442,0.428,0.428,0.428,0.495,0.497,0.52,0.464,0.465,0.448,0.43,0.434,0.398,0.413,0.38,0.376,0.339,0.325,0.297,0.204,0.156,0.215,0.215,0.089,0.078,0.078,0.078,0.099,0.087,0.103,0.104,0.103,0.155,0.132,0.155,0.253,0.284,0.347,0.196,0.2,0.234,0.263,0.281,0.367,0.347,0.437,0.427,0.367,0.526,0.526,0.526,0.574,0.574,0.574,0.574,0.574,0.6,0.609,0.688,0.641,0.653,0.669,0.673,0.803,0.721,0.731,0.805,0.864,0.815,0.814,0.821,0.844,0.84,0.722,0.722,0.703,0.691,0.691,0.662,0.707,0.693,0.73,0.766,0.759,0.774,0.725,0.635,0.693,0.779,0.798,0.836,0.849,0.892,0.892,0.836,0.836,0.81,0.766,0.784,0.72,0.703,0.644,0.625,0.288,0.681,0.362,0.673,0.643,0.612,0.597,0.576,0.561,0.558,0.487,0.842,0.526,0.851,0.363,0.35,0.274,0.261,0.243,0.194,0.182,0.147,0.138,0.125,0.116,0.125,0.114,0.114,0.561,0.063,0.046,0.011,0.0,0.538,0.705,0.692,0.623,0.566,0.55,0.546,0.518,0.503,0.493,0.474,0.457,0.456,0.439,0.659,0.468,0.504,0.528,0.563,0.577,0.556,0.629,0.65,0.649,0.672,0.672,0.743,0.786,0.893,0.906,0.906,0.906,0.906,0.906,0.896,0.906,0.982,0.982,1.001,1.098,1.202,1.21,1.21,1.343,1.347,1.347,1.398,1.631,1.476,1.425,1.338,1.242,1.374,1.242,1.242,1.242,1.242,1.191,1.222,1.142,1.082,1.082,1.068,1.068,0.971,0.952,0.964,0.964,0.971,0.99,0.99,1.034,1.056,1.07,1.079,1.086,1.129,1.129,1.128,1.144,1.152,1.156,1.167,1.173,1.196,1.231,1.224,1.243,1.263,1.271,1.089,1.101,1.046,1.042,1.009,0.964,0.943,0.868,0.876,0.893,0.737,0.74,0.766,0.785,0.783,0.8,0.825,0.831,0.828,0.845,0.851,0.897,0.895,0.918,0.97,1.015,1.021,1.048,1.079,1.161,1.145,1.161,0.63,0.607,0.683,0.7,0.693,1.096,0.706,0.717,0.728,0.741,0.784,0.799,0.872,0.853,0.851,0.85,10.203
Point_196,15.925,2.835,2.835,2.872,1.599,1.094,0.809,0.847,0.847,0.847,0.889,0.915,0.447,0.463,0.515,0.515,0.537,0.55,0.566,0.603,0.634,0.445,0.676,0.681,0.706,0.715,0.727,0.736,0.757,0.775,0.767,0.191,0.537,0.524,0.471,0.399,0.398,0.363,0.366,0.348,0.348,0.318,0.311,0.287,0.262,0.274,0.337,0.349,0.372,0.377,0.384,0.4,0.41,0.41,0.414,0.422,0.504,0.44,0.44,0.485,0.471,0.471,0.471,0.538,0.54,0.563,0.426,0.427,0.41,0.391,0.395,0.36,0.375,0.342,0.338,0.301,0.287,0.277,0.246,0.262,0.258,0.258,0.329,0.341,0.341,0.341,0.379,0.366,0.382,0.384,0.382,0.435,0.411,0.435,0.533,0.564,0.627,0.476,0.479,0.514,0.543,0.561,0.647,0.627,0.716,0.707,0.647,0.805,0.805,0.805,0.853,0.853,0.853,0.853,0.853,0.88,0.889,0.968,0.921,0.933,0.949,0.953,1.083,1.001,1.01,1.085,1.143,1.095,1.094,1.101,1.124,1.12,1.002,1.002,0.983,0.971,0.971,0.942,0.987,0.973,1.01,1.046,1.039,1.053,1.005,0.915,0.973,1.059,1.078,1.115,1.129,1.172,1.172,1.116,1.116,1.09,1.046,1.064,1.0,0.983,0.924,0.904,0.331,0.961,0.549,0.953,0.923,0.891,0.877,0.856,0.841,0.838,0.767,1.223,0.805,1.131,0.637,0.649,0.693,0.68,0.662,0.612,0.6,0.565,0.556,0.544,0.535,0.543,0.533,0.533,0.841,0.481,0.465,0.429,0.418,0.0,0.239,0.226,0.158,0.16,0.176,0.18,0.208,0.223,0.234,0.252,0.269,0.27,0.287,0.479,0.429,0.465,0.49,0.525,0.538,0.518,0.59,0.612,0.611,0.634,0.634,0.705,0.748,0.855,0.867,0.867,0.867,0.867,0.867,0.858,0.867,0.943,0.943,0.962,1.06,1.164,1.172,1.172,1.305,1.309,1.309,1.359,1.413,1.438,1.387,1.3,1.204,1.336,1.204,1.204,1.204,1.204,1.153,1.183,1.103,1.044,1.044,1.03,1.03,0.932,0.914,0.925,0.925,0.932,0.952,0.952,0.996,1.018,1.032,1.041,1.048,1.091,1.091,1.09,1.106,1.113,1.118,1.129,1.135,1.158,1.193,1.186,1.205,1.224,1.232,0.648,0.883,0.605,0.601,0.569,0.524,0.502,0.427,0.435,0.452,0.515,0.518,0.544,0.563,0.561,0.578,0.603,0.609,0.606,0.623,0.628,0.675,0.673,0.696,0.932,0.977,0.983,1.01,1.041,1.123,1.107,1.123,0.592,0.569,0.645,0.661,0.655,1.058,0.668,0.678,0.69,0.703,0.746,0.76,0.834,0.815,0.812,0.811,9.985
Point_197,15.862,2.772,2.772,2.809,1.536,1.031,0.747,0.785,0.785,0.785,0.826,0.852,0.384,0.4,0.452,0.452,0.474,0.487,0.503,0.541,0.572,0.475,0.613,0.618,0.643,0.652,0.664,0.673,0.694,0.712,0.704,0.43,0.824,0.81,0.758,0.686,0.684,0.65,0.652,0.634,0.634,0.604,0.597,0.574,0.485,0.441,0.504,0.516,0.539,0.544,0.551,0.567,0.577,0.577,0.581,0.589,0.624,0.607,0.607,0.643,0.657,0.657,0.657,0.569,0.567,0.545,0.456,0.457,0.44,0.421,0.425,0.39,0.312,0.325,0.329,0.366,0.38,0.444,0.533,0.548,0.49,0.49,0.616,0.627,0.627,0.627,0.665,0.653,0.669,0.671,0.669,0.721,0.698,0.721,0.819,0.85,0.914,0.762,0.766,0.8,0.83,0.848,0.934,0.913,1.003,0.993,0.933,1.092,1.092,1.092,1.14,1.14,1.14,1.14,1.14,1.166,1.175,1.255,1.207,1.219,1.235,1.239,1.37,1.287,1.297,1.371,1.43,1.382,1.381,1.387,1.41,1.406,1.289,1.288,1.269,1.258,1.257,1.228,1.273,1.26,1.296,1.332,1.326,1.34,1.291,1.201,1.26,1.345,1.365,1.402,1.415,1.458,1.458,1.403,1.403,1.377,1.332,1.351,1.286,1.269,1.211,1.191,0.617,1.248,0.836,1.239,1.209,1.178,1.163,1.143,1.127,1.124,1.054,0.89,1.092,0.921,0.514,0.527,0.603,0.615,0.633,0.899,0.886,0.851,0.843,0.83,0.821,0.83,0.819,0.819,1.127,0.767,0.751,0.715,0.705,0.239,0.0,0.013,0.082,0.139,0.154,0.159,0.186,0.202,0.212,0.231,0.248,0.249,0.266,0.276,0.367,0.403,0.427,0.462,0.476,0.455,0.528,0.549,0.548,0.571,0.571,0.642,0.685,0.792,0.805,0.805,0.805,0.805,0.805,0.795,0.805,0.881,0.881,0.9,0.997,1.101,1.109,1.109,1.242,1.246,1.246,1.297,1.218,1.375,1.324,1.237,1.141,1.273,1.141,1.141,1.141,1.141,1.09,1.121,1.041,0.981,0.981,0.967,0.967,0.87,0.851,0.863,0.863,0.87,0.889,0.889,0.933,0.955,0.969,0.978,0.985,1.028,1.028,1.027,1.043,1.051,1.055,1.066,1.072,1.095,1.13,1.123,1.142,1.162,1.17,0.445,0.688,0.402,0.399,0.366,0.321,0.3,0.224,0.233,0.249,0.312,0.316,0.341,0.36,0.358,0.376,0.4,0.406,0.404,0.42,0.426,0.472,0.47,0.493,0.697,0.742,0.748,0.775,0.806,0.888,0.872,0.888,0.414,0.391,0.467,0.484,0.478,0.823,0.49,0.501,0.512,0.526,0.569,0.583,0.656,0.669,0.671,0.672,9.862
Point_198,15.849,2.759,2.759,2.796,1.523,1.018,0.734,0.771,0.771,0.771,0.813,0.839,0.371,0.387,0.439,0.439,0.461,0.474,0.49,0.527,0.558,0.462,0.6,0.605,0.63,0.639,0.651,0.66,0.681,0.699,0.691,0.417,0.81,0.797,0.744,0.673,0.671,0.637,0.639,0.621,0.621,0.591,0.584,0.56,0.472,0.427,0.491,0.502,0.526,0.53,0.538,0.553,0.563,0.563,0.568,0.575,0.611,0.594,0.594,0.63,0.644,0.644,0.644,0.556,0.554,0.531,0.443,0.443,0.427,0.408,0.412,0.376,0.299,0.312,0.316,0.353,0.366,0.43,0.52,0.535,0.477,0.477,0.602,0.614,0.614,0.614,0.652,0.64,0.656,0.657,0.656,0.708,0.685,0.708,0.806,0.837,0.901,0.749,0.753,0.787,0.816,0.834,0.92,0.9,0.99,0.98,0.92,1.079,1.079,1.079,1.127,1.127,1.127,1.127,1.127,1.153,1.162,1.241,1.194,1.206,1.222,1.226,1.356,1.274,1.284,1.358,1.417,1.368,1.367,1.374,1.397,1.393,1.275,1.275,1.256,1.244,1.244,1.215,1.26,1.246,1.283,1.319,1.312,1.327,1.278,1.188,1.246,1.332,1.352,1.389,1.402,1.445,1.445,1.389,1.389,1.363,1.319,1.337,1.273,1.256,1.197,1.178,0.604,1.234,0.822,1.226,1.196,1.165,1.15,1.129,1.114,1.111,1.04,0.904,1.079,0.934,0.527,0.54,0.616,0.629,0.647,0.886,0.873,0.838,0.829,0.817,0.808,0.816,0.806,0.806,1.114,0.754,0.738,0.702,0.692,0.226,0.013,0.0,0.069,0.125,0.141,0.145,0.173,0.189,0.199,0.218,0.235,0.236,0.253,0.289,0.354,0.389,0.414,0.449,0.462,0.442,0.515,0.536,0.535,0.558,0.558,0.629,0.672,0.779,0.791,0.791,0.791,0.791,0.791,0.782,0.791,0.867,0.867,0.886,0.984,1.088,1.096,1.096,1.229,1.233,1.233,1.283,1.232,1.362,1.311,1.224,1.128,1.26,1.128,1.128,1.128,1.128,1.077,1.107,1.027,0.968,0.968,0.954,0.954,0.856,0.838,0.849,0.849,0.856,0.876,0.876,0.92,0.942,0.956,0.965,0.972,1.015,1.015,1.014,1.03,1.037,1.042,1.053,1.059,1.082,1.117,1.11,1.129,1.148,1.156,0.458,0.701,0.415,0.412,0.379,0.334,0.313,0.238,0.246,0.262,0.325,0.329,0.354,0.373,0.371,0.389,0.413,0.419,0.417,0.434,0.439,0.486,0.483,0.506,0.71,0.755,0.761,0.788,0.819,0.901,0.885,0.901,0.427,0.405,0.48,0.497,0.491,0.836,0.503,0.514,0.525,0.539,0.582,0.596,0.669,0.682,0.684,0.686,9.876
Point_199,15.781,2.69,2.69,2.727,1.454,0.949,0.665,0.703,0.703,0.703,0.744,0.77,0.302,0.318,0.371,0.371,0.393,0.405,0.421,0.459,0.49,0.393,0.531,0.537,0.561,0.57,0.582,0.591,0.612,0.63,0.623,0.348,0.742,0.728,0.676,0.604,0.603,0.568,0.57,0.552,0.552,0.523,0.515,0.492,0.404,0.359,0.422,0.434,0.457,0.462,0.469,0.485,0.495,0.495,0.499,0.507,0.542,0.525,0.525,0.561,0.576,0.576,0.576,0.487,0.486,0.463,0.374,0.375,0.358,0.339,0.343,0.308,0.23,0.243,0.247,0.284,0.298,0.362,0.451,0.467,0.408,0.408,0.534,0.545,0.545,0.545,0.583,0.571,0.587,0.589,0.587,0.639,0.616,0.639,0.737,0.769,0.832,0.68,0.684,0.719,0.748,0.766,0.852,0.832,0.921,0.911,0.852,1.01,1.01,1.01,1.058,1.058,1.058,1.058,1.058,1.085,1.093,1.173,1.125,1.138,1.153,1.157,1.288,1.205,1.215,1.289,1.348,1.3,1.299,1.306,1.329,1.325,1.207,1.207,1.187,1.176,1.175,1.147,1.192,1.178,1.215,1.251,1.244,1.258,1.21,1.119,1.178,1.264,1.283,1.32,1.334,1.377,1.377,1.321,1.321,1.295,1.25,1.269,1.204,1.188,1.129,1.109,0.535,1.166,0.754,1.157,1.127,1.096,1.082,1.061,1.045,1.043,0.972,1.428,1.01,1.336,0.596,0.609,0.897,0.884,0.866,0.817,0.805,0.77,0.761,0.748,0.739,0.748,0.738,0.737,1.045,0.686,0.669,0.634,0.623,0.158,0.082,0.069,0.0,0.057,0.073,0.077,0.105,0.12,0.13,0.149,0.166,0.167,0.184,0.358,0.285,0.321,0.345,0.38,0.394,0.373,0.446,0.467,0.466,0.489,0.489,0.561,0.603,0.711,0.723,0.723,0.723,0.723,0.723,0.713,0.723,0.799,0.799,0.818,0.915,1.019,1.027,1.027,1.161,1.164,1.164,1.215,1.3,1.293,1.242,1.155,1.059,1.191,1.059,1.059,1.059,1.059,1.009,1.039,0.959,0.899,0.899,0.885,0.885,0.788,0.77,0.781,0.781,0.788,0.808,0.808,0.851,0.873,0.887,0.897,0.903,0.947,0.947,0.945,0.961,0.969,0.974,0.984,0.99,1.013,1.048,1.041,1.06,1.08,1.088,0.527,0.77,0.484,0.48,0.448,0.403,0.381,0.306,0.314,0.331,0.394,0.397,0.423,0.442,0.44,0.457,0.482,0.488,0.485,0.502,0.507,0.554,0.552,0.575,0.788,0.832,0.839,0.866,0.896,0.979,0.963,0.979,0.447,0.424,0.5,0.517,0.511,0.913,0.523,0.534,0.545,0.559,0.602,0.616,0.689,0.67,0.668,0.667,9.944
Point_200,15.724,2.633,2.633,2.67,1.398,0.892,0.608,0.646,0.646,0.646,0.687,0.713,0.245,0.261,0.314,0.314,0.336,0.348,0.364,0.402,0.433,0.336,0.475,0.48,0.504,0.514,0.525,0.534,0.555,0.573,0.566,0.351,0.685,0.671,0.619,0.547,0.546,0.511,0.513,0.495,0.495,0.466,0.458,0.435,0.347,0.302,0.365,0.377,0.4,0.405,0.412,0.428,0.438,0.438,0.442,0.45,0.485,0.468,0.468,0.505,0.519,0.519,0.519,0.43,0.429,0.406,0.317,0.318,0.301,0.283,0.287,0.251,0.173,0.186,0.19,0.227,0.241,0.305,0.394,0.41,0.352,0.352,0.477,0.489,0.489,0.489,0.526,0.514,0.53,0.532,0.53,0.583,0.559,0.583,0.68,0.712,0.775,0.623,0.627,0.662,0.691,0.709,0.795,0.775,0.864,0.855,0.795,0.953,0.953,0.953,1.001,1.001,1.001,1.001,1.001,1.028,1.036,1.116,1.068,1.081,1.097,1.1,1.231,1.149,1.158,1.233,1.291,1.243,1.242,1.249,1.272,1.268,1.15,1.15,1.131,1.119,1.118,1.09,1.135,1.121,1.158,1.194,1.187,1.201,1.153,1.062,1.121,1.207,1.226,1.263,1.277,1.32,1.32,1.264,1.264,1.238,1.194,1.212,1.148,1.131,1.072,1.052,0.478,1.109,0.697,1.1,1.07,1.039,1.025,1.004,0.988,0.986,0.915,1.371,0.953,1.279,0.681,0.916,0.84,0.827,0.81,0.76,0.748,0.713,0.704,0.692,0.682,0.691,0.681,0.68,0.988,0.629,0.613,0.577,0.566,0.16,0.139,0.125,0.057,0.0,0.016,0.02,0.048,0.063,0.073,0.092,0.109,0.11,0.127,0.419,0.228,0.264,0.289,0.324,0.337,0.316,0.389,0.41,0.41,0.432,0.432,0.504,0.547,0.654,0.666,0.666,0.666,0.666,0.666,0.656,0.666,0.742,0.742,0.761,0.859,0.962,0.97,0.97,1.104,1.108,1.108,1.158,1.3,1.237,1.185,1.098,1.002,1.134,1.002,1.002,1.002,1.002,0.952,0.982,0.902,0.843,0.843,0.828,0.828,0.731,0.713,0.724,0.724,0.731,0.751,0.751,0.794,0.816,0.83,0.84,0.846,0.89,0.89,0.889,0.904,0.912,0.917,0.927,0.934,0.956,0.991,0.984,1.003,1.023,1.031,0.584,0.827,0.541,0.537,0.504,0.46,0.438,0.363,0.371,0.388,0.497,0.501,0.526,0.545,0.544,0.561,0.585,0.591,0.589,0.606,0.611,0.658,0.656,0.678,0.731,0.776,0.782,0.809,0.839,0.922,0.906,0.922,0.39,0.368,0.443,0.46,0.454,0.856,0.466,0.477,0.488,0.502,0.545,0.559,0.632,0.613,0.611,0.61,10.03
Point_201,15.708,2.617,2.617,2.655,1.382,0.876,0.592,0.63,0.63,0.63,0.671,0.697,0.229,0.246,0.298,0.298,0.32,0.333,0.349,0.386,0.417,0.32,0.459,0.464,0.489,0.498,0.51,0.518,0.54,0.558,0.55,0.366,0.669,0.656,0.603,0.531,0.53,0.495,0.498,0.48,0.48,0.45,0.443,0.419,0.331,0.286,0.349,0.361,0.385,0.389,0.396,0.412,0.422,0.422,0.426,0.434,0.47,0.453,0.453,0.489,0.503,0.503,0.503,0.415,0.413,0.39,0.302,0.302,0.285,0.267,0.271,0.235,0.158,0.171,0.174,0.211,0.225,0.289,0.378,0.394,0.336,0.336,0.461,0.473,0.473,0.473,0.511,0.498,0.514,0.516,0.514,0.567,0.543,0.567,0.665,0.696,0.759,0.608,0.611,0.646,0.675,0.693,0.779,0.759,0.848,0.839,0.779,0.937,0.937,0.937,0.985,0.985,0.985,0.985,0.985,1.012,1.021,1.1,1.053,1.065,1.081,1.085,1.215,1.133,1.142,1.217,1.275,1.227,1.226,1.233,1.256,1.252,1.134,1.134,1.115,1.103,1.103,1.074,1.119,1.105,1.142,1.178,1.171,1.185,1.137,1.047,1.105,1.191,1.21,1.247,1.261,1.304,1.304,1.248,1.248,1.222,1.178,1.196,1.132,1.115,1.056,1.036,0.463,1.093,0.681,1.085,1.055,1.023,1.009,0.988,0.973,0.97,0.899,1.355,0.937,1.263,0.913,0.9,0.825,0.812,0.794,0.744,0.732,0.697,0.688,0.676,0.667,0.675,0.665,0.665,0.973,0.613,0.597,0.561,0.55,0.176,0.154,0.141,0.073,0.016,0.0,0.004,0.032,0.047,0.058,0.076,0.094,0.095,0.111,0.404,0.212,0.248,0.273,0.308,0.321,0.301,0.373,0.395,0.394,0.416,0.416,0.488,0.531,0.638,0.65,0.65,0.65,0.65,0.65,0.64,0.65,0.726,0.726,0.745,0.843,0.946,0.955,0.955,1.088,1.092,1.092,1.142,1.284,1.221,1.17,1.083,0.987,1.119,0.987,0.987,0.987,0.987,0.936,0.966,0.886,0.827,0.827,0.813,0.813,0.715,0.697,0.708,0.708,0.715,0.735,0.735,0.779,0.8,0.815,0.824,0.831,0.874,0.874,0.873,0.889,0.896,0.901,0.912,0.918,0.941,0.975,0.969,0.987,1.007,1.015,0.6,0.89,0.557,0.553,0.52,0.475,0.454,0.379,0.387,0.404,0.481,0.485,0.51,0.529,0.528,0.545,0.57,0.575,0.573,0.59,0.595,0.642,0.64,0.662,0.715,0.76,0.766,0.793,0.824,0.906,0.89,0.906,0.375,0.352,0.428,0.444,0.438,0.84,0.45,0.461,0.472,0.486,0.529,0.543,0.617,0.598,0.595,0.594,10.045
Point_202,15.704,2.613,2.613,2.65,1.378,0.872,0.588,0.626,0.626,0.626,0.667,0.693,0.225,0.241,0.294,0.294,0.316,0.328,0.344,0.382,0.413,0.316,0.455,0.46,0.484,0.494,0.505,0.514,0.535,0.553,0.546,0.371,0.665,0.651,0.599,0.527,0.526,0.491,0.493,0.475,0.475,0.446,0.438,0.415,0.327,0.282,0.345,0.357,0.38,0.385,0.392,0.408,0.418,0.418,0.422,0.43,0.465,0.448,0.448,0.485,0.499,0.499,0.499,0.41,0.409,0.386,0.297,0.298,0.281,0.263,0.267,0.231,0.153,0.166,0.17,0.207,0.221,0.285,0.374,0.39,0.332,0.332,0.457,0.469,0.469,0.469,0.506,0.494,0.51,0.512,0.51,0.563,0.539,0.563,0.66,0.692,0.755,0.603,0.607,0.642,0.671,0.689,0.775,0.755,0.844,0.835,0.775,0.933,0.933,0.933,0.981,0.981,0.981,0.981,0.981,1.008,1.016,1.096,1.048,1.061,1.076,1.08,1.211,1.129,1.138,1.212,1.271,1.223,1.222,1.229,1.252,1.248,1.13,1.13,1.111,1.099,1.098,1.07,1.115,1.101,1.138,1.174,1.167,1.181,1.133,1.042,1.101,1.187,1.206,1.243,1.257,1.3,1.3,1.244,1.244,1.218,1.174,1.192,1.128,1.111,1.052,1.032,0.458,1.089,0.677,1.08,1.05,1.019,1.005,0.984,0.968,0.966,0.895,1.351,0.933,1.259,0.909,0.896,0.82,0.807,0.79,0.74,0.728,0.693,0.684,0.671,0.662,0.671,0.661,0.66,0.968,0.609,0.593,0.557,0.546,0.18,0.159,0.145,0.077,0.02,0.004,0.0,0.028,0.043,0.053,0.072,0.089,0.09,0.107,0.399,0.208,0.244,0.268,0.304,0.317,0.296,0.369,0.39,0.39,0.412,0.412,0.484,0.527,0.634,0.646,0.646,0.646,0.646,0.646,0.636,0.646,0.722,0.722,0.741,0.839,0.942,0.95,0.95,1.084,1.088,1.088,1.138,1.28,1.217,1.165,1.078,0.982,1.114,0.982,0.982,0.982,0.982,0.932,0.962,0.882,0.823,0.823,0.808,0.808,0.711,0.693,0.704,0.704,0.711,0.731,0.731,0.774,0.796,0.81,0.82,0.826,0.87,0.87,0.869,0.884,0.892,0.897,0.907,0.914,0.936,0.971,0.964,0.983,1.003,1.011,0.604,0.885,0.561,0.557,0.524,0.48,0.458,0.383,0.391,0.408,0.477,0.481,0.506,0.525,0.524,0.541,0.565,0.571,0.569,0.586,0.591,0.638,0.635,0.658,0.711,0.756,0.762,0.789,0.819,0.902,0.886,0.902,0.37,0.348,0.423,0.44,0.434,0.836,0.446,0.457,0.468,0.482,0.525,0.539,0.612,0.593,0.591,0.59,10.05
Point_203,15.676,2.585,2.585,2.623,1.35,0.844,0.56,0.598,0.598,0.598,0.64,0.666,0.198,0.214,0.266,0.266,0.288,0.301,0.317,0.354,0.385,0.288,0.427,0.432,0.457,0.466,0.478,0.487,0.508,0.526,0.518,0.398,0.637,0.624,0.571,0.499,0.498,0.463,0.466,0.448,0.448,0.418,0.411,0.387,0.299,0.254,0.317,0.329,0.353,0.357,0.364,0.38,0.39,0.39,0.394,0.402,0.438,0.421,0.421,0.457,0.471,0.471,0.471,0.383,0.381,0.358,0.27,0.27,0.253,0.235,0.239,0.203,0.126,0.139,0.143,0.18,0.193,0.257,0.347,0.362,0.304,0.304,0.429,0.441,0.441,0.441,0.479,0.467,0.483,0.484,0.483,0.535,0.512,0.535,0.633,0.664,0.727,0.576,0.58,0.614,0.643,0.661,0.747,0.727,0.816,0.807,0.747,0.905,0.905,0.905,0.953,0.953,0.953,0.953,0.953,0.98,0.989,1.068,1.021,1.033,1.049,1.053,1.183,1.101,1.111,1.185,1.244,1.195,1.194,1.201,1.224,1.22,1.102,1.102,1.083,1.071,1.071,1.042,1.087,1.073,1.11,1.146,1.139,1.153,1.105,1.015,1.073,1.159,1.178,1.216,1.229,1.272,1.272,1.216,1.216,1.19,1.146,1.164,1.1,1.083,1.024,1.004,0.431,1.061,0.649,1.053,1.023,0.991,0.977,0.956,0.941,0.938,0.867,1.323,0.905,1.231,0.881,0.868,0.793,0.78,0.762,0.712,0.7,0.665,0.656,0.644,0.635,0.643,0.633,0.633,0.941,0.581,0.565,0.529,0.518,0.208,0.186,0.173,0.105,0.048,0.032,0.028,0.0,0.015,0.026,0.045,0.062,0.063,0.079,0.372,0.18,0.216,0.241,0.276,0.289,0.269,0.341,0.363,0.362,0.384,0.384,0.456,0.499,0.606,0.618,0.618,0.618,0.618,0.618,0.609,0.618,0.694,0.694,0.713,0.811,0.914,0.923,0.923,1.056,1.06,1.06,1.11,1.252,1.189,1.138,1.051,0.955,1.087,0.955,0.955,0.955,0.955,0.904,0.934,0.854,0.795,0.795,0.781,0.781,0.683,0.665,0.676,0.676,0.683,0.703,0.703,0.747,0.769,0.783,0.792,0.799,0.842,0.842,0.841,0.857,0.864,0.869,0.88,0.886,0.909,0.943,0.937,0.956,0.975,0.983,0.632,0.858,0.589,0.585,0.552,0.507,0.486,0.411,0.419,0.436,0.449,0.453,0.478,0.497,0.496,0.513,0.538,0.543,0.541,0.558,0.563,0.61,0.608,0.631,0.683,0.728,0.734,0.761,0.792,0.874,0.858,0.874,0.343,0.32,0.396,0.412,0.406,0.808,0.418,0.429,0.441,0.454,0.497,0.511,0.585,0.566,0.563,0.562,10.077
Point_204,15.661,2.57,2.57,2.607,1.334,0.829,0.545,0.583,0.583,0.583,0.624,0.65,0.182,0.198,0.25,0.25,0.273,0.285,0.301,0.339,0.37,0.273,0.411,0.417,0.441,0.45,0.462,0.471,0.492,0.51,0.502,0.414,0.622,0.608,0.556,0.484,0.483,0.448,0.45,0.432,0.432,0.403,0.395,0.372,0.284,0.239,0.302,0.314,0.337,0.342,0.349,0.365,0.375,0.375,0.379,0.387,0.422,0.405,0.405,0.441,0.456,0.456,0.456,0.367,0.365,0.343,0.254,0.255,0.238,0.219,0.223,0.188,0.11,0.123,0.127,0.164,0.178,0.242,0.331,0.347,0.288,0.288,0.414,0.425,0.425,0.425,0.463,0.451,0.467,0.469,0.467,0.519,0.496,0.519,0.617,0.649,0.712,0.56,0.564,0.598,0.628,0.646,0.732,0.712,0.801,0.791,0.732,0.89,0.89,0.89,0.938,0.938,0.938,0.938,0.938,0.965,0.973,1.053,1.005,1.017,1.033,1.037,1.168,1.085,1.095,1.169,1.228,1.18,1.179,1.185,1.208,1.204,1.087,1.087,1.067,1.056,1.055,1.026,1.071,1.058,1.095,1.131,1.124,1.138,1.089,0.999,1.058,1.143,1.163,1.2,1.213,1.256,1.256,1.201,1.201,1.175,1.13,1.149,1.084,1.068,1.009,0.989,0.415,1.046,0.634,1.037,1.007,0.976,0.962,0.941,0.925,0.923,0.852,1.308,0.89,1.216,0.866,0.853,0.777,0.764,0.746,0.697,0.685,0.65,0.641,0.628,0.619,0.628,0.618,0.617,0.925,0.566,0.549,0.514,0.503,0.223,0.202,0.189,0.12,0.063,0.047,0.043,0.015,0.0,0.01,0.029,0.046,0.047,0.064,0.356,0.165,0.201,0.225,0.26,0.274,0.253,0.326,0.347,0.346,0.369,0.369,0.441,0.483,0.59,0.603,0.603,0.603,0.603,0.603,0.593,0.603,0.679,0.679,0.698,0.795,0.899,0.907,0.907,1.04,1.044,1.044,1.095,1.237,1.173,1.122,1.035,0.939,1.071,0.939,0.939,0.939,0.939,0.889,0.919,0.839,0.779,0.779,0.765,0.765,0.668,0.65,0.661,0.661,0.668,0.687,0.687,0.731,0.753,0.767,0.777,0.783,0.827,0.827,0.825,0.841,0.849,0.854,0.864,0.87,0.893,0.928,0.921,0.94,0.96,0.968,0.647,0.842,0.604,0.6,0.568,0.523,0.501,0.426,0.435,0.451,0.434,0.438,0.463,0.482,0.48,0.498,0.522,0.528,0.526,0.542,0.548,0.595,0.592,0.615,0.668,0.712,0.719,0.746,0.776,0.858,0.843,0.858,0.327,0.304,0.38,0.397,0.391,0.793,0.403,0.414,0.425,0.439,0.482,0.496,0.569,0.55,0.548,0.547,10.093
Point_205,15.65,2.56,2.56,2.597,1.324,0.819,0.535,0.572,0.572,0.572,0.614,0.64,0.172,0.188,0.24,0.24,0.262,0.275,0.291,0.328,0.36,0.263,0.401,0.406,0.431,0.44,0.452,0.461,0.482,0.5,0.492,0.424,0.612,0.598,0.545,0.474,0.472,0.438,0.44,0.422,0.422,0.392,0.385,0.361,0.273,0.228,0.292,0.304,0.327,0.331,0.339,0.354,0.364,0.364,0.369,0.377,0.412,0.395,0.395,0.431,0.445,0.445,0.445,0.357,0.355,0.332,0.244,0.245,0.228,0.209,0.213,0.178,0.1,0.113,0.117,0.154,0.168,0.232,0.321,0.336,0.278,0.278,0.403,0.415,0.415,0.415,0.453,0.441,0.457,0.459,0.457,0.509,0.486,0.509,0.607,0.638,0.702,0.55,0.554,0.588,0.617,0.635,0.722,0.701,0.791,0.781,0.721,0.88,0.88,0.88,0.928,0.928,0.928,0.928,0.928,0.954,0.963,1.042,0.995,1.007,1.023,1.027,1.158,1.075,1.085,1.159,1.218,1.169,1.168,1.175,1.198,1.194,1.077,1.076,1.057,1.046,1.045,1.016,1.061,1.048,1.084,1.12,1.113,1.128,1.079,0.989,1.047,1.133,1.153,1.19,1.203,1.246,1.246,1.19,1.19,1.164,1.12,1.139,1.074,1.057,0.998,0.979,0.405,1.035,0.623,1.027,0.997,0.966,0.951,0.931,0.915,0.912,0.841,1.298,0.88,1.206,0.856,0.843,0.767,0.754,0.736,0.687,0.674,0.639,0.631,0.618,0.609,0.618,0.607,0.607,0.915,0.555,0.539,0.503,0.493,0.234,0.212,0.199,0.13,0.073,0.058,0.053,0.026,0.01,0.0,0.019,0.036,0.037,0.054,0.346,0.155,0.19,0.215,0.25,0.264,0.243,0.316,0.337,0.336,0.359,0.359,0.43,0.473,0.58,0.593,0.593,0.593,0.593,0.593,0.583,0.593,0.668,0.668,0.688,0.785,0.889,0.897,0.897,1.03,1.034,1.034,1.085,1.227,1.163,1.112,1.025,0.929,1.061,0.929,0.929,0.929,0.929,0.878,0.909,0.828,0.769,0.769,0.755,0.755,0.657,0.639,0.651,0.651,0.657,0.677,0.677,0.721,0.743,0.757,0.766,0.773,0.816,0.816,0.815,0.831,0.839,0.843,0.854,0.86,0.883,0.918,0.911,0.93,0.95,0.958,0.657,0.832,0.614,0.611,0.578,0.533,0.512,0.436,0.445,0.461,0.424,0.427,0.453,0.472,0.47,0.487,0.512,0.518,0.515,0.532,0.537,0.584,0.582,0.605,0.657,0.702,0.708,0.735,0.766,0.848,0.832,0.848,0.317,0.294,0.37,0.387,0.38,0.783,0.393,0.404,0.415,0.428,0.471,0.486,0.559,0.54,0.538,0.536,10.103
Point_206,15.632,2.541,2.541,2.578,1.305,0.8,0.516,0.554,0.554,0.554,0.595,0.621,0.153,0.169,0.221,0.221,0.244,0.256,0.272,0.31,0.341,0.244,0.382,0.388,0.412,0.421,0.433,0.442,0.463,0.481,0.473,0.443,0.593,0.579,0.527,0.455,0.454,0.419,0.421,0.403,0.403,0.374,0.366,0.343,0.255,0.21,0.273,0.285,0.308,0.313,0.32,0.336,0.346,0.346,0.35,0.358,0.393,0.376,0.376,0.412,0.427,0.427,0.427,0.338,0.336,0.314,0.225,0.226,0.209,0.19,0.194,0.159,0.081,0.094,0.098,0.135,0.149,0.213,0.302,0.318,0.259,0.259,0.385,0.396,0.396,0.396,0.434,0.422,0.438,0.44,0.438,0.49,0.467,0.49,0.588,0.62,0.683,0.531,0.535,0.569,0.599,0.617,0.703,0.682,0.772,0.762,0.702,0.861,0.861,0.861,0.909,0.909,0.909,0.909,0.909,0.936,0.944,1.024,0.976,0.988,1.004,1.008,1.139,1.056,1.066,1.14,1.199,1.151,1.15,1.156,1.179,1.175,1.058,1.058,1.038,1.027,1.026,0.997,1.042,1.029,1.066,1.101,1.095,1.109,1.06,0.97,1.029,1.114,1.134,1.171,1.184,1.227,1.227,1.172,1.172,1.146,1.101,1.12,1.055,1.039,0.98,0.96,0.386,1.017,0.605,1.008,0.978,0.947,0.932,0.912,0.896,0.894,0.823,1.279,0.861,1.187,0.837,0.824,0.748,0.735,0.717,0.668,0.656,0.621,0.612,0.599,0.59,0.599,0.588,0.588,0.896,0.537,0.52,0.485,0.474,0.252,0.231,0.218,0.149,0.092,0.076,0.072,0.045,0.029,0.019,0.0,0.017,0.018,0.035,0.327,0.136,0.172,0.196,0.231,0.245,0.224,0.297,0.318,0.317,0.34,0.34,0.412,0.454,0.561,0.574,0.574,0.574,0.574,0.574,0.564,0.574,0.65,0.65,0.669,0.766,0.87,0.878,0.878,1.011,1.015,1.015,1.066,1.208,1.144,1.093,1.006,0.91,1.042,0.91,0.91,0.91,0.91,0.86,0.89,0.81,0.75,0.75,0.736,0.736,0.639,0.621,0.632,0.632,0.639,0.658,0.658,0.702,0.724,0.738,0.748,0.754,0.797,0.797,0.796,0.812,0.82,0.825,0.835,0.841,0.864,0.899,0.892,0.911,0.931,0.939,0.676,0.813,0.633,0.629,0.597,0.552,0.53,0.455,0.464,0.48,0.405,0.409,0.434,0.453,0.451,0.469,0.493,0.499,0.497,0.513,0.519,0.566,0.563,0.586,0.638,0.683,0.69,0.717,0.747,0.829,0.814,0.829,0.298,0.275,0.351,0.368,0.362,0.764,0.374,0.385,0.396,0.41,0.453,0.467,0.54,0.521,0.519,0.518,10.122
Point_207,15.615,2.524,2.524,2.561,1.288,0.783,0.499,0.537,0.537,0.537,0.578,0.604,0.136,0.152,0.204,0.204,0.226,0.239,0.255,0.293,0.324,0.227,0.365,0.37,0.395,0.404,0.416,0.425,0.446,0.464,0.456,0.46,0.576,0.562,0.51,0.438,0.436,0.402,0.404,0.386,0.386,0.357,0.349,0.326,0.237,0.193,0.256,0.268,0.291,0.296,0.303,0.319,0.329,0.329,0.333,0.341,0.376,0.359,0.359,0.395,0.409,0.409,0.409,0.321,0.319,0.297,0.208,0.209,0.192,0.173,0.177,0.142,0.064,0.077,0.081,0.118,0.132,0.196,0.285,0.301,0.242,0.242,0.368,0.379,0.379,0.379,0.417,0.405,0.421,0.423,0.421,0.473,0.45,0.473,0.571,0.602,0.666,0.514,0.518,0.552,0.582,0.6,0.686,0.665,0.755,0.745,0.685,0.844,0.844,0.844,0.892,0.892,0.892,0.892,0.892,0.919,0.927,1.007,0.959,0.971,0.987,0.991,1.122,1.039,1.049,1.123,1.182,1.134,1.133,1.139,1.162,1.158,1.041,1.04,1.021,1.01,1.009,0.98,1.025,1.012,1.048,1.084,1.078,1.092,1.043,0.953,1.012,1.097,1.117,1.154,1.167,1.21,1.21,1.155,1.155,1.129,1.084,1.103,1.038,1.021,0.963,0.943,0.369,1.0,0.588,0.991,0.961,0.93,0.915,0.895,0.879,0.876,0.806,1.262,0.844,1.17,0.82,0.807,0.731,0.718,0.7,0.651,0.638,0.603,0.595,0.582,0.573,0.582,0.571,0.571,0.879,0.519,0.503,0.467,0.457,0.269,0.248,0.235,0.166,0.109,0.094,0.089,0.062,0.046,0.036,0.017,0.0,0.001,0.018,0.31,0.119,0.155,0.179,0.214,0.228,0.207,0.28,0.301,0.3,0.323,0.323,0.394,0.437,0.544,0.557,0.557,0.557,0.557,0.557,0.547,0.557,0.633,0.633,0.652,0.749,0.853,0.861,0.861,0.994,0.998,0.998,1.049,1.191,1.127,1.076,0.989,0.893,1.025,0.893,0.893,0.893,0.893,0.842,0.873,0.793,0.733,0.733,0.719,0.719,0.622,0.603,0.615,0.615,0.622,0.641,0.641,0.685,0.707,0.721,0.73,0.737,0.78,0.78,0.779,0.795,0.803,0.808,0.818,0.824,0.847,0.882,0.875,0.894,0.914,0.922,0.74,0.796,0.697,0.693,0.66,0.615,0.594,0.519,0.527,0.544,0.388,0.391,0.417,0.436,0.434,0.451,0.476,0.482,0.479,0.496,0.502,0.548,0.546,0.569,0.621,0.666,0.672,0.699,0.73,0.812,0.796,0.812,0.281,0.258,0.334,0.351,0.345,0.747,0.357,0.368,0.379,0.393,0.435,0.45,0.523,0.504,0.502,0.501,10.139
Point_208,15.614,2.523,2.523,2.56,1.287,0.782,0.498,0.536,0.536,0.536,0.577,0.603,0.135,0.151,0.203,0.203,0.225,0.238,0.254,0.292,0.323,0.226,0.364,0.369,0.394,0.403,0.415,0.424,0.445,0.463,0.455,0.461,0.575,0.561,0.509,0.437,0.435,0.401,0.403,0.385,0.385,0.356,0.348,0.325,0.236,0.192,0.255,0.267,0.29,0.295,0.302,0.318,0.328,0.328,0.332,0.34,0.375,0.358,0.358,0.394,0.408,0.408,0.409,0.32,0.318,0.296,0.207,0.208,0.191,0.172,0.176,0.141,0.063,0.076,0.08,0.117,0.131,0.195,0.284,0.3,0.241,0.241,0.367,0.378,0.378,0.378,0.416,0.404,0.42,0.422,0.42,0.472,0.449,0.472,0.57,0.601,0.665,0.513,0.517,0.551,0.581,0.599,0.685,0.664,0.754,0.744,0.684,0.843,0.843,0.843,0.891,0.891,0.891,0.891,0.891,0.918,0.926,1.006,0.958,0.97,0.986,0.99,1.121,1.038,1.048,1.122,1.181,1.133,1.132,1.138,1.161,1.157,1.04,1.04,1.02,1.009,1.008,0.979,1.024,1.011,1.048,1.083,1.077,1.091,1.042,0.952,1.011,1.096,1.116,1.153,1.166,1.209,1.209,1.154,1.154,1.128,1.083,1.102,1.037,1.02,0.962,0.942,0.368,0.999,0.587,0.99,0.96,0.929,0.914,0.894,0.878,0.875,0.805,1.261,0.843,1.169,0.819,0.806,0.73,0.717,0.699,0.65,0.638,0.602,0.594,0.581,0.572,0.581,0.57,0.57,0.878,0.519,0.502,0.466,0.456,0.27,0.249,0.236,0.167,0.11,0.095,0.09,0.063,0.047,0.037,0.018,0.001,0.0,0.017,0.309,0.118,0.154,0.178,0.213,0.227,0.206,0.279,0.3,0.299,0.322,0.322,0.393,0.436,0.543,0.556,0.556,0.556,0.556,0.556,0.546,0.556,0.632,0.632,0.651,0.748,0.852,0.86,0.86,0.993,0.997,0.997,1.048,1.19,1.126,1.075,0.988,0.892,1.024,0.892,0.892,0.892,0.892,0.841,0.872,0.792,0.732,0.732,0.718,0.718,0.621,0.603,0.614,0.614,0.621,0.64,0.64,0.684,0.706,0.72,0.73,0.736,0.779,0.779,0.778,0.794,0.802,0.807,0.817,0.823,0.846,0.881,0.874,0.893,0.913,0.921,0.739,0.795,0.696,0.692,0.659,0.615,0.593,0.518,0.526,0.543,0.387,0.39,0.416,0.435,0.433,0.451,0.475,0.481,0.478,0.495,0.501,0.547,0.545,0.568,0.62,0.665,0.672,0.699,0.729,0.811,0.796,0.811,0.28,0.257,0.333,0.35,0.344,0.746,0.356,0.367,0.378,0.392,0.435,0.449,0.522,0.503,0.501,0.5,10.14
Point_209,15.597,2.506,2.506,2.543,1.27,0.765,0.481,0.519,0.519,0.519,0.56,0.586,0.118,0.134,0.187,0.187,0.209,0.221,0.237,0.275,0.306,0.209,0.347,0.353,0.377,0.386,0.398,0.407,0.428,0.446,0.439,0.478,0.558,0.544,0.492,0.42,0.419,0.384,0.386,0.368,0.368,0.339,0.331,0.308,0.22,0.175,0.238,0.25,0.273,0.278,0.285,0.301,0.311,0.311,0.315,0.323,0.358,0.341,0.341,0.377,0.392,0.392,0.392,0.303,0.302,0.279,0.19,0.191,0.174,0.155,0.159,0.124,0.046,0.059,0.063,0.1,0.114,0.178,0.267,0.283,0.224,0.224,0.35,0.361,0.361,0.361,0.399,0.387,0.403,0.405,0.403,0.455,0.432,0.455,0.553,0.585,0.648,0.496,0.5,0.535,0.564,0.582,0.668,0.648,0.737,0.727,0.668,0.826,0.826,0.826,0.874,0.874,0.874,0.874,0.874,0.901,0.909,0.989,0.941,0.954,0.969,0.973,1.104,1.021,1.031,1.105,1.164,1.116,1.115,1.122,1.145,1.141,1.023,1.023,1.003,0.992,0.991,0.963,1.008,0.994,1.031,1.067,1.06,1.074,1.026,0.935,0.994,1.079,1.099,1.136,1.15,1.193,1.193,1.137,1.137,1.111,1.066,1.085,1.02,1.004,0.945,0.925,0.351,0.982,0.57,0.973,0.943,0.912,0.898,0.877,0.861,0.859,0.788,1.244,0.826,1.152,0.802,0.789,0.713,0.7,0.682,0.633,0.621,0.586,0.577,0.564,0.555,0.564,0.554,0.553,0.861,0.502,0.485,0.45,0.439,0.287,0.266,0.253,0.184,0.127,0.111,0.107,0.079,0.064,0.054,0.035,0.018,0.017,0.0,0.292,0.101,0.137,0.161,0.196,0.21,0.189,0.262,0.283,0.282,0.305,0.305,0.377,0.419,0.527,0.539,0.539,0.539,0.539,0.539,0.529,0.539,0.615,0.615,0.634,0.731,0.835,0.843,0.843,0.977,0.98,0.98,1.031,1.173,1.109,1.058,0.971,0.875,1.007,0.875,0.875,0.875,0.875,0.825,0.855,0.775,0.715,0.715,0.701,0.701,0.604,0.586,0.597,0.597,0.604,0.624,0.624,0.667,0.689,0.703,0.713,0.719,0.763,0.763,0.761,0.777,0.785,0.79,0.8,0.806,0.829,0.864,0.857,0.876,0.896,0.904,0.722,0.778,0.679,0.675,0.643,0.598,0.576,0.501,0.509,0.526,0.37,0.374,0.399,0.418,0.416,0.434,0.458,0.464,0.462,0.478,0.484,0.531,0.528,0.551,0.604,0.648,0.655,0.682,0.712,0.795,0.779,0.795,0.263,0.24,0.316,0.333,0.327,0.729,0.339,0.35,0.361,0.375,0.418,0.432,0.505,0.486,0.484,0.483,10.157
Point_210,15.733,2.642,2.642,2.679,1.406,0.901,0.617,0.655,0.655,0.655,0.696,0.722,0.254,0.27,0.323,0.323,0.345,0.357,0.373,0.411,0.442,0.429,0.483,0.489,0.513,0.522,0.534,0.543,0.564,0.582,0.575,0.667,0.778,0.764,0.712,0.64,0.639,0.604,0.606,0.588,0.588,0.559,0.551,0.528,0.439,0.395,0.458,0.47,0.493,0.498,0.505,0.521,0.531,0.531,0.535,0.543,0.578,0.561,0.561,0.597,0.612,0.612,0.612,0.535,0.533,0.51,0.41,0.411,0.394,0.375,0.379,0.344,0.246,0.279,0.283,0.32,0.334,0.398,0.487,0.503,0.444,0.444,0.57,0.581,0.581,0.581,0.619,0.607,0.623,0.625,0.623,0.675,0.652,0.675,0.773,0.805,0.868,0.716,0.72,0.754,0.784,0.802,0.888,0.867,0.957,0.947,0.887,1.046,1.046,1.046,1.094,1.094,1.094,1.094,1.094,1.121,1.129,1.209,1.161,1.173,1.189,1.193,1.324,1.241,1.251,1.325,1.384,1.336,1.335,1.341,1.364,1.36,1.243,1.243,1.223,1.212,1.211,1.182,1.227,1.214,1.251,1.286,1.28,1.294,1.245,1.155,1.214,1.299,1.319,1.356,1.369,1.412,1.412,1.357,1.357,1.331,1.286,1.305,1.24,1.223,1.165,1.145,0.571,1.202,0.79,1.193,1.163,1.132,1.117,1.097,1.081,1.078,1.008,1.018,1.046,1.372,0.642,0.654,0.73,0.743,0.902,0.853,0.841,0.806,0.797,0.784,0.775,0.784,0.773,0.773,1.081,0.722,0.705,0.669,0.659,0.479,0.276,0.289,0.358,0.419,0.404,0.399,0.372,0.356,0.346,0.327,0.31,0.309,0.292,0.0,0.237,0.273,0.297,0.332,0.346,0.325,0.398,0.419,0.418,0.441,0.441,0.513,0.46,0.503,0.516,0.516,0.516,0.516,0.516,0.506,0.516,0.592,0.592,0.611,0.708,0.812,0.82,0.82,0.953,0.957,0.957,1.008,1.235,1.086,1.194,0.948,0.852,0.984,0.852,0.852,0.852,0.852,0.801,0.832,0.752,0.692,0.692,0.678,0.678,0.581,0.563,0.574,0.574,0.581,0.6,0.6,0.644,0.666,0.68,0.69,0.696,0.739,0.739,0.738,0.754,0.762,0.767,0.777,0.783,0.806,0.841,0.834,0.853,0.873,0.881,0.43,0.491,0.387,0.383,0.35,0.305,0.284,0.209,0.217,0.234,0.078,0.081,0.107,0.126,0.124,0.141,0.166,0.172,0.169,0.186,0.192,0.238,0.236,0.259,0.442,0.487,0.493,0.52,0.551,0.633,0.617,0.633,0.138,0.115,0.191,0.207,0.201,0.568,0.214,0.225,0.236,0.249,0.292,0.307,0.38,0.393,0.395,0.396,9.99
Point_211,15.496,2.405,2.405,2.442,1.169,0.664,0.377,0.414,0.414,0.414,0.456,0.482,0.017,0.033,0.086,0.086,0.108,0.12,0.136,0.174,0.205,0.296,0.247,0.252,0.276,0.286,0.297,0.306,0.327,0.345,0.338,0.932,0.509,0.523,0.575,0.437,0.438,0.473,0.471,0.489,0.489,0.518,0.526,0.549,0.56,0.48,0.418,0.406,0.383,0.378,0.371,0.355,0.345,0.345,0.341,0.333,0.332,0.309,0.315,0.351,0.365,0.365,0.365,0.298,0.296,0.273,0.315,0.314,0.331,0.35,0.346,0.381,0.564,0.446,0.442,0.44,0.454,0.478,0.59,0.623,0.565,0.565,0.69,0.702,0.702,0.702,0.739,0.727,0.743,0.745,0.743,0.796,0.772,0.796,0.893,0.925,0.988,0.836,0.84,0.875,0.904,0.922,1.008,0.988,1.077,1.068,1.008,1.166,1.166,1.166,1.214,1.214,1.214,1.214,1.214,1.241,1.249,1.329,1.281,1.294,1.31,1.313,1.444,1.362,1.371,1.446,1.504,1.456,1.455,1.462,1.485,1.481,1.363,1.363,1.344,1.332,1.331,1.303,1.348,1.334,1.371,1.407,1.4,1.414,1.366,1.275,1.334,1.42,1.439,1.476,1.49,1.533,1.533,1.477,1.477,1.451,1.407,1.425,1.361,1.344,1.285,1.265,0.506,1.322,0.91,1.314,1.283,1.252,1.238,1.217,1.201,1.199,1.128,1.584,1.166,1.492,1.142,1.129,1.053,1.04,1.023,0.973,0.961,0.926,0.917,0.905,0.896,0.904,0.894,0.893,1.201,0.842,0.826,0.79,0.779,0.741,0.771,0.758,0.689,0.632,0.617,0.612,0.585,0.569,0.559,0.54,0.523,0.522,0.505,0.747,0.0,0.032,0.057,0.092,0.106,0.085,0.158,0.179,0.178,0.201,0.201,0.272,0.315,0.422,0.434,0.434,0.434,0.434,0.434,0.425,0.434,0.51,0.51,0.53,0.627,0.731,0.739,0.739,0.872,0.876,0.876,0.926,1.069,1.005,0.954,0.867,0.771,0.903,0.771,0.771,0.771,0.771,0.72,0.751,0.67,0.611,0.611,0.597,0.597,0.499,0.481,0.493,0.493,0.499,0.519,0.519,0.563,0.585,0.599,0.608,0.615,0.658,0.658,0.657,0.673,0.681,0.685,0.696,0.702,0.725,0.76,0.753,0.772,0.791,0.799,0.682,0.674,0.725,0.729,0.761,0.806,0.827,0.903,0.894,0.878,0.794,0.791,0.766,0.747,0.748,0.731,0.706,0.7,0.703,0.686,0.681,0.634,0.636,0.613,0.499,0.544,0.55,0.577,0.608,0.69,0.674,0.69,0.637,0.66,0.584,0.567,0.573,0.625,0.561,0.55,0.539,0.525,0.482,0.468,0.395,0.382,0.38,0.378,10.477
Point_212,15.52,2.43,2.43,2.467,1.194,0.689,0.344,0.382,0.382,0.382,0.423,0.449,0.491,0.507,0.559,0.559,0.581,0.594,0.61,0.647,0.678,0.715,0.72,0.725,0.75,0.759,0.771,0.78,0.801,0.819,0.811,1.097,1.064,1.05,0.998,0.926,0.924,0.89,0.892,0.874,0.874,0.844,0.837,0.814,0.725,0.681,0.744,0.756,0.779,0.784,0.791,0.807,0.817,0.817,0.821,0.829,0.864,0.847,0.847,0.883,0.897,0.897,0.897,0.771,0.77,0.747,0.696,0.697,0.68,0.661,0.665,0.63,0.532,0.565,0.569,0.606,0.62,0.684,0.773,0.788,0.73,0.73,0.856,0.867,0.867,0.867,0.905,0.893,0.909,0.911,0.909,0.961,0.938,0.961,1.059,1.09,1.154,1.002,1.006,1.04,1.07,1.088,1.174,1.153,1.243,1.233,1.173,1.332,1.332,1.332,1.38,1.38,1.38,1.38,1.38,1.406,1.415,1.495,1.447,1.459,1.475,1.479,1.61,1.527,1.537,1.611,1.67,1.622,1.621,1.627,1.65,1.646,1.529,1.528,1.509,1.498,1.497,1.468,1.513,1.5,1.536,1.572,1.566,1.58,1.531,1.441,1.5,1.585,1.605,1.642,1.655,1.698,1.698,1.643,1.643,1.617,1.572,1.591,1.526,1.509,1.451,1.431,0.857,1.488,1.076,1.479,1.449,1.418,1.403,1.383,1.367,1.364,1.294,1.75,1.332,1.658,1.308,1.295,1.219,1.206,1.188,1.139,1.126,1.091,1.083,1.07,1.061,1.07,1.059,1.059,1.367,1.007,0.991,0.955,0.945,0.907,0.844,0.831,0.762,0.705,0.689,0.685,0.658,0.642,0.632,0.613,0.596,0.595,0.578,0.714,0.812,0.0,0.002,0.06,0.073,0.052,0.125,0.146,0.146,0.168,0.168,0.24,0.283,0.39,0.402,0.402,0.402,0.402,0.402,0.392,0.402,0.478,0.478,0.497,0.595,0.698,0.707,0.707,0.84,0.844,0.844,0.894,1.036,0.973,0.922,0.835,0.738,0.871,0.738,0.738,0.738,0.738,0.688,0.718,0.638,0.579,0.579,0.564,0.564,0.467,0.449,0.46,0.46,0.467,0.487,0.487,0.53,0.552,0.566,0.576,0.582,0.626,0.626,0.625,0.64,0.648,0.653,0.663,0.67,0.692,0.727,0.721,0.739,0.759,0.767,0.649,0.641,0.692,0.696,0.729,0.774,0.795,0.87,0.862,0.845,0.762,0.758,0.733,0.714,0.716,0.698,0.674,0.668,0.67,0.654,0.648,0.602,0.604,0.581,0.467,0.512,0.518,0.545,0.575,0.658,0.642,0.658,0.604,0.627,0.551,0.535,0.541,0.592,0.529,0.518,0.507,0.493,0.45,0.436,0.362,0.349,0.347,0.346,10.445
Point_213,15.517,2.427,2.427,2.464,1.191,0.686,0.341,0.379,0.379,0.379,0.42,0.446,0.488,0.504,0.556,0.556,0.578,0.591,0.607,0.644,0.675,0.712,0.717,0.722,0.747,0.756,0.768,0.777,0.798,0.816,0.808,1.094,1.061,1.047,0.995,0.923,0.921,0.887,0.889,0.871,0.871,0.841,0.834,0.811,0.722,0.678,0.741,0.753,0.776,0.781,0.788,0.804,0.814,0.814,0.818,0.826,0.861,0.844,0.844,0.88,0.894,0.894,0.894,0.768,0.767,0.744,0.693,0.694,0.677,0.658,0.662,0.627,0.529,0.562,0.566,0.603,0.617,0.681,0.77,0.785,0.727,0.727,0.853,0.864,0.864,0.864,0.902,0.89,0.906,0.908,0.906,0.958,0.935,0.958,1.056,1.087,1.151,0.999,1.003,1.037,1.067,1.085,1.171,1.15,1.24,1.23,1.17,1.329,1.329,1.329,1.377,1.377,1.377,1.377,1.377,1.403,1.412,1.492,1.444,1.456,1.472,1.476,1.607,1.524,1.534,1.608,1.667,1.619,1.618,1.624,1.647,1.643,1.526,1.525,1.506,1.495,1.494,1.465,1.51,1.497,1.533,1.569,1.563,1.577,1.528,1.438,1.497,1.582,1.602,1.639,1.652,1.695,1.695,1.64,1.64,1.614,1.569,1.588,1.523,1.506,1.448,1.428,0.854,1.485,1.073,1.476,1.446,1.415,1.4,1.38,1.364,1.361,1.291,1.747,1.329,1.655,1.305,1.292,1.216,1.203,1.185,1.136,1.123,1.088,1.08,1.067,1.058,1.067,1.056,1.056,1.364,1.004,0.988,0.952,0.942,0.904,0.841,0.828,0.759,0.702,0.686,0.682,0.655,0.639,0.629,0.61,0.593,0.592,0.575,0.711,0.809,0.002,0.0,0.057,0.07,0.049,0.122,0.143,0.143,0.165,0.165,0.237,0.28,0.387,0.399,0.399,0.399,0.399,0.399,0.389,0.399,0.475,0.475,0.494,0.592,0.695,0.704,0.704,0.837,0.841,0.841,0.891,1.033,0.97,0.919,0.832,0.735,0.868,0.735,0.735,0.735,0.735,0.685,0.715,0.635,0.576,0.576,0.561,0.561,0.464,0.446,0.457,0.457,0.464,0.484,0.484,0.527,0.549,0.563,0.573,0.579,0.623,0.623,0.622,0.637,0.645,0.65,0.66,0.667,0.689,0.724,0.718,0.736,0.756,0.764,0.646,0.638,0.689,0.693,0.726,0.771,0.792,0.867,0.859,0.842,0.759,0.755,0.73,0.711,0.713,0.695,0.671,0.665,0.667,0.651,0.645,0.599,0.601,0.578,0.464,0.509,0.515,0.542,0.572,0.655,0.639,0.655,0.601,0.624,0.548,0.532,0.538,0.589,0.526,0.515,0.504,0.49,0.447,0.433,0.359,0.346,0.344,0.343,10.442
Point_214,15.461,2.37,2.37,2.407,1.135,0.629,0.285,0.322,0.322,0.322,0.364,0.39,0.431,0.447,0.499,0.499,0.522,0.534,0.55,0.588,0.619,0.655,0.66,0.666,0.69,0.699,0.711,0.72,0.741,0.759,0.751,1.038,1.004,0.991,0.938,0.866,0.865,0.83,0.832,0.814,0.814,0.785,0.777,0.754,0.666,0.621,0.684,0.696,0.719,0.724,0.731,0.747,0.757,0.757,0.761,0.769,0.804,0.787,0.787,0.824,0.838,0.838,0.838,0.712,0.71,0.687,0.636,0.637,0.62,0.602,0.606,0.57,0.472,0.505,0.509,0.546,0.56,0.624,0.713,0.729,0.671,0.671,0.796,0.808,0.808,0.808,0.845,0.833,0.849,0.851,0.849,0.902,0.878,0.902,0.999,1.031,1.094,0.942,0.946,0.981,1.01,1.028,1.114,1.094,1.183,1.174,1.114,1.272,1.272,1.272,1.32,1.32,1.32,1.32,1.32,1.347,1.355,1.435,1.387,1.4,1.416,1.419,1.55,1.468,1.477,1.552,1.61,1.562,1.561,1.568,1.591,1.587,1.469,1.469,1.45,1.438,1.437,1.409,1.454,1.44,1.477,1.513,1.506,1.52,1.472,1.381,1.44,1.526,1.545,1.582,1.596,1.639,1.639,1.583,1.583,1.557,1.513,1.531,1.467,1.45,1.391,1.371,0.797,1.428,1.016,1.42,1.389,1.358,1.344,1.323,1.307,1.305,1.234,1.69,1.272,1.598,1.248,1.235,1.159,1.146,1.129,1.079,1.067,1.032,1.023,1.011,1.002,1.01,1.0,0.999,1.307,0.948,0.932,0.896,0.885,0.847,0.784,0.771,0.702,0.646,0.63,0.626,0.598,0.582,0.572,0.553,0.536,0.535,0.518,0.654,0.753,0.789,0.813,0.0,0.014,0.841,0.066,0.087,0.086,0.109,0.109,0.18,0.223,0.33,0.342,0.342,0.342,0.342,0.342,0.333,0.342,0.418,0.418,0.438,0.535,0.639,0.647,0.647,0.78,0.784,0.784,0.834,0.977,0.913,0.862,0.775,0.679,0.811,0.679,0.679,0.679,0.679,0.628,0.659,0.578,0.519,0.519,0.505,0.505,0.407,0.389,0.401,0.401,0.407,0.427,0.427,0.471,0.493,0.507,0.516,0.523,0.566,0.566,0.565,0.581,0.588,0.593,0.604,0.61,0.633,0.668,0.661,0.68,0.699,0.707,0.59,0.582,0.633,0.636,0.669,0.714,0.735,0.811,0.802,0.786,0.702,0.699,0.673,0.655,0.656,0.639,0.614,0.608,0.611,0.594,0.589,0.542,0.544,0.521,0.407,0.452,0.458,0.485,0.516,0.598,0.582,0.598,0.545,0.568,0.492,0.475,0.481,0.533,0.469,0.458,0.447,0.433,0.39,0.376,0.303,0.29,0.288,0.286,10.385
Point_215,15.447,2.357,2.357,2.394,1.121,0.616,0.271,0.309,0.309,0.309,0.35,0.376,0.417,0.434,0.486,0.486,0.508,0.521,0.537,0.574,0.605,0.642,0.647,0.652,0.677,0.686,0.698,0.707,0.728,0.746,0.738,1.024,0.991,0.977,0.924,0.853,0.851,0.817,0.819,0.801,0.801,0.771,0.764,0.74,0.652,0.607,0.671,0.682,0.706,0.71,0.718,0.733,0.743,0.743,0.748,0.756,0.791,0.774,0.774,0.81,0.824,0.824,0.824,0.698,0.697,0.674,0.623,0.624,0.607,0.588,0.592,0.557,0.459,0.492,0.496,0.533,0.547,0.611,0.7,0.715,0.657,0.657,0.782,0.794,0.794,0.794,0.832,0.82,0.836,0.837,0.836,0.888,0.865,0.888,0.986,1.017,1.081,0.929,0.933,0.967,0.996,1.014,1.101,1.08,1.17,1.16,1.1,1.259,1.259,1.259,1.307,1.307,1.307,1.307,1.307,1.333,1.342,1.421,1.374,1.386,1.402,1.406,1.537,1.454,1.464,1.538,1.597,1.548,1.547,1.554,1.577,1.573,1.456,1.455,1.436,1.425,1.424,1.395,1.44,1.426,1.463,1.499,1.492,1.507,1.458,1.368,1.426,1.512,1.532,1.569,1.582,1.625,1.625,1.569,1.569,1.543,1.499,1.518,1.453,1.436,1.377,1.358,0.784,1.414,1.002,1.406,1.376,1.345,1.33,1.31,1.294,1.291,1.22,1.677,1.259,1.585,1.235,1.222,1.146,1.133,1.115,1.066,1.053,1.018,1.01,0.997,0.988,0.997,0.986,0.986,1.294,0.934,0.918,0.882,0.872,0.833,0.771,0.758,0.689,0.632,0.616,0.612,0.584,0.569,0.559,0.54,0.523,0.522,0.505,0.641,0.739,0.775,0.8,0.835,0.0,0.828,0.052,0.073,0.073,0.095,0.095,0.167,0.209,0.317,0.329,0.329,0.329,0.329,0.329,0.319,0.329,0.405,0.405,0.424,0.522,0.625,0.633,0.633,0.767,0.77,0.77,0.821,0.963,0.9,0.848,0.761,0.665,0.797,0.665,0.665,0.665,0.665,0.615,0.645,0.565,0.506,0.506,0.491,0.491,0.394,0.376,0.387,0.387,0.394,0.414,0.414,0.457,0.479,0.493,0.503,0.509,0.553,0.553,0.552,0.567,0.575,0.58,0.59,0.597,0.619,0.654,0.647,0.666,0.686,0.694,0.576,0.568,0.619,0.623,0.656,0.701,0.722,0.797,0.789,0.772,0.689,0.685,0.66,0.641,0.643,0.625,0.601,0.595,0.597,0.58,0.575,0.528,0.531,0.508,0.394,0.439,0.445,0.472,0.502,0.585,0.569,0.585,0.531,0.554,0.478,0.462,0.468,0.519,0.455,0.445,0.433,0.42,0.377,0.363,0.289,0.276,0.274,0.273,10.371
Point_216,15.468,2.377,2.377,2.414,1.142,0.636,0.292,0.33,0.33,0.33,0.371,0.397,0.438,0.454,0.507,0.507,0.529,0.541,0.557,0.595,0.626,0.662,0.667,0.673,0.697,0.707,0.718,0.727,0.748,0.766,0.759,1.045,1.011,0.998,0.945,0.873,0.872,0.837,0.839,0.821,0.821,0.792,0.784,0.761,0.673,0.628,0.691,0.703,0.727,0.731,0.738,0.754,0.764,0.764,0.768,0.776,0.812,0.795,0.795,0.831,0.845,0.845,0.845,0.719,0.717,0.694,0.644,0.644,0.627,0.609,0.613,0.577,0.479,0.513,0.516,0.553,0.567,0.631,0.72,0.736,0.678,0.678,0.803,0.815,0.815,0.815,0.853,0.84,0.856,0.858,0.856,0.909,0.885,0.909,1.006,1.038,1.101,0.949,0.953,0.988,1.017,1.035,1.121,1.101,1.19,1.181,1.121,1.279,1.279,1.279,1.327,1.327,1.327,1.327,1.327,1.354,1.363,1.442,1.394,1.407,1.423,1.427,1.557,1.475,1.484,1.559,1.617,1.569,1.568,1.575,1.598,1.594,1.476,1.476,1.457,1.445,1.445,1.416,1.461,1.447,1.484,1.52,1.513,1.527,1.479,1.388,1.447,1.533,1.552,1.589,1.603,1.646,1.646,1.59,1.59,1.564,1.52,1.538,1.474,1.457,1.398,1.378,0.804,1.435,1.023,1.427,1.397,1.365,1.351,1.33,1.315,1.312,1.241,1.697,1.279,1.605,1.255,1.242,1.167,1.154,1.136,1.086,1.074,1.039,1.03,1.018,1.009,1.017,1.007,1.006,1.315,0.955,0.939,0.903,0.892,0.854,0.791,0.778,0.71,0.653,0.637,0.633,0.605,0.59,0.579,0.561,0.543,0.542,0.526,0.662,0.76,0.796,0.82,0.007,0.021,0.0,0.073,0.094,0.093,0.116,0.116,0.187,0.23,0.337,0.35,0.35,0.35,0.35,0.35,0.34,0.35,0.426,0.426,0.445,0.542,0.646,0.654,0.654,0.787,0.791,0.791,0.842,0.984,0.92,0.869,0.782,0.686,0.818,0.686,0.686,0.686,0.686,0.635,0.666,0.585,0.526,0.526,0.512,0.512,0.415,0.396,0.408,0.408,0.415,0.434,0.434,0.478,0.5,0.514,0.523,0.53,0.573,0.573,0.572,0.588,0.596,0.6,0.611,0.617,0.64,0.675,0.668,0.687,0.707,0.715,0.597,0.589,0.64,0.644,0.676,0.721,0.743,0.818,0.81,0.793,0.71,0.706,0.681,0.662,0.663,0.646,0.621,0.616,0.618,0.601,0.596,0.549,0.551,0.529,0.414,0.459,0.465,0.492,0.523,0.605,0.589,0.605,0.552,0.575,0.499,0.482,0.488,0.54,0.476,0.465,0.454,0.44,0.397,0.383,0.31,0.297,0.295,0.294,10.392
Point_217,15.393,2.302,2.302,2.339,1.066,0.561,0.216,0.254,0.254,0.254,0.296,0.321,0.363,0.379,0.431,0.431,0.453,0.466,0.482,0.519,0.551,0.587,0.592,0.597,0.622,0.631,0.643,0.652,0.673,0.691,0.683,0.969,0.936,0.922,0.87,0.798,0.797,0.762,0.764,0.746,0.746,0.717,0.709,0.686,0.598,0.553,0.616,0.628,0.651,0.656,0.663,0.679,0.689,0.689,0.693,0.701,0.736,0.719,0.719,0.755,0.77,0.77,0.77,0.644,0.642,0.619,0.568,0.569,0.552,0.533,0.537,0.502,0.404,0.437,0.441,0.478,0.492,0.556,0.645,0.661,0.602,0.602,0.728,0.739,0.739,0.739,0.777,0.765,0.781,0.783,0.781,0.833,0.81,0.833,0.931,0.963,1.026,0.874,0.878,0.912,0.942,0.96,1.046,1.026,1.115,1.105,1.046,1.204,1.204,1.204,1.252,1.252,1.252,1.252,1.252,1.279,1.287,1.367,1.319,1.331,1.347,1.351,1.482,1.399,1.409,1.483,1.542,1.494,1.493,1.499,1.522,1.518,1.401,1.401,1.381,1.37,1.369,1.34,1.385,1.372,1.409,1.445,1.438,1.452,1.403,1.313,1.372,1.457,1.477,1.514,1.527,1.57,1.57,1.515,1.515,1.489,1.444,1.463,1.398,1.382,1.323,1.303,0.729,1.36,0.948,1.351,1.321,1.29,1.276,1.255,1.239,1.237,1.166,1.622,1.204,1.53,1.18,1.167,1.091,1.078,1.06,1.011,0.999,0.964,0.955,0.942,0.933,0.942,0.932,0.931,1.239,0.88,0.863,0.828,0.817,0.779,0.716,0.703,0.634,0.577,0.562,0.557,0.53,0.514,0.504,0.485,0.468,0.467,0.45,0.586,0.685,0.72,0.745,0.78,0.794,0.773,0.0,0.019,0.018,0.04,0.04,0.112,0.155,0.262,0.274,0.274,0.274,0.274,0.274,0.264,0.274,0.35,0.35,0.369,0.467,0.57,0.579,0.579,0.712,0.716,0.716,0.766,0.908,0.845,0.794,0.707,0.611,0.743,0.611,0.611,0.611,0.611,0.56,0.59,0.51,0.451,0.451,0.437,0.437,0.339,0.321,0.332,0.332,0.339,0.359,0.359,0.403,0.425,0.439,0.448,0.455,0.498,0.498,0.497,0.513,0.52,0.525,0.536,0.542,0.565,0.599,0.593,0.612,0.631,0.639,0.522,0.514,0.565,0.568,0.601,0.646,0.667,0.743,0.734,0.718,0.634,0.631,0.605,0.586,0.588,0.571,0.546,0.54,0.543,0.526,0.521,0.474,0.476,0.453,0.339,0.384,0.39,0.417,0.448,0.53,0.514,0.53,0.477,0.499,0.423,0.407,0.413,0.464,0.401,0.39,0.379,0.365,0.322,0.308,0.235,0.222,0.219,0.218,10.317
Point_218,15.374,2.283,2.283,2.321,1.048,0.542,0.198,0.236,0.236,0.236,0.277,0.303,0.344,0.36,0.413,0.413,0.435,0.447,0.463,0.501,0.532,0.568,0.574,0.579,0.603,0.613,0.624,0.633,0.654,0.672,0.665,0.951,0.917,0.904,0.851,0.779,0.778,0.743,0.746,0.728,0.728,0.698,0.691,0.667,0.579,0.534,0.597,0.609,0.633,0.637,0.644,0.66,0.67,0.67,0.674,0.682,0.718,0.701,0.701,0.737,0.751,0.751,0.751,0.625,0.623,0.6,0.55,0.55,0.533,0.515,0.519,0.483,0.386,0.419,0.422,0.46,0.473,0.537,0.627,0.642,0.584,0.584,0.709,0.721,0.721,0.721,0.759,0.747,0.763,0.764,0.763,0.815,0.791,0.815,0.913,0.944,1.007,0.856,0.859,0.894,0.923,0.941,1.027,1.007,1.096,1.087,1.027,1.185,1.185,1.185,1.233,1.233,1.233,1.233,1.233,1.26,1.269,1.348,1.301,1.313,1.329,1.333,1.463,1.381,1.391,1.465,1.524,1.475,1.474,1.481,1.504,1.5,1.382,1.382,1.363,1.351,1.351,1.322,1.367,1.353,1.39,1.426,1.419,1.433,1.385,1.295,1.353,1.439,1.458,1.495,1.509,1.552,1.552,1.496,1.496,1.47,1.426,1.444,1.38,1.363,1.304,1.284,0.711,1.341,0.929,1.333,1.303,1.271,1.257,1.236,1.221,1.218,1.147,1.603,1.185,1.511,1.161,1.148,1.073,1.06,1.042,0.992,0.98,0.945,0.936,0.924,0.915,0.923,0.913,0.913,1.221,0.861,0.845,0.809,0.798,0.76,0.697,0.684,0.616,0.559,0.543,0.539,0.511,0.496,0.485,0.467,0.45,0.449,0.432,0.568,0.666,0.702,0.726,0.761,0.775,0.754,0.827,0.0,0.848,0.022,0.022,0.093,0.136,0.243,0.256,0.256,0.256,0.256,0.256,0.246,0.256,0.332,0.332,0.351,0.448,0.552,0.56,0.56,0.693,0.697,0.697,0.748,0.89,0.826,0.775,0.688,0.592,0.724,0.592,0.592,0.592,0.592,0.541,0.572,0.492,0.432,0.432,0.418,0.418,0.321,0.303,0.314,0.314,0.321,0.34,0.34,0.384,0.406,0.42,0.43,0.436,0.479,0.479,0.478,0.494,0.502,0.507,0.517,0.523,0.546,0.581,0.574,0.593,0.613,0.621,0.503,0.495,0.546,0.55,0.582,0.627,0.649,0.724,0.716,0.699,0.616,0.612,0.587,0.568,0.569,0.552,0.527,0.522,0.524,0.507,0.502,0.455,0.457,0.435,0.32,0.365,0.372,0.399,0.429,0.511,0.496,0.511,0.458,0.481,0.405,0.388,0.395,0.446,0.382,0.371,0.36,0.347,0.304,0.289,0.216,0.203,0.201,0.2,10.298
Point_219,15.375,2.284,2.284,2.321,1.049,0.543,0.199,0.236,0.236,0.236,0.278,0.304,0.345,0.361,0.413,0.413,0.435,0.448,0.464,0.502,0.533,0.569,0.574,0.579,0.604,0.613,0.625,0.634,0.655,0.673,0.665,0.952,0.918,0.904,0.852,0.78,0.779,0.744,0.746,0.728,0.728,0.699,0.691,0.668,0.58,0.535,0.598,0.61,0.633,0.638,0.645,0.661,0.671,0.671,0.675,0.683,0.718,0.701,0.701,0.737,0.752,0.752,0.752,0.626,0.624,0.601,0.55,0.551,0.534,0.515,0.52,0.484,0.386,0.419,0.423,0.46,0.474,0.538,0.627,0.643,0.584,0.584,0.71,0.721,0.721,0.721,0.759,0.747,0.763,0.765,0.763,0.815,0.792,0.815,0.913,0.945,1.008,0.856,0.86,0.895,0.924,0.942,1.028,1.008,1.097,1.088,1.028,1.186,1.186,1.186,1.234,1.234,1.234,1.234,1.234,1.261,1.269,1.349,1.301,1.314,1.329,1.333,1.464,1.382,1.391,1.465,1.524,1.476,1.475,1.482,1.505,1.501,1.383,1.383,1.364,1.352,1.351,1.323,1.368,1.354,1.391,1.427,1.42,1.434,1.386,1.295,1.354,1.44,1.459,1.496,1.51,1.553,1.553,1.497,1.497,1.471,1.427,1.445,1.381,1.364,1.305,1.285,0.711,1.342,0.93,1.333,1.303,1.272,1.258,1.237,1.221,1.219,1.148,1.604,1.186,1.512,1.162,1.149,1.073,1.06,1.042,0.993,0.981,0.946,0.937,0.924,0.915,0.924,0.914,0.913,1.221,0.862,0.846,0.81,0.799,0.761,0.698,0.685,0.616,0.56,0.544,0.54,0.512,0.496,0.486,0.467,0.45,0.449,0.432,0.568,0.667,0.703,0.727,0.762,0.776,0.755,0.828,0.001,0.0,0.023,0.023,0.094,0.137,0.244,0.256,0.256,0.256,0.256,0.256,0.247,0.256,0.332,0.332,0.351,0.449,0.553,0.561,0.561,0.694,0.698,0.698,0.748,0.891,0.827,0.776,0.689,0.593,0.725,0.593,0.593,0.593,0.593,0.542,0.572,0.492,0.433,0.433,0.419,0.419,0.321,0.303,0.314,0.314,0.321,0.341,0.341,0.385,0.407,0.421,0.43,0.437,0.48,0.48,0.479,0.495,0.502,0.507,0.518,0.524,0.547,0.582,0.575,0.594,0.613,0.621,0.504,0.496,0.547,0.55,0.583,0.628,0.649,0.725,0.716,0.7,0.616,0.613,0.587,0.569,0.57,0.553,0.528,0.522,0.525,0.508,0.503,0.456,0.458,0.435,0.321,0.366,0.372,0.399,0.43,0.512,0.496,0.512,0.459,0.481,0.406,0.389,0.395,0.447,0.383,0.372,0.361,0.347,0.304,0.29,0.217,0.204,0.202,0.2,10.299
Point_220,15.352,2.262,2.262,2.299,1.026,0.521,0.176,0.214,0.214,0.214,0.255,0.281,0.322,0.339,0.391,0.391,0.413,0.426,0.441,0.479,0.51,0.547,0.552,0.557,0.581,0.591,0.603,0.611,0.633,0.651,0.643,0.929,0.895,0.882,0.829,0.758,0.756,0.722,0.724,0.706,0.706,0.676,0.669,0.645,0.557,0.512,0.576,0.587,0.611,0.615,0.623,0.638,0.648,0.648,0.653,0.66,0.696,0.679,0.679,0.715,0.729,0.729,0.729,0.603,0.601,0.579,0.528,0.528,0.512,0.493,0.497,0.461,0.364,0.397,0.401,0.438,0.451,0.515,0.605,0.62,0.562,0.562,0.687,0.699,0.699,0.699,0.737,0.725,0.741,0.742,0.741,0.793,0.77,0.793,0.891,0.922,0.986,0.834,0.838,0.872,0.901,0.919,1.005,0.985,1.075,1.065,1.005,1.164,1.164,1.164,1.212,1.212,1.212,1.212,1.212,1.238,1.247,1.326,1.279,1.291,1.307,1.311,1.441,1.359,1.369,1.443,1.502,1.453,1.452,1.459,1.482,1.478,1.36,1.36,1.341,1.329,1.329,1.3,1.345,1.331,1.368,1.404,1.397,1.412,1.363,1.273,1.331,1.417,1.437,1.474,1.487,1.53,1.53,1.474,1.474,1.448,1.404,1.422,1.358,1.341,1.282,1.263,0.689,1.319,0.907,1.311,1.281,1.25,1.235,1.214,1.199,1.196,1.125,1.582,1.164,1.489,1.139,1.127,1.051,1.038,1.02,0.971,0.958,0.923,0.914,0.902,0.893,0.901,0.891,0.891,1.199,0.839,0.823,0.787,0.777,0.738,0.676,0.662,0.594,0.537,0.521,0.517,0.489,0.474,0.464,0.445,0.428,0.427,0.41,0.546,0.644,0.68,0.705,0.74,0.753,0.732,0.805,0.826,0.826,0.0,0.0,0.072,0.114,0.222,0.234,0.234,0.234,0.234,0.234,0.224,0.234,0.31,0.31,0.329,0.427,0.53,0.538,0.538,0.672,0.675,0.675,0.726,0.868,0.804,0.753,0.666,0.57,0.702,0.57,0.57,0.57,0.57,0.52,0.55,0.47,0.41,0.41,0.396,0.396,0.299,0.281,0.292,0.292,0.299,0.319,0.319,0.362,0.384,0.398,0.408,0.414,0.458,0.458,0.457,0.472,0.48,0.485,0.495,0.502,0.524,0.559,0.552,0.571,0.591,0.599,0.481,0.473,0.524,0.528,0.561,0.606,0.627,0.702,0.694,0.677,0.594,0.59,0.565,0.546,0.547,0.53,0.506,0.5,0.502,0.485,0.48,0.433,0.436,0.413,0.299,0.343,0.35,0.377,0.407,0.49,0.474,0.49,0.436,0.459,0.383,0.367,0.373,0.424,0.36,0.35,0.338,0.325,0.282,0.268,0.194,0.181,0.179,0.178,10.276
Point_221,15.352,2.262,2.262,2.299,1.026,0.521,0.176,0.214,0.214,0.214,0.255,0.281,0.322,0.339,0.391,0.391,0.413,0.426,0.441,0.479,0.51,0.547,0.552,0.557,0.581,0.591,0.603,0.611,0.633,0.651,0.643,0.929,0.895,0.882,0.829,0.758,0.756,0.722,0.724,0.706,0.706,0.676,0.669,0.645,0.557,0.512,0.576,0.587,0.611,0.615,0.623,0.638,0.648,0.648,0.653,0.66,0.696,0.679,0.679,0.715,0.729,0.729,0.729,0.603,0.601,0.579,0.528,0.528,0.512,0.493,0.497,0.461,0.364,0.397,0.401,0.438,0.451,0.515,0.605,0.62,0.562,0.562,0.687,0.699,0.699,0.699,0.737,0.725,0.741,0.742,0.741,0.793,0.77,0.793,0.891,0.922,0.986,0.834,0.838,0.872,0.901,0.919,1.005,0.985,1.075,1.065,1.005,1.164,1.164,1.164,1.212,1.212,1.212,1.212,1.212,1.238,1.247,1.326,1.279,1.291,1.307,1.311,1.441,1.359,1.369,1.443,1.502,1.453,1.452,1.459,1.482,1.478,1.36,1.36,1.341,1.329,1.329,1.3,1.345,1.331,1.368,1.404,1.397,1.412,1.363,1.273,1.331,1.417,1.437,1.474,1.487,1.53,1.53,1.474,1.474,1.448,1.404,1.422,1.358,1.341,1.282,1.263,0.689,1.319,0.907,1.311,1.281,1.25,1.235,1.214,1.199,1.196,1.125,1.582,1.164,1.489,1.139,1.127,1.051,1.038,1.02,0.971,0.958,0.923,0.914,0.902,0.893,0.901,0.891,0.891,1.199,0.839,0.823,0.787,0.777,0.738,0.676,0.662,0.594,0.537,0.521,0.517,0.489,0.474,0.464,0.445,0.428,0.427,0.41,0.546,0.644,0.68,0.705,0.74,0.753,0.732,0.805,0.826,0.826,0.0,0.0,0.072,0.114,0.222,0.234,0.234,0.234,0.234,0.234,0.224,0.234,0.31,0.31,0.329,0.427,0.53,0.538,0.538,0.672,0.675,0.675,0.726,0.868,0.804,0.753,0.666,0.57,0.702,0.57,0.57,0.57,0.57,0.52,0.55,0.47,0.41,0.41,0.396,0.396,0.299,0.281,0.292,0.292,0.299,0.319,0.319,0.362,0.384,0.398,0.408,0.414,0.458,0.458,0.457,0.472,0.48,0.485,0.495,0.502,0.524,0.559,0.552,0.571,0.591,0.599,0.481,0.473,0.524,0.528,0.561,0.606,0.627,0.702,0.694,0.677,0.594,0.59,0.565,0.546,0.547,0.53,0.506,0.5,0.502,0.485,0.48,0.433,0.436,0.413,0.299,0.343,0.35,0.377,0.407,0.49,0.474,0.49,0.436,0.459,0.383,0.367,0.373,0.424,0.36,0.35,0.338,0.325,0.282,0.268,0.194,0.181,0.179,0.178,10.276
Point_222,15.336,2.245,2.245,2.282,1.009,0.504,0.159,0.197,0.197,0.197,0.238,0.264,0.306,0.322,0.374,0.374,0.396,0.409,0.425,0.462,0.493,0.53,0.535,0.54,0.565,0.574,0.586,0.595,0.616,0.634,0.626,0.912,0.879,0.865,0.813,0.741,0.739,0.705,0.707,0.689,0.689,0.66,0.652,0.629,0.54,0.496,0.559,0.571,0.594,0.599,0.606,0.622,0.632,0.632,0.636,0.644,0.679,0.662,0.662,0.698,0.712,0.712,0.712,0.586,0.585,0.562,0.511,0.512,0.495,0.476,0.48,0.445,0.347,0.38,0.384,0.421,0.435,0.499,0.588,0.604,0.545,0.545,0.671,0.682,0.682,0.682,0.72,0.708,0.724,0.726,0.724,0.776,0.753,0.776,0.874,0.905,0.969,0.817,0.821,0.855,0.885,0.903,0.989,0.968,1.058,1.048,0.988,1.147,1.147,1.147,1.195,1.195,1.195,1.195,1.195,1.222,1.23,1.31,1.262,1.274,1.29,1.294,1.425,1.342,1.352,1.426,1.485,1.437,1.436,1.442,1.465,1.461,1.344,1.344,1.324,1.313,1.312,1.283,1.328,1.315,1.351,1.387,1.381,1.395,1.346,1.256,1.315,1.4,1.42,1.457,1.47,1.513,1.513,1.458,1.458,1.432,1.387,1.406,1.341,1.324,1.266,1.246,0.672,1.303,0.891,1.294,1.264,1.233,1.218,1.198,1.182,1.179,1.109,1.565,1.147,1.473,1.123,1.11,1.034,1.021,1.003,0.954,0.941,0.906,0.898,0.885,0.876,0.885,0.874,0.874,1.182,0.822,0.806,0.77,0.76,0.722,0.659,0.646,0.577,0.52,0.504,0.5,0.473,0.457,0.447,0.428,0.411,0.41,0.393,0.529,0.573,0.608,0.633,0.668,0.682,0.661,0.734,0.755,0.754,0.777,0.777,0.0,0.043,0.15,0.162,0.162,0.162,0.162,0.162,0.152,0.162,0.238,0.238,0.257,0.355,0.458,0.467,0.467,0.6,0.604,0.604,0.654,0.796,0.733,0.737,0.595,0.499,0.631,0.499,0.499,0.499,0.499,0.448,0.478,0.398,0.339,0.339,0.325,0.325,0.227,0.209,0.22,0.22,0.227,0.247,0.247,0.291,0.313,0.327,0.336,0.343,0.386,0.386,0.385,0.401,0.408,0.413,0.424,0.43,0.453,0.487,0.481,0.5,0.519,0.527,0.41,0.402,0.453,0.456,0.489,0.534,0.555,0.631,0.622,0.606,0.522,0.519,0.493,0.474,0.476,0.459,0.434,0.428,0.431,0.414,0.409,0.362,0.364,0.341,0.227,0.272,0.278,0.305,0.336,0.418,0.402,0.418,0.365,0.387,0.311,0.295,0.301,0.352,0.289,0.278,0.267,0.253,0.21,0.196,0.123,0.11,0.107,0.106,10.205
Point_223,15.378,2.288,2.288,2.325,1.052,0.547,0.202,0.24,0.24,0.24,0.281,0.307,0.348,0.365,0.417,0.417,0.439,0.452,0.467,0.505,0.536,0.573,0.578,0.583,0.608,0.617,0.629,0.637,0.659,0.677,0.669,0.955,0.922,0.908,0.855,0.784,0.782,0.748,0.75,0.732,0.732,0.702,0.695,0.671,0.583,0.538,0.602,0.613,0.637,0.641,0.649,0.664,0.674,0.674,0.679,0.686,0.722,0.705,0.705,0.741,0.755,0.755,0.755,0.629,0.627,0.605,0.554,0.555,0.538,0.519,0.523,0.487,0.39,0.423,0.427,0.464,0.477,0.542,0.631,0.646,0.588,0.588,0.713,0.725,0.725,0.725,0.763,0.751,0.767,0.768,0.767,0.819,0.796,0.819,0.917,0.948,1.012,0.86,0.864,0.898,0.927,0.945,1.032,1.011,1.101,1.091,1.031,1.19,1.19,1.19,1.238,1.238,1.238,1.238,1.238,1.264,1.273,1.352,1.305,1.317,1.333,1.337,1.467,1.385,1.395,1.469,1.528,1.479,1.478,1.485,1.508,1.504,1.386,1.386,1.367,1.355,1.355,1.326,1.371,1.357,1.394,1.43,1.423,1.438,1.389,1.299,1.357,1.443,1.463,1.5,1.513,1.556,1.556,1.5,1.5,1.474,1.43,1.449,1.384,1.367,1.308,1.289,0.715,1.345,0.933,1.337,1.307,1.276,1.261,1.24,1.225,1.222,1.151,1.608,1.19,1.515,1.165,1.153,1.077,1.064,1.046,0.997,0.984,0.949,0.94,0.928,0.919,0.927,0.917,0.917,1.225,0.865,0.849,0.813,0.803,0.764,0.702,0.688,0.62,0.563,0.547,0.543,0.515,0.5,0.49,0.471,0.454,0.453,0.436,0.572,0.53,0.566,0.59,0.625,0.639,0.618,0.691,0.712,0.711,0.734,0.734,0.043,0.0,0.107,0.119,0.119,0.119,0.119,0.119,0.11,0.119,0.195,0.195,0.215,0.312,0.416,0.424,0.424,0.557,0.561,0.561,0.611,0.754,0.69,0.779,0.552,0.456,0.588,0.456,0.456,0.456,0.456,0.405,0.436,0.355,0.296,0.296,0.282,0.282,0.184,0.166,0.178,0.178,0.184,0.204,0.204,0.248,0.27,0.284,0.293,0.3,0.343,0.343,0.342,0.358,0.365,0.37,0.381,0.387,0.41,0.445,0.438,0.457,0.476,0.484,0.367,0.359,0.41,0.413,0.446,0.491,0.512,0.588,0.579,0.563,0.479,0.476,0.45,0.432,0.433,0.416,0.391,0.385,0.388,0.371,0.366,0.319,0.321,0.298,0.184,0.229,0.235,0.262,0.293,0.375,0.359,0.375,0.322,0.345,0.269,0.252,0.258,0.31,0.246,0.235,0.224,0.21,0.167,0.153,0.08,0.067,0.065,0.063,10.162
Point_224,15.485,2.395,2.395,2.432,1.159,0.654,0.309,0.347,0.347,0.347,0.388,0.414,0.456,0.472,0.524,0.524,0.546,0.559,0.575,0.612,0.643,0.68,0.685,0.69,0.715,0.724,0.736,0.745,0.766,0.784,0.776,1.062,1.029,1.015,0.962,0.891,0.889,0.855,0.857,0.839,0.839,0.809,0.802,0.779,0.69,0.645,0.709,0.721,0.744,0.749,0.756,0.772,0.782,0.782,0.786,0.794,0.829,0.812,0.812,0.848,0.862,0.862,0.862,0.736,0.735,0.712,0.661,0.662,0.645,0.626,0.63,0.595,0.497,0.53,0.534,0.571,0.585,0.649,0.738,0.753,0.695,0.695,0.821,0.832,0.832,0.832,0.87,0.858,0.874,0.876,0.874,0.926,0.903,0.926,1.024,1.055,1.119,0.967,0.971,1.005,1.035,1.053,1.139,1.118,1.208,1.198,1.138,1.297,1.297,1.297,1.345,1.345,1.345,1.345,1.345,1.371,1.38,1.46,1.412,1.424,1.44,1.444,1.575,1.492,1.502,1.576,1.635,1.587,1.585,1.592,1.615,1.611,1.494,1.493,1.474,1.463,1.462,1.433,1.478,1.465,1.501,1.537,1.531,1.545,1.496,1.406,1.465,1.55,1.57,1.607,1.62,1.663,1.663,1.608,1.608,1.582,1.537,1.556,1.491,1.474,1.415,1.396,0.822,1.453,1.04,1.444,1.414,1.383,1.368,1.348,1.332,1.329,1.259,1.715,1.297,1.623,1.058,1.07,1.184,1.171,1.153,1.104,1.091,1.056,1.048,1.035,1.026,1.035,1.024,1.024,1.332,0.972,0.956,0.92,0.91,0.872,0.809,0.796,0.727,0.67,0.654,0.65,0.622,0.607,0.597,0.578,0.561,0.56,0.543,0.503,0.574,0.609,0.634,0.669,0.682,0.662,0.735,0.756,0.755,0.778,0.778,0.15,0.107,0.0,0.012,0.012,0.012,0.012,0.012,0.003,0.012,0.088,0.088,0.107,0.205,0.308,0.317,0.317,0.45,0.454,0.454,0.504,0.647,0.583,0.886,0.445,0.349,0.481,0.349,0.349,0.349,0.349,0.298,0.328,0.248,0.189,0.189,0.175,0.175,0.077,0.059,0.07,0.07,0.077,0.097,0.097,0.141,0.163,0.177,0.186,0.193,0.236,0.236,0.235,0.251,0.258,0.263,0.274,0.28,0.303,0.338,0.331,0.35,0.369,0.377,0.327,0.319,0.37,0.374,0.407,0.452,0.473,0.548,0.54,0.523,0.44,0.436,0.411,0.392,0.393,0.376,0.352,0.346,0.348,0.331,0.326,0.279,0.281,0.259,0.145,0.189,0.196,0.223,0.253,0.336,0.32,0.336,0.366,0.388,0.312,0.296,0.302,0.27,0.29,0.279,0.268,0.254,0.211,0.197,0.124,0.111,0.108,0.107,10.122
Point_225,15.498,2.407,2.407,2.444,1.171,0.666,0.321,0.359,0.359,0.359,0.401,0.427,0.468,0.484,0.536,0.536,0.558,0.571,0.587,0.625,0.656,0.692,0.697,0.702,0.727,0.736,0.748,0.757,0.778,0.796,0.788,1.074,1.041,1.027,0.975,0.903,0.902,0.867,0.869,0.851,0.851,0.822,0.814,0.791,0.703,0.658,0.721,0.733,0.756,0.761,0.768,0.784,0.794,0.794,0.798,0.806,0.841,0.824,0.824,0.86,0.875,0.875,0.875,0.749,0.747,0.724,0.673,0.674,0.657,0.638,0.643,0.607,0.509,0.542,0.546,0.583,0.597,0.661,0.75,0.766,0.707,0.707,0.833,0.844,0.844,0.844,0.882,0.87,0.886,0.888,0.886,0.938,0.915,0.938,1.036,1.068,1.131,0.979,0.983,1.018,1.047,1.065,1.151,1.131,1.22,1.211,1.151,1.309,1.309,1.309,1.357,1.357,1.357,1.357,1.357,1.384,1.392,1.472,1.424,1.437,1.452,1.456,1.587,1.504,1.514,1.588,1.647,1.599,1.598,1.605,1.628,1.624,1.506,1.506,1.487,1.475,1.474,1.446,1.491,1.477,1.514,1.55,1.543,1.557,1.509,1.418,1.477,1.563,1.582,1.619,1.633,1.676,1.676,1.62,1.62,1.594,1.55,1.568,1.503,1.487,1.428,1.408,0.834,1.465,1.053,1.456,1.426,1.395,1.381,1.36,1.344,1.342,1.271,1.727,1.309,1.635,1.07,1.083,1.196,1.183,1.165,1.116,1.104,1.069,1.06,1.047,1.038,1.047,1.037,1.036,1.344,0.985,0.969,0.933,0.922,0.884,0.821,0.808,0.739,0.682,0.667,0.662,0.635,0.619,0.609,0.59,0.573,0.572,0.555,0.516,0.586,0.622,0.646,0.681,0.695,0.674,0.747,0.768,0.767,0.79,0.79,0.162,0.119,0.012,0.0,0.0,0.0,0.0,0.0,0.01,0.0,0.076,0.076,0.095,0.193,0.296,0.304,0.304,0.438,0.442,0.442,0.492,0.634,0.571,0.899,0.432,0.336,0.469,0.336,0.336,0.336,0.336,0.286,0.316,0.236,0.177,0.177,0.162,0.162,0.065,0.047,0.058,0.058,0.065,0.085,0.085,0.128,0.15,0.164,0.174,0.18,0.224,0.224,0.223,0.238,0.246,0.251,0.261,0.268,0.29,0.325,0.318,0.337,0.357,0.365,0.34,0.331,0.383,0.386,0.419,0.464,0.485,0.56,0.552,0.535,0.452,0.448,0.423,0.404,0.406,0.388,0.364,0.358,0.36,0.344,0.338,0.292,0.294,0.271,0.157,0.202,0.208,0.235,0.265,0.348,0.332,0.348,0.378,0.401,0.325,0.308,0.314,0.282,0.302,0.291,0.28,0.266,0.223,0.209,0.136,0.123,0.121,0.119,10.135
Point_226,15.498,2.407,2.407,2.444,1.171,0.666,0.321,0.359,0.359,0.359,0.401,0.427,0.468,0.484,0.536,0.536,0.558,0.571,0.587,0.625,0.656,0.692,0.697,0.702,0.727,0.736,0.748,0.757,0.778,0.796,0.788,1.074,1.041,1.027,0.975,0.903,0.902,0.867,0.869,0.851,0.851,0.822,0.814,0.791,0.703,0.658,0.721,0.733,0.756,0.761,0.768,0.784,0.794,0.794,0.798,0.806,0.841,0.824,0.824,0.86,0.875,0.875,0.875,0.749,0.747,0.724,0.673,0.674,0.657,0.638,0.643,0.607,0.509,0.542,0.546,0.583,0.597,0.661,0.75,0.766,0.707,0.707,0.833,0.844,0.844,0.844,0.882,0.87,0.886,0.888,0.886,0.938,0.915,0.938,1.036,1.068,1.131,0.979,0.983,1.018,1.047,1.065,1.151,1.131,1.22,1.211,1.151,1.309,1.309,1.309,1.357,1.357,1.357,1.357,1.357,1.384,1.392,1.472,1.424,1.437,1.452,1.456,1.587,1.504,1.514,1.588,1.647,1.599,1.598,1.605,1.628,1.624,1.506,1.506,1.487,1.475,1.474,1.446,1.491,1.477,1.514,1.55,1.543,1.557,1.509,1.418,1.477,1.563,1.582,1.619,1.633,1.676,1.676,1.62,1.62,1.594,1.55,1.568,1.503,1.487,1.428,1.408,0.834,1.465,1.053,1.456,1.426,1.395,1.381,1.36,1.344,1.342,1.271,1.727,1.309,1.635,1.07,1.083,1.196,1.183,1.165,1.116,1.104,1.069,1.06,1.047,1.038,1.047,1.037,1.036,1.344,0.985,0.969,0.933,0.922,0.884,0.821,0.808,0.739,0.682,0.667,0.662,0.635,0.619,0.609,0.59,0.573,0.572,0.555,0.516,0.586,0.622,0.646,0.681,0.695,0.674,0.747,0.768,0.767,0.79,0.79,0.162,0.119,0.012,0.0,0.0,0.0,0.0,0.0,0.01,0.0,0.076,0.076,0.095,0.193,0.296,0.304,0.304,0.438,0.442,0.442,0.492,0.634,0.571,0.899,0.432,0.336,0.469,0.336,0.336,0.336,0.336,0.286,0.316,0.236,0.177,0.177,0.162,0.162,0.065,0.047,0.058,0.058,0.065,0.085,0.085,0.128,0.15,0.164,0.174,0.18,0.224,0.224,0.223,0.238,0.246,0.251,0.261,0.268,0.29,0.325,0.318,0.337,0.357,0.365,0.34,0.331,0.383,0.386,0.419,0.464,0.485,0.56,0.552,0.535,0.452,0.448,0.423,0.404,0.406,0.388,0.364,0.358,0.36,0.344,0.338,0.292,0.294,0.271,0.157,0.202,0.208,0.235,0.265,0.348,0.332,0.348,0.378,0.401,0.325,0.308,0.314,0.282,0.302,0.291,0.28,0.266,0.223,0.209,0.136,0.123,0.121,0.119,10.135
Point_227,15.498,2.407,2.407,2.444,1.171,0.666,0.321,0.359,0.359,0.359,0.401,0.427,0.468,0.484,0.536,0.536,0.558,0.571,0.587,0.625,0.656,0.692,0.697,0.702,0.727,0.736,0.748,0.757,0.778,0.796,0.788,1.074,1.041,1.027,0.975,0.903,0.902,0.867,0.869,0.851,0.851,0.822,0.814,0.791,0.703,0.658,0.721,0.733,0.756,0.761,0.768,0.784,0.794,0.794,0.798,0.806,0.841,0.824,0.824,0.86,0.875,0.875,0.875,0.749,0.747,0.724,0.673,0.674,0.657,0.638,0.643,0.607,0.509,0.542,0.546,0.583,0.597,0.661,0.75,0.766,0.707,0.707,0.833,0.844,0.844,0.844,0.882,0.87,0.886,0.888,0.886,0.938,0.915,0.938,1.036,1.068,1.131,0.979,0.983,1.018,1.047,1.065,1.151,1.131,1.22,1.211,1.151,1.309,1.309,1.309,1.357,1.357,1.357,1.357,1.357,1.384,1.392,1.472,1.424,1.437,1.452,1.456,1.587,1.504,1.514,1.588,1.647,1.599,1.598,1.605,1.628,1.624,1.506,1.506,1.487,1.475,1.474,1.446,1.491,1.477,1.514,1.55,1.543,1.557,1.509,1.418,1.477,1.563,1.582,1.619,1.633,1.676,1.676,1.62,1.62,1.594,1.55,1.568,1.503,1.487,1.428,1.408,0.834,1.465,1.053,1.456,1.426,1.395,1.381,1.36,1.344,1.342,1.271,1.727,1.309,1.635,1.07,1.083,1.196,1.183,1.165,1.116,1.104,1.069,1.06,1.047,1.038,1.047,1.037,1.036,1.344,0.985,0.969,0.933,0.922,0.884,0.821,0.808,0.739,0.682,0.667,0.662,0.635,0.619,0.609,0.59,0.573,0.572,0.555,0.516,0.586,0.622,0.646,0.681,0.695,0.674,0.747,0.768,0.767,0.79,0.79,0.162,0.119,0.012,0.0,0.0,0.0,0.0,0.0,0.01,0.0,0.076,0.076,0.095,0.193,0.296,0.304,0.304,0.438,0.442,0.442,0.492,0.634,0.571,0.899,0.432,0.336,0.469,0.336,0.336,0.336,0.336,0.286,0.316,0.236,0.177,0.177,0.162,0.162,0.065,0.047,0.058,0.058,0.065,0.085,0.085,0.128,0.15,0.164,0.174,0.18,0.224,0.224,0.223,0.238,0.246,0.251,0.261,0.268,0.29,0.325,0.318,0.337,0.357,0.365,0.34,0.331,0.383,0.386,0.419,0.464,0.485,0.56,0.552,0.535,0.452,0.448,0.423,0.404,0.406,0.388,0.364,0.358,0.36,0.344,0.338,0.292,0.294,0.271,0.157,0.202,0.208,0.235,0.265,0.348,0.332,0.348,0.378,0.401,0.325,0.308,0.314,0.282,0.302,0.291,0.28,0.266,0.223,0.209,0.136,0.123,0.121,0.119,10.135
Point_228,15.498,2.407,2.407,2.444,1.171,0.666,0.321,0.359,0.359,0.359,0.401,0.427,0.468,0.484,0.536,0.536,0.558,0.571,0.587,0.625,0.656,0.692,0.697,0.702,0.727,0.736,0.748,0.757,0.778,0.796,0.788,1.074,1.041,1.027,0.975,0.903,0.902,0.867,0.869,0.851,0.851,0.822,0.814,0.791,0.703,0.658,0.721,0.733,0.756,0.761,0.768,0.784,0.794,0.794,0.798,0.806,0.841,0.824,0.824,0.86,0.875,0.875,0.875,0.749,0.747,0.724,0.673,0.674,0.657,0.638,0.643,0.607,0.509,0.542,0.546,0.583,0.597,0.661,0.75,0.766,0.707,0.707,0.833,0.844,0.844,0.844,0.882,0.87,0.886,0.888,0.886,0.938,0.915,0.938,1.036,1.068,1.131,0.979,0.983,1.018,1.047,1.065,1.151,1.131,1.22,1.211,1.151,1.309,1.309,1.309,1.357,1.357,1.357,1.357,1.357,1.384,1.392,1.472,1.424,1.437,1.452,1.456,1.587,1.504,1.514,1.588,1.647,1.599,1.598,1.605,1.628,1.624,1.506,1.506,1.487,1.475,1.474,1.446,1.491,1.477,1.514,1.55,1.543,1.557,1.509,1.418,1.477,1.563,1.582,1.619,1.633,1.676,1.676,1.62,1.62,1.594,1.55,1.568,1.503,1.487,1.428,1.408,0.834,1.465,1.053,1.456,1.426,1.395,1.381,1.36,1.344,1.342,1.271,1.727,1.309,1.635,1.07,1.083,1.196,1.183,1.165,1.116,1.104,1.069,1.06,1.047,1.038,1.047,1.037,1.036,1.344,0.985,0.969,0.933,0.922,0.884,0.821,0.808,0.739,0.682,0.667,0.662,0.635,0.619,0.609,0.59,0.573,0.572,0.555,0.516,0.586,0.622,0.646,0.681,0.695,0.674,0.747,0.768,0.767,0.79,0.79,0.162,0.119,0.012,0.0,0.0,0.0,0.0,0.0,0.01,0.0,0.076,0.076,0.095,0.193,0.296,0.304,0.304,0.438,0.442,0.442,0.492,0.634,0.571,0.899,0.432,0.336,0.469,0.336,0.336,0.336,0.336,0.286,0.316,0.236,0.177,0.177,0.162,0.162,0.065,0.047,0.058,0.058,0.065,0.085,0.085,0.128,0.15,0.164,0.174,0.18,0.224,0.224,0.223,0.238,0.246,0.251,0.261,0.268,0.29,0.325,0.318,0.337,0.357,0.365,0.34,0.331,0.383,0.386,0.419,0.464,0.485,0.56,0.552,0.535,0.452,0.448,0.423,0.404,0.406,0.388,0.364,0.358,0.36,0.344,0.338,0.292,0.294,0.271,0.157,0.202,0.208,0.235,0.265,0.348,0.332,0.348,0.378,0.401,0.325,0.308,0.314,0.282,0.302,0.291,0.28,0.266,0.223,0.209,0.136,0.123,0.121,0.119,10.135
Point_229,15.498,2.407,2.407,2.444,1.171,0.666,0.321,0.359,0.359,0.359,0.401,0.427,0.468,0.484,0.536,0.536,0.558,0.571,0.587,0.625,0.656,0.692,0.697,0.702,0.727,0.736,0.748,0.757,0.778,0.796,0.788,1.074,1.041,1.027,0.975,0.903,0.902,0.867,0.869,0.851,0.851,0.822,0.814,0.791,0.703,0.658,0.721,0.733,0.756,0.761,0.768,0.784,0.794,0.794,0.798,0.806,0.841,0.824,0.824,0.86,0.875,0.875,0.875,0.749,0.747,0.724,0.673,0.674,0.657,0.638,0.643,0.607,0.509,0.542,0.546,0.583,0.597,0.661,0.75,0.766,0.707,0.707,0.833,0.844,0.844,0.844,0.882,0.87,0.886,0.888,0.886,0.938,0.915,0.938,1.036,1.068,1.131,0.979,0.983,1.018,1.047,1.065,1.151,1.131,1.22,1.211,1.151,1.309,1.309,1.309,1.357,1.357,1.357,1.357,1.357,1.384,1.392,1.472,1.424,1.437,1.452,1.456,1.587,1.504,1.514,1.588,1.647,1.599,1.598,1.605,1.628,1.624,1.506,1.506,1.487,1.475,1.474,1.446,1.491,1.477,1.514,1.55,1.543,1.557,1.509,1.418,1.477,1.563,1.582,1.619,1.633,1.676,1.676,1.62,1.62,1.594,1.55,1.568,1.503,1.487,1.428,1.408,0.834,1.465,1.053,1.456,1.426,1.395,1.381,1.36,1.344,1.342,1.271,1.727,1.309,1.635,1.07,1.083,1.196,1.183,1.165,1.116,1.104,1.069,1.06,1.047,1.038,1.047,1.037,1.036,1.344,0.985,0.969,0.933,0.922,0.884,0.821,0.808,0.739,0.682,0.667,0.662,0.635,0.619,0.609,0.59,0.573,0.572,0.555,0.516,0.586,0.622,0.646,0.681,0.695,0.674,0.747,0.768,0.767,0.79,0.79,0.162,0.119,0.012,0.0,0.0,0.0,0.0,0.0,0.01,0.0,0.076,0.076,0.095,0.193,0.296,0.304,0.304,0.438,0.442,0.442,0.492,0.634,0.571,0.899,0.432,0.336,0.469,0.336,0.336,0.336,0.336,0.286,0.316,0.236,0.177,0.177,0.162,0.162,0.065,0.047,0.058,0.058,0.065,0.085,0.085,0.128,0.15,0.164,0.174,0.18,0.224,0.224,0.223,0.238,0.246,0.251,0.261,0.268,0.29,0.325,0.318,0.337,0.357,0.365,0.34,0.331,0.383,0.386,0.419,0.464,0.485,0.56,0.552,0.535,0.452,0.448,0.423,0.404,0.406,0.388,0.364,0.358,0.36,0.344,0.338,0.292,0.294,0.271,0.157,0.202,0.208,0.235,0.265,0.348,0.332,0.348,0.378,0.401,0.325,0.308,0.314,0.282,0.302,0.291,0.28,0.266,0.223,0.209,0.136,0.123,0.121,0.119,10.135
Point_230,15.488,2.397,2.397,2.434,1.162,0.656,0.312,0.349,0.349,0.349,0.391,0.417,0.458,0.474,0.527,0.527,0.549,0.561,0.577,0.615,0.646,0.682,0.687,0.693,0.717,0.727,0.738,0.747,0.768,0.786,0.779,1.065,1.031,1.018,0.965,0.893,0.892,0.857,0.859,0.841,0.841,0.812,0.804,0.781,0.693,0.648,0.711,0.723,0.747,0.751,0.758,0.774,0.784,0.784,0.788,0.796,0.831,0.815,0.815,0.851,0.865,0.865,0.865,0.739,0.737,0.714,0.664,0.664,0.647,0.629,0.633,0.597,0.499,0.532,0.536,0.573,0.587,0.651,0.74,0.756,0.698,0.698,0.823,0.835,0.835,0.835,0.873,0.86,0.876,0.878,0.876,0.929,0.905,0.929,1.026,1.058,1.121,0.969,0.973,1.008,1.037,1.055,1.141,1.121,1.21,1.201,1.141,1.299,1.299,1.299,1.347,1.347,1.347,1.347,1.347,1.374,1.383,1.462,1.414,1.427,1.443,1.447,1.577,1.495,1.504,1.579,1.637,1.589,1.588,1.595,1.618,1.614,1.496,1.496,1.477,1.465,1.465,1.436,1.481,1.467,1.504,1.54,1.533,1.547,1.499,1.408,1.467,1.553,1.572,1.609,1.623,1.666,1.666,1.61,1.61,1.584,1.54,1.558,1.494,1.477,1.418,1.398,0.824,1.455,1.043,1.447,1.417,1.385,1.371,1.35,1.335,1.332,1.261,1.717,1.299,1.625,1.06,1.073,1.187,1.174,1.156,1.106,1.094,1.059,1.05,1.038,1.029,1.037,1.027,1.026,1.335,0.975,0.959,0.923,0.912,0.874,0.811,0.798,0.73,0.673,0.657,0.653,0.625,0.61,0.599,0.581,0.563,0.562,0.546,0.506,0.576,0.612,0.636,0.671,0.685,0.664,0.737,0.758,0.758,0.78,0.78,0.152,0.11,0.003,0.01,0.01,0.01,0.01,0.01,0.0,0.01,0.086,0.086,0.105,0.202,0.306,0.314,0.314,0.447,0.451,0.451,0.502,0.644,0.58,0.889,0.442,0.346,0.478,0.346,0.346,0.346,0.346,0.296,0.326,0.246,0.186,0.186,0.172,0.172,0.075,0.057,0.068,0.068,0.075,0.094,0.094,0.138,0.16,0.174,0.184,0.19,0.233,0.233,0.232,0.248,0.256,0.261,0.271,0.277,0.3,0.335,0.328,0.347,0.367,0.375,0.33,0.322,0.373,0.376,0.409,0.454,0.475,0.551,0.542,0.526,0.442,0.439,0.413,0.394,0.396,0.379,0.354,0.348,0.351,0.334,0.329,0.282,0.284,0.261,0.147,0.192,0.198,0.225,0.256,0.338,0.322,0.338,0.368,0.391,0.315,0.298,0.305,0.273,0.292,0.281,0.27,0.257,0.214,0.199,0.126,0.113,0.111,0.11,10.125
Point_231,15.498,2.407,2.407,2.444,1.171,0.666,0.321,0.359,0.359,0.359,0.401,0.427,0.468,0.484,0.536,0.536,0.558,0.571,0.587,0.625,0.656,0.692,0.697,0.702,0.727,0.736,0.748,0.757,0.778,0.796,0.788,1.074,1.041,1.027,0.975,0.903,0.902,0.867,0.869,0.851,0.851,0.822,0.814,0.791,0.703,0.658,0.721,0.733,0.756,0.761,0.768,0.784,0.794,0.794,0.798,0.806,0.841,0.824,0.824,0.86,0.875,0.875,0.875,0.749,0.747,0.724,0.673,0.674,0.657,0.638,0.643,0.607,0.509,0.542,0.546,0.583,0.597,0.661,0.75,0.766,0.707,0.707,0.833,0.844,0.844,0.844,0.882,0.87,0.886,0.888,0.886,0.938,0.915,0.938,1.036,1.068,1.131,0.979,0.983,1.018,1.047,1.065,1.151,1.131,1.22,1.211,1.151,1.309,1.309,1.309,1.357,1.357,1.357,1.357,1.357,1.384,1.392,1.472,1.424,1.437,1.452,1.456,1.587,1.504,1.514,1.588,1.647,1.599,1.598,1.605,1.628,1.624,1.506,1.506,1.487,1.475,1.474,1.446,1.491,1.477,1.514,1.55,1.543,1.557,1.509,1.418,1.477,1.563,1.582,1.619,1.633,1.676,1.676,1.62,1.62,1.594,1.55,1.568,1.503,1.487,1.428,1.408,0.834,1.465,1.053,1.456,1.426,1.395,1.381,1.36,1.344,1.342,1.271,1.727,1.309,1.635,1.07,1.083,1.196,1.183,1.165,1.116,1.104,1.069,1.06,1.047,1.038,1.047,1.037,1.036,1.344,0.985,0.969,0.933,0.922,0.884,0.821,0.808,0.739,0.682,0.667,0.662,0.635,0.619,0.609,0.59,0.573,0.572,0.555,0.516,0.586,0.622,0.646,0.681,0.695,0.674,0.747,0.768,0.767,0.79,0.79,0.162,0.119,0.012,0.0,0.0,0.0,0.0,0.0,0.01,0.0,0.076,0.076,0.095,0.193,0.296,0.304,0.304,0.438,0.442,0.442,0.492,0.634,0.571,0.899,0.432,0.336,0.469,0.336,0.336,0.336,0.336,0.286,0.316,0.236,0.177,0.177,0.162,0.162,0.065,0.047,0.058,0.058,0.065,0.085,0.085,0.128,0.15,0.164,0.174,0.18,0.224,0.224,0.223,0.238,0.246,0.251,0.261,0.268,0.29,0.325,0.318,0.337,0.357,0.365,0.34,0.331,0.383,0.386,0.419,0.464,0.485,0.56,0.552,0.535,0.452,0.448,0.423,0.404,0.406,0.388,0.364,0.358,0.36,0.344,0.338,0.292,0.294,0.271,0.157,0.202,0.208,0.235,0.265,0.348,0.332,0.348,0.378,0.401,0.325,0.308,0.314,0.282,0.302,0.291,0.28,0.266,0.223,0.209,0.136,0.123,0.121,0.119,10.135
Point_232,15.574,2.483,2.483,2.52,1.247,0.742,0.397,0.435,0.435,0.435,0.477,0.503,0.544,0.56,0.612,0.612,0.634,0.647,0.663,0.7,0.732,0.768,0.773,0.778,0.803,0.812,0.824,0.833,0.854,0.872,0.864,1.15,1.117,1.103,1.051,0.979,0.978,0.943,0.945,0.927,0.927,0.898,0.89,0.867,0.779,0.734,0.797,0.809,0.832,0.837,0.844,0.86,0.87,0.87,0.874,0.882,0.917,0.9,0.9,0.936,0.951,0.951,0.951,0.825,0.823,0.8,0.749,0.75,0.733,0.714,0.718,0.683,0.585,0.618,0.622,0.659,0.673,0.737,0.826,0.842,0.783,0.783,0.909,0.92,0.92,0.92,0.958,0.946,0.962,0.964,0.962,1.014,0.991,1.014,1.112,1.144,1.207,1.055,1.059,1.094,1.123,1.141,1.227,1.207,1.296,1.286,1.227,1.385,1.385,1.385,1.433,1.433,1.433,1.433,1.433,1.46,1.468,1.548,1.5,1.513,1.528,1.532,1.663,1.58,1.59,1.664,1.723,1.675,1.674,1.681,1.704,1.7,1.582,1.582,1.562,1.551,1.55,1.522,1.567,1.553,1.59,1.626,1.619,1.633,1.585,1.494,1.553,1.639,1.658,1.695,1.709,1.752,1.752,1.696,1.696,1.67,1.625,1.644,1.579,1.563,1.504,1.484,0.91,1.541,1.129,1.532,1.502,1.471,1.457,1.436,1.42,1.418,1.347,1.803,1.385,1.711,1.146,1.159,1.272,1.259,1.241,1.192,1.18,1.145,1.136,1.123,1.114,1.123,1.113,1.112,1.42,1.061,1.044,1.009,0.998,0.96,0.897,0.884,0.815,0.758,0.743,0.738,0.711,0.695,0.685,0.666,0.649,0.648,0.631,0.592,0.662,0.698,0.722,0.757,0.771,0.75,0.823,0.844,0.843,0.866,0.866,0.238,0.195,0.088,0.076,0.076,0.076,0.076,0.076,0.086,0.076,0.0,0.0,0.019,0.117,0.22,0.228,0.228,0.362,0.366,0.366,0.416,0.558,0.495,0.745,0.357,0.26,0.393,0.26,0.26,0.26,0.26,0.21,0.24,0.16,0.101,0.101,0.086,0.086,0.073,0.055,0.066,0.066,0.073,0.093,0.093,0.137,0.159,0.173,0.182,0.189,0.232,0.232,0.231,0.247,0.254,0.259,0.27,0.276,0.299,0.333,0.327,0.345,0.365,0.373,0.415,0.407,0.458,0.462,0.495,0.54,0.561,0.636,0.628,0.611,0.528,0.524,0.499,0.48,0.482,0.464,0.44,0.434,0.436,0.42,0.414,0.368,0.37,0.347,0.233,0.278,0.284,0.311,0.341,0.424,0.408,0.424,0.454,0.477,0.401,0.384,0.39,0.358,0.378,0.367,0.356,0.342,0.299,0.285,0.212,0.199,0.197,0.195,10.329
Point_233,15.574,2.483,2.483,2.52,1.247,0.742,0.397,0.435,0.435,0.435,0.477,0.503,0.544,0.56,0.612,0.612,0.634,0.647,0.663,0.7,0.732,0.768,0.773,0.778,0.803,0.812,0.824,0.833,0.854,0.872,0.864,1.15,1.117,1.103,1.051,0.979,0.978,0.943,0.945,0.927,0.927,0.898,0.89,0.867,0.779,0.734,0.797,0.809,0.832,0.837,0.844,0.86,0.87,0.87,0.874,0.882,0.917,0.9,0.9,0.936,0.951,0.951,0.951,0.825,0.823,0.8,0.749,0.75,0.733,0.714,0.718,0.683,0.585,0.618,0.622,0.659,0.673,0.737,0.826,0.842,0.783,0.783,0.909,0.92,0.92,0.92,0.958,0.946,0.962,0.964,0.962,1.014,0.991,1.014,1.112,1.144,1.207,1.055,1.059,1.094,1.123,1.141,1.227,1.207,1.296,1.286,1.227,1.385,1.385,1.385,1.433,1.433,1.433,1.433,1.433,1.46,1.468,1.548,1.5,1.513,1.528,1.532,1.663,1.58,1.59,1.664,1.723,1.675,1.674,1.681,1.704,1.7,1.582,1.582,1.562,1.551,1.55,1.522,1.567,1.553,1.59,1.626,1.619,1.633,1.585,1.494,1.553,1.639,1.658,1.695,1.709,1.752,1.752,1.696,1.696,1.67,1.625,1.644,1.579,1.563,1.504,1.484,0.91,1.541,1.129,1.532,1.502,1.471,1.457,1.436,1.42,1.418,1.347,1.803,1.385,1.711,1.146,1.159,1.272,1.259,1.241,1.192,1.18,1.145,1.136,1.123,1.114,1.123,1.113,1.112,1.42,1.061,1.044,1.009,0.998,0.96,0.897,0.884,0.815,0.758,0.743,0.738,0.711,0.695,0.685,0.666,0.649,0.648,0.631,0.592,0.662,0.698,0.722,0.757,0.771,0.75,0.823,0.844,0.843,0.866,0.866,0.238,0.195,0.088,0.076,0.076,0.076,0.076,0.076,0.086,0.076,0.0,0.0,0.019,0.117,0.22,0.228,0.228,0.362,0.366,0.366,0.416,0.558,0.495,0.745,0.357,0.26,0.393,0.26,0.26,0.26,0.26,0.21,0.24,0.16,0.101,0.101,0.086,0.086,0.073,0.055,0.066,0.066,0.073,0.093,0.093,0.137,0.159,0.173,0.182,0.189,0.232,0.232,0.231,0.247,0.254,0.259,0.27,0.276,0.299,0.333,0.327,0.345,0.365,0.373,0.415,0.407,0.458,0.462,0.495,0.54,0.561,0.636,0.628,0.611,0.528,0.524,0.499,0.48,0.482,0.464,0.44,0.434,0.436,0.42,0.414,0.368,0.37,0.347,0.233,0.278,0.284,0.311,0.341,0.424,0.408,0.424,0.454,0.477,0.401,0.384,0.39,0.358,0.378,0.367,0.356,0.342,0.299,0.285,0.212,0.199,0.197,0.195,10.329
Point_234,15.593,2.502,2.502,2.539,1.267,0.761,0.417,0.454,0.454,0.454,0.496,0.522,0.563,0.579,0.631,0.631,0.653,0.666,0.682,0.72,0.751,0.787,0.792,0.797,0.822,0.831,0.843,0.852,0.873,0.891,0.883,1.17,1.136,1.122,1.07,0.998,0.997,0.962,0.964,0.946,0.946,0.917,0.909,0.886,0.798,0.753,0.816,0.828,0.851,0.856,0.863,0.879,0.889,0.889,0.893,0.901,0.936,0.919,0.919,0.956,0.97,0.97,0.97,0.844,0.842,0.819,0.768,0.769,0.752,0.734,0.738,0.702,0.604,0.637,0.641,0.678,0.692,0.756,0.845,0.861,0.803,0.803,0.928,0.94,0.94,0.94,0.977,0.965,0.981,0.983,0.981,1.034,1.01,1.034,1.131,1.163,1.226,1.074,1.078,1.113,1.142,1.16,1.246,1.226,1.315,1.306,1.246,1.404,1.404,1.404,1.452,1.452,1.452,1.452,1.452,1.479,1.487,1.567,1.519,1.532,1.547,1.551,1.682,1.6,1.609,1.683,1.742,1.694,1.693,1.7,1.723,1.719,1.601,1.601,1.582,1.57,1.569,1.541,1.586,1.572,1.609,1.645,1.638,1.652,1.604,1.513,1.572,1.658,1.677,1.714,1.728,1.771,1.771,1.715,1.715,1.689,1.645,1.663,1.599,1.582,1.523,1.503,0.929,1.56,1.148,1.551,1.521,1.49,1.476,1.455,1.439,1.437,1.366,1.822,1.404,1.73,1.165,1.178,1.291,1.278,1.261,1.211,1.199,1.164,1.155,1.142,1.133,1.142,1.132,1.131,1.439,1.08,1.064,1.028,1.017,0.979,0.916,0.903,0.834,0.778,0.762,0.758,0.73,0.714,0.704,0.685,0.668,0.667,0.65,0.611,0.681,0.717,0.741,0.776,0.79,0.769,0.842,0.863,0.862,0.885,0.885,0.257,0.215,0.107,0.095,0.095,0.095,0.095,0.095,0.105,0.095,0.019,0.019,0.0,0.095,0.198,0.206,0.206,0.34,0.343,0.343,0.394,0.536,0.472,0.723,0.334,0.238,0.37,0.238,0.238,0.238,0.238,0.188,0.218,0.138,0.079,0.079,0.064,0.064,0.092,0.074,0.085,0.085,0.092,0.112,0.112,0.156,0.178,0.192,0.201,0.208,0.251,0.251,0.25,0.266,0.273,0.278,0.289,0.295,0.318,0.353,0.346,0.365,0.384,0.392,0.435,0.426,0.478,0.481,0.514,0.559,0.58,0.656,0.647,0.631,0.547,0.544,0.518,0.499,0.501,0.484,0.459,0.453,0.456,0.439,0.433,0.387,0.389,0.366,0.252,0.297,0.303,0.33,0.361,0.443,0.427,0.443,0.473,0.496,0.42,0.403,0.409,0.377,0.397,0.386,0.375,0.361,0.318,0.304,0.231,0.218,0.216,0.215,10.307
Point_235,15.69,2.6,2.6,2.637,1.364,0.859,0.514,0.552,0.552,0.552,0.593,0.619,0.661,0.677,0.729,0.729,0.751,0.764,0.78,0.817,0.848,0.885,0.89,0.895,0.92,0.929,0.941,0.95,0.971,0.989,0.981,1.267,1.234,1.22,1.167,1.096,1.094,1.06,1.062,1.044,1.044,1.014,1.007,0.983,0.895,0.85,0.914,0.926,0.949,0.954,0.961,0.976,0.986,0.986,0.991,0.999,1.034,1.017,1.017,1.053,1.067,1.067,1.067,0.941,0.94,0.917,0.866,0.867,0.85,0.831,0.835,0.8,0.702,0.735,0.739,0.776,0.79,0.854,0.943,0.958,0.9,0.9,1.026,1.037,1.037,1.037,1.075,1.063,1.079,1.081,1.079,1.131,1.108,1.131,1.229,1.26,1.324,1.172,1.176,1.21,1.239,1.257,1.344,1.323,1.413,1.403,1.343,1.502,1.502,1.502,1.55,1.55,1.55,1.55,1.55,1.576,1.585,1.664,1.617,1.629,1.645,1.649,1.78,1.697,1.707,1.781,1.84,1.791,1.79,1.797,1.82,1.816,1.699,1.698,1.679,1.668,1.667,1.638,1.683,1.67,1.706,1.742,1.735,1.75,1.701,1.611,1.67,1.755,1.775,1.812,1.825,1.868,1.868,1.812,1.812,1.786,1.742,1.761,1.696,1.679,1.62,1.601,1.027,1.658,1.245,1.649,1.619,1.588,1.573,1.553,1.537,1.534,1.463,1.92,1.502,1.828,1.254,1.267,1.389,1.376,1.358,1.309,1.296,1.261,1.253,1.24,1.231,1.24,1.229,1.229,1.537,1.177,1.161,1.125,1.115,1.077,1.014,1.001,0.932,0.875,0.859,0.855,0.827,0.812,0.802,0.783,0.766,0.765,0.748,0.708,0.778,0.814,0.839,0.874,0.887,0.867,0.939,0.961,0.96,0.982,0.982,0.355,0.312,0.205,0.193,0.193,0.193,0.193,0.193,0.202,0.193,0.117,0.117,0.095,0.0,0.104,0.112,0.112,0.245,0.249,0.249,0.299,0.442,0.523,0.774,0.24,0.144,0.276,0.144,0.144,0.144,0.144,0.093,0.123,0.043,0.016,0.016,0.115,0.115,0.19,0.172,0.183,0.183,0.19,0.21,0.21,0.253,0.275,0.289,0.299,0.305,0.349,0.349,0.348,0.363,0.371,0.376,0.386,0.393,0.415,0.45,0.443,0.462,0.482,0.49,0.532,0.524,0.575,0.579,0.612,0.656,0.678,0.753,0.745,0.728,0.645,0.641,0.616,0.597,0.598,0.581,0.557,0.551,0.553,0.536,0.531,0.484,0.486,0.464,0.35,0.394,0.401,0.428,0.458,0.54,0.525,0.54,0.571,0.593,0.517,0.501,0.507,0.475,0.495,0.484,0.473,0.459,0.416,0.402,0.329,0.315,0.313,0.312,10.212
Point_236,15.794,2.703,2.703,2.74,1.468,0.962,0.618,0.655,0.655,0.655,0.697,0.723,0.764,0.78,0.833,0.833,0.855,0.867,0.883,0.921,0.952,0.988,0.993,0.999,1.023,1.032,1.044,1.053,1.074,1.092,1.084,1.371,1.337,1.324,1.271,1.199,1.198,1.163,1.165,1.147,1.147,1.118,1.11,1.087,0.999,0.954,1.017,1.029,1.052,1.057,1.064,1.08,1.09,1.09,1.094,1.102,1.137,1.12,1.12,1.157,1.171,1.171,1.171,1.045,1.043,1.02,0.969,0.97,0.953,0.935,0.939,0.903,0.805,0.838,0.842,0.879,0.893,0.957,1.046,1.062,1.004,1.004,1.129,1.141,1.141,1.141,1.179,1.166,1.182,1.184,1.182,1.235,1.211,1.235,1.332,1.364,1.427,1.275,1.279,1.314,1.343,1.361,1.447,1.427,1.516,1.507,1.447,1.605,1.605,1.605,1.653,1.653,1.653,1.653,1.653,1.68,1.689,1.768,1.72,1.733,1.749,1.752,1.883,1.801,1.81,1.885,1.943,1.895,1.894,1.901,1.924,1.92,1.802,1.802,1.783,1.771,1.771,1.742,1.787,1.773,1.81,1.846,1.839,1.853,1.805,1.714,1.773,1.859,1.878,1.915,1.929,1.972,1.972,1.916,1.916,1.89,1.846,1.864,1.8,1.783,1.724,1.704,1.13,1.761,1.349,1.753,1.723,1.691,1.677,1.656,1.641,1.638,1.567,1.527,1.605,1.557,1.15,1.163,1.239,1.252,1.27,1.412,1.4,1.365,1.356,1.344,1.335,1.343,1.333,1.332,1.641,1.281,1.265,1.229,1.218,1.18,1.117,1.104,1.036,0.979,0.963,0.959,0.931,0.915,0.905,0.886,0.869,0.868,0.852,0.812,0.882,0.918,0.942,0.977,0.991,0.97,1.043,1.064,1.064,1.086,1.086,0.458,0.416,0.308,0.296,0.296,0.296,0.296,0.296,0.306,0.296,0.22,0.22,0.198,0.104,0.0,0.008,0.008,0.141,0.145,0.145,0.196,0.338,0.627,0.877,0.136,0.04,0.172,0.04,0.04,0.04,0.04,0.01,0.02,0.06,0.12,0.12,0.218,0.218,0.293,0.275,0.287,0.287,0.293,0.313,0.313,0.357,0.379,0.393,0.402,0.409,0.452,0.452,0.451,0.467,0.474,0.479,0.49,0.496,0.519,0.554,0.547,0.566,0.585,0.593,0.636,0.628,0.679,0.682,0.715,0.76,0.781,0.857,0.848,0.832,0.748,0.745,0.719,0.7,0.702,0.685,0.66,0.654,0.657,0.64,0.635,0.588,0.59,0.567,0.453,0.498,0.504,0.531,0.562,0.644,0.628,0.644,0.674,0.697,0.621,0.604,0.611,0.579,0.598,0.587,0.576,0.563,0.52,0.505,0.432,0.419,0.417,0.416,10.108
Point_237,15.802,2.711,2.711,2.749,1.476,0.971,0.626,0.664,0.664,0.664,0.705,0.731,0.772,0.789,0.841,0.841,0.863,0.876,0.891,0.929,0.96,0.997,1.002,1.007,1.031,1.041,1.052,1.061,1.082,1.101,1.093,1.379,1.345,1.332,1.279,1.207,1.206,1.171,1.174,1.156,1.156,1.126,1.119,1.095,1.007,0.962,1.026,1.037,1.061,1.065,1.072,1.088,1.098,1.098,1.102,1.11,1.146,1.129,1.129,1.165,1.179,1.179,1.179,1.053,1.051,1.029,0.978,0.978,0.962,0.943,0.947,0.911,0.814,0.847,0.851,0.888,0.901,0.965,1.055,1.07,1.012,1.012,1.137,1.149,1.149,1.149,1.187,1.175,1.191,1.192,1.191,1.243,1.22,1.243,1.341,1.372,1.435,1.284,1.288,1.322,1.351,1.369,1.455,1.435,1.524,1.515,1.455,1.614,1.614,1.614,1.661,1.661,1.661,1.661,1.661,1.688,1.697,1.776,1.729,1.741,1.757,1.761,1.891,1.809,1.819,1.893,1.952,1.903,1.902,1.909,1.932,1.928,1.81,1.81,1.791,1.779,1.779,1.75,1.795,1.781,1.818,1.854,1.847,1.861,1.813,1.723,1.781,1.867,1.886,1.924,1.937,1.98,1.98,1.924,1.924,1.898,1.854,1.872,1.808,1.791,1.732,1.712,1.139,1.769,1.357,1.761,1.731,1.7,1.685,1.664,1.649,1.646,1.575,1.518,1.614,1.549,1.142,1.155,1.231,1.244,1.261,1.421,1.408,1.373,1.364,1.352,1.343,1.351,1.341,1.341,1.649,1.289,1.273,1.237,1.227,1.188,1.126,1.112,1.044,0.987,0.971,0.967,0.939,0.924,0.913,0.895,0.878,0.877,0.86,0.82,0.89,0.926,0.951,0.986,0.999,0.979,1.051,1.072,1.072,1.094,1.094,0.467,0.424,0.317,0.304,0.304,0.304,0.304,0.304,0.314,0.304,0.228,0.228,0.206,0.112,0.008,0.0,0.0,0.133,0.137,0.137,0.188,0.33,0.635,0.885,0.128,0.032,0.164,0.032,0.032,0.032,0.032,0.019,0.012,0.069,0.128,0.128,0.227,0.227,0.302,0.284,0.295,0.295,0.302,0.321,0.321,0.365,0.387,0.401,0.411,0.417,0.46,0.46,0.459,0.475,0.483,0.488,0.498,0.504,0.527,0.562,0.555,0.574,0.594,0.602,0.644,0.636,0.687,0.691,0.723,0.768,0.79,0.865,0.856,0.84,0.757,0.753,0.728,0.709,0.71,0.693,0.668,0.663,0.665,0.648,0.643,0.596,0.598,0.575,0.461,0.506,0.512,0.539,0.57,0.652,0.636,0.652,0.682,0.705,0.629,0.613,0.619,0.587,0.606,0.596,0.584,0.571,0.528,0.514,0.44,0.427,0.425,0.424,10.1
Point_238,15.802,2.711,2.711,2.749,1.476,0.971,0.626,0.664,0.664,0.664,0.705,0.731,0.772,0.789,0.841,0.841,0.863,0.876,0.891,0.929,0.96,0.997,1.002,1.007,1.031,1.041,1.052,1.061,1.082,1.101,1.093,1.379,1.345,1.332,1.279,1.207,1.206,1.171,1.174,1.156,1.156,1.126,1.119,1.095,1.007,0.962,1.026,1.037,1.061,1.065,1.072,1.088,1.098,1.098,1.102,1.11,1.146,1.129,1.129,1.165,1.179,1.179,1.179,1.053,1.051,1.029,0.978,0.978,0.962,0.943,0.947,0.911,0.814,0.847,0.851,0.888,0.901,0.965,1.055,1.07,1.012,1.012,1.137,1.149,1.149,1.149,1.187,1.175,1.191,1.192,1.191,1.243,1.22,1.243,1.341,1.372,1.435,1.284,1.288,1.322,1.351,1.369,1.455,1.435,1.524,1.515,1.455,1.614,1.614,1.614,1.661,1.661,1.661,1.661,1.661,1.688,1.697,1.776,1.729,1.741,1.757,1.761,1.891,1.809,1.819,1.893,1.952,1.903,1.902,1.909,1.932,1.928,1.81,1.81,1.791,1.779,1.779,1.75,1.795,1.781,1.818,1.854,1.847,1.861,1.813,1.723,1.781,1.867,1.886,1.924,1.937,1.98,1.98,1.924,1.924,1.898,1.854,1.872,1.808,1.791,1.732,1.712,1.139,1.769,1.357,1.761,1.731,1.7,1.685,1.664,1.649,1.646,1.575,1.518,1.614,1.549,1.142,1.155,1.231,1.244,1.261,1.421,1.408,1.373,1.364,1.352,1.343,1.351,1.341,1.341,1.649,1.289,1.273,1.237,1.227,1.188,1.126,1.112,1.044,0.987,0.971,0.967,0.939,0.924,0.913,0.895,0.878,0.877,0.86,0.82,0.89,0.926,0.951,0.986,0.999,0.979,1.051,1.072,1.072,1.094,1.094,0.467,0.424,0.317,0.304,0.304,0.304,0.304,0.304,0.314,0.304,0.228,0.228,0.206,0.112,0.008,0.0,0.0,0.133,0.137,0.137,0.188,0.33,0.635,0.885,0.128,0.032,0.164,0.032,0.032,0.032,0.032,0.019,0.012,0.069,0.128,0.128,0.227,0.227,0.302,0.284,0.295,0.295,0.302,0.321,0.321,0.365,0.387,0.401,0.411,0.417,0.46,0.46,0.459,0.475,0.483,0.488,0.498,0.504,0.527,0.562,0.555,0.574,0.594,0.602,0.644,0.636,0.687,0.691,0.723,0.768,0.79,0.865,0.856,0.84,0.757,0.753,0.728,0.709,0.71,0.693,0.668,0.663,0.665,0.648,0.643,0.596,0.598,0.575,0.461,0.506,0.512,0.539,0.57,0.652,0.636,0.652,0.682,0.705,0.629,0.613,0.619,0.587,0.606,0.596,0.584,0.571,0.528,0.514,0.44,0.427,0.425,0.424,10.1
Point_239,16.321,3.231,3.231,3.268,1.995,1.49,1.145,1.183,1.183,1.183,1.224,1.25,1.264,1.28,1.333,1.333,1.355,1.367,1.383,1.421,1.452,1.439,1.494,1.499,1.523,1.533,1.544,1.553,1.574,1.592,1.585,1.381,1.728,1.714,1.661,1.59,1.588,1.554,1.556,1.538,1.538,1.508,1.501,1.477,1.392,1.347,1.41,1.422,1.445,1.45,1.457,1.473,1.483,1.483,1.487,1.495,1.53,1.513,1.513,1.549,1.564,1.564,1.564,1.545,1.543,1.52,1.42,1.421,1.404,1.385,1.389,1.354,1.256,1.289,1.293,1.33,1.36,1.35,1.437,1.455,1.396,1.396,1.522,1.533,1.533,1.533,1.571,1.559,1.575,1.577,1.575,1.627,1.604,1.627,1.725,1.757,1.82,1.668,1.672,1.706,1.736,1.754,1.84,1.82,1.909,1.899,1.84,1.998,1.998,1.998,1.729,1.729,1.729,1.729,1.729,2.073,2.081,2.161,2.113,2.125,2.141,2.145,2.276,2.193,2.203,2.277,2.336,2.288,2.287,2.293,2.316,2.312,2.195,2.195,2.175,2.164,2.163,2.134,2.179,2.166,2.203,2.239,2.232,2.246,2.197,2.107,2.166,2.251,2.271,2.308,2.321,2.364,2.364,2.309,2.309,2.283,2.238,2.257,2.192,2.176,2.117,2.097,1.521,2.154,1.742,2.145,2.115,2.084,2.07,2.049,2.033,2.031,1.96,1.42,1.998,1.451,1.044,1.057,1.132,1.145,1.163,1.212,1.225,1.26,1.269,1.281,1.29,1.282,1.292,1.292,2.033,1.344,1.36,1.396,1.406,1.188,0.993,1.007,1.075,1.132,1.148,1.152,1.18,1.195,1.206,1.224,1.241,1.242,1.302,1.01,1.247,1.283,1.307,1.342,1.356,1.335,1.408,1.429,1.429,1.451,1.451,0.986,0.943,0.903,0.916,0.916,0.916,0.916,0.916,0.906,0.916,0.919,0.919,0.896,0.802,0.698,0.69,0.69,0.0,0.039,0.039,0.089,0.546,1.325,1.4,0.598,0.658,0.634,0.658,0.658,0.658,0.658,0.709,0.678,0.759,0.818,0.818,0.917,0.917,0.981,0.962,0.974,0.974,0.981,1.0,1.0,1.044,1.066,1.08,1.089,1.096,1.139,1.139,1.138,1.154,1.162,1.166,1.177,1.183,1.206,1.241,1.234,1.253,1.273,1.281,0.639,0.584,0.682,0.686,0.719,0.764,0.785,0.77,0.762,0.745,0.998,0.994,0.969,0.95,0.951,0.934,0.91,0.904,0.906,0.889,0.884,0.837,0.839,0.817,0.828,0.873,0.879,0.906,0.937,1.019,1.003,1.019,1.148,1.125,1.201,1.218,1.211,0.953,1.224,1.115,1.103,1.09,1.047,1.033,0.959,0.946,0.944,0.943,10.002
Point_240,16.282,3.192,3.192,3.229,1.956,1.451,1.106,1.144,1.144,1.144,1.185,1.211,1.225,1.242,1.294,1.294,1.316,1.329,1.344,1.382,1.413,1.4,1.455,1.46,1.484,1.494,1.505,1.514,1.535,1.554,1.546,1.342,1.689,1.675,1.623,1.551,1.55,1.515,1.517,1.499,1.499,1.47,1.462,1.439,1.353,1.308,1.371,1.383,1.406,1.411,1.418,1.434,1.444,1.444,1.448,1.456,1.491,1.474,1.474,1.511,1.525,1.525,1.525,1.506,1.504,1.482,1.381,1.382,1.365,1.347,1.351,1.315,1.217,1.25,1.254,1.291,1.321,1.311,1.398,1.416,1.358,1.358,1.483,1.495,1.495,1.495,1.532,1.52,1.536,1.538,1.536,1.589,1.565,1.589,1.686,1.718,1.781,1.629,1.633,1.668,1.697,1.715,1.801,1.781,1.87,1.861,1.801,1.959,1.959,1.959,1.69,1.69,1.69,1.69,1.69,2.034,2.042,2.122,2.074,2.087,2.102,2.106,2.237,2.155,2.164,2.239,2.297,2.249,2.248,2.255,2.278,2.274,2.156,2.156,2.137,2.125,2.124,2.096,2.141,2.127,2.164,2.2,2.193,2.207,2.159,2.068,2.127,2.213,2.232,2.269,2.283,2.326,2.326,2.27,2.27,2.244,2.2,2.218,2.154,2.137,2.078,2.058,1.482,2.115,1.703,2.106,2.076,2.045,2.031,2.01,1.994,1.992,1.921,1.381,1.959,1.412,1.005,1.018,1.093,1.106,1.124,1.174,1.186,1.221,1.23,1.242,1.251,1.243,1.253,1.254,1.994,1.305,1.321,1.357,1.368,1.15,0.955,0.968,1.036,1.093,1.109,1.113,1.141,1.156,1.167,1.185,1.203,1.204,1.263,0.971,1.208,1.244,1.269,1.304,1.317,1.296,1.369,1.39,1.39,1.412,1.412,0.947,0.904,0.864,0.877,0.877,0.877,0.877,0.877,0.867,0.877,0.88,0.88,0.858,0.763,0.66,0.651,0.651,0.64,0.0,0.0,0.05,0.507,1.286,1.361,0.559,0.619,0.595,0.619,0.619,0.619,0.619,0.67,0.64,0.72,0.779,0.779,0.878,0.878,0.942,0.924,0.935,0.935,0.942,0.961,0.961,1.005,1.027,1.041,1.051,1.057,1.1,1.1,1.099,1.115,1.123,1.128,1.138,1.144,1.167,1.202,1.195,1.214,1.234,1.242,0.601,0.545,0.644,0.647,0.68,0.725,0.746,0.731,0.723,0.707,0.959,0.955,0.93,0.911,0.913,0.895,0.871,0.865,0.867,0.851,0.845,0.798,0.801,0.778,0.789,0.834,0.84,0.867,0.898,0.98,0.964,0.98,1.109,1.086,1.162,1.179,1.173,0.915,1.185,1.076,1.065,1.051,1.008,0.994,0.92,0.907,0.905,0.904,9.963
Point_241,16.282,3.192,3.192,3.229,1.956,1.451,1.106,1.144,1.144,1.144,1.185,1.211,1.225,1.242,1.294,1.294,1.316,1.329,1.344,1.382,1.413,1.4,1.455,1.46,1.484,1.494,1.505,1.514,1.535,1.554,1.546,1.342,1.689,1.675,1.623,1.551,1.55,1.515,1.517,1.499,1.499,1.47,1.462,1.439,1.353,1.308,1.371,1.383,1.406,1.411,1.418,1.434,1.444,1.444,1.448,1.456,1.491,1.474,1.474,1.511,1.525,1.525,1.525,1.506,1.504,1.482,1.381,1.382,1.365,1.347,1.351,1.315,1.217,1.25,1.254,1.291,1.321,1.311,1.398,1.416,1.358,1.358,1.483,1.495,1.495,1.495,1.532,1.52,1.536,1.538,1.536,1.589,1.565,1.589,1.686,1.718,1.781,1.629,1.633,1.668,1.697,1.715,1.801,1.781,1.87,1.861,1.801,1.959,1.959,1.959,1.69,1.69,1.69,1.69,1.69,2.034,2.042,2.122,2.074,2.087,2.102,2.106,2.237,2.155,2.164,2.239,2.297,2.249,2.248,2.255,2.278,2.274,2.156,2.156,2.137,2.125,2.124,2.096,2.141,2.127,2.164,2.2,2.193,2.207,2.159,2.068,2.127,2.213,2.232,2.269,2.283,2.326,2.326,2.27,2.27,2.244,2.2,2.218,2.154,2.137,2.078,2.058,1.482,2.115,1.703,2.106,2.076,2.045,2.031,2.01,1.994,1.992,1.921,1.381,1.959,1.412,1.005,1.018,1.093,1.106,1.124,1.174,1.186,1.221,1.23,1.242,1.251,1.243,1.253,1.254,1.994,1.305,1.321,1.357,1.368,1.15,0.955,0.968,1.036,1.093,1.109,1.113,1.141,1.156,1.167,1.185,1.203,1.204,1.263,0.971,1.208,1.244,1.269,1.304,1.317,1.296,1.369,1.39,1.39,1.412,1.412,0.947,0.904,0.864,0.877,0.877,0.877,0.877,0.877,0.867,0.877,0.88,0.88,0.858,0.763,0.66,0.651,0.651,0.64,0.0,0.0,0.05,0.507,1.286,1.361,0.559,0.619,0.595,0.619,0.619,0.619,0.619,0.67,0.64,0.72,0.779,0.779,0.878,0.878,0.942,0.924,0.935,0.935,0.942,0.961,0.961,1.005,1.027,1.041,1.051,1.057,1.1,1.1,1.099,1.115,1.123,1.128,1.138,1.144,1.167,1.202,1.195,1.214,1.234,1.242,0.601,0.545,0.644,0.647,0.68,0.725,0.746,0.731,0.723,0.707,0.959,0.955,0.93,0.911,0.913,0.895,0.871,0.865,0.867,0.851,0.845,0.798,0.801,0.778,0.789,0.834,0.84,0.867,0.898,0.98,0.964,0.98,1.109,1.086,1.162,1.179,1.173,0.915,1.185,1.076,1.065,1.051,1.008,0.994,0.92,0.907,0.905,0.904,9.963
Point_242,16.232,3.141,3.141,3.178,1.906,1.4,1.056,1.093,1.093,1.093,1.135,1.161,1.175,1.191,1.243,1.243,1.265,1.278,1.294,1.332,1.363,1.35,1.404,1.409,1.434,1.443,1.455,1.464,1.485,1.503,1.495,1.292,1.638,1.625,1.572,1.5,1.499,1.464,1.467,1.449,1.449,1.419,1.412,1.388,1.302,1.257,1.321,1.333,1.356,1.361,1.368,1.383,1.393,1.393,1.398,1.406,1.441,1.424,1.424,1.46,1.474,1.474,1.474,1.456,1.454,1.431,1.331,1.332,1.315,1.296,1.3,1.265,1.167,1.2,1.204,1.241,1.271,1.261,1.348,1.365,1.307,1.307,1.433,1.444,1.444,1.444,1.482,1.47,1.486,1.488,1.486,1.538,1.515,1.538,1.636,1.667,1.731,1.579,1.583,1.617,1.646,1.665,1.751,1.73,1.82,1.81,1.75,1.909,1.909,1.909,1.639,1.639,1.639,1.639,1.639,1.983,1.992,2.072,2.024,2.036,2.052,2.056,2.187,2.104,2.114,2.188,2.247,2.199,2.197,2.204,2.227,2.223,2.106,2.105,2.086,2.075,2.074,2.045,2.09,2.077,2.113,2.149,2.142,2.157,2.108,2.018,2.077,2.162,2.182,2.219,2.232,2.275,2.275,2.219,2.219,2.193,2.149,2.168,2.103,2.086,2.027,2.008,1.432,2.065,1.652,2.056,2.026,1.995,1.98,1.96,1.944,1.941,1.871,1.331,1.909,1.361,0.954,0.967,1.043,1.056,1.074,1.123,1.136,1.171,1.179,1.192,1.201,1.192,1.203,1.203,1.944,1.255,1.271,1.307,1.317,1.099,0.904,0.917,0.986,1.043,1.059,1.063,1.091,1.106,1.116,1.135,1.152,1.153,1.213,0.921,1.158,1.194,1.218,1.253,1.267,1.246,1.319,1.34,1.339,1.362,1.362,0.896,0.854,0.814,0.826,0.826,0.826,0.826,0.826,0.817,0.826,0.829,0.829,0.807,0.713,0.609,0.601,0.601,0.59,0.594,0.594,0.0,0.456,1.236,1.31,0.509,0.569,0.545,0.569,0.569,0.569,0.569,0.62,0.589,0.669,0.729,0.729,0.827,0.827,0.891,0.873,0.884,0.884,0.891,0.911,0.911,0.955,0.977,0.991,1.0,1.007,1.05,1.05,1.049,1.065,1.072,1.077,1.088,1.094,1.117,1.152,1.145,1.164,1.183,1.191,0.55,0.495,0.593,0.597,0.629,0.674,0.696,0.681,0.673,0.656,0.909,0.905,0.88,0.861,0.862,0.845,0.82,0.815,0.817,0.8,0.795,0.748,0.75,0.727,0.739,0.784,0.79,0.817,0.847,0.93,0.914,0.93,1.059,1.036,1.112,1.128,1.122,0.864,1.134,1.025,1.014,1.001,0.958,0.943,0.87,0.857,0.855,0.854,9.913
Point_243,16.111,3.02,3.02,3.057,1.785,1.279,0.935,0.972,0.972,0.972,1.014,1.04,1.081,1.097,1.15,1.15,1.172,1.184,1.2,1.238,1.269,1.305,1.31,1.316,1.34,1.349,1.361,1.37,1.391,1.409,1.401,1.558,1.654,1.641,1.588,1.516,1.515,1.48,1.482,1.464,1.464,1.435,1.427,1.404,1.316,1.271,1.334,1.346,1.369,1.374,1.381,1.397,1.407,1.407,1.411,1.419,1.454,1.437,1.437,1.474,1.488,1.488,1.488,1.362,1.36,1.337,1.286,1.287,1.27,1.252,1.256,1.22,1.122,1.155,1.159,1.196,1.21,1.274,1.363,1.379,1.321,1.321,1.446,1.458,1.458,1.458,1.495,1.483,1.499,1.501,1.499,1.552,1.528,1.552,1.649,1.681,1.744,1.592,1.596,1.631,1.66,1.678,1.764,1.744,1.833,1.824,1.764,1.922,1.922,1.922,1.97,1.97,1.97,1.97,1.97,1.997,2.006,2.085,2.037,2.05,2.066,2.069,2.2,2.118,2.127,2.202,2.26,2.212,2.211,2.218,2.241,2.237,2.119,2.119,2.1,2.088,2.088,2.059,2.104,2.09,2.127,2.163,2.156,2.17,2.122,2.031,2.09,2.176,2.195,2.232,2.246,2.289,2.289,2.233,2.233,2.207,2.163,2.181,2.117,2.1,2.041,2.021,1.447,2.078,1.666,2.07,2.039,2.008,1.994,1.973,1.957,1.955,1.884,1.597,1.922,1.628,1.221,1.234,1.31,1.323,1.34,1.39,1.402,1.437,1.446,1.458,1.467,1.459,1.469,1.47,1.957,1.521,1.537,1.573,1.584,1.366,1.171,1.184,1.252,1.296,1.28,1.276,1.248,1.232,1.222,1.203,1.186,1.185,1.169,1.187,1.424,1.46,1.485,1.52,1.533,1.513,1.585,1.606,1.606,1.628,1.628,0.775,0.733,0.625,0.613,0.613,0.613,0.613,0.613,0.623,0.613,0.537,0.537,0.515,0.421,0.317,0.309,0.309,0.298,0.301,0.301,0.352,0.0,0.943,0.927,0.216,0.277,0.253,0.277,0.277,0.277,0.277,0.327,0.297,0.377,0.437,0.437,0.535,0.535,0.61,0.592,0.604,0.604,0.61,0.63,0.63,0.674,0.696,0.71,0.719,0.726,0.769,0.769,0.768,0.784,0.791,0.796,0.807,0.813,0.836,0.871,0.864,0.883,0.902,0.91,0.817,0.761,0.86,0.863,0.896,0.941,0.962,0.948,0.939,0.923,1.065,1.062,1.036,1.017,1.019,1.002,0.977,0.971,0.974,0.957,0.952,0.905,0.907,0.884,0.77,0.815,0.821,0.848,0.879,0.961,0.945,0.961,0.991,1.014,0.938,0.921,0.928,0.895,0.915,0.904,0.893,0.88,0.837,0.822,0.749,0.736,0.734,0.733,9.867
Point_244,15.964,2.873,2.873,2.91,1.637,1.132,0.787,0.825,0.825,0.825,0.867,0.893,0.934,0.95,1.002,1.002,1.024,1.037,1.053,1.09,1.122,1.158,1.163,1.168,1.193,1.202,1.214,1.223,1.244,1.262,1.254,1.496,1.507,1.493,1.441,1.369,1.368,1.333,1.335,1.317,1.317,1.288,1.28,1.257,1.169,1.124,1.187,1.199,1.222,1.227,1.234,1.25,1.26,1.26,1.264,1.272,1.307,1.29,1.29,1.326,1.341,1.341,1.341,1.215,1.213,1.19,1.139,1.14,1.123,1.104,1.108,1.073,0.975,1.008,1.012,1.049,1.063,1.127,1.216,1.232,1.173,1.173,1.299,1.31,1.31,1.31,1.348,1.336,1.352,1.354,1.352,1.404,1.381,1.404,1.502,1.534,1.597,1.445,1.449,1.484,1.513,1.531,1.617,1.597,1.686,1.676,1.617,1.775,1.775,1.775,1.823,1.823,1.823,1.823,1.823,1.85,1.858,1.938,1.89,1.902,1.918,1.922,2.053,1.97,1.98,2.054,2.113,2.065,2.064,2.071,2.093,2.089,1.972,1.972,1.952,1.941,1.94,1.912,1.957,1.943,1.98,2.016,2.009,2.023,1.974,1.884,1.943,2.028,2.048,2.085,2.098,2.141,2.141,2.086,2.086,2.06,2.015,2.034,1.969,1.953,1.894,1.874,1.3,1.931,1.519,1.922,1.892,1.861,1.847,1.826,1.81,1.808,1.737,1.536,1.775,1.566,1.159,1.172,1.248,1.261,1.279,1.328,1.34,1.375,1.384,1.397,1.406,1.397,1.407,1.408,1.81,1.451,1.434,1.399,1.388,1.35,1.109,1.122,1.205,1.148,1.133,1.128,1.101,1.085,1.075,1.056,1.039,1.038,1.021,0.982,1.052,1.088,1.112,1.147,1.161,1.14,1.213,1.234,1.233,1.256,1.256,0.628,0.585,0.478,0.466,0.466,0.466,0.466,0.466,0.476,0.466,0.39,0.39,0.368,0.273,0.17,0.161,0.161,0.15,0.154,0.154,0.205,0.148,0.0,0.94,0.064,0.13,0.105,0.13,0.13,0.13,0.13,0.18,0.15,0.23,0.289,0.289,0.388,0.388,0.463,0.445,0.456,0.456,0.463,0.483,0.483,0.527,0.548,0.563,0.572,0.579,0.622,0.622,0.621,0.637,0.644,0.649,0.66,0.666,0.689,0.723,0.717,0.735,0.755,0.763,0.805,0.797,0.848,0.852,0.885,0.93,0.951,1.026,1.018,1.001,0.918,0.914,0.889,0.87,0.872,0.854,0.83,0.824,0.826,0.81,0.804,0.757,0.76,0.737,0.623,0.668,0.674,0.701,0.731,0.814,0.798,0.814,0.844,0.867,0.791,0.774,0.78,0.748,0.768,0.757,0.746,0.732,0.689,0.675,0.602,0.589,0.587,0.585,9.942
Point_245,15.707,2.616,2.616,2.653,1.381,0.875,0.79,0.828,0.828,0.828,0.869,0.895,0.937,0.953,1.005,1.005,1.027,1.04,1.056,1.093,1.144,1.218,1.104,1.099,1.074,1.065,1.053,1.044,1.065,1.083,1.076,1.543,1.247,1.261,1.313,1.385,1.386,1.336,1.338,1.32,1.32,1.291,1.283,1.26,1.171,1.127,1.19,1.202,1.225,1.23,1.293,1.277,1.267,1.267,1.263,1.255,1.254,1.23,1.237,1.273,1.287,1.287,1.287,1.22,1.218,1.195,1.237,1.236,1.126,1.107,1.111,1.076,0.978,1.011,1.015,1.052,1.066,1.13,1.219,1.235,1.176,1.176,1.302,1.313,1.313,1.313,1.351,1.339,1.355,1.357,1.355,1.407,1.384,1.407,1.505,1.536,1.6,1.448,1.452,1.486,1.516,1.534,1.62,1.599,1.689,1.679,1.619,1.778,1.778,1.778,1.826,1.826,1.826,1.826,1.826,1.853,1.861,1.941,1.893,1.905,1.921,1.925,2.056,1.973,1.983,2.057,2.116,2.068,2.067,2.073,2.096,2.092,1.975,1.975,1.955,1.944,1.943,1.914,1.959,1.946,1.983,2.018,2.012,2.026,1.977,1.887,1.946,2.031,2.051,2.088,2.101,2.144,2.144,2.089,2.089,2.063,2.018,2.037,1.972,1.955,1.897,1.877,1.303,1.934,1.522,1.925,1.895,1.864,1.849,1.829,1.813,1.81,1.74,2.196,1.778,2.104,1.87,1.883,1.665,1.652,1.634,1.585,1.573,1.537,1.529,1.516,1.507,1.516,1.505,1.505,1.813,1.454,1.437,1.401,1.391,1.353,1.29,1.277,1.208,1.151,1.136,1.131,1.104,1.088,1.078,1.059,1.042,1.041,1.024,1.16,1.311,1.347,1.371,1.406,1.42,1.399,1.472,1.493,1.492,1.515,1.515,0.737,0.845,0.737,0.725,0.725,0.725,0.725,0.725,0.735,0.725,0.649,0.649,0.627,0.678,0.881,0.873,0.873,0.861,0.865,0.865,0.916,0.858,0.708,0.0,0.775,0.841,0.816,0.841,0.841,0.841,0.841,0.891,0.861,0.721,0.662,0.662,0.563,0.563,0.722,0.704,0.716,0.716,0.722,0.742,0.742,0.786,0.808,0.822,0.831,0.838,0.881,0.881,0.88,0.896,0.903,0.908,0.919,0.925,0.948,0.983,0.976,0.995,1.014,1.022,1.065,1.057,1.108,1.111,1.144,1.189,1.21,1.286,1.277,1.261,1.177,1.174,1.148,1.129,1.131,1.114,1.089,1.083,1.086,1.069,1.064,1.017,1.019,0.996,0.882,0.927,0.933,0.96,0.991,1.073,1.057,1.073,1.103,1.126,1.05,1.033,1.04,1.007,1.027,1.016,1.005,0.992,0.949,0.934,0.861,0.848,0.846,0.845,10.652
Point_246,15.892,2.802,2.802,2.839,1.566,1.061,0.716,0.754,0.754,0.754,0.795,0.821,0.862,0.879,0.931,0.931,0.953,0.966,0.982,1.019,1.05,1.087,1.092,1.097,1.122,1.131,1.143,1.151,1.173,1.191,1.183,1.425,1.436,1.422,1.369,1.298,1.296,1.262,1.264,1.246,1.246,1.216,1.209,1.185,1.097,1.052,1.116,1.127,1.151,1.155,1.163,1.178,1.188,1.188,1.193,1.2,1.236,1.219,1.219,1.255,1.269,1.269,1.269,1.143,1.141,1.119,1.068,1.069,1.052,1.033,1.037,1.001,0.904,0.937,0.941,0.978,0.991,1.056,1.145,1.16,1.102,1.102,1.227,1.239,1.239,1.239,1.277,1.265,1.281,1.282,1.281,1.333,1.31,1.333,1.431,1.462,1.526,1.374,1.378,1.412,1.441,1.459,1.546,1.525,1.615,1.605,1.545,1.704,1.704,1.704,1.752,1.752,1.752,1.752,1.752,1.778,1.787,1.866,1.819,1.831,1.847,1.851,1.981,1.899,1.909,1.983,2.042,1.993,1.992,1.999,2.022,2.018,1.9,1.9,1.881,1.869,1.869,1.84,1.885,1.871,1.908,1.944,1.937,1.952,1.903,1.813,1.871,1.957,1.977,2.014,2.027,2.07,2.07,2.014,2.014,1.988,1.944,1.963,1.898,1.881,1.822,1.803,1.229,1.859,1.447,1.851,1.821,1.79,1.775,1.755,1.739,1.736,1.665,1.464,1.704,1.495,1.088,1.101,1.176,1.189,1.207,1.257,1.269,1.304,1.313,1.325,1.334,1.326,1.336,1.336,1.739,1.379,1.363,1.327,1.317,1.278,1.038,1.051,1.134,1.077,1.061,1.057,1.029,1.014,1.004,0.985,0.968,0.967,0.95,0.91,0.98,1.016,1.041,1.076,1.089,1.069,1.141,1.163,1.162,1.184,1.184,0.557,0.514,0.407,0.395,0.395,0.395,0.395,0.395,0.404,0.395,0.319,0.319,0.296,0.202,0.098,0.09,0.09,0.079,0.083,0.083,0.133,0.276,0.725,0.976,0.0,0.058,0.034,0.058,0.058,0.058,0.058,0.109,0.079,0.159,0.218,0.218,0.317,0.317,0.392,0.374,0.385,0.385,0.392,0.412,0.412,0.455,0.477,0.491,0.501,0.507,0.551,0.551,0.55,0.565,0.573,0.578,0.588,0.594,0.617,0.652,0.645,0.664,0.684,0.692,0.734,0.726,0.777,0.781,0.814,0.858,0.88,0.955,0.947,0.93,0.847,0.843,0.818,0.799,0.8,0.783,0.758,0.753,0.755,0.738,0.733,0.686,0.688,0.666,0.551,0.596,0.603,0.63,0.66,0.742,0.727,0.742,0.772,0.795,0.719,0.703,0.709,0.677,0.697,0.686,0.675,0.661,0.618,0.604,0.53,0.517,0.515,0.514,10.046
Point_247,15.834,2.743,2.743,2.781,1.508,1.002,0.658,0.696,0.696,0.696,0.737,0.763,0.804,0.82,0.873,0.873,0.895,0.907,0.923,0.961,0.992,1.028,1.034,1.039,1.063,1.073,1.084,1.093,1.114,1.132,1.125,1.447,1.377,1.364,1.311,1.239,1.238,1.203,1.206,1.188,1.188,1.158,1.151,1.127,1.039,0.994,1.057,1.069,1.093,1.097,1.104,1.12,1.13,1.13,1.134,1.142,1.178,1.161,1.161,1.197,1.211,1.211,1.211,1.085,1.083,1.06,1.01,1.01,0.993,0.975,0.979,0.943,0.846,0.879,0.882,0.92,0.933,0.997,1.087,1.102,1.044,1.044,1.169,1.181,1.181,1.181,1.219,1.207,1.223,1.224,1.223,1.275,1.252,1.275,1.373,1.404,1.467,1.316,1.319,1.354,1.383,1.401,1.487,1.467,1.556,1.547,1.487,1.645,1.645,1.645,1.693,1.693,1.693,1.693,1.693,1.72,1.729,1.808,1.761,1.773,1.789,1.793,1.923,1.841,1.851,1.925,1.984,1.935,1.934,1.941,1.964,1.96,1.842,1.842,1.823,1.811,1.811,1.782,1.827,1.813,1.85,1.886,1.879,1.893,1.845,1.755,1.813,1.899,1.918,1.956,1.969,2.012,2.012,1.956,1.956,1.93,1.886,1.904,1.84,1.823,1.764,1.744,1.171,1.801,1.389,1.793,1.763,1.731,1.717,1.696,1.681,1.678,1.607,1.486,1.645,1.517,1.11,1.123,1.199,1.212,1.23,1.279,1.291,1.326,1.335,1.384,1.375,1.383,1.373,1.373,1.681,1.321,1.305,1.269,1.258,1.22,1.06,1.144,1.076,1.019,1.003,0.999,0.971,0.956,0.945,0.927,0.91,0.909,0.892,0.852,0.922,0.958,0.983,1.018,1.031,1.01,1.083,1.104,1.104,1.126,1.126,0.499,0.456,0.349,0.336,0.336,0.336,0.336,0.336,0.346,0.336,0.26,0.26,0.238,0.144,0.04,0.032,0.032,0.101,0.105,0.105,0.156,0.298,0.667,0.917,0.096,0.0,0.132,0.0,0.0,0.0,0.0,0.051,0.02,0.1,0.16,0.16,0.258,0.258,0.334,0.315,0.327,0.327,0.334,0.353,0.353,0.397,0.419,0.433,0.442,0.449,0.492,0.492,0.491,0.507,0.515,0.52,0.53,0.536,0.559,0.594,0.587,0.606,0.626,0.634,0.676,0.668,0.719,0.722,0.755,0.8,0.821,0.897,0.888,0.872,0.788,0.785,0.759,0.741,0.742,0.725,0.7,0.694,0.697,0.68,0.675,0.628,0.63,0.607,0.493,0.538,0.544,0.571,0.602,0.684,0.668,0.684,0.714,0.737,0.661,0.645,0.651,0.619,0.638,0.628,0.616,0.603,0.56,0.546,0.472,0.459,0.457,0.456,10.068
Point_248,15.858,2.768,2.768,2.805,1.532,1.027,0.682,0.72,0.72,0.72,0.761,0.787,0.829,0.845,0.897,0.897,0.919,0.932,0.948,0.985,1.016,1.053,1.058,1.063,1.088,1.097,1.109,1.118,1.139,1.157,1.149,1.435,1.402,1.388,1.335,1.264,1.262,1.228,1.23,1.212,1.212,1.182,1.175,1.151,1.063,1.018,1.082,1.094,1.117,1.122,1.129,1.144,1.154,1.154,1.159,1.167,1.202,1.185,1.185,1.221,1.235,1.235,1.235,1.109,1.108,1.085,1.034,1.035,1.018,0.999,1.003,0.968,0.87,0.903,0.907,0.944,0.958,1.022,1.111,1.126,1.068,1.068,1.194,1.205,1.205,1.205,1.243,1.231,1.247,1.249,1.247,1.299,1.276,1.299,1.397,1.428,1.492,1.34,1.344,1.378,1.407,1.426,1.512,1.491,1.581,1.571,1.511,1.67,1.67,1.67,1.718,1.718,1.718,1.718,1.718,1.744,1.753,1.833,1.785,1.797,1.813,1.817,1.948,1.865,1.875,1.949,2.008,1.96,1.958,1.965,1.988,1.984,1.867,1.866,1.847,1.836,1.835,1.806,1.851,1.838,1.874,1.91,1.903,1.918,1.869,1.779,1.838,1.923,1.943,1.98,1.993,2.036,2.036,1.98,1.98,1.954,1.91,1.929,1.864,1.847,1.788,1.769,1.195,1.826,1.413,1.817,1.787,1.756,1.741,1.721,1.705,1.702,1.632,2.088,1.67,1.996,1.431,1.443,1.557,1.544,1.526,1.477,1.464,1.429,1.421,1.408,1.399,1.408,1.397,1.397,1.705,1.345,1.329,1.293,1.283,1.245,1.182,1.169,1.1,1.043,1.027,1.023,0.995,0.98,0.97,0.951,0.934,0.933,0.916,0.876,0.946,0.982,1.007,1.042,1.055,1.035,1.107,1.129,1.128,1.151,1.151,0.523,0.48,0.373,0.361,0.361,0.361,0.361,0.361,0.37,0.361,0.285,0.285,0.263,0.168,0.064,0.056,0.056,0.844,0.848,0.848,0.899,0.841,0.691,0.942,0.758,0.024,0.0,0.024,0.024,0.024,0.024,0.075,0.045,0.125,0.184,0.184,0.283,0.283,0.358,0.34,0.351,0.351,0.358,0.378,0.378,0.421,0.443,0.457,0.467,0.473,0.517,0.517,0.516,0.531,0.539,0.544,0.554,0.561,0.583,0.618,0.611,0.63,0.65,0.658,0.7,0.692,0.743,0.747,0.78,0.824,0.846,0.921,0.913,0.896,0.813,0.809,0.784,0.765,0.766,0.749,0.725,0.719,0.721,0.704,0.699,0.652,0.654,0.632,0.518,0.562,0.569,0.596,0.626,0.709,0.693,0.709,0.739,0.761,0.685,0.669,0.675,0.643,0.663,0.652,0.641,0.627,0.584,0.57,0.497,0.483,0.481,0.48,10.495
Point_249,15.834,2.743,2.743,2.781,1.508,1.002,0.658,0.696,0.696,0.696,0.737,0.763,0.804,0.82,0.873,0.873,0.895,0.907,0.923,0.961,0.992,1.028,1.034,1.039,1.063,1.073,1.084,1.093,1.114,1.132,1.125,1.447,1.377,1.364,1.311,1.239,1.238,1.203,1.206,1.188,1.188,1.158,1.151,1.127,1.039,0.994,1.057,1.069,1.093,1.097,1.104,1.12,1.13,1.13,1.134,1.142,1.178,1.161,1.161,1.197,1.211,1.211,1.211,1.085,1.083,1.06,1.01,1.01,0.993,0.975,0.979,0.943,0.846,0.879,0.882,0.92,0.933,0.997,1.087,1.102,1.044,1.044,1.169,1.181,1.181,1.181,1.219,1.207,1.223,1.224,1.223,1.275,1.252,1.275,1.373,1.404,1.467,1.316,1.319,1.354,1.383,1.401,1.487,1.467,1.556,1.547,1.487,1.645,1.645,1.645,1.693,1.693,1.693,1.693,1.693,1.72,1.729,1.808,1.761,1.773,1.789,1.793,1.923,1.841,1.851,1.925,1.984,1.935,1.934,1.941,1.964,1.96,1.842,1.842,1.823,1.811,1.811,1.782,1.827,1.813,1.85,1.886,1.879,1.893,1.845,1.755,1.813,1.899,1.918,1.956,1.969,2.012,2.012,1.956,1.956,1.93,1.886,1.904,1.84,1.823,1.764,1.744,1.171,1.801,1.389,1.793,1.763,1.731,1.717,1.696,1.681,1.678,1.607,1.486,1.645,1.517,1.11,1.123,1.199,1.212,1.23,1.279,1.291,1.326,1.335,1.384,1.375,1.383,1.373,1.373,1.681,1.321,1.305,1.269,1.258,1.22,1.06,1.144,1.076,1.019,1.003,0.999,0.971,0.956,0.945,0.927,0.91,0.909,0.892,0.852,0.922,0.958,0.983,1.018,1.031,1.01,1.083,1.104,1.104,1.126,1.126,0.499,0.456,0.349,0.336,0.336,0.336,0.336,0.336,0.346,0.336,0.26,0.26,0.238,0.144,0.04,0.032,0.032,0.101,0.105,0.105,0.156,0.298,0.667,0.917,0.096,0.0,0.132,0.0,0.0,0.0,0.0,0.051,0.02,0.1,0.16,0.16,0.258,0.258,0.334,0.315,0.327,0.327,0.334,0.353,0.353,0.397,0.419,0.433,0.442,0.449,0.492,0.492,0.491,0.507,0.515,0.52,0.53,0.536,0.559,0.594,0.587,0.606,0.626,0.634,0.676,0.668,0.719,0.722,0.755,0.8,0.821,0.897,0.888,0.872,0.788,0.785,0.759,0.741,0.742,0.725,0.7,0.694,0.697,0.68,0.675,0.628,0.63,0.607,0.493,0.538,0.544,0.571,0.602,0.684,0.668,0.684,0.714,0.737,0.661,0.645,0.651,0.619,0.638,0.628,0.616,0.603,0.56,0.546,0.472,0.459,0.457,0.456,10.068
Point_250,15.834,2.743,2.743,2.781,1.508,1.002,0.658,0.696,0.696,0.696,0.737,0.763,0.804,0.82,0.873,0.873,0.895,0.907,0.923,0.961,0.992,1.028,1.034,1.039,1.063,1.073,1.084,1.093,1.114,1.132,1.125,1.447,1.377,1.364,1.311,1.239,1.238,1.203,1.206,1.188,1.188,1.158,1.151,1.127,1.039,0.994,1.057,1.069,1.093,1.097,1.104,1.12,1.13,1.13,1.134,1.142,1.178,1.161,1.161,1.197,1.211,1.211,1.211,1.085,1.083,1.06,1.01,1.01,0.993,0.975,0.979,0.943,0.846,0.879,0.882,0.92,0.933,0.997,1.087,1.102,1.044,1.044,1.169,1.181,1.181,1.181,1.219,1.207,1.223,1.224,1.223,1.275,1.252,1.275,1.373,1.404,1.467,1.316,1.319,1.354,1.383,1.401,1.487,1.467,1.556,1.547,1.487,1.645,1.645,1.645,1.693,1.693,1.693,1.693,1.693,1.72,1.729,1.808,1.761,1.773,1.789,1.793,1.923,1.841,1.851,1.925,1.984,1.935,1.934,1.941,1.964,1.96,1.842,1.842,1.823,1.811,1.811,1.782,1.827,1.813,1.85,1.886,1.879,1.893,1.845,1.755,1.813,1.899,1.918,1.956,1.969,2.012,2.012,1.956,1.956,1.93,1.886,1.904,1.84,1.823,1.764,1.744,1.171,1.801,1.389,1.793,1.763,1.731,1.717,1.696,1.681,1.678,1.607,1.486,1.645,1.517,1.11,1.123,1.199,1.212,1.23,1.279,1.291,1.326,1.335,1.384,1.375,1.383,1.373,1.373,1.681,1.321,1.305,1.269,1.258,1.22,1.06,1.144,1.076,1.019,1.003,0.999,0.971,0.956,0.945,0.927,0.91,0.909,0.892,0.852,0.922,0.958,0.983,1.018,1.031,1.01,1.083,1.104,1.104,1.126,1.126,0.499,0.456,0.349,0.336,0.336,0.336,0.336,0.336,0.346,0.336,0.26,0.26,0.238,0.144,0.04,0.032,0.032,0.101,0.105,0.105,0.156,0.298,0.667,0.917,0.096,0.0,0.132,0.0,0.0,0.0,0.0,0.051,0.02,0.1,0.16,0.16,0.258,0.258,0.334,0.315,0.327,0.327,0.334,0.353,0.353,0.397,0.419,0.433,0.442,0.449,0.492,0.492,0.491,0.507,0.515,0.52,0.53,0.536,0.559,0.594,0.587,0.606,0.626,0.634,0.676,0.668,0.719,0.722,0.755,0.8,0.821,0.897,0.888,0.872,0.788,0.785,0.759,0.741,0.742,0.725,0.7,0.694,0.697,0.68,0.675,0.628,0.63,0.607,0.493,0.538,0.544,0.571,0.602,0.684,0.668,0.684,0.714,0.737,0.661,0.645,0.651,0.619,0.638,0.628,0.616,0.603,0.56,0.546,0.472,0.459,0.457,0.456,10.068
Point_251,15.834,2.743,2.743,2.781,1.508,1.002,0.658,0.696,0.696,0.696,0.737,0.763,0.804,0.82,0.873,0.873,0.895,0.907,0.923,0.961,0.992,1.028,1.034,1.039,1.063,1.073,1.084,1.093,1.114,1.132,1.125,1.447,1.377,1.364,1.311,1.239,1.238,1.203,1.206,1.188,1.188,1.158,1.151,1.127,1.039,0.994,1.057,1.069,1.093,1.097,1.104,1.12,1.13,1.13,1.134,1.142,1.178,1.161,1.161,1.197,1.211,1.211,1.211,1.085,1.083,1.06,1.01,1.01,0.993,0.975,0.979,0.943,0.846,0.879,0.882,0.92,0.933,0.997,1.087,1.102,1.044,1.044,1.169,1.181,1.181,1.181,1.219,1.207,1.223,1.224,1.223,1.275,1.252,1.275,1.373,1.404,1.467,1.316,1.319,1.354,1.383,1.401,1.487,1.467,1.556,1.547,1.487,1.645,1.645,1.645,1.693,1.693,1.693,1.693,1.693,1.72,1.729,1.808,1.761,1.773,1.789,1.793,1.923,1.841,1.851,1.925,1.984,1.935,1.934,1.941,1.964,1.96,1.842,1.842,1.823,1.811,1.811,1.782,1.827,1.813,1.85,1.886,1.879,1.893,1.845,1.755,1.813,1.899,1.918,1.956,1.969,2.012,2.012,1.956,1.956,1.93,1.886,1.904,1.84,1.823,1.764,1.744,1.171,1.801,1.389,1.793,1.763,1.731,1.717,1.696,1.681,1.678,1.607,1.486,1.645,1.517,1.11,1.123,1.199,1.212,1.23,1.279,1.291,1.326,1.335,1.384,1.375,1.383,1.373,1.373,1.681,1.321,1.305,1.269,1.258,1.22,1.06,1.144,1.076,1.019,1.003,0.999,0.971,0.956,0.945,0.927,0.91,0.909,0.892,0.852,0.922,0.958,0.983,1.018,1.031,1.01,1.083,1.104,1.104,1.126,1.126,0.499,0.456,0.349,0.336,0.336,0.336,0.336,0.336,0.346,0.336,0.26,0.26,0.238,0.144,0.04,0.032,0.032,0.101,0.105,0.105,0.156,0.298,0.667,0.917,0.096,0.0,0.132,0.0,0.0,0.0,0.0,0.051,0.02,0.1,0.16,0.16,0.258,0.258,0.334,0.315,0.327,0.327,0.334,0.353,0.353,0.397,0.419,0.433,0.442,0.449,0.492,0.492,0.491,0.507,0.515,0.52,0.53,0.536,0.559,0.594,0.587,0.606,0.626,0.634,0.676,0.668,0.719,0.722,0.755,0.8,0.821,0.897,0.888,0.872,0.788,0.785,0.759,0.741,0.742,0.725,0.7,0.694,0.697,0.68,0.675,0.628,0.63,0.607,0.493,0.538,0.544,0.571,0.602,0.684,0.668,0.684,0.714,0.737,0.661,0.645,0.651,0.619,0.638,0.628,0.616,0.603,0.56,0.546,0.472,0.459,0.457,0.456,10.068
Point_252,15.834,2.743,2.743,2.781,1.508,1.002,0.658,0.696,0.696,0.696,0.737,0.763,0.804,0.82,0.873,0.873,0.895,0.907,0.923,0.961,0.992,1.028,1.034,1.039,1.063,1.073,1.084,1.093,1.114,1.132,1.125,1.447,1.377,1.364,1.311,1.239,1.238,1.203,1.206,1.188,1.188,1.158,1.151,1.127,1.039,0.994,1.057,1.069,1.093,1.097,1.104,1.12,1.13,1.13,1.134,1.142,1.178,1.161,1.161,1.197,1.211,1.211,1.211,1.085,1.083,1.06,1.01,1.01,0.993,0.975,0.979,0.943,0.846,0.879,0.882,0.92,0.933,0.997,1.087,1.102,1.044,1.044,1.169,1.181,1.181,1.181,1.219,1.207,1.223,1.224,1.223,1.275,1.252,1.275,1.373,1.404,1.467,1.316,1.319,1.354,1.383,1.401,1.487,1.467,1.556,1.547,1.487,1.645,1.645,1.645,1.693,1.693,1.693,1.693,1.693,1.72,1.729,1.808,1.761,1.773,1.789,1.793,1.923,1.841,1.851,1.925,1.984,1.935,1.934,1.941,1.964,1.96,1.842,1.842,1.823,1.811,1.811,1.782,1.827,1.813,1.85,1.886,1.879,1.893,1.845,1.755,1.813,1.899,1.918,1.956,1.969,2.012,2.012,1.956,1.956,1.93,1.886,1.904,1.84,1.823,1.764,1.744,1.171,1.801,1.389,1.793,1.763,1.731,1.717,1.696,1.681,1.678,1.607,1.486,1.645,1.517,1.11,1.123,1.199,1.212,1.23,1.279,1.291,1.326,1.335,1.384,1.375,1.383,1.373,1.373,1.681,1.321,1.305,1.269,1.258,1.22,1.06,1.144,1.076,1.019,1.003,0.999,0.971,0.956,0.945,0.927,0.91,0.909,0.892,0.852,0.922,0.958,0.983,1.018,1.031,1.01,1.083,1.104,1.104,1.126,1.126,0.499,0.456,0.349,0.336,0.336,0.336,0.336,0.336,0.346,0.336,0.26,0.26,0.238,0.144,0.04,0.032,0.032,0.101,0.105,0.105,0.156,0.298,0.667,0.917,0.096,0.0,0.132,0.0,0.0,0.0,0.0,0.051,0.02,0.1,0.16,0.16,0.258,0.258,0.334,0.315,0.327,0.327,0.334,0.353,0.353,0.397,0.419,0.433,0.442,0.449,0.492,0.492,0.491,0.507,0.515,0.52,0.53,0.536,0.559,0.594,0.587,0.606,0.626,0.634,0.676,0.668,0.719,0.722,0.755,0.8,0.821,0.897,0.888,0.872,0.788,0.785,0.759,0.741,0.742,0.725,0.7,0.694,0.697,0.68,0.675,0.628,0.63,0.607,0.493,0.538,0.544,0.571,0.602,0.684,0.668,0.684,0.714,0.737,0.661,0.645,0.651,0.619,0.638,0.628,0.616,0.603,0.56,0.546,0.472,0.459,0.457,0.456,10.068
Point_253,15.784,2.693,2.693,2.73,1.457,0.952,0.607,0.645,0.645,0.645,0.686,0.712,0.754,0.77,0.822,0.822,0.844,0.857,0.873,0.91,0.941,0.978,0.983,0.988,1.013,1.022,1.034,1.043,1.064,1.082,1.074,1.36,1.327,1.313,1.261,1.189,1.187,1.153,1.155,1.137,1.137,1.108,1.1,1.077,0.988,0.944,1.007,1.019,1.042,1.047,1.054,1.07,1.08,1.08,1.084,1.092,1.127,1.11,1.11,1.146,1.16,1.16,1.16,1.034,1.033,1.01,0.959,0.96,0.943,0.924,0.928,0.893,0.795,0.828,0.832,0.869,0.883,0.947,1.036,1.052,0.993,0.993,1.119,1.13,1.13,1.13,1.168,1.156,1.172,1.174,1.172,1.224,1.201,1.224,1.322,1.353,1.417,1.265,1.269,1.303,1.333,1.351,1.437,1.416,1.506,1.496,1.436,1.595,1.595,1.595,1.643,1.643,1.643,1.643,1.643,1.67,1.678,1.758,1.71,1.722,1.738,1.742,1.873,1.79,1.8,1.874,1.933,1.885,1.884,1.89,1.913,1.909,1.792,1.792,1.772,1.761,1.76,1.731,1.776,1.763,1.799,1.835,1.829,1.843,1.794,1.704,1.763,1.848,1.868,1.905,1.918,1.961,1.961,1.906,1.906,1.88,1.835,1.854,1.789,1.772,1.714,1.694,1.12,1.751,1.339,1.742,1.712,1.681,1.666,1.646,1.63,1.627,1.557,1.537,1.595,1.921,1.161,1.173,1.249,1.262,1.28,1.402,1.39,1.354,1.346,1.333,1.324,1.333,1.322,1.322,1.63,1.27,1.254,1.218,1.208,1.17,1.107,1.094,1.025,0.968,0.953,0.948,0.921,0.905,0.895,0.876,0.859,0.858,0.841,0.801,0.872,0.907,0.932,0.967,0.981,0.96,1.033,1.054,1.053,1.076,1.076,0.448,0.405,0.298,0.286,0.286,0.286,0.286,0.286,0.296,0.286,0.21,0.21,0.188,0.093,0.01,0.019,0.019,0.152,0.156,0.156,0.206,0.348,0.616,0.867,0.147,0.051,0.183,0.051,0.051,0.051,0.051,0.0,0.03,0.05,0.109,0.109,0.208,0.208,0.283,0.265,0.276,0.276,0.283,0.303,0.303,0.346,0.368,0.382,0.392,0.398,0.442,0.442,0.441,0.456,0.464,0.469,0.479,0.486,0.508,0.543,0.537,0.555,0.575,0.583,0.625,0.617,0.668,0.672,0.705,0.75,0.771,0.846,0.838,0.821,0.738,0.734,0.709,0.69,0.692,0.674,0.65,0.644,0.646,0.629,0.624,0.577,0.58,0.557,0.443,0.488,0.494,0.521,0.551,0.634,0.618,0.634,0.664,0.686,0.611,0.594,0.6,0.568,0.588,0.577,0.566,0.552,0.509,0.495,0.422,0.409,0.406,0.405,10.119
Point_254,15.814,2.723,2.723,2.76,1.488,0.982,0.638,0.675,0.675,0.675,0.717,0.743,0.784,0.8,0.852,0.852,0.874,0.887,0.903,0.941,0.972,1.008,1.013,1.018,1.043,1.052,1.064,1.073,1.094,1.112,1.104,1.468,1.357,1.343,1.291,1.219,1.218,1.183,1.185,1.167,1.167,1.138,1.13,1.107,1.019,0.974,1.037,1.049,1.072,1.077,1.084,1.1,1.11,1.11,1.114,1.122,1.157,1.14,1.14,1.177,1.191,1.191,1.191,1.065,1.063,1.04,0.989,0.99,0.973,0.955,0.959,0.923,0.825,0.858,0.862,0.899,0.913,0.977,1.066,1.082,1.023,1.023,1.149,1.161,1.161,1.161,1.198,1.186,1.202,1.204,1.202,1.254,1.231,1.254,1.352,1.384,1.447,1.295,1.299,1.334,1.363,1.381,1.467,1.447,1.536,1.527,1.467,1.625,1.625,1.625,1.673,1.673,1.673,1.673,1.673,1.7,1.708,1.788,1.74,1.753,1.768,1.772,1.903,1.821,1.83,1.904,1.963,1.915,1.914,1.921,1.944,1.94,1.822,1.822,1.803,1.791,1.79,1.762,1.807,1.793,1.83,1.866,1.859,1.873,1.825,1.734,1.793,1.879,1.898,1.935,1.949,1.992,1.992,1.936,1.936,1.91,1.866,1.884,1.82,1.803,1.744,1.724,1.15,1.781,1.369,1.772,1.742,1.711,1.697,1.676,1.66,1.658,1.587,1.507,1.625,1.537,1.13,1.143,1.219,1.232,1.25,1.432,1.42,1.385,1.376,1.363,1.354,1.363,1.353,1.352,1.66,1.301,1.285,1.249,1.238,1.2,1.137,1.124,1.055,0.999,0.983,0.979,0.951,0.935,0.925,0.906,0.889,0.888,0.871,0.832,0.902,0.938,0.962,0.997,1.011,0.99,1.063,1.084,1.083,1.106,1.106,0.478,0.436,0.328,0.316,0.316,0.316,0.316,0.316,0.326,0.316,0.24,0.24,0.218,0.123,0.02,0.012,0.012,0.122,0.125,0.125,0.176,0.318,0.646,0.897,0.116,0.02,0.152,0.02,0.02,0.02,0.02,0.03,0.0,0.08,0.139,0.139,0.238,0.238,0.313,0.295,0.306,0.306,0.313,0.333,0.333,0.377,0.399,0.413,0.422,0.429,0.472,0.472,0.471,0.487,0.494,0.499,0.51,0.516,0.539,0.574,0.567,0.586,0.605,0.613,0.656,0.647,0.699,0.702,0.735,0.78,0.801,0.876,0.868,0.852,0.768,0.765,0.739,0.72,0.722,0.705,0.68,0.674,0.677,0.66,0.654,0.608,0.61,0.587,0.473,0.518,0.524,0.551,0.582,0.664,0.648,0.664,0.694,0.717,0.641,0.624,0.63,0.598,0.618,0.607,0.596,0.582,0.539,0.525,0.452,0.439,0.437,0.436,10.089
Point_255,15.734,2.643,2.643,2.68,1.407,0.902,0.557,0.595,0.595,0.595,0.637,0.662,0.704,0.72,0.772,0.772,0.794,0.807,0.823,0.86,0.892,0.928,0.933,0.938,0.963,0.972,0.984,0.993,1.014,1.032,1.024,1.31,1.277,1.263,1.211,1.139,1.138,1.103,1.105,1.087,1.087,1.058,1.05,1.027,0.939,0.894,0.957,0.969,0.992,0.997,1.004,1.02,1.03,1.03,1.034,1.042,1.077,1.06,1.06,1.096,1.111,1.111,1.111,0.985,0.983,0.96,0.909,0.91,0.893,0.874,0.878,0.843,0.745,0.778,0.782,0.819,0.833,0.897,0.986,1.002,0.943,0.943,1.069,1.08,1.08,1.08,1.118,1.106,1.122,1.124,1.122,1.174,1.151,1.174,1.272,1.304,1.367,1.215,1.219,1.253,1.283,1.301,1.387,1.367,1.456,1.446,1.387,1.545,1.545,1.545,1.593,1.593,1.593,1.593,1.593,1.62,1.628,1.708,1.66,1.672,1.688,1.692,1.823,1.74,1.75,1.824,1.883,1.835,1.834,1.841,1.863,1.859,1.742,1.742,1.722,1.711,1.71,1.682,1.727,1.713,1.75,1.786,1.779,1.793,1.744,1.654,1.713,1.798,1.818,1.855,1.868,1.911,1.911,1.856,1.856,1.83,1.785,1.804,1.739,1.723,1.664,1.644,1.07,1.701,1.289,1.692,1.662,1.631,1.617,1.596,1.58,1.578,1.507,1.587,1.545,1.871,1.211,1.223,1.299,1.419,1.401,1.352,1.34,1.305,1.296,1.283,1.274,1.283,1.273,1.272,1.58,1.221,1.204,1.169,1.158,1.12,1.057,1.044,0.975,0.918,0.903,0.898,0.871,0.855,0.845,0.826,0.809,0.808,0.791,0.752,0.822,0.858,0.882,0.917,0.931,0.91,0.983,1.004,1.003,1.026,1.026,0.398,0.355,0.248,0.236,0.236,0.236,0.236,0.236,0.246,0.236,0.16,0.16,0.138,0.043,0.06,0.069,0.069,0.202,0.206,0.206,0.256,0.398,0.566,0.817,0.197,0.1,0.233,0.1,0.1,0.1,0.1,0.05,0.08,0.0,0.059,0.059,0.158,0.158,0.233,0.215,0.226,0.226,0.233,0.253,0.253,0.296,0.318,0.333,0.342,0.348,0.392,0.392,0.391,0.407,0.414,0.419,0.43,0.436,0.459,0.493,0.487,0.505,0.525,0.533,0.575,0.567,0.618,0.622,0.655,0.7,0.721,0.796,0.788,0.771,0.688,0.684,0.659,0.64,0.642,0.624,0.6,0.594,0.596,0.58,0.574,0.527,0.53,0.507,0.393,0.438,0.444,0.471,0.501,0.584,0.568,0.584,0.614,0.637,0.561,0.544,0.55,0.518,0.538,0.527,0.516,0.502,0.459,0.445,0.372,0.359,0.357,0.355,10.169
Point_256,15.674,2.584,2.584,2.621,1.348,0.843,0.498,0.536,0.536,0.536,0.577,0.603,0.645,0.661,0.713,0.713,0.735,0.748,0.764,0.801,0.832,0.869,0.874,0.879,0.904,0.913,0.925,0.934,0.955,0.973,0.965,1.251,1.218,1.204,1.151,1.08,1.078,1.044,1.046,1.028,1.028,0.998,0.991,0.967,0.879,0.834,0.898,0.909,0.933,0.937,0.945,0.96,0.97,0.97,0.975,0.983,1.018,1.001,1.001,1.037,1.051,1.051,1.051,0.925,0.924,0.901,0.85,0.851,0.834,0.815,0.819,0.784,0.686,0.719,0.723,0.76,0.774,0.838,0.927,0.942,0.884,0.884,1.009,1.021,1.021,1.021,1.059,1.047,1.063,1.065,1.063,1.115,1.092,1.115,1.213,1.244,1.308,1.156,1.16,1.194,1.223,1.241,1.328,1.307,1.397,1.387,1.327,1.486,1.486,1.486,1.534,1.534,1.534,1.534,1.534,1.56,1.569,1.648,1.601,1.613,1.629,1.633,1.764,1.681,1.691,1.765,1.824,1.775,1.774,1.781,1.804,1.8,1.683,1.682,1.663,1.652,1.651,1.622,1.667,1.653,1.69,1.726,1.719,1.734,1.685,1.595,1.653,1.739,1.759,1.796,1.809,1.852,1.852,1.796,1.796,1.77,1.726,1.745,1.68,1.663,1.604,1.585,1.011,1.641,1.229,1.633,1.603,1.572,1.557,1.537,1.521,1.518,1.447,1.904,1.486,1.812,1.27,1.283,1.373,1.36,1.342,1.293,1.28,1.245,1.237,1.224,1.215,1.224,1.213,1.213,1.521,1.161,1.145,1.109,1.099,1.061,0.998,0.985,0.916,0.859,0.843,0.839,0.811,0.796,0.786,0.767,0.75,0.749,0.732,0.692,0.762,0.798,0.823,0.858,0.871,0.851,0.923,0.945,0.944,0.966,0.966,0.339,0.296,0.189,0.177,0.177,0.177,0.177,0.177,0.186,0.177,0.101,0.101,0.079,0.016,0.12,0.128,0.128,0.261,0.265,0.265,0.315,0.458,0.507,0.758,0.256,0.16,0.292,0.16,0.16,0.16,0.16,0.109,0.139,0.059,0.0,0.0,0.099,0.099,0.174,0.156,0.167,0.167,0.174,0.194,0.194,0.237,0.259,0.273,0.283,0.289,0.333,0.333,0.332,0.347,0.355,0.36,0.37,0.377,0.399,0.434,0.427,0.446,0.466,0.474,0.516,0.508,0.559,0.563,0.596,0.64,0.662,0.737,0.729,0.712,0.629,0.625,0.6,0.581,0.582,0.565,0.54,0.535,0.537,0.52,0.515,0.468,0.47,0.448,0.333,0.378,0.385,0.412,0.442,0.524,0.509,0.524,0.555,0.577,0.501,0.485,0.491,0.459,0.479,0.468,0.457,0.443,0.4,0.386,0.312,0.299,0.297,0.296,10.228
Point_257,15.674,2.584,2.584,2.621,1.348,0.843,0.498,0.536,0.536,0.536,0.577,0.603,0.645,0.661,0.713,0.713,0.735,0.748,0.764,0.801,0.832,0.869,0.874,0.879,0.904,0.913,0.925,0.934,0.955,0.973,0.965,1.251,1.218,1.204,1.151,1.08,1.078,1.044,1.046,1.028,1.028,0.998,0.991,0.967,0.879,0.834,0.898,0.909,0.933,0.937,0.945,0.96,0.97,0.97,0.975,0.983,1.018,1.001,1.001,1.037,1.051,1.051,1.051,0.925,0.924,0.901,0.85,0.851,0.834,0.815,0.819,0.784,0.686,0.719,0.723,0.76,0.774,0.838,0.927,0.942,0.884,0.884,1.009,1.021,1.021,1.021,1.059,1.047,1.063,1.065,1.063,1.115,1.092,1.115,1.213,1.244,1.308,1.156,1.16,1.194,1.223,1.241,1.328,1.307,1.397,1.387,1.327,1.486,1.486,1.486,1.534,1.534,1.534,1.534,1.534,1.56,1.569,1.648,1.601,1.613,1.629,1.633,1.764,1.681,1.691,1.765,1.824,1.775,1.774,1.781,1.804,1.8,1.683,1.682,1.663,1.652,1.651,1.622,1.667,1.653,1.69,1.726,1.719,1.734,1.685,1.595,1.653,1.739,1.759,1.796,1.809,1.852,1.852,1.796,1.796,1.77,1.726,1.745,1.68,1.663,1.604,1.585,1.011,1.641,1.229,1.633,1.603,1.572,1.557,1.537,1.521,1.518,1.447,1.904,1.486,1.812,1.27,1.283,1.373,1.36,1.342,1.293,1.28,1.245,1.237,1.224,1.215,1.224,1.213,1.213,1.521,1.161,1.145,1.109,1.099,1.061,0.998,0.985,0.916,0.859,0.843,0.839,0.811,0.796,0.786,0.767,0.75,0.749,0.732,0.692,0.762,0.798,0.823,0.858,0.871,0.851,0.923,0.945,0.944,0.966,0.966,0.339,0.296,0.189,0.177,0.177,0.177,0.177,0.177,0.186,0.177,0.101,0.101,0.079,0.016,0.12,0.128,0.128,0.261,0.265,0.265,0.315,0.458,0.507,0.758,0.256,0.16,0.292,0.16,0.16,0.16,0.16,0.109,0.139,0.059,0.0,0.0,0.099,0.099,0.174,0.156,0.167,0.167,0.174,0.194,0.194,0.237,0.259,0.273,0.283,0.289,0.333,0.333,0.332,0.347,0.355,0.36,0.37,0.377,0.399,0.434,0.427,0.446,0.466,0.474,0.516,0.508,0.559,0.563,0.596,0.64,0.662,0.737,0.729,0.712,0.629,0.625,0.6,0.581,0.582,0.565,0.54,0.535,0.537,0.52,0.515,0.468,0.47,0.448,0.333,0.378,0.385,0.412,0.442,0.524,0.509,0.524,0.555,0.577,0.501,0.485,0.491,0.459,0.479,0.468,0.457,0.443,0.4,0.386,0.312,0.299,0.297,0.296,10.228
Point_258,15.66,2.569,2.569,2.607,1.334,0.828,0.484,0.522,0.522,0.522,0.563,0.589,0.63,0.646,0.699,0.699,0.721,0.733,0.749,0.787,0.818,0.854,0.86,0.865,0.889,0.899,0.91,0.919,0.94,0.958,0.951,1.237,1.203,1.19,1.137,1.065,1.064,1.029,1.032,1.014,1.014,0.984,0.977,0.953,0.865,0.82,0.883,0.895,0.919,0.923,0.93,0.946,0.956,0.956,0.96,0.968,1.004,0.987,0.987,1.023,1.037,1.037,1.037,0.911,0.909,0.887,0.836,0.836,0.819,0.801,0.805,0.769,0.672,0.705,0.709,0.746,0.759,0.823,0.913,0.928,0.87,0.87,0.995,1.007,1.007,1.007,1.045,1.033,1.049,1.05,1.049,1.101,1.078,1.101,1.199,1.23,1.293,1.142,1.145,1.18,1.209,1.227,1.313,1.293,1.382,1.373,1.313,1.471,1.471,1.471,1.519,1.519,1.519,1.519,1.519,1.546,1.555,1.634,1.587,1.599,1.615,1.619,1.749,1.667,1.677,1.751,1.81,1.761,1.76,1.767,1.79,1.786,1.668,1.668,1.649,1.637,1.637,1.608,1.653,1.639,1.676,1.712,1.705,1.719,1.671,1.581,1.639,1.725,1.744,1.782,1.795,1.838,1.838,1.782,1.782,1.756,1.712,1.73,1.666,1.649,1.59,1.57,0.997,1.627,1.215,1.619,1.589,1.557,1.543,1.522,1.507,1.504,1.433,1.889,1.471,1.797,1.232,1.245,1.359,1.346,1.328,1.278,1.266,1.231,1.222,1.21,1.201,1.209,1.199,1.199,1.507,1.147,1.131,1.095,1.084,1.046,0.984,0.97,0.902,0.845,0.829,0.825,0.797,0.782,0.771,0.753,0.736,0.735,0.718,0.678,0.748,0.784,0.809,0.844,0.857,0.836,0.909,0.93,0.93,0.952,0.952,0.325,0.282,0.175,0.162,0.162,0.162,0.162,0.162,0.172,0.162,0.086,0.086,0.064,0.115,0.218,0.227,0.227,0.36,0.364,0.364,0.414,0.559,0.408,0.659,0.355,0.258,0.391,0.258,0.258,0.258,0.258,0.208,0.238,0.158,0.099,0.099,0.0,0.0,0.16,0.141,0.153,0.153,0.16,0.179,0.179,0.223,0.245,0.259,0.268,0.275,0.318,0.318,0.317,0.333,0.341,0.346,0.356,0.362,0.385,0.42,0.413,0.432,0.452,0.46,0.502,0.494,0.545,0.548,0.581,0.626,0.647,0.723,0.714,0.698,0.614,0.611,0.585,0.567,0.568,0.551,0.526,0.52,0.523,0.506,0.501,0.454,0.456,0.433,0.319,0.364,0.37,0.397,0.428,0.51,0.494,0.51,0.54,0.563,0.487,0.471,0.477,0.445,0.464,0.454,0.442,0.429,0.386,0.372,0.298,0.285,0.283,0.282,10.327
Point_259,15.66,2.569,2.569,2.607,1.334,0.828,0.484,0.522,0.522,0.522,0.563,0.589,0.63,0.646,0.699,0.699,0.721,0.733,0.749,0.787,0.818,0.854,0.86,0.865,0.889,0.899,0.91,0.919,0.94,0.958,0.951,1.237,1.203,1.19,1.137,1.065,1.064,1.029,1.032,1.014,1.014,0.984,0.977,0.953,0.865,0.82,0.883,0.895,0.919,0.923,0.93,0.946,0.956,0.956,0.96,0.968,1.004,0.987,0.987,1.023,1.037,1.037,1.037,0.911,0.909,0.887,0.836,0.836,0.819,0.801,0.805,0.769,0.672,0.705,0.709,0.746,0.759,0.823,0.913,0.928,0.87,0.87,0.995,1.007,1.007,1.007,1.045,1.033,1.049,1.05,1.049,1.101,1.078,1.101,1.199,1.23,1.293,1.142,1.145,1.18,1.209,1.227,1.313,1.293,1.382,1.373,1.313,1.471,1.471,1.471,1.519,1.519,1.519,1.519,1.519,1.546,1.555,1.634,1.587,1.599,1.615,1.619,1.749,1.667,1.677,1.751,1.81,1.761,1.76,1.767,1.79,1.786,1.668,1.668,1.649,1.637,1.637,1.608,1.653,1.639,1.676,1.712,1.705,1.719,1.671,1.581,1.639,1.725,1.744,1.782,1.795,1.838,1.838,1.782,1.782,1.756,1.712,1.73,1.666,1.649,1.59,1.57,0.997,1.627,1.215,1.619,1.589,1.557,1.543,1.522,1.507,1.504,1.433,1.889,1.471,1.797,1.232,1.245,1.359,1.346,1.328,1.278,1.266,1.231,1.222,1.21,1.201,1.209,1.199,1.199,1.507,1.147,1.131,1.095,1.084,1.046,0.984,0.97,0.902,0.845,0.829,0.825,0.797,0.782,0.771,0.753,0.736,0.735,0.718,0.678,0.748,0.784,0.809,0.844,0.857,0.836,0.909,0.93,0.93,0.952,0.952,0.325,0.282,0.175,0.162,0.162,0.162,0.162,0.162,0.172,0.162,0.086,0.086,0.064,0.115,0.218,0.227,0.227,0.36,0.364,0.364,0.414,0.559,0.408,0.659,0.355,0.258,0.391,0.258,0.258,0.258,0.258,0.208,0.238,0.158,0.099,0.099,0.0,0.0,0.16,0.141,0.153,0.153,0.16,0.179,0.179,0.223,0.245,0.259,0.268,0.275,0.318,0.318,0.317,0.333,0.341,0.346,0.356,0.362,0.385,0.42,0.413,0.432,0.452,0.46,0.502,0.494,0.545,0.548,0.581,0.626,0.647,0.723,0.714,0.698,0.614,0.611,0.585,0.567,0.568,0.551,0.526,0.52,0.523,0.506,0.501,0.454,0.456,0.433,0.319,0.364,0.37,0.397,0.428,0.51,0.494,0.51,0.54,0.563,0.487,0.471,0.477,0.445,0.464,0.454,0.442,0.429,0.386,0.372,0.298,0.285,0.283,0.282,10.327
Point_260,16.541,3.45,3.45,3.487,2.215,1.709,1.365,1.402,1.402,1.402,1.444,1.47,1.484,1.5,1.552,1.552,1.574,1.587,1.603,1.64,1.672,1.659,1.713,1.718,1.743,1.752,1.764,1.773,1.794,1.812,1.804,1.601,1.947,1.934,1.881,1.809,1.808,1.773,1.776,1.758,1.758,1.728,1.721,1.697,1.611,1.566,1.63,1.641,1.665,1.669,1.677,1.692,1.702,1.702,1.707,1.714,1.75,1.733,1.733,1.769,1.783,1.783,1.783,1.765,1.763,1.74,1.64,1.641,1.624,1.605,1.609,1.573,1.476,1.509,1.513,1.55,1.58,1.57,1.656,1.674,1.616,1.616,1.741,1.753,1.753,1.753,1.791,1.779,1.795,1.796,1.795,1.847,1.824,1.847,1.945,1.976,2.04,1.888,1.892,1.926,1.955,1.973,2.06,2.039,2.129,2.119,2.059,2.218,2.218,2.218,1.948,1.948,1.948,1.948,1.948,2.292,2.301,2.38,2.333,2.345,2.361,2.365,2.495,2.413,2.423,2.497,2.556,2.507,2.506,2.513,2.536,2.532,2.414,2.414,2.395,2.383,2.383,2.354,2.399,2.385,2.422,2.458,2.451,2.466,2.417,2.327,2.385,2.471,2.491,2.528,2.541,2.584,2.584,2.528,2.528,2.502,2.458,2.477,2.412,2.395,2.336,2.317,1.741,2.373,1.961,2.365,2.335,2.304,2.289,2.269,2.253,2.25,2.179,1.64,2.218,1.67,1.263,1.276,1.352,1.365,1.383,1.432,1.445,1.48,1.488,1.501,1.51,1.501,1.512,1.512,2.253,1.564,1.58,1.616,1.626,1.408,1.213,1.226,1.295,1.352,1.368,1.372,1.399,1.415,1.425,1.444,1.461,1.462,1.522,1.23,1.467,1.502,1.527,1.562,1.576,1.555,1.628,1.649,1.648,1.671,1.671,1.205,1.163,1.123,1.135,1.135,1.135,1.135,1.135,1.125,1.135,1.138,1.138,1.116,1.022,0.918,0.91,0.91,0.899,0.903,0.903,0.953,0.765,1.545,1.619,0.818,0.878,0.854,0.878,0.878,0.878,0.878,0.928,0.898,0.978,1.038,1.038,1.136,1.136,0.0,1.182,1.193,1.193,0.0,0.02,0.02,0.063,0.085,0.099,0.109,0.115,0.159,0.159,0.158,0.173,0.181,0.186,0.196,0.203,0.225,0.26,0.254,0.272,0.292,0.3,0.859,0.804,0.902,0.906,0.938,0.983,1.005,0.99,0.982,0.965,1.217,1.214,1.188,1.17,1.171,1.154,1.129,1.123,1.126,1.109,1.104,1.057,1.059,1.036,1.048,1.092,1.099,1.126,1.156,1.239,1.223,1.239,1.368,1.345,1.421,1.437,1.431,1.173,1.443,1.334,1.323,1.309,1.267,1.252,1.179,1.166,1.164,1.163,10.222
Point_261,16.559,3.468,3.468,3.505,2.233,1.727,1.383,1.42,1.42,1.42,1.462,1.488,1.502,1.518,1.57,1.57,1.592,1.605,1.621,1.659,1.69,1.677,1.731,1.736,1.761,1.77,1.782,1.791,1.812,1.83,1.822,1.619,1.965,1.952,1.899,1.827,1.826,1.791,1.794,1.776,1.776,1.746,1.739,1.715,1.629,1.584,1.648,1.66,1.683,1.688,1.695,1.711,1.721,1.721,1.725,1.733,1.768,1.751,1.751,1.787,1.801,1.801,1.801,1.783,1.781,1.758,1.658,1.659,1.642,1.623,1.627,1.592,1.494,1.527,1.531,1.568,1.598,1.588,1.675,1.692,1.634,1.634,1.76,1.771,1.771,1.771,1.809,1.797,1.813,1.815,1.813,1.865,1.842,1.865,1.963,1.994,2.058,1.906,1.91,1.944,1.974,1.992,2.078,2.057,2.147,2.137,2.077,2.236,2.236,2.236,1.966,1.966,1.966,1.966,1.966,2.31,2.319,2.399,2.351,2.363,2.379,2.383,2.514,2.431,2.441,2.515,2.574,2.526,2.524,2.531,2.554,2.55,2.433,2.432,2.413,2.402,2.401,2.372,2.417,2.404,2.44,2.476,2.47,2.484,2.435,2.345,2.404,2.489,2.509,2.546,2.559,2.602,2.602,2.547,2.547,2.521,2.476,2.495,2.43,2.413,2.354,2.335,1.759,2.392,1.979,2.383,2.353,2.322,2.307,2.287,2.271,2.268,2.198,1.658,2.236,1.688,1.281,1.294,1.37,1.383,1.401,1.45,1.463,1.498,1.506,1.519,1.528,1.519,1.53,1.53,2.271,1.582,1.598,1.634,1.644,1.426,1.231,1.244,1.313,1.37,1.386,1.39,1.418,1.433,1.443,1.462,1.479,1.48,1.54,1.248,1.485,1.521,1.545,1.58,1.594,1.573,1.646,1.667,1.666,1.689,1.689,1.223,1.181,1.141,1.153,1.153,1.153,1.153,1.153,1.144,1.153,1.156,1.156,1.134,1.04,0.936,0.928,0.928,0.917,0.921,0.921,0.971,0.784,1.563,1.637,0.836,0.896,0.872,0.896,0.896,0.896,0.896,0.947,0.916,0.996,1.056,1.056,1.154,1.154,0.018,0.0,0.011,0.011,0.018,0.038,0.038,0.081,0.103,0.118,0.127,0.133,0.177,0.177,0.176,0.192,0.199,0.204,0.214,0.221,0.244,0.278,0.272,0.29,0.31,0.318,0.877,0.822,0.92,0.924,0.957,1.001,1.023,1.008,1.0,0.983,1.236,1.232,1.207,1.188,1.189,1.172,1.147,1.142,1.144,1.127,1.122,1.075,1.077,1.055,1.066,1.111,1.117,1.144,1.174,1.257,1.241,1.257,1.386,1.363,1.439,1.455,1.449,1.191,1.462,1.352,1.341,1.328,1.285,1.27,1.197,1.184,1.182,1.181,10.24
Point_262,16.548,3.457,3.457,3.494,2.221,1.716,1.371,1.409,1.409,1.409,1.451,1.477,1.491,1.507,1.559,1.559,1.581,1.594,1.61,1.647,1.678,1.666,1.72,1.725,1.75,1.759,1.771,1.78,1.801,1.819,1.811,1.607,1.954,1.941,1.888,1.816,1.815,1.78,1.782,1.764,1.764,1.735,1.727,1.704,1.618,1.573,1.637,1.648,1.672,1.676,1.683,1.699,1.709,1.709,1.713,1.721,1.757,1.74,1.74,1.776,1.79,1.79,1.79,1.771,1.77,1.747,1.647,1.647,1.631,1.612,1.616,1.58,1.483,1.516,1.52,1.557,1.587,1.576,1.663,1.681,1.623,1.623,1.748,1.76,1.76,1.76,1.798,1.786,1.802,1.803,1.802,1.854,1.831,1.854,1.952,1.983,2.046,1.895,1.899,1.933,1.962,1.98,2.066,2.046,2.135,2.126,2.066,2.225,2.225,2.225,1.955,1.955,1.955,1.955,1.955,2.299,2.308,2.387,2.34,2.352,2.368,2.372,2.502,2.42,2.43,2.504,2.563,2.514,2.513,2.52,2.543,2.539,2.421,2.421,2.402,2.39,2.39,2.361,2.406,2.392,2.429,2.465,2.458,2.473,2.424,2.334,2.392,2.478,2.497,2.535,2.548,2.591,2.591,2.535,2.535,2.509,2.465,2.483,2.419,2.402,2.343,2.324,1.747,2.38,1.968,2.372,2.342,2.311,2.296,2.275,2.26,2.257,2.186,1.647,2.225,1.677,1.27,1.283,1.359,1.372,1.39,1.439,1.451,1.486,1.495,1.508,1.517,1.508,1.519,1.519,2.26,1.57,1.587,1.623,1.633,1.415,1.22,1.233,1.302,1.359,1.374,1.379,1.406,1.422,1.432,1.451,1.468,1.469,1.529,1.237,1.474,1.509,1.534,1.569,1.583,1.562,1.635,1.656,1.655,1.678,1.678,1.212,1.169,1.13,1.142,1.142,1.142,1.142,1.142,1.132,1.142,1.145,1.145,1.123,1.028,0.925,0.917,0.917,0.906,0.909,0.909,0.96,0.772,1.551,1.626,0.824,0.885,0.86,0.885,0.885,0.885,0.885,0.935,0.905,0.985,1.044,1.044,1.143,1.143,0.007,1.189,0.0,0.0,0.007,0.027,0.027,0.07,0.092,0.106,0.116,0.122,0.166,0.166,0.165,0.18,0.188,0.193,0.203,0.21,0.232,0.267,0.26,0.279,0.299,0.307,0.866,0.811,0.909,0.912,0.945,0.99,1.011,0.997,0.988,0.972,1.224,1.221,1.195,1.176,1.178,1.161,1.136,1.13,1.133,1.116,1.111,1.064,1.066,1.043,1.054,1.099,1.106,1.133,1.163,1.245,1.23,1.245,1.374,1.352,1.428,1.444,1.438,1.18,1.45,1.341,1.33,1.316,1.273,1.259,1.186,1.173,1.171,1.169,10.228
Point_263,16.548,3.457,3.457,3.494,2.221,1.716,1.371,1.409,1.409,1.409,1.451,1.477,1.491,1.507,1.559,1.559,1.581,1.594,1.61,1.647,1.678,1.666,1.72,1.725,1.75,1.759,1.771,1.78,1.801,1.819,1.811,1.607,1.954,1.941,1.888,1.816,1.815,1.78,1.782,1.764,1.764,1.735,1.727,1.704,1.618,1.573,1.637,1.648,1.672,1.676,1.683,1.699,1.709,1.709,1.713,1.721,1.757,1.74,1.74,1.776,1.79,1.79,1.79,1.771,1.77,1.747,1.647,1.647,1.631,1.612,1.616,1.58,1.483,1.516,1.52,1.557,1.587,1.576,1.663,1.681,1.623,1.623,1.748,1.76,1.76,1.76,1.798,1.786,1.802,1.803,1.802,1.854,1.831,1.854,1.952,1.983,2.046,1.895,1.899,1.933,1.962,1.98,2.066,2.046,2.135,2.126,2.066,2.225,2.225,2.225,1.955,1.955,1.955,1.955,1.955,2.299,2.308,2.387,2.34,2.352,2.368,2.372,2.502,2.42,2.43,2.504,2.563,2.514,2.513,2.52,2.543,2.539,2.421,2.421,2.402,2.39,2.39,2.361,2.406,2.392,2.429,2.465,2.458,2.473,2.424,2.334,2.392,2.478,2.497,2.535,2.548,2.591,2.591,2.535,2.535,2.509,2.465,2.483,2.419,2.402,2.343,2.324,1.747,2.38,1.968,2.372,2.342,2.311,2.296,2.275,2.26,2.257,2.186,1.647,2.225,1.677,1.27,1.283,1.359,1.372,1.39,1.439,1.451,1.486,1.495,1.508,1.517,1.508,1.519,1.519,2.26,1.57,1.587,1.623,1.633,1.415,1.22,1.233,1.302,1.359,1.374,1.379,1.406,1.422,1.432,1.451,1.468,1.469,1.529,1.237,1.474,1.509,1.534,1.569,1.583,1.562,1.635,1.656,1.655,1.678,1.678,1.212,1.169,1.13,1.142,1.142,1.142,1.142,1.142,1.132,1.142,1.145,1.145,1.123,1.028,0.925,0.917,0.917,0.906,0.909,0.909,0.96,0.772,1.551,1.626,0.824,0.885,0.86,0.885,0.885,0.885,0.885,0.935,0.905,0.985,1.044,1.044,1.143,1.143,0.007,1.189,0.0,0.0,0.007,0.027,0.027,0.07,0.092,0.106,0.116,0.122,0.166,0.166,0.165,0.18,0.188,0.193,0.203,0.21,0.232,0.267,0.26,0.279,0.299,0.307,0.866,0.811,0.909,0.912,0.945,0.99,1.011,0.997,0.988,0.972,1.224,1.221,1.195,1.176,1.178,1.161,1.136,1.13,1.133,1.116,1.111,1.064,1.066,1.043,1.054,1.099,1.106,1.133,1.163,1.245,1.23,1.245,1.374,1.352,1.428,1.444,1.438,1.18,1.45,1.341,1.33,1.316,1.273,1.259,1.186,1.173,1.171,1.169,10.228
Point_264,16.541,3.45,3.45,3.487,2.215,1.709,1.365,1.402,1.402,1.402,1.444,1.47,1.484,1.5,1.552,1.552,1.574,1.587,1.603,1.64,1.672,1.659,1.713,1.718,1.743,1.752,1.764,1.773,1.794,1.812,1.804,1.601,1.947,1.934,1.881,1.809,1.808,1.773,1.776,1.758,1.758,1.728,1.721,1.697,1.611,1.566,1.63,1.641,1.665,1.669,1.677,1.692,1.702,1.702,1.707,1.714,1.75,1.733,1.733,1.769,1.783,1.783,1.783,1.765,1.763,1.74,1.64,1.641,1.624,1.605,1.609,1.573,1.476,1.509,1.513,1.55,1.58,1.57,1.656,1.674,1.616,1.616,1.741,1.753,1.753,1.753,1.791,1.779,1.795,1.796,1.795,1.847,1.824,1.847,1.945,1.976,2.04,1.888,1.892,1.926,1.955,1.973,2.06,2.039,2.129,2.119,2.059,2.218,2.218,2.218,1.948,1.948,1.948,1.948,1.948,2.292,2.301,2.38,2.333,2.345,2.361,2.365,2.495,2.413,2.423,2.497,2.556,2.507,2.506,2.513,2.536,2.532,2.414,2.414,2.395,2.383,2.383,2.354,2.399,2.385,2.422,2.458,2.451,2.466,2.417,2.327,2.385,2.471,2.491,2.528,2.541,2.584,2.584,2.528,2.528,2.502,2.458,2.477,2.412,2.395,2.336,2.317,1.741,2.373,1.961,2.365,2.335,2.304,2.289,2.269,2.253,2.25,2.179,1.64,2.218,1.67,1.263,1.276,1.352,1.365,1.383,1.432,1.445,1.48,1.488,1.501,1.51,1.501,1.512,1.512,2.253,1.564,1.58,1.616,1.626,1.408,1.213,1.226,1.295,1.352,1.368,1.372,1.399,1.415,1.425,1.444,1.461,1.462,1.522,1.23,1.467,1.502,1.527,1.562,1.576,1.555,1.628,1.649,1.648,1.671,1.671,1.205,1.163,1.123,1.135,1.135,1.135,1.135,1.135,1.125,1.135,1.138,1.138,1.116,1.022,0.918,0.91,0.91,0.899,0.903,0.903,0.953,0.765,1.545,1.619,0.818,0.878,0.854,0.878,0.878,0.878,0.878,0.928,0.898,0.978,1.038,1.038,1.136,1.136,1.2,1.182,1.193,1.193,0.0,0.02,0.02,0.063,0.085,0.099,0.109,0.115,0.159,0.159,0.158,0.173,0.181,0.186,0.196,0.203,0.225,0.26,0.253,0.272,0.292,0.3,0.859,0.804,0.902,0.906,0.938,0.983,1.005,0.99,0.982,0.965,1.217,1.214,1.188,1.17,1.171,1.154,1.129,1.123,1.126,1.109,1.104,1.057,1.059,1.036,1.048,1.092,1.099,1.126,1.156,1.239,1.223,1.239,1.368,1.345,1.421,1.437,1.431,1.173,1.443,1.334,1.323,1.309,1.267,1.252,1.179,1.166,1.164,1.163,10.222
Point_265,16.521,3.43,3.43,3.468,2.195,1.69,1.345,1.383,1.383,1.383,1.424,1.45,1.464,1.48,1.533,1.533,1.555,1.567,1.583,1.621,1.652,1.639,1.693,1.699,1.723,1.733,1.744,1.753,1.774,1.792,1.785,1.581,1.928,1.914,1.861,1.79,1.788,1.754,1.756,1.738,1.738,1.708,1.701,1.677,1.592,1.547,1.61,1.622,1.645,1.65,1.657,1.673,1.683,1.683,1.687,1.695,1.73,1.713,1.713,1.749,1.764,1.764,1.764,1.745,1.743,1.72,1.62,1.621,1.604,1.585,1.589,1.554,1.456,1.489,1.493,1.53,1.56,1.55,1.637,1.655,1.596,1.596,1.722,1.733,1.733,1.733,1.771,1.759,1.775,1.777,1.775,1.827,1.804,1.827,1.925,1.957,2.02,1.868,1.872,1.906,1.936,1.954,2.04,2.019,2.109,2.099,2.039,2.198,2.198,2.198,1.928,1.928,1.928,1.928,1.928,2.273,2.281,2.361,2.313,2.325,2.341,2.345,2.476,2.393,2.403,2.477,2.536,2.488,2.487,2.493,2.516,2.512,2.395,2.395,2.375,2.364,2.363,2.334,2.379,2.366,2.403,2.439,2.432,2.446,2.397,2.307,2.366,2.451,2.471,2.508,2.521,2.564,2.564,2.509,2.509,2.483,2.438,2.457,2.392,2.376,2.317,2.297,1.721,2.354,1.942,2.345,2.315,2.284,2.27,2.249,2.233,2.231,2.16,1.62,2.198,1.651,1.244,1.257,1.332,1.345,1.363,1.412,1.425,1.46,1.469,1.481,1.49,1.482,1.492,1.492,2.233,1.544,1.56,1.596,1.606,1.388,1.193,1.207,1.275,1.332,1.348,1.352,1.38,1.395,1.405,1.424,1.441,1.442,1.502,1.21,1.447,1.483,1.507,1.542,1.556,1.535,1.608,1.629,1.628,1.651,1.651,1.186,1.143,1.103,1.116,1.116,1.116,1.116,1.116,1.106,1.116,1.119,1.119,1.096,1.002,0.898,0.89,0.89,0.879,0.883,0.883,0.933,0.746,1.525,1.599,0.798,0.858,0.834,0.858,0.858,0.858,0.858,0.909,0.878,0.959,1.018,1.018,1.117,1.117,1.18,1.162,1.174,1.174,1.18,0.0,0.0,0.044,0.066,0.08,0.089,0.096,0.139,0.139,0.138,0.154,0.161,0.166,0.177,0.183,0.206,0.241,0.234,0.253,0.272,0.28,0.839,0.784,0.882,0.886,0.919,0.964,0.985,0.97,0.962,0.945,1.198,1.194,1.169,1.15,1.151,1.134,1.109,1.104,1.106,1.089,1.084,1.037,1.039,1.017,1.028,1.073,1.079,1.106,1.136,1.219,1.203,1.219,1.348,1.325,1.401,1.417,1.411,1.153,1.424,1.315,1.303,1.29,1.247,1.233,1.159,1.146,1.144,1.143,10.202
Point_266,16.521,3.43,3.43,3.468,2.195,1.69,1.345,1.383,1.383,1.383,1.424,1.45,1.464,1.48,1.533,1.533,1.555,1.567,1.583,1.621,1.652,1.639,1.693,1.699,1.723,1.733,1.744,1.753,1.774,1.792,1.785,1.581,1.928,1.914,1.861,1.79,1.788,1.754,1.756,1.738,1.738,1.708,1.701,1.677,1.592,1.547,1.61,1.622,1.645,1.65,1.657,1.673,1.683,1.683,1.687,1.695,1.73,1.713,1.713,1.749,1.764,1.764,1.764,1.745,1.743,1.72,1.62,1.621,1.604,1.585,1.589,1.554,1.456,1.489,1.493,1.53,1.56,1.55,1.637,1.655,1.596,1.596,1.722,1.733,1.733,1.733,1.771,1.759,1.775,1.777,1.775,1.827,1.804,1.827,1.925,1.957,2.02,1.868,1.872,1.906,1.936,1.954,2.04,2.019,2.109,2.099,2.039,2.198,2.198,2.198,1.928,1.928,1.928,1.928,1.928,2.273,2.281,2.361,2.313,2.325,2.341,2.345,2.476,2.393,2.403,2.477,2.536,2.488,2.487,2.493,2.516,2.512,2.395,2.395,2.375,2.364,2.363,2.334,2.379,2.366,2.403,2.439,2.432,2.446,2.397,2.307,2.366,2.451,2.471,2.508,2.521,2.564,2.564,2.509,2.509,2.483,2.438,2.457,2.392,2.376,2.317,2.297,1.721,2.354,1.942,2.345,2.315,2.284,2.27,2.249,2.233,2.231,2.16,1.62,2.198,1.651,1.244,1.257,1.332,1.345,1.363,1.412,1.425,1.46,1.469,1.481,1.49,1.482,1.492,1.492,2.233,1.544,1.56,1.596,1.606,1.388,1.193,1.207,1.275,1.332,1.348,1.352,1.38,1.395,1.405,1.424,1.441,1.442,1.502,1.21,1.447,1.483,1.507,1.542,1.556,1.535,1.608,1.629,1.628,1.651,1.651,1.186,1.143,1.103,1.116,1.116,1.116,1.116,1.116,1.106,1.116,1.119,1.119,1.096,1.002,0.898,0.89,0.89,0.879,0.883,0.883,0.933,0.746,1.525,1.599,0.798,0.858,0.834,0.858,0.858,0.858,0.858,0.909,0.878,0.959,1.018,1.018,1.117,1.117,1.18,1.162,1.174,1.174,1.18,0.0,0.0,0.044,0.066,0.08,0.089,0.096,0.139,0.139,0.138,0.154,0.161,0.166,0.177,0.183,0.206,0.241,0.234,0.253,0.272,0.28,0.839,0.784,0.882,0.886,0.919,0.964,0.985,0.97,0.962,0.945,1.198,1.194,1.169,1.15,1.151,1.134,1.109,1.104,1.106,1.089,1.084,1.037,1.039,1.017,1.028,1.073,1.079,1.106,1.136,1.219,1.203,1.219,1.348,1.325,1.401,1.417,1.411,1.153,1.424,1.315,1.303,1.29,1.247,1.233,1.159,1.146,1.144,1.143,10.202
Point_267,16.469,3.378,3.378,3.415,2.142,1.637,1.292,1.33,1.33,1.33,1.371,1.397,1.411,1.428,1.48,1.48,1.502,1.515,1.531,1.568,1.599,1.586,1.641,1.646,1.671,1.68,1.692,1.7,1.722,1.74,1.732,1.528,1.875,1.861,1.809,1.737,1.736,1.701,1.703,1.685,1.685,1.656,1.648,1.625,1.539,1.494,1.557,1.569,1.592,1.597,1.604,1.62,1.63,1.63,1.634,1.642,1.677,1.661,1.661,1.697,1.711,1.711,1.711,1.692,1.69,1.668,1.567,1.568,1.551,1.533,1.537,1.501,1.403,1.436,1.44,1.477,1.507,1.497,1.584,1.602,1.544,1.544,1.669,1.681,1.681,1.681,1.719,1.706,1.722,1.724,1.722,1.775,1.751,1.775,1.872,1.904,1.967,1.815,1.819,1.854,1.883,1.901,1.987,1.967,2.056,2.047,1.987,2.145,2.145,2.145,1.876,1.876,1.876,1.876,1.876,2.22,2.229,2.308,2.26,2.273,2.289,2.293,2.423,2.341,2.35,2.425,2.483,2.435,2.434,2.441,2.464,2.46,2.342,2.342,2.323,2.311,2.311,2.282,2.327,2.313,2.35,2.386,2.379,2.393,2.345,2.254,2.313,2.399,2.418,2.455,2.469,2.512,2.512,2.456,2.456,2.43,2.386,2.404,2.34,2.323,2.264,2.244,1.668,2.301,1.889,2.293,2.263,2.231,2.217,2.196,2.181,2.178,2.107,1.567,2.145,1.598,1.191,1.204,1.28,1.293,1.31,1.36,1.372,1.407,1.416,1.429,1.438,1.429,1.439,1.44,2.181,1.491,1.507,1.543,1.554,1.336,1.141,1.154,1.223,1.279,1.295,1.299,1.327,1.343,1.353,1.372,1.389,1.39,1.45,1.157,1.394,1.43,1.455,1.49,1.503,1.483,1.555,1.577,1.576,1.598,1.598,1.133,1.09,1.051,1.063,1.063,1.063,1.063,1.063,1.053,1.063,1.066,1.066,1.044,0.949,0.846,0.837,0.837,0.826,0.83,0.83,0.881,0.693,1.472,1.547,0.745,0.806,0.781,0.806,0.806,0.806,0.806,0.856,0.826,0.906,0.965,0.965,1.064,1.064,1.128,1.11,1.121,1.121,1.128,1.148,1.148,0.0,0.013,0.027,0.037,0.043,0.086,0.086,0.085,0.101,0.109,0.114,0.124,0.13,0.153,0.188,0.181,0.2,0.22,0.228,0.787,0.731,0.83,0.833,0.866,0.911,0.932,0.918,0.909,0.893,1.145,1.142,1.116,1.097,1.099,1.081,1.057,1.051,1.054,1.037,1.031,0.985,0.987,0.964,0.975,1.02,1.026,1.053,1.084,1.166,1.15,1.166,1.295,1.272,1.348,1.365,1.359,1.101,1.371,1.262,1.251,1.237,1.194,1.18,1.107,1.094,1.091,1.09,10.149
Point_268,16.456,3.365,3.365,3.402,2.129,1.624,1.279,1.317,1.317,1.317,1.358,1.384,1.399,1.415,1.467,1.467,1.489,1.502,1.518,1.555,1.586,1.573,1.628,1.633,1.658,1.667,1.679,1.688,1.709,1.727,1.719,1.515,1.862,1.848,1.796,1.724,1.723,1.688,1.69,1.672,1.672,1.643,1.635,1.612,1.526,1.481,1.544,1.556,1.58,1.584,1.591,1.607,1.617,1.617,1.621,1.629,1.665,1.648,1.648,1.684,1.698,1.698,1.698,1.679,1.678,1.655,1.555,1.555,1.538,1.52,1.524,1.488,1.39,1.424,1.427,1.464,1.494,1.484,1.571,1.589,1.531,1.531,1.656,1.668,1.668,1.668,1.706,1.693,1.709,1.711,1.709,1.762,1.738,1.762,1.86,1.891,1.954,1.803,1.806,1.841,1.87,1.888,1.974,1.954,2.043,2.034,1.974,2.132,2.132,2.132,1.863,1.863,1.863,1.863,1.863,2.207,2.216,2.295,2.247,2.26,2.276,2.28,2.41,2.328,2.337,2.412,2.47,2.422,2.421,2.428,2.451,2.447,2.329,2.329,2.31,2.298,2.298,2.269,2.314,2.3,2.337,2.373,2.366,2.38,2.332,2.241,2.3,2.386,2.405,2.442,2.456,2.499,2.499,2.443,2.443,2.417,2.373,2.391,2.327,2.31,2.251,2.231,1.655,2.288,1.876,2.28,2.25,2.218,2.204,2.183,2.168,2.165,2.094,1.554,2.132,1.585,1.178,1.191,1.267,1.28,1.298,1.347,1.359,1.394,1.403,1.416,1.425,1.416,1.426,1.427,2.168,1.478,1.494,1.53,1.541,1.323,1.128,1.141,1.21,1.266,1.282,1.286,1.314,1.33,1.34,1.359,1.376,1.377,1.437,1.144,1.381,1.417,1.442,1.477,1.49,1.47,1.542,1.564,1.563,1.585,1.585,1.12,1.077,1.038,1.05,1.05,1.05,1.05,1.05,1.04,1.05,1.053,1.053,1.031,0.936,0.833,0.824,0.824,0.813,0.817,0.817,0.868,0.68,1.459,1.534,0.732,0.793,0.768,0.793,0.793,0.793,0.793,0.843,0.813,0.893,0.952,0.952,1.051,1.051,1.115,1.097,1.108,1.108,1.115,1.135,1.135,1.178,0.0,0.014,0.024,0.03,0.073,0.073,0.072,0.088,0.096,0.101,0.111,0.117,0.14,0.175,0.168,0.187,0.207,0.215,0.774,0.719,0.817,0.82,0.853,0.898,0.919,0.905,0.896,0.88,1.132,1.129,1.103,1.084,1.086,1.069,1.044,1.038,1.041,1.024,1.018,0.972,0.974,0.951,0.962,1.007,1.013,1.04,1.071,1.153,1.137,1.153,1.282,1.26,1.335,1.352,1.346,1.088,1.358,1.249,1.238,1.224,1.181,1.167,1.094,1.081,1.078,1.077,10.136
Point_269,16.441,3.351,3.351,3.388,2.115,1.61,1.265,1.303,1.303,1.303,1.344,1.37,1.384,1.401,1.453,1.453,1.475,1.488,1.503,1.541,1.572,1.559,1.614,1.619,1.644,1.653,1.665,1.673,1.695,1.713,1.705,1.501,1.848,1.834,1.782,1.71,1.709,1.674,1.676,1.658,1.658,1.629,1.621,1.598,1.512,1.467,1.53,1.542,1.565,1.57,1.577,1.593,1.603,1.603,1.607,1.615,1.65,1.633,1.633,1.67,1.684,1.684,1.684,1.665,1.663,1.641,1.54,1.541,1.524,1.506,1.51,1.474,1.376,1.409,1.413,1.45,1.48,1.47,1.557,1.575,1.517,1.517,1.642,1.654,1.654,1.654,1.691,1.679,1.695,1.697,1.695,1.748,1.724,1.748,1.845,1.877,1.94,1.788,1.792,1.827,1.856,1.874,1.96,1.94,2.029,2.02,1.96,2.118,2.118,2.118,1.849,1.849,1.849,1.849,1.849,2.193,2.202,2.281,2.233,2.246,2.262,2.265,2.396,2.314,2.323,2.398,2.456,2.408,2.407,2.414,2.437,2.433,2.315,2.315,2.296,2.284,2.284,2.255,2.3,2.286,2.323,2.359,2.352,2.366,2.318,2.227,2.286,2.372,2.391,2.428,2.442,2.485,2.485,2.429,2.429,2.403,2.359,2.377,2.313,2.296,2.237,2.217,1.641,2.274,1.862,2.266,2.235,2.204,2.19,2.169,2.153,2.151,2.08,1.54,2.118,1.571,1.164,1.177,1.253,1.266,1.283,1.333,1.345,1.38,1.389,1.401,1.41,1.402,1.412,1.413,2.153,1.464,1.48,1.516,1.527,1.309,1.114,1.127,1.195,1.252,1.268,1.272,1.3,1.316,1.326,1.345,1.362,1.363,1.423,1.13,1.367,1.403,1.428,1.463,1.476,1.456,1.528,1.549,1.549,1.571,1.571,1.106,1.063,1.024,1.036,1.036,1.036,1.036,1.036,1.026,1.036,1.039,1.039,1.017,0.922,0.819,0.81,0.81,0.799,0.803,0.803,0.854,0.666,1.445,1.52,0.718,0.778,0.754,0.778,0.778,0.778,0.778,0.829,0.799,0.879,0.938,0.938,1.037,1.037,1.101,1.083,1.094,1.094,1.101,1.121,1.121,1.164,1.186,0.0,0.009,0.016,0.059,0.059,0.058,0.074,0.082,0.087,0.097,0.103,0.126,0.161,0.154,0.173,0.193,0.201,0.76,0.704,0.803,0.806,0.839,0.884,0.905,0.891,0.882,0.866,1.118,1.114,1.089,1.07,1.072,1.054,1.03,1.024,1.026,1.01,1.004,0.958,0.96,0.937,0.948,0.993,0.999,1.026,1.057,1.139,1.123,1.139,1.268,1.245,1.321,1.338,1.332,1.074,1.344,1.235,1.224,1.21,1.167,1.153,1.08,1.067,1.064,1.063,10.122
Point_270,16.432,3.341,3.341,3.378,2.106,1.6,1.256,1.293,1.293,1.293,1.335,1.361,1.375,1.391,1.443,1.443,1.465,1.478,1.494,1.532,1.563,1.55,1.604,1.609,1.634,1.643,1.655,1.664,1.685,1.703,1.695,1.492,1.838,1.825,1.772,1.701,1.699,1.664,1.667,1.649,1.649,1.619,1.612,1.588,1.502,1.457,1.521,1.533,1.556,1.561,1.568,1.584,1.594,1.594,1.598,1.606,1.641,1.624,1.624,1.66,1.674,1.674,1.674,1.656,1.654,1.631,1.531,1.532,1.515,1.496,1.5,1.465,1.367,1.4,1.404,1.441,1.471,1.461,1.548,1.565,1.507,1.507,1.633,1.644,1.644,1.644,1.682,1.67,1.686,1.688,1.686,1.738,1.715,1.738,1.836,1.867,1.931,1.779,1.783,1.817,1.847,1.865,1.951,1.93,2.02,2.01,1.95,2.109,2.109,2.109,1.839,1.839,1.839,1.839,1.839,2.183,2.192,2.272,2.224,2.236,2.252,2.256,2.387,2.304,2.314,2.388,2.447,2.399,2.397,2.404,2.427,2.423,2.306,2.305,2.286,2.275,2.274,2.245,2.29,2.277,2.313,2.349,2.343,2.357,2.308,2.218,2.277,2.362,2.382,2.419,2.432,2.475,2.475,2.42,2.42,2.394,2.349,2.368,2.303,2.286,2.227,2.208,1.632,2.265,1.852,2.256,2.226,2.195,2.18,2.16,2.144,2.141,2.071,1.531,2.109,1.561,1.155,1.167,1.243,1.256,1.274,1.323,1.336,1.371,1.379,1.392,1.401,1.392,1.403,1.403,2.144,1.455,1.471,1.507,1.517,1.299,1.104,1.117,1.186,1.243,1.259,1.263,1.291,1.306,1.316,1.335,1.352,1.353,1.413,1.121,1.358,1.394,1.418,1.453,1.467,1.446,1.519,1.54,1.539,1.562,1.562,1.096,1.054,1.014,1.026,1.026,1.026,1.026,1.026,1.017,1.026,1.029,1.029,1.007,0.913,0.809,0.801,0.801,0.79,0.794,0.794,0.844,0.657,1.436,1.51,0.709,0.769,0.745,0.769,0.769,0.769,0.769,0.82,0.789,0.869,0.929,0.929,1.027,1.027,1.091,1.073,1.084,1.084,1.091,1.111,1.111,1.155,1.177,1.191,0.0,0.006,0.05,0.05,0.049,0.065,0.072,0.077,0.087,0.094,0.117,0.151,0.145,0.163,0.183,0.191,0.75,0.695,0.793,0.797,0.83,0.874,0.896,0.881,0.873,0.856,1.109,1.105,1.08,1.061,1.062,1.045,1.02,1.015,1.017,1.0,0.995,0.948,0.95,0.928,0.939,0.984,0.99,1.017,1.047,1.13,1.114,1.13,1.259,1.236,1.312,1.328,1.322,1.064,1.335,1.225,1.214,1.201,1.158,1.143,1.07,1.057,1.055,1.054,10.113
Point_271,16.426,3.335,3.335,3.372,2.099,1.594,1.249,1.287,1.287,1.287,1.328,1.354,1.368,1.385,1.437,1.437,1.459,1.472,1.488,1.525,1.556,1.543,1.598,1.603,1.628,1.637,1.649,1.657,1.679,1.697,1.689,1.485,1.832,1.818,1.766,1.694,1.693,1.658,1.66,1.642,1.642,1.613,1.605,1.582,1.496,1.451,1.514,1.526,1.549,1.554,1.561,1.577,1.587,1.587,1.591,1.599,1.634,1.618,1.618,1.654,1.668,1.668,1.668,1.649,1.647,1.625,1.524,1.525,1.508,1.49,1.494,1.458,1.36,1.393,1.397,1.434,1.464,1.454,1.541,1.559,1.501,1.501,1.626,1.638,1.638,1.638,1.676,1.663,1.679,1.681,1.679,1.732,1.708,1.732,1.829,1.861,1.924,1.772,1.776,1.811,1.84,1.858,1.944,1.924,2.013,2.004,1.944,2.102,2.102,2.102,1.833,1.833,1.833,1.833,1.833,2.177,2.186,2.265,2.217,2.23,2.246,2.25,2.38,2.298,2.307,2.382,2.44,2.392,2.391,2.398,2.421,2.417,2.299,2.299,2.28,2.268,2.268,2.239,2.284,2.27,2.307,2.343,2.336,2.35,2.302,2.211,2.27,2.356,2.375,2.412,2.426,2.469,2.469,2.413,2.413,2.387,2.343,2.361,2.297,2.28,2.221,2.201,1.625,2.258,1.846,2.25,2.22,2.188,2.174,2.153,2.138,2.135,2.064,1.524,2.102,1.555,1.148,1.161,1.237,1.25,1.267,1.317,1.329,1.364,1.373,1.386,1.395,1.386,1.396,1.397,2.138,1.448,1.464,1.5,1.511,1.293,1.098,1.111,1.18,1.236,1.252,1.256,1.284,1.3,1.31,1.329,1.346,1.347,1.407,1.114,1.351,1.387,1.412,1.447,1.46,1.44,1.512,1.534,1.533,1.555,1.555,1.09,1.047,1.008,1.02,1.02,1.02,1.02,1.02,1.01,1.02,1.023,1.023,1.001,0.906,0.803,0.794,0.794,0.783,0.787,0.787,0.838,0.65,1.429,1.504,0.702,0.763,0.738,0.763,0.763,0.763,0.763,0.813,0.783,0.863,0.922,0.922,1.021,1.021,1.085,1.067,1.078,1.078,1.085,1.105,1.105,1.148,1.17,1.184,1.194,0.0,0.043,0.043,0.042,0.058,0.066,0.071,0.081,0.087,0.11,0.145,0.138,0.157,0.177,0.185,0.744,0.688,0.787,0.79,0.823,0.868,0.889,0.875,0.866,0.85,1.102,1.099,1.073,1.054,1.056,1.038,1.014,1.008,1.011,0.994,0.988,0.942,0.944,0.921,0.932,0.977,0.983,1.01,1.041,1.123,1.107,1.123,1.252,1.229,1.305,1.322,1.316,1.058,1.328,1.219,1.208,1.194,1.151,1.137,1.064,1.051,1.048,1.047,10.106
Point_272,16.382,3.291,3.291,3.329,2.056,1.55,1.206,1.244,1.244,1.244,1.285,1.311,1.325,1.341,1.394,1.394,1.416,1.428,1.444,1.482,1.513,1.5,1.554,1.56,1.584,1.593,1.605,1.614,1.635,1.653,1.645,1.442,1.789,1.775,1.722,1.651,1.649,1.615,1.617,1.599,1.599,1.569,1.562,1.538,1.452,1.408,1.471,1.483,1.506,1.511,1.518,1.534,1.544,1.544,1.548,1.556,1.591,1.574,1.574,1.61,1.624,1.624,1.625,1.606,1.604,1.581,1.481,1.482,1.465,1.446,1.45,1.415,1.317,1.35,1.354,1.391,1.421,1.411,1.498,1.516,1.457,1.457,1.583,1.594,1.594,1.594,1.632,1.62,1.636,1.638,1.636,1.688,1.665,1.688,1.786,1.817,1.881,1.729,1.733,1.767,1.797,1.815,1.901,1.88,1.97,1.96,1.9,2.059,2.059,2.059,1.789,1.789,1.789,1.789,1.789,2.134,2.142,2.222,2.174,2.186,2.202,2.206,2.337,2.254,2.264,2.338,2.397,2.349,2.348,2.354,2.377,2.373,2.256,2.256,2.236,2.225,2.224,2.195,2.24,2.227,2.264,2.299,2.293,2.307,2.258,2.168,2.227,2.312,2.332,2.369,2.382,2.425,2.425,2.37,2.37,2.344,2.299,2.318,2.253,2.236,2.178,2.158,1.582,2.215,1.803,2.206,2.176,2.145,2.13,2.11,2.094,2.091,2.021,1.481,2.059,1.512,1.105,1.117,1.193,1.206,1.224,1.273,1.286,1.321,1.33,1.342,1.351,1.343,1.353,1.353,2.094,1.405,1.421,1.457,1.467,1.249,1.054,1.068,1.136,1.193,1.209,1.213,1.241,1.256,1.266,1.285,1.302,1.303,1.363,1.071,1.308,1.344,1.368,1.403,1.417,1.396,1.469,1.49,1.489,1.512,1.512,1.047,1.004,0.964,0.976,0.976,0.976,0.976,0.976,0.967,0.976,0.98,0.98,0.957,0.863,0.759,0.751,0.751,0.74,0.744,0.744,0.794,0.607,1.386,1.46,0.659,0.719,0.695,0.719,0.719,0.719,0.719,0.77,0.739,0.82,0.879,0.879,0.978,0.978,1.041,1.023,1.035,1.035,1.041,1.061,1.061,1.105,1.127,1.141,1.15,1.157,0.0,0.0,1.199,0.015,0.022,0.027,0.038,0.044,0.067,0.102,0.095,0.114,0.133,0.141,0.7,0.645,0.743,0.747,0.78,0.825,0.846,0.831,0.823,0.806,1.059,1.055,1.03,1.011,1.012,0.995,0.97,0.965,0.967,0.95,0.945,0.898,0.9,0.878,0.889,0.934,0.94,0.967,0.997,1.08,1.064,1.08,1.209,1.186,1.262,1.278,1.272,1.014,1.285,1.176,1.164,1.151,1.108,1.094,1.02,1.007,1.005,1.004,10.063
Point_273,16.382,3.291,3.291,3.329,2.056,1.55,1.206,1.244,1.244,1.244,1.285,1.311,1.325,1.341,1.394,1.394,1.416,1.428,1.444,1.482,1.513,1.5,1.554,1.56,1.584,1.593,1.605,1.614,1.635,1.653,1.645,1.442,1.789,1.775,1.722,1.651,1.649,1.615,1.617,1.599,1.599,1.569,1.562,1.538,1.452,1.408,1.471,1.483,1.506,1.511,1.518,1.534,1.544,1.544,1.548,1.556,1.591,1.574,1.574,1.61,1.624,1.624,1.625,1.606,1.604,1.581,1.481,1.482,1.465,1.446,1.45,1.415,1.317,1.35,1.354,1.391,1.421,1.411,1.498,1.516,1.457,1.457,1.583,1.594,1.594,1.594,1.632,1.62,1.636,1.638,1.636,1.688,1.665,1.688,1.786,1.817,1.881,1.729,1.733,1.767,1.797,1.815,1.901,1.88,1.97,1.96,1.9,2.059,2.059,2.059,1.789,1.789,1.789,1.789,1.789,2.134,2.142,2.222,2.174,2.186,2.202,2.206,2.337,2.254,2.264,2.338,2.397,2.349,2.348,2.354,2.377,2.373,2.256,2.256,2.236,2.225,2.224,2.195,2.24,2.227,2.264,2.299,2.293,2.307,2.258,2.168,2.227,2.312,2.332,2.369,2.382,2.425,2.425,2.37,2.37,2.344,2.299,2.318,2.253,2.236,2.178,2.158,1.582,2.215,1.803,2.206,2.176,2.145,2.13,2.11,2.094,2.091,2.021,1.481,2.059,1.512,1.105,1.117,1.193,1.206,1.224,1.273,1.286,1.321,1.33,1.342,1.351,1.343,1.353,1.353,2.094,1.405,1.421,1.457,1.467,1.249,1.054,1.068,1.136,1.193,1.209,1.213,1.241,1.256,1.266,1.285,1.302,1.303,1.363,1.071,1.308,1.344,1.368,1.403,1.417,1.396,1.469,1.49,1.489,1.512,1.512,1.047,1.004,0.964,0.976,0.976,0.976,0.976,0.976,0.967,0.976,0.98,0.98,0.957,0.863,0.759,0.751,0.751,0.74,0.744,0.744,0.794,0.607,1.386,1.46,0.659,0.719,0.695,0.719,0.719,0.719,0.719,0.77,0.739,0.82,0.879,0.879,0.978,0.978,1.041,1.023,1.035,1.035,1.041,1.061,1.061,1.105,1.127,1.141,1.15,1.157,0.0,0.0,1.199,0.015,0.022,0.027,0.038,0.044,0.067,0.102,0.095,0.114,0.133,0.141,0.7,0.645,0.743,0.747,0.78,0.825,0.846,0.831,0.823,0.806,1.059,1.055,1.03,1.011,1.012,0.995,0.97,0.965,0.967,0.95,0.945,0.898,0.9,0.878,0.889,0.934,0.94,0.967,0.997,1.08,1.064,1.08,1.209,1.186,1.262,1.278,1.272,1.014,1.285,1.176,1.164,1.151,1.108,1.094,1.02,1.007,1.005,1.004,10.063
Point_274,16.383,3.292,3.292,3.33,2.057,1.552,1.207,1.245,1.245,1.245,1.286,1.312,1.326,1.342,1.395,1.395,1.417,1.429,1.445,1.483,1.514,1.501,1.555,1.561,1.585,1.595,1.606,1.615,1.636,1.654,1.647,1.443,1.79,1.776,1.723,1.652,1.65,1.616,1.618,1.6,1.6,1.57,1.563,1.539,1.454,1.409,1.472,1.484,1.507,1.512,1.519,1.535,1.545,1.545,1.549,1.557,1.592,1.575,1.575,1.611,1.626,1.626,1.626,1.607,1.605,1.582,1.482,1.483,1.466,1.447,1.451,1.416,1.318,1.351,1.355,1.392,1.422,1.412,1.499,1.517,1.458,1.458,1.584,1.595,1.595,1.595,1.633,1.621,1.637,1.639,1.637,1.689,1.666,1.689,1.787,1.819,1.882,1.73,1.734,1.768,1.798,1.816,1.902,1.882,1.971,1.961,1.902,2.06,2.06,2.06,1.791,1.791,1.791,1.791,1.791,2.135,2.143,2.223,2.175,2.187,2.203,2.207,2.338,2.255,2.265,2.339,2.398,2.35,2.349,2.355,2.378,2.374,2.257,2.257,2.237,2.226,2.225,2.196,2.241,2.228,2.265,2.301,2.294,2.308,2.259,2.169,2.228,2.313,2.333,2.37,2.383,2.426,2.426,2.371,2.371,2.345,2.3,2.319,2.254,2.238,2.179,2.159,1.583,2.216,1.804,2.207,2.177,2.146,2.132,2.111,2.095,2.093,2.022,1.482,2.06,1.513,1.106,1.119,1.194,1.207,1.225,1.274,1.287,1.322,1.331,1.343,1.352,1.344,1.354,1.354,2.095,1.406,1.422,1.458,1.468,1.25,1.055,1.069,1.137,1.194,1.21,1.214,1.242,1.257,1.268,1.286,1.303,1.304,1.364,1.072,1.309,1.345,1.369,1.404,1.418,1.397,1.47,1.491,1.49,1.513,1.513,1.048,1.005,0.965,0.978,0.978,0.978,0.978,0.978,0.968,0.978,0.981,0.981,0.958,0.864,0.76,0.752,0.752,0.741,0.745,0.745,0.795,0.608,1.387,1.462,0.66,0.72,0.696,0.72,0.72,0.72,0.72,0.771,0.74,0.821,0.88,0.88,0.979,0.979,1.042,1.024,1.036,1.036,1.043,1.062,1.062,1.106,1.128,1.142,1.151,1.158,0.001,0.001,0.0,0.016,0.023,0.028,0.039,0.045,0.068,0.103,0.096,0.115,0.134,0.142,0.701,0.646,0.744,0.748,0.781,0.826,0.847,0.832,0.824,0.807,1.06,1.056,1.031,1.012,1.013,0.996,0.972,0.966,0.968,0.951,0.946,0.899,0.901,0.879,0.89,0.935,0.941,0.968,0.998,1.081,1.065,1.081,1.21,1.187,1.263,1.28,1.273,1.015,1.286,1.177,1.165,1.152,1.109,1.095,1.021,1.008,1.006,1.005,10.064
Point_275,16.367,3.277,3.277,3.314,2.041,1.536,1.191,1.229,1.229,1.229,1.27,1.296,1.31,1.327,1.379,1.379,1.401,1.414,1.429,1.467,1.498,1.485,1.54,1.545,1.57,1.579,1.591,1.599,1.621,1.639,1.631,1.427,1.774,1.76,1.708,1.636,1.635,1.6,1.602,1.584,1.584,1.555,1.547,1.524,1.438,1.393,1.456,1.468,1.491,1.496,1.503,1.519,1.529,1.529,1.533,1.541,1.576,1.559,1.559,1.596,1.61,1.61,1.61,1.591,1.589,1.567,1.466,1.467,1.45,1.432,1.436,1.4,1.302,1.335,1.339,1.376,1.406,1.396,1.483,1.501,1.443,1.443,1.568,1.58,1.58,1.58,1.618,1.605,1.621,1.623,1.621,1.674,1.65,1.674,1.771,1.803,1.866,1.714,1.718,1.753,1.782,1.8,1.886,1.866,1.955,1.946,1.886,2.044,2.044,2.044,1.775,1.775,1.775,1.775,1.775,2.119,2.128,2.207,2.159,2.172,2.188,2.191,2.322,2.24,2.249,2.324,2.382,2.334,2.333,2.34,2.363,2.359,2.241,2.241,2.222,2.21,2.21,2.181,2.226,2.212,2.249,2.285,2.278,2.292,2.244,2.153,2.212,2.298,2.317,2.354,2.368,2.411,2.411,2.355,2.355,2.329,2.285,2.303,2.239,2.222,2.163,2.143,1.567,2.2,1.788,2.192,2.161,2.13,2.116,2.095,2.08,2.077,2.006,1.466,2.044,1.497,1.09,1.103,1.179,1.192,1.209,1.259,1.271,1.306,1.315,1.327,1.336,1.328,1.338,1.339,2.08,1.39,1.406,1.442,1.453,1.235,1.04,1.053,1.122,1.178,1.194,1.198,1.226,1.242,1.252,1.271,1.288,1.289,1.349,1.056,1.293,1.329,1.354,1.389,1.402,1.382,1.454,1.475,1.475,1.497,1.497,1.032,0.989,0.95,0.962,0.962,0.962,0.962,0.962,0.952,0.962,0.965,0.965,0.943,0.848,0.745,0.736,0.736,0.725,0.729,0.729,0.78,0.592,1.371,1.446,0.644,0.704,0.68,0.704,0.704,0.704,0.704,0.755,0.725,0.805,0.864,0.864,0.963,0.963,1.027,1.009,1.02,1.02,1.027,1.047,1.047,1.09,1.112,1.126,1.136,1.142,1.186,1.186,1.185,0.0,0.008,0.013,0.023,0.029,0.052,0.087,0.08,0.099,0.119,0.127,0.686,0.63,0.729,0.732,0.765,0.81,0.831,0.817,0.808,0.792,1.044,1.04,1.015,0.996,0.998,0.98,0.956,0.95,0.952,0.936,0.93,0.884,0.886,0.863,0.874,0.919,0.925,0.952,0.983,1.065,1.049,1.065,1.194,1.171,1.247,1.264,1.258,1.0,1.27,1.161,1.15,1.136,1.093,1.079,1.006,0.993,0.99,0.989,10.048
Point_276,16.36,3.269,3.269,3.306,2.034,1.528,1.184,1.221,1.221,1.221,1.263,1.289,1.303,1.319,1.371,1.371,1.393,1.406,1.422,1.459,1.491,1.478,1.532,1.537,1.562,1.571,1.583,1.592,1.613,1.631,1.623,1.42,1.766,1.753,1.7,1.628,1.627,1.592,1.594,1.576,1.576,1.547,1.539,1.516,1.43,1.385,1.449,1.46,1.484,1.488,1.496,1.511,1.521,1.521,1.526,1.533,1.569,1.552,1.552,1.588,1.602,1.602,1.602,1.584,1.582,1.559,1.459,1.459,1.443,1.424,1.428,1.392,1.295,1.328,1.332,1.369,1.399,1.388,1.475,1.493,1.435,1.435,1.56,1.572,1.572,1.572,1.61,1.598,1.614,1.615,1.614,1.666,1.643,1.666,1.764,1.795,1.859,1.707,1.711,1.745,1.774,1.792,1.878,1.858,1.948,1.938,1.878,2.037,2.037,2.037,1.767,1.767,1.767,1.767,1.767,2.111,2.12,2.199,2.152,2.164,2.18,2.184,2.314,2.232,2.242,2.316,2.375,2.326,2.325,2.332,2.355,2.351,2.233,2.233,2.214,2.202,2.202,2.173,2.218,2.204,2.241,2.277,2.27,2.285,2.236,2.146,2.204,2.29,2.31,2.347,2.36,2.403,2.403,2.347,2.347,2.321,2.277,2.296,2.231,2.214,2.155,2.136,1.559,2.192,1.78,2.184,2.154,2.123,2.108,2.087,2.072,2.069,1.998,1.459,2.037,1.489,1.082,1.095,1.171,1.184,1.202,1.251,1.263,1.299,1.307,1.32,1.329,1.32,1.331,1.331,2.072,1.383,1.399,1.435,1.445,1.227,1.032,1.045,1.114,1.171,1.186,1.191,1.218,1.234,1.244,1.263,1.28,1.281,1.341,1.049,1.286,1.321,1.346,1.381,1.395,1.374,1.447,1.468,1.467,1.49,1.49,1.024,0.982,0.942,0.954,0.954,0.954,0.954,0.954,0.944,0.954,0.957,0.957,0.935,0.841,0.737,0.729,0.729,0.718,0.721,0.721,0.772,0.584,1.364,1.438,0.636,0.697,0.673,0.697,0.697,0.697,0.697,0.747,0.717,0.797,0.857,0.857,0.955,0.955,1.019,1.001,1.012,1.012,1.019,1.039,1.039,1.082,1.104,1.119,1.128,1.134,1.178,1.178,1.177,1.193,0.0,0.005,0.015,0.022,0.044,0.079,0.072,0.091,0.111,0.119,0.678,0.623,0.721,0.725,0.757,0.802,0.824,0.809,0.801,0.784,1.036,1.033,1.007,0.989,0.99,0.973,0.948,0.942,0.945,0.928,0.923,0.876,0.878,0.855,0.867,0.911,0.918,0.945,0.975,1.058,1.042,1.058,1.187,1.164,1.24,1.256,1.25,0.992,1.262,1.153,1.142,1.128,1.085,1.071,0.998,0.985,0.983,0.982,10.041
Point_277,16.355,3.264,3.264,3.301,2.029,1.523,1.179,1.216,1.216,1.216,1.258,1.284,1.298,1.314,1.366,1.366,1.388,1.401,1.417,1.455,1.486,1.473,1.527,1.532,1.557,1.566,1.578,1.587,1.608,1.626,1.618,1.415,1.761,1.748,1.695,1.623,1.622,1.587,1.59,1.572,1.572,1.542,1.535,1.511,1.425,1.38,1.444,1.456,1.479,1.484,1.491,1.506,1.516,1.516,1.521,1.529,1.564,1.547,1.547,1.583,1.597,1.597,1.597,1.579,1.577,1.554,1.454,1.455,1.438,1.419,1.423,1.388,1.29,1.323,1.327,1.364,1.394,1.384,1.471,1.488,1.43,1.43,1.556,1.567,1.567,1.567,1.605,1.593,1.609,1.611,1.609,1.661,1.638,1.661,1.759,1.79,1.854,1.702,1.706,1.74,1.77,1.788,1.874,1.853,1.943,1.933,1.873,2.032,2.032,2.032,1.762,1.762,1.762,1.762,1.762,2.106,2.115,2.195,2.147,2.159,2.175,2.179,2.31,2.227,2.237,2.311,2.37,2.322,2.32,2.327,2.35,2.346,2.229,2.228,2.209,2.198,2.197,2.168,2.213,2.2,2.236,2.272,2.265,2.28,2.231,2.141,2.2,2.285,2.305,2.342,2.355,2.398,2.398,2.342,2.342,2.316,2.272,2.291,2.226,2.209,2.15,2.131,1.555,2.188,1.775,2.179,2.149,2.118,2.103,2.083,2.067,2.064,1.994,1.454,2.032,1.484,1.077,1.09,1.166,1.179,1.197,1.246,1.259,1.294,1.302,1.315,1.324,1.315,1.326,1.326,2.067,1.378,1.394,1.43,1.44,1.222,1.027,1.04,1.109,1.166,1.182,1.186,1.214,1.229,1.239,1.258,1.275,1.276,1.336,1.044,1.281,1.317,1.341,1.376,1.39,1.369,1.442,1.463,1.462,1.485,1.485,1.019,0.977,0.937,0.949,0.949,0.949,0.949,0.949,0.94,0.949,0.952,0.952,0.93,0.836,0.732,0.724,0.724,0.713,0.717,0.717,0.767,0.579,1.359,1.433,0.632,0.692,0.668,0.692,0.692,0.692,0.692,0.743,0.712,0.792,0.852,0.852,0.95,0.95,1.014,0.996,1.007,1.007,1.014,1.034,1.034,1.078,1.1,1.114,1.123,1.13,1.173,1.173,1.172,1.188,1.195,0.0,0.01,0.017,0.039,0.074,0.068,0.086,0.106,0.114,0.673,0.618,0.716,0.72,0.752,0.797,0.819,0.804,0.796,0.779,1.032,1.028,1.003,0.984,0.985,0.968,0.943,0.938,0.94,0.923,0.918,0.871,0.873,0.851,0.862,0.907,0.913,0.94,0.97,1.053,1.037,1.053,1.182,1.159,1.235,1.251,1.245,0.987,1.258,1.148,1.137,1.124,1.081,1.066,0.993,0.98,0.978,0.977,10.036
Point_278,16.345,3.254,3.254,3.291,2.018,1.513,1.168,1.206,1.206,1.206,1.247,1.273,1.287,1.304,1.356,1.356,1.378,1.391,1.407,1.444,1.475,1.462,1.517,1.522,1.547,1.556,1.568,1.576,1.598,1.616,1.608,1.404,1.751,1.737,1.685,1.613,1.612,1.577,1.579,1.561,1.561,1.532,1.524,1.501,1.415,1.37,1.433,1.445,1.468,1.473,1.48,1.496,1.506,1.506,1.51,1.518,1.553,1.537,1.537,1.573,1.587,1.587,1.587,1.568,1.566,1.544,1.443,1.444,1.427,1.409,1.413,1.377,1.279,1.312,1.316,1.353,1.383,1.373,1.46,1.478,1.42,1.42,1.545,1.557,1.557,1.557,1.595,1.582,1.598,1.6,1.598,1.651,1.627,1.651,1.748,1.78,1.843,1.691,1.695,1.73,1.759,1.777,1.863,1.843,1.932,1.923,1.863,2.021,2.021,2.021,1.752,1.752,1.752,1.752,1.752,2.096,2.105,2.184,2.136,2.149,2.165,2.168,2.299,2.217,2.226,2.301,2.359,2.311,2.31,2.317,2.34,2.336,2.218,2.218,2.199,2.187,2.187,2.158,2.203,2.189,2.226,2.262,2.255,2.269,2.221,2.13,2.189,2.275,2.294,2.331,2.345,2.388,2.388,2.332,2.332,2.306,2.262,2.28,2.216,2.199,2.14,2.12,1.544,2.177,1.765,2.169,2.139,2.107,2.093,2.072,2.057,2.054,1.983,1.443,2.021,1.474,1.067,1.08,1.156,1.169,1.186,1.236,1.248,1.283,1.292,1.305,1.314,1.305,1.315,1.316,2.057,1.367,1.383,1.419,1.43,1.212,1.017,1.03,1.099,1.155,1.171,1.175,1.203,1.219,1.229,1.248,1.265,1.266,1.326,1.033,1.27,1.306,1.331,1.366,1.379,1.359,1.431,1.453,1.452,1.474,1.474,1.009,0.966,0.927,0.939,0.939,0.939,0.939,0.939,0.929,0.939,0.942,0.942,0.92,0.825,0.722,0.713,0.713,0.702,0.706,0.706,0.757,0.569,1.348,1.423,0.621,0.682,0.657,0.682,0.682,0.682,0.682,0.732,0.702,0.782,0.841,0.841,0.94,0.94,1.004,0.986,0.997,0.997,1.004,1.024,1.024,1.067,1.089,1.103,1.113,1.119,1.163,1.163,1.162,1.177,1.185,1.19,0.0,0.006,0.029,0.064,0.057,0.076,0.096,0.104,0.663,0.607,0.706,0.709,0.742,0.787,0.808,0.794,0.785,0.769,1.021,1.018,0.992,0.973,0.975,0.957,0.933,0.927,0.93,0.913,0.907,0.861,0.863,0.84,0.851,0.896,0.902,0.929,0.96,1.042,1.026,1.042,1.171,1.148,1.224,1.241,1.235,0.977,1.247,1.138,1.127,1.113,1.07,1.056,0.983,0.97,0.967,0.966,10.025
Point_279,16.338,3.247,3.247,3.285,2.012,1.507,1.162,1.2,1.2,1.2,1.241,1.267,1.281,1.297,1.35,1.35,1.372,1.384,1.4,1.438,1.469,1.456,1.511,1.516,1.54,1.55,1.561,1.57,1.591,1.609,1.602,1.398,1.745,1.731,1.678,1.607,1.605,1.571,1.573,1.555,1.555,1.525,1.518,1.494,1.409,1.364,1.427,1.439,1.462,1.467,1.474,1.49,1.5,1.5,1.504,1.512,1.547,1.53,1.53,1.566,1.581,1.581,1.581,1.562,1.56,1.537,1.437,1.438,1.421,1.402,1.406,1.371,1.273,1.306,1.31,1.347,1.377,1.367,1.454,1.472,1.413,1.413,1.539,1.55,1.55,1.55,1.588,1.576,1.592,1.594,1.592,1.644,1.621,1.644,1.742,1.774,1.837,1.685,1.689,1.723,1.753,1.771,1.857,1.837,1.926,1.916,1.857,2.015,2.015,2.015,1.746,1.746,1.746,1.746,1.746,2.09,2.098,2.178,2.13,2.142,2.158,2.162,2.293,2.21,2.22,2.294,2.353,2.305,2.304,2.31,2.333,2.329,2.212,2.212,2.192,2.181,2.18,2.151,2.196,2.183,2.22,2.256,2.249,2.263,2.214,2.124,2.183,2.268,2.288,2.325,2.338,2.381,2.381,2.326,2.326,2.3,2.255,2.274,2.209,2.193,2.134,2.114,1.538,2.171,1.759,2.162,2.132,2.101,2.087,2.066,2.05,2.048,1.977,1.437,2.015,1.468,1.061,1.074,1.149,1.162,1.18,1.229,1.242,1.277,1.286,1.298,1.307,1.299,1.309,1.309,2.05,1.361,1.377,1.413,1.423,1.205,1.01,1.024,1.092,1.149,1.165,1.169,1.197,1.212,1.223,1.241,1.258,1.259,1.319,1.027,1.264,1.3,1.324,1.359,1.373,1.352,1.425,1.446,1.445,1.468,1.468,1.003,0.96,0.92,0.933,0.933,0.933,0.933,0.933,0.923,0.933,0.936,0.936,0.913,0.819,0.715,0.707,0.707,0.696,0.7,0.7,0.75,0.563,1.342,1.417,0.615,0.675,0.651,0.675,0.675,0.675,0.675,0.726,0.695,0.776,0.835,0.835,0.934,0.934,0.998,0.979,0.991,0.991,0.998,1.017,1.017,1.061,1.083,1.097,1.106,1.113,1.156,1.156,1.155,1.171,1.179,1.183,1.194,0.0,0.023,0.058,0.051,0.07,0.089,0.097,0.656,0.601,0.699,0.703,0.736,0.781,0.802,0.787,0.779,0.762,1.015,1.011,0.986,0.967,0.968,0.951,0.927,0.921,0.923,0.906,0.901,0.854,0.856,0.834,0.845,0.89,0.896,0.923,0.953,1.036,1.02,1.036,1.165,1.142,1.218,1.235,1.228,0.97,1.241,1.132,1.12,1.107,1.064,1.05,0.976,0.963,0.961,0.96,10.019
Point_280,16.315,3.225,3.225,3.262,1.989,1.484,1.139,1.177,1.177,1.177,1.218,1.244,1.258,1.275,1.327,1.327,1.349,1.362,1.377,1.415,1.446,1.433,1.488,1.493,1.518,1.527,1.539,1.547,1.569,1.587,1.579,1.375,1.722,1.708,1.656,1.584,1.583,1.548,1.55,1.532,1.532,1.503,1.495,1.472,1.386,1.341,1.404,1.416,1.439,1.444,1.451,1.467,1.477,1.477,1.481,1.489,1.524,1.507,1.507,1.544,1.558,1.558,1.558,1.539,1.537,1.515,1.414,1.415,1.398,1.38,1.384,1.348,1.25,1.283,1.287,1.324,1.354,1.344,1.431,1.449,1.391,1.391,1.516,1.528,1.528,1.528,1.566,1.553,1.569,1.571,1.569,1.622,1.598,1.622,1.719,1.751,1.814,1.662,1.666,1.701,1.73,1.748,1.834,1.814,1.903,1.894,1.834,1.992,1.992,1.992,1.723,1.723,1.723,1.723,1.723,2.067,2.076,2.155,2.107,2.12,2.136,2.139,2.27,2.188,2.197,2.272,2.33,2.282,2.281,2.288,2.311,2.307,2.189,2.189,2.17,2.158,2.158,2.129,2.174,2.16,2.197,2.233,2.226,2.24,2.192,2.101,2.16,2.246,2.265,2.302,2.316,2.359,2.359,2.303,2.303,2.277,2.233,2.251,2.187,2.17,2.111,2.091,1.515,2.148,1.736,2.14,2.109,2.078,2.064,2.043,2.028,2.025,1.954,1.414,1.992,1.445,1.038,1.051,1.127,1.14,1.157,1.207,1.219,1.254,1.263,1.275,1.284,1.276,1.286,1.287,2.028,1.338,1.354,1.39,1.401,1.183,0.988,1.001,1.07,1.126,1.142,1.146,1.174,1.19,1.2,1.219,1.236,1.237,1.297,1.004,1.241,1.277,1.302,1.337,1.35,1.33,1.402,1.423,1.423,1.445,1.445,0.98,0.937,0.898,0.91,0.91,0.91,0.91,0.91,0.9,0.91,0.913,0.913,0.891,0.796,0.693,0.684,0.684,0.673,0.677,0.677,0.728,0.54,1.319,1.394,0.592,0.652,0.628,0.652,0.652,0.652,0.652,0.703,0.673,0.753,0.812,0.812,0.911,0.911,0.975,0.957,0.968,0.968,0.975,0.995,0.995,1.038,1.06,1.074,1.084,1.09,1.134,1.134,1.133,1.148,1.156,1.161,1.171,1.177,0.0,0.035,0.028,0.047,0.067,0.075,0.634,0.578,0.677,0.68,0.713,0.758,0.779,0.765,0.756,0.74,0.992,0.988,0.963,0.944,0.946,0.928,0.904,0.898,0.9,0.884,0.878,0.832,0.834,0.811,0.822,0.867,0.873,0.9,0.931,1.013,0.997,1.013,1.142,1.119,1.195,1.212,1.206,0.948,1.218,1.109,1.098,1.084,1.041,1.027,0.954,0.941,0.938,0.937,9.996
Point_281,16.281,3.19,3.19,3.227,1.954,1.449,1.104,1.142,1.142,1.142,1.183,1.209,1.224,1.24,1.292,1.292,1.314,1.327,1.343,1.38,1.411,1.398,1.453,1.458,1.483,1.492,1.504,1.513,1.534,1.552,1.544,1.34,1.687,1.673,1.621,1.549,1.548,1.513,1.515,1.497,1.497,1.468,1.46,1.437,1.351,1.306,1.369,1.381,1.405,1.409,1.416,1.432,1.442,1.442,1.446,1.454,1.49,1.473,1.473,1.509,1.523,1.523,1.523,1.504,1.503,1.48,1.38,1.38,1.363,1.345,1.349,1.313,1.216,1.249,1.252,1.289,1.319,1.309,1.396,1.414,1.356,1.356,1.481,1.493,1.493,1.493,1.531,1.518,1.534,1.536,1.534,1.587,1.563,1.587,1.685,1.716,1.779,1.628,1.631,1.666,1.695,1.713,1.799,1.779,1.868,1.859,1.799,1.957,1.957,1.957,1.688,1.688,1.688,1.688,1.688,2.032,2.041,2.12,2.072,2.085,2.101,2.105,2.235,2.153,2.162,2.237,2.295,2.247,2.246,2.253,2.276,2.272,2.154,2.154,2.135,2.123,2.123,2.094,2.139,2.125,2.162,2.198,2.191,2.205,2.157,2.066,2.125,2.211,2.23,2.267,2.281,2.324,2.324,2.268,2.268,2.242,2.198,2.216,2.152,2.135,2.076,2.056,1.48,2.113,1.701,2.105,2.075,2.043,2.029,2.008,1.993,1.99,1.919,1.379,1.957,1.41,1.003,1.016,1.092,1.105,1.123,1.172,1.184,1.219,1.228,1.241,1.25,1.241,1.251,1.252,1.993,1.303,1.319,1.355,1.366,1.148,0.953,0.966,1.035,1.091,1.107,1.111,1.139,1.155,1.165,1.184,1.201,1.202,1.262,0.969,1.206,1.242,1.267,1.302,1.315,1.295,1.367,1.389,1.388,1.41,1.41,0.945,0.902,0.863,0.875,0.875,0.875,0.875,0.875,0.865,0.875,0.878,0.878,0.856,0.761,0.658,0.65,0.65,0.638,0.642,0.642,0.693,0.505,1.284,1.359,0.557,0.618,0.593,0.618,0.618,0.618,0.618,0.668,0.638,0.718,0.777,0.777,0.876,0.876,0.94,0.922,0.933,0.933,0.94,0.96,0.96,1.003,1.025,1.039,1.049,1.055,1.099,1.099,1.098,1.113,1.121,1.126,1.136,1.143,1.165,0.0,1.193,0.012,0.032,0.04,0.599,0.544,0.642,0.645,0.678,0.723,0.744,0.73,0.721,0.705,0.957,0.954,0.928,0.909,0.911,0.894,0.869,0.863,0.866,0.849,0.843,0.797,0.799,0.776,0.787,0.832,0.838,0.865,0.896,0.978,0.962,0.978,1.107,1.085,1.16,1.177,1.171,0.913,1.183,1.074,1.063,1.049,1.006,0.992,0.919,0.906,0.903,0.902,9.961
Point_282,16.287,3.197,3.197,3.234,1.961,1.456,1.111,1.149,1.149,1.149,1.19,1.216,1.23,1.247,1.299,1.299,1.321,1.334,1.349,1.387,1.418,1.405,1.46,1.465,1.489,1.499,1.51,1.519,1.54,1.559,1.551,1.347,1.694,1.68,1.628,1.556,1.555,1.52,1.522,1.504,1.504,1.475,1.467,1.444,1.358,1.313,1.376,1.388,1.411,1.416,1.423,1.439,1.449,1.449,1.453,1.461,1.496,1.479,1.479,1.516,1.53,1.53,1.53,1.511,1.509,1.487,1.386,1.387,1.37,1.352,1.356,1.32,1.222,1.255,1.259,1.296,1.326,1.316,1.403,1.421,1.363,1.363,1.488,1.5,1.5,1.5,1.537,1.525,1.541,1.543,1.541,1.594,1.57,1.594,1.691,1.723,1.786,1.634,1.638,1.673,1.702,1.72,1.806,1.786,1.875,1.866,1.806,1.964,1.964,1.964,1.695,1.695,1.695,1.695,1.695,2.039,2.047,2.127,2.079,2.092,2.107,2.111,2.242,2.16,2.169,2.243,2.302,2.254,2.253,2.26,2.283,2.279,2.161,2.161,2.142,2.13,2.129,2.101,2.146,2.132,2.169,2.205,2.198,2.212,2.164,2.073,2.132,2.218,2.237,2.274,2.288,2.331,2.331,2.275,2.275,2.249,2.205,2.223,2.159,2.142,2.083,2.063,1.487,2.12,1.708,2.111,2.081,2.05,2.036,2.015,1.999,1.997,1.926,1.386,1.964,1.417,1.01,1.023,1.098,1.111,1.129,1.179,1.191,1.226,1.235,1.247,1.256,1.248,1.258,1.259,1.999,1.31,1.326,1.362,1.373,1.155,0.96,0.973,1.041,1.098,1.114,1.118,1.146,1.161,1.172,1.19,1.208,1.209,1.268,0.976,1.213,1.249,1.274,1.309,1.322,1.301,1.374,1.395,1.395,1.417,1.417,0.952,0.909,0.869,0.882,0.882,0.882,0.882,0.882,0.872,0.882,0.885,0.885,0.863,0.768,0.665,0.656,0.656,0.645,0.649,0.649,0.699,0.512,1.291,1.366,0.564,0.624,0.6,0.624,0.624,0.624,0.624,0.675,0.645,0.725,0.784,0.784,0.883,0.883,0.947,0.929,0.94,0.94,0.947,0.966,0.966,1.01,1.032,1.046,1.056,1.062,1.105,1.105,1.104,1.12,1.128,1.133,1.143,1.149,1.172,0.007,0.0,0.019,0.039,0.047,0.606,0.55,0.648,0.652,0.685,0.73,0.751,0.736,0.728,0.712,0.964,0.96,0.935,0.916,0.918,0.9,0.876,0.87,0.872,0.856,0.85,0.803,0.806,0.783,0.794,0.839,0.845,0.872,0.903,0.985,0.969,0.985,1.114,1.091,1.167,1.184,1.178,0.92,1.19,1.081,1.07,1.056,1.013,0.999,0.925,0.912,0.91,0.909,9.968
Point_283,16.269,3.178,3.178,3.215,1.942,1.437,1.092,1.13,1.13,1.13,1.171,1.197,1.212,1.228,1.28,1.28,1.302,1.315,1.331,1.368,1.399,1.386,1.441,1.446,1.471,1.48,1.492,1.501,1.522,1.54,1.532,1.328,1.675,1.661,1.609,1.537,1.536,1.501,1.503,1.485,1.485,1.456,1.448,1.425,1.339,1.294,1.357,1.369,1.393,1.397,1.404,1.42,1.43,1.43,1.434,1.442,1.478,1.461,1.461,1.497,1.511,1.511,1.511,1.492,1.491,1.468,1.368,1.368,1.351,1.333,1.337,1.301,1.203,1.237,1.24,1.277,1.307,1.297,1.384,1.402,1.344,1.344,1.469,1.481,1.481,1.481,1.519,1.506,1.522,1.524,1.522,1.575,1.551,1.575,1.673,1.704,1.767,1.616,1.619,1.654,1.683,1.701,1.787,1.767,1.856,1.847,1.787,1.945,1.945,1.945,1.676,1.676,1.676,1.676,1.676,2.02,2.029,2.108,2.06,2.073,2.089,2.093,2.223,2.141,2.15,2.225,2.283,2.235,2.234,2.241,2.264,2.26,2.142,2.142,2.123,2.111,2.111,2.082,2.127,2.113,2.15,2.186,2.179,2.193,2.145,2.054,2.113,2.199,2.218,2.255,2.269,2.312,2.312,2.256,2.256,2.23,2.186,2.204,2.14,2.123,2.064,2.044,1.468,2.101,1.689,2.093,2.063,2.031,2.017,1.996,1.981,1.978,1.907,1.367,1.945,1.398,0.991,1.004,1.08,1.093,1.111,1.16,1.172,1.207,1.216,1.229,1.238,1.229,1.239,1.24,1.981,1.291,1.307,1.343,1.354,1.136,0.941,0.954,1.023,1.079,1.095,1.099,1.127,1.143,1.153,1.172,1.189,1.19,1.25,0.957,1.194,1.23,1.255,1.29,1.303,1.283,1.355,1.377,1.376,1.398,1.398,0.933,0.89,0.851,0.863,0.863,0.863,0.863,0.863,0.853,0.863,0.866,0.866,0.844,0.749,0.646,0.637,0.637,0.626,0.63,0.63,0.681,0.493,1.272,1.347,0.545,0.606,0.581,0.606,0.606,0.606,0.606,0.656,0.626,0.706,0.765,0.765,0.864,0.864,0.928,0.91,0.921,0.921,0.928,0.948,0.948,0.991,1.013,1.027,1.037,1.043,1.087,1.087,1.086,1.101,1.109,1.114,1.124,1.131,1.153,1.188,1.181,0.0,0.02,0.028,0.587,0.532,0.63,0.633,0.666,0.711,0.732,0.718,0.709,0.693,0.945,0.942,0.916,0.897,0.899,0.882,0.857,0.851,0.854,0.837,0.831,0.785,0.787,0.764,0.775,0.82,0.826,0.853,0.884,0.966,0.95,0.966,1.095,1.073,1.148,1.165,1.159,0.901,1.171,1.062,1.051,1.037,0.994,0.98,0.907,0.894,0.891,0.89,9.949
Point_284,16.249,3.158,3.158,3.195,1.923,1.417,1.073,1.11,1.11,1.11,1.152,1.178,1.192,1.208,1.26,1.26,1.282,1.295,1.311,1.348,1.38,1.367,1.421,1.426,1.451,1.46,1.472,1.481,1.502,1.52,1.512,1.309,1.655,1.642,1.589,1.517,1.516,1.481,1.484,1.465,1.465,1.436,1.428,1.405,1.319,1.274,1.338,1.349,1.373,1.377,1.385,1.4,1.41,1.41,1.415,1.422,1.458,1.441,1.441,1.477,1.491,1.491,1.491,1.473,1.471,1.448,1.348,1.349,1.332,1.313,1.317,1.281,1.184,1.217,1.221,1.258,1.288,1.278,1.364,1.382,1.324,1.324,1.449,1.461,1.461,1.461,1.499,1.487,1.503,1.504,1.503,1.555,1.532,1.555,1.653,1.684,1.748,1.596,1.6,1.634,1.663,1.681,1.768,1.747,1.837,1.827,1.767,1.926,1.926,1.926,1.656,1.656,1.656,1.656,1.656,2.0,2.009,2.088,2.041,2.053,2.069,2.073,2.203,2.121,2.131,2.205,2.264,2.215,2.214,2.221,2.244,2.24,2.122,2.122,2.103,2.091,2.091,2.062,2.107,2.093,2.13,2.166,2.159,2.174,2.125,2.035,2.093,2.179,2.199,2.236,2.249,2.292,2.292,2.236,2.236,2.21,2.166,2.185,2.12,2.103,2.044,2.025,1.448,2.081,1.669,2.073,2.043,2.012,1.997,1.976,1.961,1.958,1.887,1.348,1.926,1.378,0.971,0.984,1.06,1.073,1.091,1.14,1.153,1.188,1.196,1.209,1.218,1.209,1.22,1.22,1.961,1.272,1.288,1.324,1.334,1.116,0.921,0.934,1.003,1.06,1.075,1.08,1.107,1.123,1.133,1.152,1.169,1.17,1.23,0.938,1.175,1.21,1.235,1.27,1.284,1.263,1.336,1.357,1.356,1.379,1.379,0.913,0.871,0.831,0.843,0.843,0.843,0.843,0.843,0.833,0.843,0.846,0.846,0.824,0.73,0.626,0.618,0.618,0.607,0.611,0.611,0.661,0.473,1.253,1.327,0.525,0.586,0.562,0.586,0.586,0.586,0.586,0.636,0.606,0.686,0.746,0.746,0.844,0.844,0.908,0.89,0.901,0.901,0.908,0.928,0.928,0.972,0.993,1.008,1.017,1.024,1.067,1.067,1.066,1.082,1.089,1.094,1.105,1.111,1.134,1.168,1.162,1.18,0.0,0.008,0.567,0.512,0.61,0.614,0.646,0.691,0.713,0.698,0.69,0.673,0.925,0.922,0.896,0.878,0.879,0.862,0.837,0.831,0.834,0.817,0.812,0.765,0.767,0.744,0.756,0.8,0.807,0.834,0.864,0.947,0.931,0.947,1.076,1.053,1.129,1.145,1.139,0.881,1.151,1.042,1.031,1.017,0.974,0.96,0.887,0.874,0.872,0.871,9.93
Point_285,16.241,3.15,3.15,3.187,1.915,1.409,1.065,1.102,1.102,1.102,1.144,1.17,1.184,1.2,1.252,1.252,1.274,1.287,1.303,1.34,1.372,1.359,1.413,1.418,1.443,1.452,1.464,1.473,1.494,1.512,1.504,1.301,1.647,1.634,1.581,1.509,1.508,1.473,1.476,1.457,1.457,1.428,1.42,1.397,1.311,1.266,1.33,1.341,1.365,1.369,1.377,1.392,1.402,1.402,1.407,1.414,1.45,1.433,1.433,1.469,1.483,1.483,1.483,1.465,1.463,1.44,1.34,1.341,1.324,1.305,1.309,1.273,1.176,1.209,1.213,1.25,1.28,1.27,1.356,1.374,1.316,1.316,1.441,1.453,1.453,1.453,1.491,1.479,1.495,1.496,1.495,1.547,1.524,1.547,1.645,1.676,1.74,1.588,1.592,1.626,1.655,1.673,1.76,1.739,1.829,1.819,1.759,1.918,1.918,1.918,1.648,1.648,1.648,1.648,1.648,1.992,2.001,2.08,2.033,2.045,2.061,2.065,2.195,2.113,2.123,2.197,2.256,2.207,2.206,2.213,2.236,2.232,2.114,2.114,2.095,2.083,2.083,2.054,2.099,2.085,2.122,2.158,2.151,2.166,2.117,2.027,2.085,2.171,2.191,2.228,2.241,2.284,2.284,2.228,2.228,2.202,2.158,2.177,2.112,2.095,2.036,2.017,1.441,2.073,1.661,2.065,2.035,2.004,1.989,1.968,1.953,1.95,1.879,1.34,1.918,1.37,0.963,0.976,1.052,1.065,1.083,1.132,1.145,1.18,1.188,1.201,1.21,1.201,1.212,1.212,1.953,1.264,1.28,1.316,1.326,1.108,0.913,0.926,0.995,1.052,1.068,1.072,1.099,1.115,1.125,1.144,1.161,1.162,1.222,0.93,1.167,1.202,1.227,1.262,1.276,1.255,1.328,1.349,1.348,1.371,1.371,0.905,0.863,0.823,0.835,0.835,0.835,0.835,0.835,0.825,0.835,0.838,0.838,0.816,0.722,0.618,0.61,0.61,0.599,0.603,0.603,0.653,0.465,1.245,1.319,0.518,0.578,0.554,0.578,0.578,0.578,0.578,0.628,0.598,0.678,0.738,0.738,0.836,0.836,0.9,0.882,0.893,0.893,0.9,0.92,0.92,0.964,0.985,1.0,1.009,1.016,1.059,1.059,1.058,1.074,1.081,1.086,1.097,1.103,1.126,1.16,1.154,1.172,1.192,0.0,0.559,0.504,0.602,0.606,0.638,0.683,0.705,0.69,0.682,0.665,0.917,0.914,0.888,0.87,0.871,0.854,0.829,0.823,0.826,0.809,0.804,0.757,0.759,0.736,0.748,0.792,0.799,0.826,0.856,0.939,0.923,0.939,1.068,1.045,1.121,1.137,1.131,0.873,1.143,1.034,1.023,1.009,0.966,0.952,0.879,0.866,0.864,0.863,9.922
Point_286,15.745,2.654,2.654,2.692,1.419,0.914,0.569,0.607,0.607,0.607,0.648,0.674,0.684,0.7,0.752,0.752,0.774,0.787,0.803,0.841,0.872,0.859,0.913,0.918,0.943,0.952,0.964,0.973,0.994,1.012,1.004,0.836,1.208,1.194,1.141,1.07,1.068,1.034,1.036,1.018,1.018,0.988,0.981,0.957,0.869,0.824,0.888,0.899,0.923,0.927,0.935,0.95,0.96,0.96,0.965,0.972,0.999,0.991,0.991,1.018,1.032,1.032,1.032,0.965,0.963,0.94,0.84,0.841,0.824,0.805,0.809,0.774,0.676,0.709,0.713,0.75,0.763,0.828,0.917,0.932,0.874,0.874,0.999,1.011,1.011,1.011,1.049,1.037,1.053,1.054,1.053,1.105,1.082,1.105,1.203,1.234,1.298,1.146,1.15,1.184,1.213,1.231,1.318,1.297,1.387,1.377,1.317,1.476,1.476,1.476,1.524,1.524,1.524,1.524,1.524,1.55,1.559,1.638,1.591,1.603,1.619,1.623,1.753,1.671,1.681,1.755,1.814,1.765,1.764,1.771,1.794,1.79,1.672,1.672,1.653,1.641,1.641,1.612,1.657,1.643,1.68,1.716,1.709,1.724,1.675,1.585,1.643,1.729,1.749,1.786,1.799,1.842,1.842,1.786,1.786,1.76,1.716,1.735,1.67,1.653,1.594,1.575,1.001,1.631,1.219,1.623,1.593,1.562,1.547,1.527,1.511,1.508,1.437,1.17,1.476,1.201,0.794,0.807,0.882,0.895,0.913,0.962,0.975,1.01,1.019,1.031,1.04,1.032,1.042,1.042,1.511,1.094,1.11,1.146,1.156,0.648,0.445,0.458,0.527,0.584,0.6,0.604,0.632,0.647,0.657,0.676,0.74,0.739,0.722,0.43,0.667,0.703,0.727,0.762,0.776,0.755,0.828,0.849,0.848,0.871,0.871,0.41,0.367,0.327,0.34,0.34,0.34,0.34,0.34,0.33,0.34,0.415,0.415,0.435,0.532,0.636,0.644,0.644,0.777,0.781,0.781,0.832,0.864,0.91,1.146,0.772,0.676,0.808,0.676,0.676,0.676,0.676,0.625,0.656,0.575,0.516,0.516,0.502,0.502,0.404,0.386,0.398,0.398,0.404,0.424,0.424,0.468,0.49,0.504,0.513,0.52,0.563,0.563,0.562,0.578,0.586,0.59,0.601,0.607,0.63,0.665,0.658,0.677,0.697,0.705,0.0,0.055,0.043,0.047,0.079,0.124,0.146,0.221,0.213,0.196,0.422,0.418,0.393,0.374,0.375,0.358,0.333,0.328,0.33,0.313,0.308,0.261,0.263,0.241,0.252,0.297,0.303,0.33,0.36,0.443,0.427,0.443,0.568,0.545,0.572,0.556,0.562,0.377,0.549,0.539,0.527,0.514,0.471,0.457,0.383,0.37,0.368,0.367,9.858
Point_287,15.737,2.646,2.646,2.683,1.411,0.905,0.561,0.599,0.599,0.599,0.64,0.666,0.707,0.723,0.776,0.776,0.798,0.81,0.826,0.864,0.895,0.931,0.937,0.942,0.966,0.976,0.987,0.996,1.017,1.035,1.028,1.076,1.28,1.267,1.214,1.142,1.141,1.106,1.109,1.09,1.09,1.061,1.053,1.03,0.942,0.897,0.96,0.972,0.996,1.0,1.007,1.023,1.033,1.033,1.037,1.045,1.081,1.064,1.064,1.1,1.114,1.114,1.114,0.988,0.986,0.963,0.913,0.913,0.896,0.878,0.882,0.846,0.748,0.782,0.785,0.822,0.836,0.9,0.989,1.005,0.947,0.947,1.072,1.084,1.084,1.084,1.122,1.109,1.125,1.127,1.125,1.178,1.154,1.178,1.276,1.307,1.37,1.219,1.222,1.257,1.286,1.304,1.39,1.37,1.459,1.45,1.39,1.548,1.548,1.548,1.423,1.423,1.423,1.423,1.423,1.623,1.632,1.711,1.663,1.676,1.692,1.696,1.826,1.744,1.753,1.828,1.886,1.838,1.837,1.844,1.867,1.863,1.745,1.745,1.726,1.714,1.714,1.685,1.73,1.716,1.753,1.789,1.782,1.796,1.748,1.657,1.716,1.802,1.821,1.858,1.872,1.915,1.915,1.859,1.859,1.833,1.789,1.807,1.743,1.726,1.667,1.647,1.074,1.704,1.292,1.696,1.666,1.634,1.62,1.599,1.584,1.581,1.51,1.115,1.548,1.145,0.738,0.751,0.827,0.84,0.858,0.907,0.92,0.955,0.963,0.976,0.985,0.976,0.987,0.987,1.584,1.039,1.055,1.091,1.101,0.883,0.688,0.701,0.77,0.827,0.843,0.847,0.874,0.859,0.848,0.83,0.812,0.812,0.795,0.491,0.728,0.764,0.789,0.824,0.837,0.817,0.889,0.911,0.91,0.932,0.932,0.402,0.359,0.319,0.331,0.331,0.331,0.331,0.331,0.322,0.331,0.407,0.407,0.426,0.524,0.628,0.636,0.636,0.769,0.773,0.773,0.823,0.809,0.902,1.138,0.764,0.668,0.8,0.668,0.668,0.668,0.668,0.617,0.647,0.567,0.508,0.508,0.494,0.494,0.396,0.378,0.389,0.389,0.396,0.416,0.416,0.46,0.482,0.496,0.505,0.512,0.555,0.555,0.554,0.57,0.577,0.582,0.593,0.599,0.622,0.657,0.65,0.669,0.688,0.696,0.055,0.0,0.098,0.102,0.135,0.179,0.201,0.276,0.268,0.251,0.414,0.41,0.385,0.366,0.367,0.35,0.325,0.32,0.322,0.305,0.3,0.253,0.255,0.233,0.244,0.289,0.295,0.322,0.352,0.435,0.419,0.435,0.497,0.52,0.564,0.548,0.554,0.369,0.541,0.53,0.519,0.506,0.463,0.449,0.375,0.362,0.36,0.359,9.803
Point_288,15.788,2.697,2.697,2.735,1.462,0.957,0.612,0.65,0.65,0.65,0.691,0.717,0.641,0.657,0.709,0.709,0.731,0.744,0.76,0.798,0.829,0.816,0.87,0.875,0.9,0.909,0.921,0.93,0.951,0.969,0.961,0.793,1.165,1.151,1.098,1.027,1.025,0.991,0.993,0.975,0.975,0.945,0.938,0.914,0.826,0.781,0.845,0.856,0.88,0.884,0.892,0.907,0.917,0.917,0.922,0.929,0.956,0.948,0.948,0.975,0.989,0.989,0.989,0.922,0.92,0.897,0.797,0.798,0.781,0.762,0.766,0.731,0.633,0.666,0.67,0.707,0.72,0.785,0.874,0.889,0.831,0.831,0.956,0.968,0.968,0.968,1.006,0.994,1.01,1.011,1.01,1.062,1.039,1.062,1.16,1.191,1.255,1.103,1.107,1.141,1.17,1.188,1.275,1.254,1.344,1.334,1.274,1.433,1.433,1.433,1.481,1.481,1.481,1.481,1.481,1.507,1.516,1.595,1.548,1.56,1.576,1.58,1.71,1.628,1.638,1.712,1.771,1.722,1.721,1.728,1.751,1.747,1.629,1.629,1.61,1.599,1.598,1.569,1.614,1.6,1.637,1.673,1.666,1.681,1.632,1.542,1.6,1.686,1.706,1.743,1.756,1.799,1.799,1.743,1.743,1.717,1.673,1.692,1.627,1.61,1.551,1.532,0.958,1.588,1.176,1.58,1.55,1.519,1.504,1.484,1.468,1.465,1.394,1.213,1.433,1.244,0.837,0.849,0.925,0.938,0.956,1.005,1.018,1.053,1.062,1.074,1.083,1.075,1.085,1.085,1.468,1.137,1.153,1.056,1.046,0.605,0.402,0.415,0.484,0.541,0.557,0.561,0.589,0.604,0.614,0.633,0.697,0.696,0.679,0.387,0.624,0.66,0.684,0.719,0.733,0.712,0.785,0.806,0.805,0.828,0.828,0.453,0.41,0.37,0.383,0.383,0.383,0.383,0.383,0.373,0.383,0.458,0.458,0.478,0.575,0.679,0.687,0.687,0.82,0.824,0.824,0.875,0.907,0.953,1.189,0.815,0.719,0.851,0.719,0.719,0.719,0.719,0.668,0.699,0.618,0.559,0.559,0.545,0.545,0.447,0.429,0.441,0.441,0.447,0.467,0.467,0.511,0.533,0.547,0.556,0.563,0.606,0.606,0.605,0.621,0.629,0.633,0.644,0.65,0.673,0.708,0.701,0.72,0.74,0.748,0.043,0.098,0.0,0.004,0.036,0.081,0.103,0.178,0.17,0.153,0.465,0.461,0.436,0.417,0.418,0.401,0.376,0.371,0.373,0.356,0.351,0.304,0.306,0.284,0.295,0.34,0.346,0.373,0.403,0.486,0.47,0.486,0.525,0.502,0.578,0.594,0.588,0.42,0.6,0.611,0.57,0.557,0.514,0.5,0.426,0.413,0.411,0.41,9.901
Point_289,15.792,2.701,2.701,2.738,1.465,0.96,0.615,0.653,0.653,0.653,0.695,0.721,0.637,0.653,0.706,0.706,0.728,0.74,0.756,0.794,0.825,0.812,0.867,0.872,0.896,0.906,0.917,0.926,0.947,0.965,0.958,0.789,1.161,1.147,1.095,1.023,1.022,0.987,0.989,0.971,0.971,0.942,0.934,0.911,0.823,0.778,0.841,0.853,0.876,0.881,0.888,0.904,0.914,0.914,0.918,0.926,0.952,0.944,0.944,0.971,0.985,0.985,0.986,0.918,0.916,0.894,0.793,0.794,0.777,0.758,0.763,0.727,0.629,0.662,0.666,0.703,0.717,0.781,0.87,0.886,0.827,0.827,0.953,0.964,0.964,0.964,1.002,0.99,1.006,1.008,1.006,1.058,1.035,1.058,1.156,1.188,1.251,1.099,1.103,1.138,1.167,1.185,1.271,1.251,1.34,1.331,1.271,1.429,1.429,1.429,1.477,1.477,1.477,1.477,1.477,1.504,1.512,1.592,1.544,1.557,1.572,1.576,1.707,1.624,1.634,1.708,1.767,1.719,1.718,1.725,1.748,1.744,1.626,1.626,1.607,1.595,1.594,1.566,1.611,1.597,1.634,1.67,1.663,1.677,1.629,1.538,1.597,1.683,1.702,1.739,1.753,1.796,1.796,1.74,1.74,1.714,1.67,1.688,1.623,1.607,1.548,1.528,0.954,1.585,1.173,1.576,1.546,1.515,1.501,1.48,1.464,1.462,1.391,1.217,1.429,1.247,0.84,0.853,0.929,0.942,0.96,1.009,1.021,1.056,1.065,1.078,1.087,1.078,1.089,1.089,1.464,1.14,1.157,1.053,1.042,0.601,0.399,0.412,0.48,0.537,0.553,0.557,0.585,0.6,0.611,0.629,0.693,0.692,0.675,0.383,0.62,0.656,0.681,0.716,0.729,0.708,0.781,0.802,0.802,0.824,0.824,0.456,0.413,0.374,0.386,0.386,0.386,0.386,0.386,0.376,0.386,0.462,0.462,0.481,0.579,0.682,0.691,0.691,0.824,0.828,0.828,0.878,0.911,0.957,1.193,0.819,0.722,0.855,0.722,0.722,0.722,0.722,0.672,0.702,0.622,0.563,0.563,0.548,0.548,0.451,0.433,0.444,0.444,0.451,0.471,0.471,0.514,0.536,0.55,0.56,0.566,0.61,0.61,0.609,0.624,0.632,0.637,0.647,0.654,0.676,0.711,0.705,0.723,0.743,0.751,0.047,0.102,0.004,0.0,0.033,0.078,0.099,0.174,0.166,0.149,0.468,0.465,0.439,0.42,0.422,0.405,0.38,0.374,0.377,0.36,0.355,0.308,0.31,0.287,0.298,0.343,0.35,0.377,0.407,0.489,0.474,0.489,0.521,0.498,0.574,0.591,0.585,0.424,0.597,0.608,0.574,0.56,0.517,0.503,0.43,0.417,0.415,0.413,9.905
Point_290,15.825,2.734,2.734,2.771,1.498,0.993,0.648,0.686,0.686,0.686,0.727,0.753,0.604,0.621,0.673,0.673,0.695,0.708,0.724,0.761,0.792,0.779,0.834,0.839,0.864,0.873,0.885,0.893,0.915,0.933,0.925,0.756,1.128,1.115,1.062,0.99,0.989,0.954,0.956,0.938,0.938,0.909,0.901,0.878,0.79,0.745,0.808,0.82,0.843,0.848,0.855,0.871,0.881,0.881,0.885,0.893,0.919,0.911,0.911,0.938,0.953,0.953,0.953,0.885,0.883,0.861,0.76,0.761,0.744,0.726,0.73,0.694,0.596,0.629,0.633,0.67,0.684,0.748,0.837,0.853,0.795,0.795,0.92,0.932,0.932,0.932,0.97,0.957,0.973,0.975,0.973,1.026,1.002,1.026,1.123,1.155,1.218,1.066,1.07,1.105,1.134,1.152,1.238,1.218,1.307,1.298,1.238,1.396,1.396,1.396,1.444,1.444,1.444,1.444,1.444,1.471,1.48,1.559,1.511,1.524,1.54,1.543,1.674,1.592,1.601,1.676,1.734,1.686,1.685,1.692,1.715,1.711,1.593,1.593,1.574,1.562,1.562,1.533,1.578,1.564,1.601,1.637,1.63,1.644,1.596,1.505,1.564,1.65,1.669,1.706,1.72,1.763,1.763,1.707,1.707,1.681,1.637,1.655,1.591,1.574,1.515,1.495,0.921,1.552,1.14,1.544,1.514,1.482,1.468,1.447,1.432,1.429,1.358,1.249,1.396,1.28,0.873,0.886,0.962,0.975,0.993,1.042,1.054,1.089,1.098,1.111,1.12,1.111,1.121,1.122,1.432,1.072,1.056,1.02,1.009,0.569,0.366,0.379,0.448,0.504,0.52,0.524,0.552,0.568,0.578,0.597,0.66,0.659,0.643,0.35,0.587,0.623,0.648,0.683,0.696,0.676,0.748,0.77,0.769,0.791,0.791,0.489,0.446,0.407,0.419,0.419,0.419,0.419,0.419,0.409,0.419,0.495,0.495,0.514,0.612,0.715,0.723,0.723,0.857,0.86,0.86,0.911,0.944,0.99,1.226,0.851,0.755,0.887,0.755,0.755,0.755,0.755,0.705,0.735,0.655,0.596,0.596,0.581,0.581,0.484,0.466,0.477,0.477,0.484,0.504,0.504,0.547,0.569,0.583,0.593,0.599,0.643,0.643,0.642,0.657,0.665,0.67,0.68,0.687,0.709,0.744,0.737,0.756,0.776,0.784,0.079,0.135,0.036,0.033,0.0,0.045,0.066,0.141,0.133,0.117,0.386,0.39,0.472,0.453,0.455,0.438,0.413,0.407,0.41,0.393,0.387,0.341,0.343,0.32,0.331,0.376,0.382,0.409,0.44,0.522,0.506,0.522,0.488,0.465,0.541,0.558,0.552,0.457,0.564,0.575,0.586,0.6,0.55,0.536,0.463,0.45,0.447,0.446,9.938
Point_291,15.869,2.779,2.779,2.816,1.543,1.038,0.693,0.731,0.731,0.731,0.772,0.798,0.56,0.576,0.628,0.628,0.65,0.663,0.679,0.716,0.747,0.734,0.789,0.794,0.819,0.828,0.84,0.849,0.87,0.888,0.88,0.711,1.083,1.07,1.017,0.945,0.944,0.909,0.912,0.894,0.894,0.864,0.857,0.833,0.745,0.7,0.763,0.775,0.799,0.803,0.81,0.826,0.836,0.836,0.84,0.848,0.874,0.867,0.867,0.894,0.908,0.908,0.908,0.84,0.839,0.816,0.716,0.716,0.699,0.681,0.685,0.649,0.552,0.585,0.588,0.625,0.639,0.703,0.792,0.808,0.75,0.75,0.875,0.887,0.887,0.887,0.925,0.912,0.928,0.93,0.928,0.981,0.957,0.981,1.079,1.11,1.173,1.022,1.025,1.06,1.089,1.107,1.193,1.173,1.262,1.253,1.193,1.351,1.351,1.351,1.399,1.399,1.399,1.399,1.399,1.426,1.435,1.514,1.467,1.479,1.495,1.499,1.629,1.547,1.556,1.631,1.689,1.641,1.64,1.647,1.67,1.666,1.548,1.548,1.529,1.517,1.517,1.488,1.533,1.519,1.556,1.592,1.585,1.599,1.551,1.461,1.519,1.605,1.624,1.661,1.675,1.718,1.718,1.662,1.662,1.636,1.592,1.61,1.546,1.529,1.47,1.45,0.877,1.507,1.095,1.499,1.469,1.437,1.423,1.402,1.387,1.384,1.313,1.063,1.351,1.093,0.686,0.699,0.775,0.788,0.806,0.855,0.867,0.903,0.911,0.924,0.933,0.924,0.935,0.935,1.387,1.027,1.011,0.975,0.964,0.524,0.321,0.334,0.403,0.46,0.475,0.48,0.507,0.523,0.533,0.552,0.615,0.615,0.598,0.305,0.542,0.578,0.603,0.638,0.651,0.631,0.703,0.725,0.724,0.746,0.746,0.534,0.491,0.452,0.464,0.464,0.464,0.464,0.464,0.454,0.464,0.54,0.54,0.559,0.656,0.76,0.768,0.768,0.901,0.905,0.905,0.956,0.989,1.034,1.27,0.896,0.8,0.932,0.8,0.8,0.8,0.8,0.75,0.78,0.7,0.64,0.64,0.626,0.626,0.529,0.511,0.522,0.522,0.529,0.548,0.548,0.592,0.614,0.628,0.638,0.644,0.688,0.688,0.686,0.702,0.71,0.715,0.725,0.731,0.754,0.789,0.782,0.801,0.821,0.829,0.124,0.179,0.081,0.078,0.045,0.0,0.021,0.097,0.088,0.072,0.341,0.345,0.37,0.389,0.388,0.405,0.458,0.452,0.454,0.438,0.432,0.385,0.388,0.365,0.376,0.421,0.427,0.454,0.485,0.567,0.551,0.567,0.443,0.421,0.496,0.513,0.507,0.502,0.519,0.53,0.541,0.555,0.598,0.612,0.508,0.495,0.492,0.491,9.983
Point_292,15.891,2.8,2.8,2.837,1.564,1.059,0.714,0.752,0.752,0.752,0.794,0.82,0.538,0.554,0.607,0.607,0.629,0.641,0.657,0.695,0.726,0.713,0.768,0.773,0.797,0.807,0.818,0.827,0.848,0.867,0.859,0.69,1.062,1.048,0.996,0.924,0.923,0.888,0.89,0.872,0.872,0.843,0.835,0.812,0.724,0.679,0.742,0.754,0.777,0.782,0.789,0.805,0.815,0.815,0.819,0.827,0.853,0.845,0.845,0.872,0.886,0.886,0.887,0.819,0.817,0.795,0.694,0.695,0.678,0.659,0.664,0.628,0.53,0.563,0.567,0.604,0.618,0.682,0.771,0.787,0.728,0.728,0.854,0.865,0.865,0.865,0.903,0.891,0.907,0.909,0.907,0.959,0.936,0.959,1.057,1.089,1.152,1.0,1.004,1.039,1.068,1.086,1.172,1.152,1.241,1.232,1.172,1.33,1.33,1.33,1.378,1.378,1.378,1.378,1.378,1.405,1.413,1.493,1.445,1.458,1.473,1.477,1.608,1.525,1.535,1.609,1.668,1.62,1.619,1.626,1.649,1.645,1.527,1.527,1.508,1.496,1.495,1.467,1.512,1.498,1.535,1.571,1.564,1.578,1.53,1.439,1.498,1.584,1.603,1.64,1.654,1.697,1.697,1.641,1.641,1.615,1.571,1.589,1.524,1.508,1.449,1.429,0.855,1.486,1.074,1.477,1.447,1.416,1.402,1.381,1.365,1.363,1.292,1.041,1.33,1.072,0.665,0.678,0.754,0.767,0.784,0.834,0.846,0.881,0.89,0.902,0.912,0.903,0.913,0.914,1.365,1.006,0.99,0.954,0.943,0.502,0.3,0.313,0.381,0.438,0.454,0.458,0.486,0.501,0.512,0.53,0.594,0.593,0.576,0.284,0.521,0.557,0.582,0.617,0.63,0.609,0.682,0.703,0.703,0.725,0.725,0.555,0.512,0.473,0.485,0.485,0.485,0.485,0.485,0.475,0.485,0.561,0.561,0.58,0.678,0.781,0.79,0.79,0.923,0.927,0.927,0.977,1.01,1.056,1.292,0.918,0.821,0.954,0.821,0.821,0.821,0.821,0.771,0.801,0.721,0.662,0.662,0.647,0.647,0.55,0.532,0.543,0.543,0.55,0.57,0.57,0.613,0.635,0.649,0.659,0.665,0.709,0.709,0.708,0.723,0.731,0.736,0.746,0.753,0.775,0.81,0.804,0.822,0.842,0.85,0.146,0.201,0.103,0.099,0.066,0.021,0.0,0.075,0.067,0.05,0.32,0.323,0.349,0.368,0.366,0.384,0.408,0.414,0.411,0.459,0.454,0.407,0.409,0.386,0.397,0.442,0.449,0.476,0.506,0.588,0.573,0.588,0.422,0.399,0.475,0.492,0.486,0.523,0.498,0.509,0.52,0.534,0.576,0.591,0.529,0.516,0.514,0.512,10.004
Point_293,15.942,2.851,2.851,2.888,1.615,1.11,0.79,0.828,0.828,0.828,0.869,0.895,0.463,0.479,0.531,0.531,0.553,0.566,0.582,0.62,0.651,0.638,0.692,0.697,0.722,0.731,0.743,0.752,0.773,0.791,0.783,0.615,0.987,0.973,0.92,0.849,0.847,0.813,0.815,0.797,0.797,0.767,0.76,0.737,0.648,0.603,0.667,0.679,0.702,0.707,0.714,0.73,0.74,0.74,0.744,0.752,0.787,0.77,0.77,0.806,0.82,0.82,0.82,0.744,0.742,0.719,0.619,0.62,0.603,0.584,0.588,0.553,0.455,0.488,0.492,0.529,0.543,0.607,0.696,0.711,0.653,0.653,0.779,0.79,0.79,0.79,0.828,0.816,0.832,0.834,0.832,0.884,0.861,0.884,0.982,1.013,1.077,0.925,0.929,0.963,0.993,1.011,1.097,1.076,1.166,1.156,1.096,1.255,1.255,1.255,1.303,1.303,1.303,1.303,1.303,1.329,1.338,1.418,1.37,1.382,1.398,1.402,1.533,1.45,1.46,1.534,1.593,1.545,1.543,1.55,1.573,1.569,1.452,1.451,1.432,1.421,1.42,1.391,1.436,1.423,1.459,1.495,1.489,1.503,1.454,1.364,1.423,1.508,1.528,1.565,1.578,1.621,1.621,1.566,1.566,1.54,1.495,1.514,1.449,1.432,1.373,1.354,0.78,1.411,0.998,1.402,1.372,1.341,1.326,1.306,1.29,1.287,1.217,0.966,1.255,0.997,0.59,0.603,0.678,0.691,0.709,0.758,0.771,0.806,0.815,0.827,0.836,0.828,0.838,0.838,1.29,0.93,0.914,0.878,0.868,0.427,0.224,0.238,0.306,0.363,0.379,0.383,0.411,0.426,0.436,0.455,0.519,0.518,0.501,0.209,0.446,0.482,0.506,0.541,0.555,0.534,0.607,0.628,0.627,0.65,0.65,0.631,0.588,0.548,0.56,0.56,0.56,0.56,0.56,0.551,0.56,0.636,0.636,0.656,0.753,0.857,0.865,0.865,0.998,1.002,1.002,1.052,0.995,1.131,1.367,0.993,0.897,1.029,0.897,0.897,0.897,0.897,0.846,0.876,0.796,0.737,0.737,0.723,0.723,0.625,0.607,0.618,0.618,0.625,0.645,0.645,0.689,0.711,0.725,0.734,0.741,0.784,0.784,0.783,0.799,0.806,0.811,0.822,0.828,0.851,0.886,0.879,0.898,0.917,0.925,0.221,0.276,0.178,0.174,0.141,0.097,0.075,0.0,0.008,0.025,0.245,0.248,0.274,0.292,0.291,0.308,0.333,0.339,0.336,0.353,0.358,0.405,0.403,0.426,0.473,0.518,0.524,0.551,0.581,0.664,0.648,0.664,0.347,0.324,0.4,0.416,0.41,0.598,0.423,0.433,0.445,0.458,0.501,0.515,0.589,0.602,0.604,0.605,9.938
Point_294,15.95,2.859,2.859,2.896,1.624,1.118,0.781,0.819,0.819,0.819,0.861,0.887,0.471,0.488,0.54,0.54,0.562,0.575,0.59,0.628,0.659,0.646,0.701,0.706,0.73,0.74,0.751,0.76,0.781,0.8,0.792,0.623,0.995,0.981,0.929,0.857,0.856,0.821,0.823,0.805,0.805,0.776,0.768,0.745,0.657,0.612,0.675,0.687,0.71,0.715,0.722,0.738,0.748,0.748,0.752,0.76,0.795,0.778,0.778,0.815,0.829,0.829,0.829,0.752,0.75,0.728,0.627,0.628,0.611,0.593,0.597,0.561,0.463,0.496,0.5,0.537,0.551,0.615,0.704,0.72,0.661,0.661,0.787,0.799,0.799,0.799,0.836,0.824,0.84,0.842,0.84,0.893,0.869,0.893,0.99,1.022,1.085,0.933,0.937,0.972,1.001,1.019,1.105,1.085,1.174,1.165,1.105,1.263,1.263,1.263,1.311,1.311,1.311,1.311,1.311,1.338,1.346,1.426,1.378,1.391,1.406,1.41,1.541,1.459,1.468,1.542,1.601,1.553,1.552,1.559,1.582,1.578,1.46,1.46,1.441,1.429,1.428,1.4,1.445,1.431,1.468,1.504,1.497,1.511,1.463,1.372,1.431,1.517,1.536,1.573,1.587,1.63,1.63,1.574,1.574,1.548,1.504,1.522,1.458,1.441,1.382,1.362,0.788,1.419,1.007,1.41,1.38,1.349,1.335,1.314,1.298,1.296,1.225,0.974,1.263,1.005,0.598,0.611,0.687,0.7,0.718,0.767,0.779,0.814,0.823,0.836,0.845,0.836,0.846,0.847,1.298,0.939,0.923,0.887,0.876,0.435,0.233,0.246,0.314,0.371,0.387,0.391,0.419,0.435,0.445,0.464,0.527,0.526,0.509,0.217,0.454,0.49,0.515,0.55,0.563,0.542,0.615,0.636,0.636,0.658,0.658,0.622,0.579,0.54,0.552,0.552,0.552,0.552,0.552,0.542,0.552,0.628,0.628,0.647,0.745,0.848,0.856,0.856,0.99,0.994,0.994,1.044,0.987,1.123,1.359,0.985,0.888,1.021,0.888,0.888,0.888,0.888,0.838,0.868,0.788,0.729,0.729,0.714,0.714,0.617,0.599,0.61,0.61,0.617,0.637,0.637,0.68,0.702,0.716,0.726,0.732,0.776,0.776,0.775,0.79,0.798,0.803,0.813,0.82,0.842,0.877,0.871,0.889,0.909,0.917,0.213,0.268,0.17,0.166,0.133,0.088,0.067,0.008,0.0,0.017,0.253,0.257,0.282,0.301,0.299,0.317,0.341,0.347,0.345,0.361,0.367,0.414,0.411,0.453,0.464,0.509,0.516,0.542,0.573,0.655,0.64,0.655,0.355,0.332,0.408,0.425,0.419,0.59,0.431,0.442,0.453,0.467,0.51,0.524,0.597,0.61,0.612,0.614,9.981
Point_295,15.967,2.876,2.876,2.913,1.64,1.135,0.765,0.803,0.803,0.803,0.844,0.87,0.488,0.504,0.556,0.556,0.578,0.591,0.607,0.645,0.676,0.663,0.717,0.722,0.747,0.756,0.768,0.777,0.798,0.816,0.808,0.64,1.012,0.998,0.945,0.874,0.872,0.838,0.84,0.822,0.822,0.792,0.785,0.761,0.673,0.628,0.692,0.704,0.727,0.731,0.739,0.754,0.764,0.764,0.769,0.777,0.812,0.795,0.795,0.831,0.845,0.845,0.845,0.769,0.767,0.744,0.644,0.645,0.628,0.609,0.613,0.578,0.48,0.513,0.517,0.554,0.568,0.632,0.721,0.736,0.678,0.678,0.803,0.815,0.815,0.815,0.853,0.841,0.857,0.859,0.857,0.909,0.886,0.909,1.007,1.038,1.102,0.95,0.954,0.988,1.017,1.035,1.122,1.101,1.191,1.181,1.121,1.28,1.28,1.28,1.328,1.328,1.328,1.328,1.328,1.354,1.363,1.442,1.395,1.407,1.423,1.427,1.558,1.475,1.485,1.559,1.618,1.569,1.568,1.575,1.598,1.594,1.477,1.476,1.457,1.446,1.445,1.416,1.461,1.447,1.484,1.52,1.513,1.528,1.479,1.389,1.447,1.533,1.553,1.59,1.603,1.646,1.646,1.59,1.59,1.564,1.52,1.539,1.474,1.457,1.398,1.379,0.805,1.435,1.023,1.427,1.397,1.366,1.351,1.331,1.315,1.312,1.241,0.991,1.28,1.022,0.615,0.627,0.703,0.716,0.734,0.783,0.796,0.831,0.84,0.852,0.861,0.853,0.863,0.863,1.315,0.955,0.939,0.903,0.893,0.452,0.249,0.262,0.331,0.388,0.404,0.408,0.436,0.451,0.461,0.48,0.544,0.543,0.526,0.234,0.471,0.507,0.531,0.566,0.58,0.559,0.632,0.653,0.652,0.675,0.675,0.606,0.563,0.523,0.535,0.535,0.535,0.535,0.535,0.526,0.535,0.611,0.611,0.631,0.728,0.832,0.84,0.84,0.973,0.977,0.977,1.027,0.97,1.106,1.342,0.968,0.872,1.004,0.872,0.872,0.872,0.872,0.821,0.852,0.771,0.712,0.712,0.698,0.698,0.6,0.582,0.594,0.594,0.6,0.62,0.62,0.664,0.686,0.7,0.709,0.716,0.759,0.759,0.758,0.774,0.782,0.786,0.797,0.803,0.826,0.861,0.854,0.873,0.892,0.9,0.196,0.251,0.153,0.149,0.117,0.072,0.05,0.025,0.017,0.0,0.27,0.273,0.298,0.317,0.316,0.333,0.358,0.364,0.361,0.378,0.383,0.457,0.459,0.437,0.448,0.493,0.499,0.526,0.556,0.639,0.623,0.639,0.372,0.349,0.425,0.441,0.435,0.573,0.447,0.458,0.47,0.483,0.526,0.54,0.614,0.627,0.629,0.63,9.964
Point_296,15.811,2.72,2.72,2.757,1.484,0.979,0.681,0.719,0.719,0.719,0.761,0.787,0.332,0.348,0.4,0.4,0.422,0.435,0.451,0.489,0.52,0.507,0.561,0.566,0.591,0.6,0.612,0.621,0.642,0.66,0.652,0.702,0.856,0.842,0.789,0.718,0.716,0.682,0.684,0.666,0.666,0.636,0.629,0.605,0.517,0.472,0.536,0.548,0.571,0.576,0.583,0.598,0.609,0.609,0.613,0.621,0.647,0.639,0.639,0.666,0.68,0.68,0.68,0.613,0.611,0.588,0.488,0.489,0.472,0.453,0.457,0.422,0.324,0.357,0.361,0.398,0.412,0.476,0.565,0.58,0.522,0.522,0.648,0.659,0.659,0.659,0.697,0.685,0.701,0.703,0.701,0.753,0.73,0.753,0.851,0.882,0.946,0.794,0.798,0.832,0.862,0.88,0.966,0.945,1.035,1.025,0.965,1.124,1.124,1.124,1.172,1.172,1.172,1.172,1.172,1.198,1.207,1.287,1.239,1.251,1.267,1.271,1.402,1.319,1.329,1.403,1.462,1.414,1.412,1.419,1.442,1.438,1.321,1.32,1.301,1.29,1.289,1.26,1.305,1.292,1.328,1.364,1.358,1.372,1.323,1.233,1.292,1.377,1.397,1.434,1.447,1.49,1.49,1.435,1.435,1.408,1.364,1.383,1.318,1.301,1.242,1.223,0.649,1.28,0.867,1.271,1.241,1.21,1.195,1.175,1.159,1.156,1.086,1.054,1.124,1.45,0.677,0.69,0.766,0.779,0.797,0.931,0.918,0.883,0.875,0.862,0.853,0.862,0.851,0.851,1.159,0.799,0.783,0.747,0.737,0.515,0.312,0.325,0.394,0.451,0.481,0.477,0.449,0.434,0.424,0.405,0.388,0.387,0.37,0.078,0.315,0.351,0.375,0.41,0.424,0.403,0.476,0.497,0.496,0.519,0.519,0.522,0.479,0.44,0.452,0.452,0.452,0.452,0.452,0.442,0.452,0.528,0.528,0.547,0.645,0.748,0.757,0.757,0.89,0.894,0.894,0.944,1.223,1.023,1.259,0.885,0.788,0.921,0.788,0.788,0.788,0.788,0.738,0.768,0.688,0.629,0.629,0.614,0.614,0.517,0.499,0.51,0.51,0.517,0.537,0.537,0.58,0.602,0.616,0.626,0.632,0.676,0.676,0.675,0.69,0.698,0.703,0.713,0.72,0.742,0.777,0.771,0.789,0.809,0.817,0.422,0.414,0.465,0.468,0.501,0.341,0.32,0.245,0.253,0.27,0.0,0.004,0.029,0.048,0.046,0.064,0.088,0.094,0.092,0.108,0.114,0.161,0.158,0.181,0.364,0.409,0.416,0.443,0.473,0.555,0.54,0.555,0.216,0.193,0.269,0.285,0.279,0.49,0.292,0.302,0.314,0.327,0.37,0.384,0.458,0.471,0.473,0.474,10.217
Point_297,15.814,2.723,2.723,2.761,1.488,0.982,0.678,0.716,0.716,0.716,0.757,0.783,0.336,0.352,0.404,0.404,0.426,0.439,0.455,0.492,0.523,0.51,0.565,0.57,0.595,0.604,0.616,0.625,0.646,0.664,0.656,0.706,0.859,0.846,0.793,0.721,0.72,0.685,0.687,0.669,0.669,0.64,0.632,0.609,0.521,0.476,0.539,0.551,0.575,0.579,0.586,0.602,0.612,0.612,0.616,0.624,0.65,0.643,0.643,0.67,0.684,0.684,0.684,0.616,0.615,0.592,0.492,0.492,0.475,0.457,0.461,0.425,0.327,0.361,0.364,0.401,0.415,0.479,0.568,0.584,0.526,0.526,0.651,0.663,0.663,0.663,0.701,0.688,0.704,0.706,0.704,0.757,0.733,0.757,0.855,0.886,0.949,0.798,0.801,0.836,0.865,0.883,0.969,0.949,1.038,1.029,0.969,1.127,1.127,1.127,1.175,1.175,1.175,1.175,1.175,1.202,1.211,1.29,1.242,1.255,1.271,1.275,1.405,1.323,1.332,1.407,1.465,1.417,1.416,1.423,1.446,1.442,1.324,1.324,1.305,1.293,1.293,1.264,1.309,1.295,1.332,1.368,1.361,1.375,1.327,1.236,1.295,1.381,1.4,1.437,1.451,1.494,1.494,1.438,1.438,1.412,1.368,1.386,1.322,1.305,1.246,1.226,0.652,1.283,0.871,1.275,1.245,1.213,1.199,1.178,1.163,1.16,1.089,1.057,1.127,1.453,0.681,0.694,0.769,0.782,0.8,0.934,0.922,0.887,0.878,0.866,0.857,0.865,0.855,0.854,1.163,0.803,0.787,0.751,0.74,0.518,0.316,0.329,0.397,0.454,0.485,0.481,0.453,0.438,0.427,0.409,0.391,0.39,0.374,0.081,0.318,0.354,0.379,0.414,0.427,0.407,0.479,0.501,0.5,0.522,0.522,0.519,0.476,0.436,0.448,0.448,0.448,0.448,0.448,0.439,0.448,0.524,0.524,0.544,0.641,0.745,0.753,0.753,0.886,0.89,0.89,0.94,1.219,1.019,1.255,0.881,0.785,0.917,0.785,0.785,0.785,0.785,0.734,0.765,0.684,0.625,0.625,0.611,0.611,0.513,0.495,0.507,0.507,0.513,0.533,0.533,0.577,0.599,0.613,0.622,0.629,0.672,0.672,0.671,0.687,0.695,0.699,0.71,0.716,0.739,0.774,0.767,0.786,0.806,0.814,0.418,0.41,0.461,0.465,0.498,0.345,0.323,0.248,0.257,0.273,0.004,0.0,0.025,0.044,0.043,0.06,0.085,0.09,0.088,0.105,0.11,0.157,0.155,0.177,0.361,0.406,0.412,0.439,0.469,0.552,0.536,0.552,0.219,0.197,0.272,0.289,0.283,0.486,0.295,0.306,0.317,0.331,0.374,0.388,0.461,0.474,0.477,0.478,10.213
Point_298,15.84,2.749,2.749,2.786,1.513,1.008,0.652,0.69,0.69,0.69,0.732,0.758,0.361,0.377,0.429,0.429,0.451,0.464,0.48,0.518,0.549,0.536,0.59,0.595,0.62,0.629,0.641,0.65,0.671,0.689,0.681,0.731,0.885,0.871,0.818,0.747,0.745,0.711,0.713,0.695,0.695,0.665,0.658,0.634,0.546,0.501,0.565,0.577,0.6,0.605,0.612,0.627,0.637,0.637,0.642,0.65,0.676,0.668,0.668,0.695,0.709,0.709,0.709,0.642,0.64,0.617,0.517,0.518,0.501,0.482,0.486,0.451,0.353,0.386,0.39,0.427,0.441,0.505,0.594,0.609,0.551,0.551,0.677,0.688,0.688,0.688,0.726,0.714,0.73,0.732,0.73,0.782,0.759,0.782,0.88,0.911,0.975,0.823,0.827,0.861,0.89,0.909,0.995,0.974,1.064,1.054,0.994,1.153,1.153,1.153,1.201,1.201,1.201,1.201,1.201,1.227,1.236,1.316,1.268,1.28,1.296,1.3,1.431,1.348,1.358,1.432,1.491,1.442,1.441,1.448,1.471,1.467,1.35,1.349,1.33,1.319,1.318,1.289,1.334,1.321,1.357,1.393,1.386,1.401,1.352,1.262,1.321,1.406,1.426,1.463,1.476,1.519,1.519,1.463,1.463,1.437,1.393,1.412,1.347,1.33,1.271,1.252,0.678,1.309,0.896,1.3,1.27,1.239,1.224,1.204,1.188,1.185,1.115,1.083,1.153,1.479,0.706,0.719,0.795,0.808,0.826,0.96,0.947,0.912,0.904,0.891,0.882,0.891,0.88,0.88,1.188,0.828,0.812,0.776,0.766,0.544,0.341,0.354,0.423,0.48,0.51,0.506,0.478,0.463,0.453,0.434,0.417,0.416,0.399,0.107,0.344,0.38,0.404,0.439,0.453,0.432,0.505,0.526,0.525,0.548,0.548,0.493,0.45,0.411,0.423,0.423,0.423,0.423,0.423,0.413,0.423,0.499,0.499,0.518,0.616,0.719,0.728,0.728,0.861,0.865,0.865,0.915,1.194,0.994,1.23,0.856,0.759,0.892,0.759,0.759,0.759,0.759,0.709,0.739,0.659,0.6,0.6,0.585,0.585,0.488,0.47,0.481,0.481,0.488,0.508,0.508,0.551,0.573,0.587,0.597,0.603,0.647,0.647,0.646,0.661,0.669,0.674,0.684,0.691,0.713,0.748,0.742,0.76,0.78,0.788,0.393,0.385,0.436,0.439,0.472,0.37,0.349,0.274,0.282,0.298,0.029,0.025,0.0,0.019,0.017,0.035,0.059,0.065,0.063,0.079,0.085,0.132,0.129,0.152,0.335,0.38,0.387,0.414,0.444,0.526,0.511,0.526,0.245,0.222,0.298,0.314,0.308,0.461,0.32,0.331,0.343,0.356,0.399,0.413,0.487,0.5,0.452,0.45,10.188
Point_299,15.81,2.719,2.719,2.756,1.484,0.978,0.634,0.671,0.671,0.671,0.713,0.739,0.38,0.396,0.448,0.448,0.47,0.483,0.499,0.536,0.568,0.555,0.609,0.614,0.639,0.648,0.66,0.669,0.69,0.708,0.7,0.75,0.904,0.89,0.837,0.766,0.764,0.73,0.732,0.714,0.714,0.684,0.677,0.653,0.565,0.52,0.584,0.595,0.619,0.623,0.631,0.646,0.656,0.656,0.661,0.668,0.695,0.687,0.687,0.714,0.728,0.728,0.728,0.661,0.659,0.636,0.536,0.537,0.52,0.501,0.505,0.469,0.372,0.405,0.409,0.446,0.459,0.524,0.613,0.628,0.57,0.57,0.695,0.707,0.707,0.707,0.745,0.733,0.749,0.75,0.749,0.801,0.778,0.801,0.899,0.93,0.994,0.842,0.846,0.88,0.909,0.927,1.014,0.993,1.083,1.073,1.013,1.172,1.172,1.172,1.22,1.22,1.22,1.22,1.22,1.246,1.255,1.334,1.287,1.299,1.315,1.319,1.449,1.367,1.377,1.451,1.51,1.461,1.46,1.467,1.49,1.486,1.368,1.368,1.349,1.337,1.337,1.308,1.353,1.339,1.376,1.412,1.405,1.42,1.371,1.281,1.339,1.425,1.445,1.482,1.495,1.538,1.538,1.482,1.482,1.456,1.412,1.431,1.366,1.349,1.29,1.271,0.697,1.327,0.915,1.319,1.289,1.258,1.243,1.222,1.207,1.204,1.133,1.102,1.172,1.498,0.725,0.738,0.814,0.827,0.845,0.979,0.966,0.931,0.922,0.91,0.901,0.909,0.899,0.899,1.207,0.847,0.831,0.795,0.785,0.563,0.36,0.373,0.442,0.498,0.529,0.525,0.497,0.482,0.472,0.453,0.436,0.435,0.418,0.126,0.363,0.398,0.423,0.458,0.472,0.451,0.524,0.545,0.544,0.567,0.567,0.474,0.432,0.392,0.404,0.404,0.404,0.404,0.404,0.394,0.404,0.48,0.48,0.499,0.597,0.7,0.709,0.709,0.842,0.846,0.846,0.896,1.175,0.975,1.211,0.837,0.741,0.873,0.741,0.741,0.741,0.741,0.69,0.72,0.64,0.581,0.581,0.567,0.567,0.469,0.451,0.462,0.462,0.469,0.489,0.489,0.533,0.555,0.569,0.578,0.585,0.628,0.628,0.627,0.643,0.65,0.655,0.666,0.672,0.695,0.729,0.723,0.742,0.761,0.769,0.374,0.366,0.417,0.42,0.453,0.498,0.368,0.292,0.301,0.317,0.048,0.044,0.019,0.0,0.002,0.016,0.04,0.046,0.044,0.061,0.066,0.113,0.11,0.133,0.317,0.361,0.368,0.395,0.425,0.508,0.492,0.508,0.264,0.241,0.317,0.333,0.327,0.442,0.339,0.35,0.361,0.375,0.418,0.432,0.448,0.435,0.433,0.432,10.169
Point_300,15.811,2.721,2.721,2.758,1.485,0.98,0.635,0.673,0.673,0.673,0.714,0.74,0.378,0.395,0.447,0.447,0.469,0.482,0.497,0.535,0.566,0.553,0.608,0.613,0.637,0.647,0.658,0.667,0.688,0.707,0.699,0.749,0.902,0.888,0.836,0.764,0.763,0.728,0.73,0.712,0.712,0.683,0.675,0.652,0.564,0.519,0.582,0.594,0.617,0.622,0.629,0.645,0.655,0.655,0.659,0.667,0.693,0.685,0.685,0.712,0.727,0.727,0.727,0.659,0.657,0.635,0.534,0.535,0.518,0.499,0.504,0.468,0.37,0.403,0.407,0.444,0.458,0.522,0.611,0.627,0.568,0.568,0.694,0.705,0.705,0.705,0.743,0.731,0.747,0.749,0.747,0.799,0.776,0.799,0.897,0.929,0.992,0.84,0.844,0.879,0.908,0.926,1.012,0.992,1.081,1.072,1.012,1.17,1.17,1.17,1.218,1.218,1.218,1.218,1.218,1.245,1.253,1.333,1.285,1.298,1.313,1.317,1.448,1.366,1.375,1.449,1.508,1.46,1.459,1.466,1.489,1.485,1.367,1.367,1.348,1.336,1.335,1.307,1.352,1.338,1.375,1.411,1.404,1.418,1.37,1.279,1.338,1.424,1.443,1.48,1.494,1.537,1.537,1.481,1.481,1.455,1.411,1.429,1.365,1.348,1.289,1.269,0.695,1.326,0.914,1.317,1.287,1.256,1.242,1.221,1.205,1.203,1.132,1.1,1.17,1.496,0.724,0.736,0.812,0.825,0.843,0.977,0.965,0.93,0.921,0.908,0.899,0.908,0.898,0.897,1.205,0.846,0.83,0.794,0.783,0.561,0.358,0.371,0.44,0.497,0.528,0.524,0.496,0.48,0.47,0.451,0.434,0.433,0.416,0.124,0.361,0.397,0.422,0.457,0.47,0.449,0.522,0.543,0.543,0.565,0.565,0.476,0.433,0.393,0.406,0.406,0.406,0.406,0.406,0.396,0.406,0.482,0.482,0.501,0.598,0.702,0.71,0.71,0.843,0.847,0.847,0.898,1.176,0.976,1.212,0.838,0.742,0.874,0.742,0.742,0.742,0.742,0.692,0.722,0.642,0.582,0.582,0.568,0.568,0.471,0.453,0.464,0.464,0.471,0.49,0.49,0.534,0.556,0.57,0.58,0.586,0.629,0.629,0.628,0.644,0.652,0.657,0.667,0.673,0.696,0.731,0.724,0.743,0.763,0.771,0.375,0.367,0.418,0.422,0.455,0.5,0.366,0.291,0.299,0.316,0.046,0.043,0.017,0.002,0.0,0.017,0.042,0.048,0.045,0.062,0.067,0.114,0.112,0.135,0.318,0.363,0.369,0.396,0.427,0.509,0.493,0.509,0.262,0.239,0.315,0.332,0.326,0.444,0.338,0.349,0.36,0.374,0.417,0.431,0.449,0.436,0.434,0.433,10.17
Point_301,15.794,2.703,2.703,2.741,1.468,0.962,0.618,0.656,0.656,0.656,0.697,0.723,0.396,0.412,0.464,0.464,0.486,0.499,0.515,0.552,0.583,0.57,0.625,0.63,0.655,0.664,0.676,0.685,0.706,0.724,0.716,0.766,0.919,0.906,0.853,0.781,0.78,0.745,0.748,0.729,0.729,0.7,0.692,0.669,0.581,0.536,0.599,0.611,0.635,0.639,0.646,0.662,0.672,0.672,0.676,0.684,0.71,0.703,0.703,0.73,0.744,0.744,0.744,0.676,0.675,0.652,0.552,0.552,0.535,0.517,0.521,0.485,0.387,0.421,0.424,0.461,0.475,0.539,0.628,0.644,0.586,0.586,0.711,0.723,0.723,0.723,0.761,0.748,0.764,0.766,0.764,0.817,0.793,0.817,0.915,0.946,1.009,0.858,0.861,0.896,0.925,0.943,1.029,1.009,1.098,1.089,1.029,1.187,1.187,1.187,1.235,1.235,1.235,1.235,1.235,1.262,1.271,1.35,1.302,1.315,1.331,1.335,1.465,1.383,1.392,1.467,1.525,1.477,1.476,1.483,1.506,1.502,1.384,1.384,1.365,1.353,1.353,1.324,1.369,1.355,1.392,1.428,1.421,1.435,1.387,1.296,1.355,1.441,1.46,1.497,1.511,1.554,1.554,1.498,1.498,1.472,1.428,1.446,1.382,1.365,1.306,1.286,0.713,1.343,0.931,1.335,1.305,1.273,1.259,1.238,1.223,1.22,1.149,1.117,1.187,1.513,0.741,0.754,0.829,0.842,0.86,0.994,0.982,0.947,0.938,0.926,0.917,0.925,0.915,0.915,1.223,0.863,0.847,0.811,0.8,0.578,0.376,0.389,0.457,0.514,0.545,0.541,0.513,0.498,0.487,0.469,0.451,0.451,0.434,0.141,0.378,0.414,0.439,0.474,0.487,0.467,0.539,0.561,0.56,0.582,0.582,0.459,0.416,0.376,0.388,0.388,0.388,0.388,0.388,0.379,0.388,0.464,0.464,0.484,0.581,0.685,0.693,0.693,0.826,0.83,0.83,0.88,1.159,0.959,1.195,0.821,0.725,0.857,0.725,0.725,0.725,0.725,0.674,0.705,0.624,0.565,0.565,0.551,0.551,0.453,0.435,0.447,0.447,0.453,0.473,0.473,0.517,0.539,0.553,0.562,0.569,0.612,0.612,0.611,0.627,0.635,0.639,0.65,0.656,0.679,0.714,0.707,0.726,0.745,0.753,0.358,0.35,0.401,0.405,0.438,0.482,0.504,0.308,0.317,0.333,0.064,0.06,0.035,0.016,0.017,0.0,0.025,0.03,0.028,0.045,0.05,0.097,0.095,0.117,0.301,0.346,0.352,0.379,0.409,0.492,0.476,0.492,0.279,0.257,0.332,0.349,0.343,0.426,0.355,0.366,0.377,0.391,0.434,0.448,0.432,0.419,0.417,0.416,10.153
Point_302,15.769,2.679,2.679,2.716,1.443,0.938,0.593,0.631,0.631,0.631,0.672,0.698,0.42,0.436,0.489,0.489,0.511,0.523,0.539,0.577,0.608,0.595,0.65,0.655,0.679,0.689,0.7,0.709,0.73,0.748,0.741,0.791,0.944,0.93,0.878,0.806,0.805,0.77,0.772,0.754,0.754,0.725,0.717,0.694,0.606,0.561,0.624,0.636,0.659,0.664,0.671,0.687,0.697,0.697,0.701,0.709,0.735,0.727,0.727,0.754,0.768,0.768,0.768,0.701,0.699,0.676,0.576,0.577,0.56,0.541,0.545,0.51,0.412,0.445,0.449,0.486,0.5,0.564,0.653,0.669,0.61,0.61,0.736,0.747,0.747,0.747,0.785,0.773,0.789,0.791,0.789,0.841,0.818,0.841,0.939,0.971,1.034,0.882,0.886,0.921,0.95,0.968,1.054,1.034,1.123,1.113,1.054,1.212,1.212,1.212,1.26,1.26,1.26,1.26,1.26,1.287,1.295,1.375,1.327,1.339,1.355,1.359,1.49,1.407,1.417,1.491,1.55,1.502,1.501,1.508,1.53,1.527,1.409,1.409,1.389,1.378,1.377,1.349,1.394,1.38,1.417,1.453,1.446,1.46,1.411,1.321,1.38,1.465,1.485,1.522,1.535,1.578,1.578,1.523,1.523,1.497,1.452,1.471,1.406,1.39,1.331,1.311,0.737,1.368,0.956,1.359,1.329,1.298,1.284,1.263,1.247,1.245,1.174,1.142,1.212,1.538,0.766,0.778,0.854,0.867,0.885,1.019,1.007,0.972,0.963,0.95,0.941,0.95,0.94,0.939,1.247,0.888,0.871,0.836,0.825,0.603,0.4,0.413,0.482,0.539,0.57,0.565,0.538,0.522,0.512,0.493,0.476,0.475,0.458,0.166,0.403,0.439,0.463,0.498,0.512,0.491,0.564,0.585,0.585,0.607,0.607,0.434,0.391,0.352,0.364,0.364,0.364,0.364,0.364,0.354,0.364,0.44,0.44,0.459,0.557,0.66,0.668,0.668,0.802,0.805,0.805,0.856,1.135,0.934,1.171,0.796,0.7,0.832,0.7,0.7,0.7,0.7,0.65,0.68,0.6,0.54,0.54,0.526,0.526,0.429,0.411,0.422,0.422,0.429,0.449,0.449,0.492,0.514,0.528,0.538,0.544,0.588,0.588,0.587,0.602,0.61,0.615,0.625,0.631,0.654,0.689,0.682,0.701,0.721,0.729,0.333,0.325,0.376,0.38,0.413,0.458,0.479,0.333,0.341,0.358,0.088,0.085,0.059,0.04,0.042,0.025,0.0,0.006,0.003,0.02,0.025,0.072,0.07,0.093,0.276,0.321,0.327,0.354,0.385,0.467,0.451,0.467,0.304,0.281,0.357,0.374,0.367,0.402,0.38,0.391,0.402,0.415,0.458,0.473,0.408,0.395,0.392,0.391,10.129
Point_303,15.764,2.673,2.673,2.71,1.437,0.932,0.587,0.625,0.625,0.625,0.667,0.693,0.426,0.442,0.494,0.494,0.516,0.529,0.545,0.583,0.614,0.601,0.655,0.66,0.685,0.694,0.706,0.715,0.736,0.754,0.746,0.796,0.95,0.936,0.883,0.812,0.81,0.776,0.778,0.76,0.76,0.73,0.723,0.7,0.611,0.566,0.63,0.642,0.665,0.67,0.677,0.693,0.703,0.703,0.707,0.715,0.741,0.733,0.733,0.76,0.774,0.774,0.774,0.707,0.705,0.682,0.582,0.583,0.566,0.547,0.551,0.516,0.418,0.451,0.455,0.492,0.506,0.57,0.659,0.674,0.616,0.616,0.742,0.753,0.753,0.753,0.791,0.779,0.795,0.797,0.795,0.847,0.824,0.847,0.945,0.976,1.04,0.888,0.892,0.926,0.956,0.974,1.06,1.039,1.129,1.119,1.059,1.218,1.218,1.218,1.266,1.266,1.266,1.266,1.266,1.292,1.301,1.381,1.333,1.345,1.361,1.365,1.496,1.413,1.423,1.497,1.556,1.508,1.506,1.513,1.536,1.532,1.415,1.414,1.395,1.384,1.383,1.354,1.399,1.386,1.422,1.458,1.452,1.466,1.417,1.327,1.386,1.471,1.491,1.528,1.541,1.584,1.584,1.529,1.529,1.503,1.458,1.477,1.412,1.395,1.336,1.317,0.743,1.374,0.961,1.365,1.335,1.304,1.289,1.269,1.253,1.25,1.18,1.148,1.218,1.544,0.771,0.784,0.86,0.873,0.891,1.025,1.012,0.977,0.969,0.956,0.947,0.956,0.945,0.945,1.253,0.893,0.877,0.841,0.831,0.609,0.406,0.419,0.488,0.545,0.575,0.571,0.543,0.528,0.518,0.499,0.482,0.481,0.464,0.172,0.409,0.445,0.469,0.504,0.518,0.497,0.57,0.591,0.59,0.613,0.613,0.428,0.385,0.346,0.358,0.358,0.358,0.358,0.358,0.348,0.358,0.434,0.434,0.453,0.551,0.654,0.663,0.663,0.796,0.8,0.8,0.85,1.129,0.929,1.165,0.791,0.694,0.827,0.694,0.694,0.694,0.694,0.644,0.674,0.594,0.535,0.535,0.52,0.52,0.423,0.405,0.416,0.416,0.423,0.443,0.443,0.486,0.508,0.522,0.532,0.538,0.582,0.582,0.581,0.596,0.604,0.609,0.619,0.626,0.648,0.683,0.677,0.695,0.715,0.723,0.328,0.32,0.371,0.374,0.407,0.452,0.473,0.339,0.347,0.364,0.094,0.09,0.065,0.046,0.048,0.03,0.006,0.0,0.002,0.014,0.02,0.067,0.064,0.087,0.27,0.315,0.322,0.349,0.379,0.461,0.446,0.461,0.31,0.287,0.363,0.379,0.373,0.396,0.386,0.396,0.408,0.421,0.464,0.478,0.402,0.389,0.387,0.385,10.123
Point_304,15.766,2.675,2.675,2.713,1.44,0.934,0.59,0.628,0.628,0.628,0.669,0.695,0.424,0.44,0.492,0.492,0.514,0.527,0.543,0.58,0.611,0.598,0.653,0.658,0.683,0.692,0.704,0.713,0.734,0.752,0.744,0.794,0.947,0.934,0.881,0.809,0.808,0.773,0.775,0.757,0.757,0.728,0.72,0.697,0.609,0.564,0.627,0.639,0.663,0.667,0.674,0.69,0.7,0.7,0.704,0.712,0.738,0.731,0.731,0.758,0.772,0.772,0.772,0.704,0.703,0.68,0.58,0.58,0.563,0.545,0.549,0.513,0.415,0.449,0.452,0.489,0.503,0.567,0.656,0.672,0.614,0.614,0.739,0.751,0.751,0.751,0.789,0.776,0.792,0.794,0.792,0.845,0.821,0.845,0.943,0.974,1.037,0.886,0.889,0.924,0.953,0.971,1.057,1.037,1.126,1.117,1.057,1.215,1.215,1.215,1.263,1.263,1.263,1.263,1.263,1.29,1.299,1.378,1.33,1.343,1.359,1.363,1.493,1.411,1.42,1.495,1.553,1.505,1.504,1.511,1.534,1.53,1.412,1.412,1.393,1.381,1.381,1.352,1.397,1.383,1.42,1.456,1.449,1.463,1.415,1.324,1.383,1.469,1.488,1.525,1.539,1.582,1.582,1.526,1.526,1.5,1.456,1.474,1.41,1.393,1.334,1.314,0.74,1.371,0.959,1.363,1.333,1.301,1.287,1.266,1.251,1.248,1.177,1.145,1.215,1.541,0.769,0.782,0.857,0.87,0.888,1.022,1.01,0.975,0.966,0.954,0.945,0.953,0.943,0.943,1.251,0.891,0.875,0.839,0.828,0.606,0.404,0.417,0.485,0.542,0.573,0.569,0.541,0.526,0.515,0.497,0.479,0.478,0.462,0.169,0.406,0.442,0.467,0.502,0.515,0.495,0.567,0.589,0.588,0.61,0.61,0.431,0.388,0.348,0.36,0.36,0.36,0.36,0.36,0.351,0.36,0.436,0.436,0.456,0.553,0.657,0.665,0.665,0.798,0.802,0.802,0.852,1.131,0.931,1.167,0.793,0.697,0.829,0.697,0.697,0.697,0.697,0.646,0.677,0.596,0.537,0.537,0.523,0.523,0.425,0.407,0.419,0.419,0.425,0.445,0.445,0.489,0.511,0.525,0.534,0.541,0.584,0.584,0.583,0.599,0.607,0.611,0.622,0.628,0.651,0.686,0.679,0.698,0.718,0.725,0.33,0.322,0.373,0.377,0.41,0.454,0.476,0.336,0.345,0.361,0.092,0.088,0.063,0.044,0.045,0.028,0.003,0.002,0.0,0.017,0.022,0.069,0.067,0.089,0.273,0.318,0.324,0.351,0.381,0.464,0.448,0.464,0.307,0.285,0.36,0.377,0.371,0.398,0.383,0.394,0.405,0.419,0.462,0.476,0.404,0.391,0.389,0.388,10.125
Point_305,15.749,2.659,2.659,2.696,1.423,0.918,0.573,0.611,0.611,0.611,0.652,0.678,0.44,0.457,0.509,0.509,0.531,0.544,0.559,0.597,0.628,0.615,0.67,0.675,0.699,0.709,0.721,0.729,0.75,0.769,0.761,0.811,0.964,0.951,0.898,0.826,0.825,0.79,0.792,0.774,0.774,0.745,0.737,0.714,0.626,0.581,0.644,0.656,0.679,0.684,0.691,0.707,0.717,0.717,0.721,0.729,0.755,0.747,0.747,0.774,0.789,0.789,0.789,0.721,0.719,0.697,0.596,0.597,0.58,0.562,0.566,0.53,0.432,0.465,0.469,0.506,0.52,0.584,0.673,0.689,0.631,0.631,0.756,0.768,0.768,0.768,0.805,0.793,0.809,0.811,0.809,0.862,0.838,0.862,0.959,0.991,1.054,0.902,0.906,0.941,0.97,0.988,1.074,1.054,1.143,1.134,1.074,1.232,1.232,1.232,1.28,1.28,1.28,1.28,1.28,1.307,1.315,1.395,1.347,1.36,1.376,1.379,1.51,1.428,1.437,1.512,1.57,1.522,1.521,1.528,1.551,1.547,1.429,1.429,1.41,1.398,1.397,1.369,1.414,1.4,1.437,1.473,1.466,1.48,1.432,1.341,1.4,1.486,1.505,1.542,1.556,1.599,1.599,1.543,1.543,1.517,1.473,1.491,1.427,1.41,1.351,1.331,0.757,1.388,0.976,1.379,1.349,1.318,1.304,1.283,1.267,1.265,1.194,1.162,1.232,1.558,0.786,0.799,0.874,0.887,0.905,1.039,1.027,0.992,0.983,0.971,0.962,0.97,0.96,0.959,1.267,0.908,0.892,0.856,0.845,0.623,0.42,0.434,0.502,0.559,0.59,0.586,0.558,0.542,0.532,0.513,0.496,0.495,0.478,0.186,0.423,0.459,0.484,0.519,0.532,0.512,0.584,0.605,0.605,0.627,0.627,0.414,0.371,0.331,0.344,0.344,0.344,0.344,0.344,0.334,0.344,0.42,0.42,0.439,0.536,0.64,0.648,0.648,0.781,0.785,0.785,0.836,1.114,0.914,1.15,0.776,0.68,0.812,0.68,0.68,0.68,0.68,0.629,0.66,0.58,0.52,0.52,0.506,0.506,0.409,0.391,0.402,0.402,0.409,0.428,0.428,0.472,0.494,0.508,0.518,0.524,0.567,0.567,0.566,0.582,0.59,0.595,0.605,0.611,0.634,0.669,0.662,0.681,0.701,0.709,0.313,0.305,0.356,0.36,0.393,0.438,0.459,0.353,0.361,0.378,0.108,0.105,0.079,0.061,0.062,0.045,0.02,0.014,0.017,0.0,0.005,0.052,0.05,0.073,0.256,0.301,0.307,0.334,0.365,0.447,0.431,0.447,0.324,0.301,0.377,0.394,0.388,0.381,0.4,0.411,0.422,0.436,0.479,0.493,0.387,0.374,0.372,0.371,10.108
Point_306,15.744,2.653,2.653,2.69,1.418,0.912,0.568,0.606,0.606,0.606,0.647,0.673,0.446,0.462,0.514,0.514,0.536,0.549,0.565,0.602,0.633,0.62,0.675,0.68,0.705,0.714,0.726,0.735,0.756,0.774,0.766,0.816,0.969,0.956,0.903,0.831,0.83,0.795,0.798,0.78,0.78,0.75,0.743,0.719,0.631,0.586,0.649,0.661,0.685,0.689,0.696,0.712,0.722,0.722,0.726,0.734,0.76,0.753,0.753,0.78,0.794,0.794,0.794,0.726,0.725,0.702,0.602,0.602,0.585,0.567,0.571,0.535,0.438,0.471,0.475,0.512,0.525,0.589,0.679,0.694,0.636,0.636,0.761,0.773,0.773,0.773,0.811,0.799,0.815,0.816,0.815,0.867,0.844,0.867,0.965,0.996,1.059,0.908,0.912,0.946,0.975,0.993,1.079,1.059,1.148,1.139,1.079,1.238,1.238,1.238,1.285,1.285,1.285,1.285,1.285,1.312,1.321,1.4,1.353,1.365,1.381,1.385,1.515,1.433,1.443,1.517,1.576,1.527,1.526,1.533,1.556,1.552,1.434,1.434,1.415,1.403,1.403,1.374,1.419,1.405,1.442,1.478,1.471,1.485,1.437,1.347,1.405,1.491,1.51,1.548,1.561,1.604,1.604,1.548,1.548,1.522,1.478,1.496,1.432,1.415,1.356,1.336,0.763,1.393,0.981,1.385,1.355,1.324,1.309,1.288,1.273,1.27,1.199,1.167,1.238,1.563,0.791,0.804,0.88,0.893,0.91,1.045,1.032,0.997,0.988,0.976,0.967,0.975,0.965,0.965,1.273,0.913,0.897,0.861,0.851,0.628,0.426,0.439,0.507,0.564,0.595,0.591,0.563,0.548,0.537,0.519,0.502,0.501,0.484,0.192,0.428,0.464,0.489,0.524,0.537,0.517,0.589,0.611,0.61,0.633,0.633,0.409,0.366,0.326,0.338,0.338,0.338,0.338,0.338,0.329,0.338,0.414,0.414,0.433,0.531,0.635,0.643,0.643,0.776,0.78,0.78,0.83,1.109,0.909,1.145,0.771,0.675,0.807,0.675,0.675,0.675,0.675,0.624,0.654,0.574,0.515,0.515,0.501,0.501,0.403,0.385,0.396,0.396,0.403,0.423,0.423,0.467,0.489,0.503,0.512,0.519,0.562,0.562,0.561,0.577,0.584,0.589,0.6,0.606,0.629,0.664,0.657,0.676,0.695,0.703,0.308,0.3,0.351,0.355,0.387,0.432,0.454,0.358,0.367,0.383,0.114,0.11,0.085,0.066,0.067,0.05,0.025,0.02,0.022,0.005,0.0,0.047,0.045,0.067,0.251,0.296,0.302,0.329,0.359,0.442,0.426,0.442,0.329,0.307,0.383,0.399,0.393,0.376,0.405,0.416,0.427,0.441,0.484,0.455,0.382,0.369,0.367,0.366,10.103
Point_307,15.697,2.606,2.606,2.644,1.371,0.866,0.521,0.559,0.559,0.559,0.6,0.626,0.492,0.509,0.561,0.561,0.583,0.596,0.612,0.649,0.68,0.667,0.722,0.727,0.752,0.761,0.773,0.782,0.803,0.821,0.813,0.863,1.016,1.003,0.95,0.878,0.877,0.842,0.844,0.826,0.826,0.797,0.789,0.766,0.678,0.633,0.696,0.708,0.731,0.736,0.743,0.759,0.769,0.769,0.773,0.781,0.807,0.8,0.8,0.826,0.841,0.841,0.841,0.773,0.772,0.749,0.648,0.649,0.632,0.614,0.618,0.582,0.484,0.517,0.521,0.558,0.572,0.636,0.725,0.741,0.683,0.683,0.808,0.82,0.82,0.82,0.858,0.845,0.861,0.863,0.861,0.914,0.89,0.914,1.011,1.043,1.106,0.954,0.958,0.993,1.022,1.04,1.126,1.106,1.195,1.186,1.126,1.284,1.284,1.284,1.332,1.332,1.332,1.332,1.332,1.359,1.368,1.447,1.399,1.412,1.428,1.432,1.562,1.48,1.489,1.564,1.622,1.574,1.573,1.58,1.603,1.599,1.481,1.481,1.462,1.45,1.45,1.421,1.466,1.452,1.489,1.525,1.518,1.532,1.484,1.393,1.452,1.538,1.557,1.594,1.608,1.651,1.651,1.595,1.595,1.569,1.525,1.543,1.479,1.462,1.403,1.383,0.809,1.44,1.028,1.432,1.402,1.37,1.356,1.335,1.32,1.317,1.246,1.368,1.284,1.398,0.992,1.004,1.08,1.093,1.111,1.091,1.079,1.044,1.035,1.023,1.014,1.022,1.012,1.011,1.32,0.96,0.944,0.908,0.897,0.675,0.472,0.486,0.554,0.611,0.642,0.638,0.61,0.595,0.584,0.566,0.548,0.547,0.531,0.238,0.475,0.511,0.536,0.571,0.584,0.564,0.636,0.658,0.657,0.679,0.679,0.362,0.319,0.279,0.292,0.292,0.292,0.292,0.292,0.282,0.292,0.368,0.368,0.387,0.484,0.588,0.596,0.596,0.729,0.733,0.733,0.784,1.062,0.862,1.098,0.724,0.628,0.76,0.628,0.628,0.628,0.628,0.577,0.608,0.527,0.468,0.468,0.454,0.454,0.357,0.338,0.35,0.35,0.357,0.376,0.376,0.42,0.442,0.456,0.465,0.472,0.515,0.515,0.514,0.53,0.538,0.542,0.553,0.559,0.582,0.617,0.61,0.629,0.649,0.657,0.261,0.253,0.304,0.308,0.341,0.385,0.407,0.482,0.474,0.457,0.161,0.157,0.132,0.113,0.114,0.097,0.072,0.067,0.069,0.052,0.047,0.0,0.002,0.02,0.204,0.249,0.255,0.282,0.312,0.395,0.379,0.395,0.376,0.354,0.429,0.446,0.44,0.329,0.452,0.463,0.474,0.488,0.423,0.409,0.335,0.322,0.32,0.319,10.056
Point_308,15.699,2.609,2.609,2.646,1.373,0.868,0.523,0.561,0.561,0.561,0.602,0.628,0.49,0.506,0.559,0.559,0.581,0.593,0.609,0.647,0.678,0.665,0.72,0.725,0.749,0.759,0.77,0.779,0.8,0.819,0.811,0.861,1.014,1.0,0.948,0.876,0.875,0.84,0.842,0.824,0.824,0.795,0.787,0.764,0.676,0.631,0.694,0.706,0.729,0.734,0.741,0.757,0.767,0.767,0.771,0.779,0.805,0.797,0.797,0.824,0.838,0.838,0.839,0.771,0.769,0.747,0.646,0.647,0.63,0.611,0.616,0.58,0.482,0.515,0.519,0.556,0.57,0.634,0.723,0.739,0.68,0.68,0.806,0.817,0.817,0.817,0.855,0.843,0.859,0.861,0.859,0.911,0.888,0.911,1.009,1.041,1.104,0.952,0.956,0.991,1.02,1.038,1.124,1.104,1.193,1.184,1.124,1.282,1.282,1.282,1.33,1.33,1.33,1.33,1.33,1.357,1.365,1.445,1.397,1.41,1.425,1.429,1.56,1.477,1.487,1.561,1.62,1.572,1.571,1.578,1.601,1.597,1.479,1.479,1.46,1.448,1.447,1.419,1.464,1.45,1.487,1.523,1.516,1.53,1.482,1.391,1.45,1.536,1.555,1.592,1.606,1.649,1.649,1.593,1.593,1.567,1.523,1.541,1.476,1.46,1.401,1.381,0.807,1.438,1.026,1.429,1.399,1.368,1.354,1.333,1.317,1.315,1.244,1.37,1.282,1.401,0.994,1.007,1.082,1.095,1.113,1.089,1.077,1.042,1.033,1.02,1.011,1.02,1.01,1.009,1.317,0.958,0.942,0.906,0.895,0.673,0.47,0.483,0.552,0.609,0.64,0.635,0.608,0.592,0.582,0.563,0.546,0.545,0.528,0.236,0.473,0.509,0.534,0.569,0.582,0.561,0.634,0.655,0.655,0.677,0.677,0.364,0.321,0.281,0.294,0.294,0.294,0.294,0.294,0.284,0.294,0.37,0.37,0.389,0.486,0.59,0.598,0.598,0.731,0.735,0.735,0.786,1.064,0.864,1.1,0.726,0.63,0.762,0.63,0.63,0.63,0.63,0.58,0.61,0.53,0.47,0.47,0.456,0.456,0.359,0.341,0.352,0.352,0.359,0.378,0.378,0.422,0.444,0.458,0.468,0.474,0.518,0.518,0.516,0.532,0.54,0.545,0.555,0.561,0.584,0.619,0.612,0.631,0.651,0.659,0.263,0.255,0.306,0.31,0.343,0.388,0.409,0.484,0.476,0.459,0.158,0.155,0.129,0.11,0.112,0.095,0.07,0.064,0.067,0.05,0.045,0.002,0.0,0.023,0.206,0.251,0.257,0.284,0.315,0.397,0.381,0.397,0.374,0.351,0.427,0.444,0.438,0.332,0.45,0.461,0.472,0.486,0.425,0.411,0.338,0.324,0.322,0.321,10.059
Point_309,15.677,2.586,2.586,2.623,1.35,0.845,0.5,0.538,0.538,0.538,0.58,0.606,0.513,0.529,0.581,0.581,0.603,0.616,0.632,0.67,0.701,0.688,0.742,0.748,0.772,0.781,0.793,0.802,0.823,0.841,0.833,0.883,1.037,1.023,0.971,0.899,0.897,0.863,0.865,0.847,0.847,0.817,0.81,0.787,0.698,0.654,0.717,0.729,0.752,0.757,0.764,0.78,0.79,0.79,0.794,0.802,0.828,0.82,0.82,0.847,0.861,0.861,0.861,0.794,0.792,0.769,0.669,0.67,0.653,0.634,0.638,0.603,0.505,0.538,0.542,0.579,0.593,0.657,0.746,0.761,0.703,0.703,0.829,0.84,0.84,0.84,0.878,0.866,0.882,0.884,0.882,0.934,0.911,0.934,1.032,1.063,1.127,0.975,0.979,1.013,1.043,1.061,1.147,1.126,1.216,1.206,1.146,1.305,1.305,1.305,1.353,1.353,1.353,1.353,1.353,1.379,1.388,1.468,1.42,1.432,1.448,1.452,1.583,1.5,1.51,1.584,1.643,1.595,1.594,1.6,1.623,1.619,1.502,1.501,1.482,1.471,1.47,1.441,1.486,1.473,1.509,1.545,1.539,1.553,1.504,1.414,1.473,1.558,1.578,1.615,1.628,1.671,1.671,1.616,1.616,1.59,1.545,1.564,1.499,1.482,1.424,1.404,0.83,1.461,1.049,1.452,1.422,1.391,1.376,1.356,1.34,1.337,1.267,1.347,1.305,1.378,0.971,0.984,1.06,1.073,1.091,1.14,1.152,1.064,1.056,1.043,1.034,1.043,1.032,1.032,1.34,0.98,0.964,0.928,0.918,0.696,0.493,0.506,0.575,0.632,0.662,0.658,0.631,0.615,0.605,0.586,0.569,0.568,0.551,0.259,0.496,0.532,0.556,0.591,0.605,0.584,0.657,0.678,0.677,0.7,0.7,0.341,0.298,0.259,0.271,0.271,0.271,0.271,0.271,0.261,0.271,0.347,0.347,0.366,0.464,0.567,0.575,0.575,0.709,0.713,0.713,0.763,1.042,0.842,1.078,0.704,0.607,0.74,0.607,0.607,0.607,0.607,0.557,0.587,0.507,0.448,0.448,0.433,0.433,0.336,0.318,0.329,0.329,0.336,0.356,0.356,0.399,0.421,0.435,0.445,0.451,0.495,0.495,0.494,0.509,0.517,0.522,0.532,0.539,0.561,0.596,0.59,0.608,0.628,0.636,0.241,0.233,0.284,0.287,0.32,0.365,0.386,0.462,0.453,0.437,0.181,0.177,0.152,0.133,0.135,0.117,0.093,0.087,0.089,0.073,0.067,0.02,0.023,0.0,0.183,0.228,0.235,0.262,0.292,0.374,0.359,0.374,0.397,0.374,0.45,0.466,0.46,0.309,0.473,0.483,0.459,0.445,0.402,0.388,0.315,0.302,0.3,0.298,10.036
Point_310,15.888,2.797,2.797,2.834,1.561,1.056,0.711,0.749,0.749,0.749,0.79,0.816,0.478,0.495,0.547,0.547,0.569,0.582,0.597,0.635,0.666,0.653,0.708,0.713,0.737,0.747,0.759,0.767,0.789,0.807,0.799,1.058,1.002,0.989,0.936,0.864,0.863,0.828,0.83,0.812,0.812,0.783,0.775,0.752,0.664,0.619,0.682,0.694,0.717,0.722,0.729,0.745,0.755,0.755,0.759,0.767,0.793,0.785,0.785,0.812,0.827,0.827,0.827,0.759,0.757,0.735,0.634,0.635,0.618,0.6,0.604,0.568,0.47,0.503,0.507,0.544,0.558,0.622,0.711,0.727,0.669,0.669,0.794,0.806,0.806,0.806,0.843,0.831,0.847,0.849,0.847,0.9,0.876,0.9,0.997,1.029,1.092,0.94,0.944,0.979,1.008,1.026,1.112,1.092,1.181,1.172,1.112,1.27,1.27,1.27,1.318,1.318,1.318,1.318,1.318,1.345,1.353,1.433,1.385,1.398,1.414,1.417,1.548,1.466,1.475,1.55,1.608,1.56,1.559,1.566,1.589,1.585,1.467,1.467,1.448,1.436,1.435,1.407,1.452,1.438,1.475,1.511,1.504,1.518,1.47,1.379,1.438,1.524,1.543,1.58,1.594,1.637,1.637,1.581,1.581,1.555,1.511,1.529,1.465,1.448,1.389,1.369,0.795,1.426,1.014,1.418,1.387,1.356,1.342,1.321,1.305,1.303,1.232,1.688,1.27,1.596,1.033,1.046,1.157,1.144,1.127,1.077,1.065,1.03,1.021,1.009,1.0,1.008,0.998,0.997,1.305,0.946,0.93,0.894,0.883,0.845,0.667,0.681,0.749,0.644,0.628,0.624,0.596,0.58,0.57,0.551,0.534,0.533,0.516,0.391,0.461,0.497,0.522,0.557,0.57,0.55,0.622,0.643,0.643,0.665,0.665,0.552,0.509,0.553,0.565,0.565,0.565,0.565,0.565,0.555,0.565,0.641,0.641,0.66,0.758,0.861,0.87,0.87,1.003,1.007,1.007,1.057,1.199,1.136,1.289,0.998,0.902,1.034,0.902,0.902,0.902,0.902,0.851,0.881,0.801,0.742,0.742,0.728,0.728,0.63,0.612,0.623,0.623,0.63,0.65,0.65,0.694,0.716,0.73,0.739,0.746,0.789,0.789,0.788,0.804,0.811,0.816,0.827,0.833,0.856,0.89,0.884,0.903,0.922,0.93,0.813,0.805,0.778,0.774,0.741,0.697,0.675,0.6,0.608,0.625,0.469,0.473,0.498,0.517,0.515,0.533,0.557,0.563,0.561,0.577,0.583,0.63,0.627,0.65,0.0,0.045,0.051,0.078,0.109,0.191,0.175,0.191,0.253,0.276,0.241,0.257,0.251,0.125,0.263,0.274,0.285,0.299,0.342,0.356,0.429,0.442,0.445,0.446,10.381
Point_311,15.843,2.752,2.752,2.789,1.516,1.011,0.666,0.704,0.704,0.704,0.746,0.771,0.434,0.45,0.502,0.502,0.524,0.537,0.553,0.59,0.621,0.608,0.663,0.668,0.693,0.702,0.714,0.723,0.744,0.762,0.754,1.013,0.957,0.944,0.891,0.819,0.818,0.783,0.785,0.767,0.767,0.738,0.73,0.707,0.619,0.574,0.637,0.649,0.673,0.677,0.684,0.7,0.71,0.71,0.714,0.722,0.748,0.741,0.741,0.768,0.782,0.782,0.782,0.714,0.713,0.69,0.59,0.59,0.573,0.555,0.559,0.523,0.425,0.459,0.462,0.499,0.513,0.577,0.666,0.682,0.624,0.624,0.749,0.761,0.761,0.761,0.799,0.786,0.802,0.804,0.802,0.855,0.831,0.855,0.952,0.984,1.047,0.895,0.899,0.934,0.963,0.981,1.067,1.047,1.136,1.127,1.067,1.225,1.225,1.225,1.273,1.273,1.273,1.273,1.273,1.3,1.309,1.388,1.34,1.353,1.369,1.373,1.503,1.421,1.43,1.505,1.563,1.515,1.514,1.521,1.544,1.54,1.422,1.422,1.403,1.391,1.391,1.362,1.407,1.393,1.43,1.466,1.459,1.473,1.425,1.334,1.393,1.479,1.498,1.535,1.549,1.592,1.592,1.536,1.536,1.51,1.466,1.484,1.42,1.403,1.344,1.324,0.75,1.381,0.969,1.373,1.343,1.311,1.297,1.276,1.261,1.258,1.187,1.643,1.225,1.551,0.988,1.001,1.113,1.1,1.082,1.032,1.02,0.985,0.976,0.964,0.955,0.963,0.953,0.952,1.261,0.901,0.885,0.849,0.838,0.8,0.622,0.636,0.704,0.599,0.583,0.579,0.551,0.536,0.525,0.507,0.489,0.488,0.472,0.346,0.416,0.452,0.477,0.512,0.525,0.505,0.577,0.599,0.598,0.62,0.62,0.507,0.464,0.508,0.52,0.52,0.52,0.52,0.52,0.511,0.52,0.596,0.596,0.615,0.713,0.817,0.825,0.825,0.958,0.962,0.962,1.012,1.155,1.091,1.244,0.953,0.857,0.989,0.857,0.857,0.857,0.857,0.806,0.836,0.756,0.697,0.697,0.683,0.683,0.585,0.567,0.578,0.578,0.585,0.605,0.605,0.649,0.671,0.685,0.694,0.701,0.744,0.744,0.743,0.759,0.766,0.771,0.782,0.788,0.811,0.846,0.839,0.858,0.877,0.885,0.768,0.76,0.733,0.729,0.697,0.652,0.63,0.555,0.563,0.58,0.424,0.428,0.453,0.472,0.47,0.488,0.512,0.518,0.516,0.533,0.538,0.585,0.582,0.605,0.585,0.0,0.006,0.033,0.064,0.146,0.13,0.146,0.208,0.231,0.196,0.212,0.206,0.081,0.218,0.229,0.24,0.254,0.297,0.311,0.385,0.398,0.4,0.401,10.336
Point_312,15.836,2.746,2.746,2.783,1.51,1.005,0.66,0.698,0.698,0.698,0.739,0.765,0.427,0.443,0.496,0.496,0.518,0.53,0.546,0.584,0.615,0.602,0.657,0.662,0.686,0.696,0.707,0.716,0.737,0.756,0.748,1.007,0.951,0.937,0.885,0.813,0.812,0.777,0.779,0.761,0.761,0.732,0.724,0.701,0.613,0.568,0.631,0.643,0.666,0.671,0.678,0.694,0.704,0.704,0.708,0.716,0.742,0.734,0.734,0.761,0.775,0.775,0.776,0.708,0.706,0.684,0.583,0.584,0.567,0.548,0.553,0.517,0.419,0.452,0.456,0.493,0.507,0.571,0.66,0.676,0.617,0.617,0.743,0.754,0.754,0.754,0.792,0.78,0.796,0.798,0.796,0.848,0.825,0.848,0.946,0.978,1.041,0.889,0.893,0.928,0.957,0.975,1.061,1.041,1.13,1.121,1.061,1.219,1.219,1.219,1.267,1.267,1.267,1.267,1.267,1.294,1.302,1.382,1.334,1.347,1.362,1.366,1.497,1.414,1.424,1.498,1.557,1.509,1.508,1.515,1.538,1.534,1.416,1.416,1.397,1.385,1.384,1.356,1.401,1.387,1.424,1.46,1.453,1.467,1.419,1.328,1.387,1.473,1.492,1.529,1.543,1.586,1.586,1.53,1.53,1.504,1.46,1.478,1.413,1.397,1.338,1.318,0.744,1.375,0.963,1.366,1.336,1.305,1.291,1.27,1.254,1.252,1.181,1.637,1.219,1.545,0.982,0.994,1.106,1.093,1.075,1.026,1.014,0.979,0.97,0.957,0.948,0.957,0.947,0.946,1.254,0.895,0.879,0.843,0.832,0.794,0.616,0.629,0.698,0.593,0.577,0.573,0.545,0.529,0.519,0.5,0.483,0.482,0.465,0.34,0.41,0.446,0.471,0.506,0.519,0.498,0.571,0.592,0.592,0.614,0.614,0.501,0.458,0.502,0.514,0.514,0.514,0.514,0.514,0.504,0.514,0.59,0.59,0.609,0.707,0.81,0.819,0.819,0.952,0.956,0.956,1.006,1.148,1.085,1.237,0.947,0.85,0.983,0.85,0.85,0.85,0.85,0.8,0.83,0.75,0.691,0.691,0.676,0.676,0.579,0.561,0.572,0.572,0.579,0.599,0.599,0.642,0.664,0.679,0.688,0.694,0.738,0.738,0.737,0.752,0.76,0.765,0.775,0.782,0.804,0.839,0.833,0.851,0.871,0.879,0.762,0.753,0.727,0.723,0.69,0.645,0.624,0.549,0.557,0.574,0.418,0.421,0.447,0.466,0.464,0.481,0.506,0.512,0.509,0.526,0.532,0.578,0.576,0.599,0.579,0.624,0.0,0.027,0.057,0.14,0.124,0.14,0.202,0.225,0.189,0.206,0.2,0.074,0.212,0.223,0.234,0.248,0.291,0.305,0.378,0.391,0.394,0.395,10.33
Point_313,15.809,2.719,2.719,2.756,1.483,0.978,0.633,0.671,0.671,0.671,0.712,0.738,0.4,0.417,0.469,0.469,0.491,0.503,0.519,0.557,0.588,0.575,0.63,0.635,0.659,0.669,0.68,0.689,0.71,0.729,0.721,0.98,0.924,0.91,0.858,0.786,0.785,0.75,0.752,0.734,0.734,0.705,0.697,0.674,0.586,0.541,0.604,0.616,0.639,0.644,0.651,0.667,0.677,0.677,0.681,0.689,0.715,0.707,0.707,0.734,0.748,0.748,0.749,0.681,0.679,0.657,0.556,0.557,0.54,0.521,0.526,0.49,0.392,0.425,0.429,0.466,0.48,0.544,0.633,0.649,0.59,0.59,0.716,0.727,0.727,0.727,0.765,0.753,0.769,0.771,0.769,0.821,0.798,0.821,0.919,0.951,1.014,0.862,0.866,0.901,0.93,0.948,1.034,1.014,1.103,1.094,1.034,1.192,1.192,1.192,1.24,1.24,1.24,1.24,1.24,1.267,1.275,1.355,1.307,1.32,1.335,1.339,1.47,1.387,1.397,1.471,1.53,1.482,1.481,1.488,1.511,1.507,1.389,1.389,1.37,1.358,1.357,1.329,1.374,1.36,1.397,1.433,1.426,1.44,1.392,1.301,1.36,1.446,1.465,1.502,1.516,1.559,1.559,1.503,1.503,1.477,1.433,1.451,1.386,1.37,1.311,1.291,0.717,1.348,0.936,1.339,1.309,1.278,1.264,1.243,1.227,1.225,1.154,1.61,1.192,1.518,0.955,0.967,1.079,1.066,1.048,0.999,0.987,0.952,0.943,0.93,0.921,0.93,0.92,0.919,1.227,0.868,0.852,0.816,0.805,0.767,0.589,0.602,0.671,0.566,0.55,0.546,0.518,0.502,0.492,0.473,0.456,0.455,0.438,0.313,0.383,0.419,0.444,0.479,0.492,0.471,0.544,0.565,0.565,0.587,0.587,0.474,0.431,0.475,0.487,0.487,0.487,0.487,0.487,0.477,0.487,0.563,0.563,0.582,0.68,0.783,0.792,0.792,0.925,0.929,0.929,0.979,1.121,1.058,1.21,0.92,0.824,0.956,0.824,0.824,0.824,0.824,0.773,0.803,0.723,0.664,0.664,0.65,0.65,0.552,0.534,0.545,0.545,0.552,0.572,0.572,0.615,0.637,0.652,0.661,0.667,0.711,0.711,0.71,0.726,0.733,0.738,0.748,0.755,0.778,0.812,0.806,0.824,0.844,0.852,0.735,0.726,0.7,0.696,0.663,0.619,0.597,0.522,0.53,0.547,0.391,0.394,0.42,0.439,0.437,0.454,0.479,0.485,0.482,0.499,0.505,0.551,0.549,0.572,0.552,0.597,0.603,0.0,0.03,0.113,0.097,0.113,0.175,0.198,0.162,0.179,0.173,0.047,0.185,0.196,0.207,0.221,0.264,0.278,0.351,0.364,0.367,0.368,10.303
Point_314,15.779,2.688,2.688,2.725,1.453,0.947,0.603,0.64,0.64,0.64,0.682,0.708,0.37,0.386,0.438,0.438,0.46,0.473,0.489,0.526,0.558,0.545,0.599,0.604,0.629,0.638,0.65,0.659,0.68,0.698,0.69,0.949,0.894,0.88,0.827,0.756,0.754,0.72,0.722,0.704,0.704,0.674,0.667,0.643,0.555,0.51,0.574,0.585,0.609,0.613,0.621,0.636,0.646,0.646,0.651,0.658,0.685,0.677,0.677,0.704,0.718,0.718,0.718,0.651,0.649,0.626,0.526,0.527,0.51,0.491,0.495,0.459,0.362,0.395,0.399,0.436,0.449,0.513,0.603,0.618,0.56,0.56,0.685,0.697,0.697,0.697,0.735,0.723,0.739,0.74,0.739,0.791,0.768,0.791,0.889,0.92,0.984,0.832,0.836,0.87,0.899,0.917,1.003,0.983,1.073,1.063,1.003,1.162,1.162,1.162,1.21,1.21,1.21,1.21,1.21,1.236,1.245,1.324,1.277,1.289,1.305,1.309,1.439,1.357,1.367,1.441,1.5,1.451,1.45,1.457,1.48,1.476,1.358,1.358,1.339,1.327,1.327,1.298,1.343,1.329,1.366,1.402,1.395,1.41,1.361,1.271,1.329,1.415,1.435,1.472,1.485,1.528,1.528,1.472,1.472,1.446,1.402,1.421,1.356,1.339,1.28,1.261,0.687,1.317,0.905,1.309,1.279,1.248,1.233,1.212,1.197,1.194,1.123,1.58,1.162,1.487,0.924,0.937,1.049,1.036,1.018,0.969,0.956,0.921,0.912,0.9,0.891,0.899,0.889,0.889,1.197,0.837,0.821,0.785,0.775,0.736,0.559,0.572,0.641,0.535,0.519,0.515,0.487,0.472,0.462,0.443,0.426,0.425,0.408,0.283,0.353,0.388,0.413,0.448,0.462,0.441,0.514,0.535,0.534,0.557,0.557,0.443,0.401,0.444,0.457,0.457,0.457,0.457,0.457,0.447,0.457,0.533,0.533,0.552,0.649,0.753,0.761,0.761,0.894,0.898,0.898,0.949,1.091,1.027,1.18,0.889,0.793,0.925,0.793,0.793,0.793,0.793,0.742,0.773,0.693,0.633,0.633,0.619,0.619,0.522,0.503,0.515,0.515,0.522,0.541,0.541,0.585,0.607,0.621,0.63,0.637,0.68,0.68,0.679,0.695,0.703,0.708,0.718,0.724,0.747,0.782,0.775,0.794,0.814,0.822,0.704,0.696,0.669,0.666,0.633,0.588,0.567,0.491,0.5,0.516,0.36,0.364,0.389,0.408,0.407,0.424,0.449,0.454,0.452,0.469,0.474,0.521,0.519,0.541,0.521,0.566,0.573,0.599,0.0,0.082,0.067,0.082,0.145,0.167,0.132,0.148,0.142,0.017,0.155,0.165,0.177,0.19,0.233,0.247,0.321,0.334,0.336,0.337,10.272
Point_315,15.697,2.606,2.606,2.643,1.37,0.865,0.52,0.558,0.558,0.558,0.599,0.625,0.287,0.304,0.356,0.356,0.378,0.391,0.406,0.444,0.475,0.462,0.517,0.522,0.547,0.556,0.568,0.576,0.598,0.616,0.608,0.867,0.811,0.798,0.745,0.673,0.672,0.637,0.639,0.621,0.621,0.592,0.584,0.561,0.473,0.428,0.491,0.503,0.526,0.531,0.538,0.554,0.564,0.564,0.568,0.576,0.602,0.594,0.594,0.621,0.636,0.636,0.636,0.568,0.566,0.544,0.443,0.444,0.427,0.409,0.413,0.377,0.279,0.312,0.316,0.353,0.367,0.431,0.52,0.536,0.478,0.478,0.603,0.615,0.615,0.615,0.652,0.64,0.656,0.658,0.656,0.709,0.685,0.709,0.806,0.838,0.901,0.749,0.753,0.788,0.817,0.835,0.921,0.901,0.99,0.981,0.921,1.079,1.079,1.079,1.127,1.127,1.127,1.127,1.127,1.154,1.162,1.242,1.194,1.207,1.223,1.226,1.357,1.275,1.284,1.359,1.417,1.369,1.368,1.375,1.398,1.394,1.276,1.276,1.257,1.245,1.245,1.216,1.261,1.247,1.284,1.32,1.313,1.327,1.279,1.188,1.247,1.333,1.352,1.389,1.403,1.446,1.446,1.39,1.39,1.364,1.32,1.338,1.274,1.257,1.198,1.178,0.604,1.235,0.823,1.227,1.196,1.165,1.151,1.13,1.114,1.112,1.041,1.497,1.079,1.405,0.842,0.855,0.966,0.954,0.936,0.886,0.874,0.839,0.83,0.818,0.809,0.817,0.807,0.806,1.114,0.755,0.739,0.703,0.692,0.654,0.476,0.49,0.558,0.453,0.437,0.433,0.405,0.389,0.379,0.36,0.343,0.342,0.326,0.2,0.27,0.306,0.331,0.366,0.379,0.359,0.431,0.452,0.452,0.474,0.474,0.361,0.318,0.362,0.374,0.374,0.374,0.374,0.374,0.365,0.374,0.45,0.45,0.469,0.567,0.67,0.679,0.679,0.812,0.816,0.816,0.866,1.009,0.945,1.098,0.807,0.711,0.843,0.711,0.711,0.711,0.711,0.66,0.69,0.61,0.551,0.551,0.537,0.537,0.439,0.421,0.432,0.432,0.439,0.459,0.459,0.503,0.525,0.539,0.548,0.555,0.598,0.598,0.597,0.613,0.62,0.625,0.636,0.642,0.665,0.7,0.693,0.712,0.731,0.739,0.622,0.614,0.587,0.583,0.551,0.506,0.484,0.409,0.417,0.434,0.278,0.282,0.307,0.326,0.324,0.342,0.366,0.372,0.37,0.386,0.392,0.439,0.436,0.459,0.439,0.484,0.49,0.517,0.548,0.0,0.614,0.0,0.062,0.085,0.05,0.066,0.06,0.564,0.072,0.083,0.094,0.108,0.151,0.165,0.238,0.251,0.254,0.255,10.19
Point_316,15.712,2.622,2.622,2.659,1.386,0.881,0.536,0.574,0.574,0.574,0.615,0.641,0.303,0.319,0.372,0.372,0.394,0.406,0.422,0.46,0.491,0.478,0.533,0.538,0.562,0.572,0.583,0.592,0.613,0.632,0.624,0.883,0.827,0.813,0.761,0.689,0.688,0.653,0.655,0.637,0.637,0.608,0.6,0.577,0.489,0.444,0.507,0.519,0.542,0.547,0.554,0.57,0.58,0.58,0.584,0.592,0.618,0.61,0.61,0.637,0.651,0.651,0.652,0.584,0.582,0.56,0.459,0.46,0.443,0.424,0.429,0.393,0.295,0.328,0.332,0.369,0.383,0.447,0.536,0.552,0.493,0.493,0.619,0.63,0.63,0.63,0.668,0.656,0.672,0.674,0.672,0.724,0.701,0.724,0.822,0.854,0.917,0.765,0.769,0.804,0.833,0.851,0.937,0.917,1.006,0.997,0.937,1.095,1.095,1.095,1.143,1.143,1.143,1.143,1.143,1.17,1.178,1.258,1.21,1.223,1.238,1.242,1.373,1.29,1.3,1.374,1.433,1.385,1.384,1.391,1.414,1.41,1.292,1.292,1.273,1.261,1.26,1.232,1.277,1.263,1.3,1.336,1.329,1.343,1.295,1.204,1.263,1.349,1.368,1.405,1.419,1.462,1.462,1.406,1.406,1.38,1.336,1.354,1.289,1.273,1.214,1.194,0.62,1.251,0.839,1.242,1.212,1.181,1.167,1.146,1.13,1.128,1.057,1.513,1.095,1.421,0.858,0.87,0.982,0.969,0.951,0.902,0.89,0.855,0.846,0.833,0.824,0.833,0.823,0.822,1.13,0.771,0.755,0.719,0.708,0.67,0.492,0.505,0.574,0.469,0.453,0.448,0.421,0.405,0.395,0.376,0.359,0.358,0.341,0.216,0.286,0.322,0.347,0.382,0.395,0.374,0.447,0.468,0.468,0.49,0.49,0.377,0.334,0.378,0.39,0.39,0.39,0.39,0.39,0.38,0.39,0.466,0.466,0.485,0.583,0.686,0.695,0.695,0.828,0.832,0.832,0.882,1.024,0.961,1.113,0.823,0.726,0.859,0.726,0.726,0.726,0.726,0.676,0.706,0.626,0.567,0.567,0.552,0.552,0.455,0.437,0.448,0.448,0.455,0.475,0.475,0.518,0.54,0.554,0.564,0.57,0.614,0.614,0.613,0.628,0.636,0.641,0.651,0.658,0.68,0.715,0.709,0.727,0.747,0.755,0.638,0.629,0.603,0.599,0.566,0.521,0.5,0.425,0.433,0.45,0.294,0.297,0.323,0.342,0.34,0.357,0.382,0.388,0.385,0.402,0.408,0.454,0.452,0.475,0.455,0.5,0.506,0.533,0.563,0.016,0.0,0.016,0.078,0.101,0.065,0.082,0.076,0.58,0.088,0.099,0.11,0.124,0.167,0.181,0.254,0.267,0.27,0.271,10.206
Point_317,15.697,2.606,2.606,2.643,1.37,0.865,0.52,0.558,0.558,0.558,0.599,0.625,0.287,0.304,0.356,0.356,0.378,0.391,0.406,0.444,0.475,0.462,0.517,0.522,0.547,0.556,0.568,0.576,0.598,0.616,0.608,0.867,0.811,0.798,0.745,0.673,0.672,0.637,0.639,0.621,0.621,0.592,0.584,0.561,0.473,0.428,0.491,0.503,0.526,0.531,0.538,0.554,0.564,0.564,0.568,0.576,0.602,0.594,0.594,0.621,0.636,0.636,0.636,0.568,0.566,0.544,0.443,0.444,0.427,0.409,0.413,0.377,0.279,0.312,0.316,0.353,0.367,0.431,0.52,0.536,0.478,0.478,0.603,0.615,0.615,0.615,0.652,0.64,0.656,0.658,0.656,0.709,0.685,0.709,0.806,0.838,0.901,0.749,0.753,0.788,0.817,0.835,0.921,0.901,0.99,0.981,0.921,1.079,1.079,1.079,1.127,1.127,1.127,1.127,1.127,1.154,1.162,1.242,1.194,1.207,1.223,1.226,1.357,1.275,1.284,1.359,1.417,1.369,1.368,1.375,1.398,1.394,1.276,1.276,1.257,1.245,1.245,1.216,1.261,1.247,1.284,1.32,1.313,1.327,1.279,1.188,1.247,1.333,1.352,1.389,1.403,1.446,1.446,1.39,1.39,1.364,1.32,1.338,1.274,1.257,1.198,1.178,0.604,1.235,0.823,1.227,1.196,1.165,1.151,1.13,1.114,1.112,1.041,1.497,1.079,1.405,0.842,0.855,0.966,0.953,0.936,0.886,0.874,0.839,0.83,0.818,0.809,0.817,0.807,0.806,1.114,0.755,0.739,0.703,0.692,0.654,0.476,0.49,0.558,0.453,0.437,0.433,0.405,0.389,0.379,0.36,0.343,0.342,0.326,0.2,0.27,0.306,0.331,0.366,0.379,0.359,0.431,0.452,0.452,0.474,0.474,0.361,0.318,0.362,0.374,0.374,0.374,0.374,0.374,0.365,0.374,0.45,0.45,0.469,0.567,0.67,0.679,0.679,0.812,0.816,0.816,0.866,1.009,0.945,1.098,0.807,0.711,0.843,0.711,0.711,0.711,0.711,0.66,0.69,0.61,0.551,0.551,0.537,0.537,0.439,0.421,0.432,0.432,0.439,0.459,0.459,0.503,0.525,0.539,0.548,0.555,0.598,0.598,0.597,0.613,0.62,0.625,0.636,0.642,0.665,0.7,0.693,0.712,0.731,0.739,0.622,0.614,0.587,0.583,0.551,0.506,0.484,0.409,0.417,0.434,0.278,0.282,0.307,0.326,0.324,0.342,0.366,0.372,0.37,0.386,0.392,0.439,0.436,0.459,0.439,0.484,0.49,0.517,0.548,0.63,0.614,0.0,0.062,0.085,0.05,0.066,0.06,0.564,0.072,0.083,0.094,0.108,0.151,0.165,0.238,0.251,0.254,0.255,10.19
Point_318,15.704,2.613,2.613,2.65,1.377,0.872,0.524,0.562,0.562,0.562,0.603,0.629,0.225,0.241,0.294,0.294,0.316,0.328,0.344,0.382,0.413,0.4,0.454,0.46,0.484,0.493,0.505,0.514,0.535,0.553,0.545,0.804,0.749,0.735,0.683,0.611,0.61,0.575,0.577,0.559,0.559,0.53,0.522,0.499,0.41,0.366,0.429,0.441,0.464,0.469,0.476,0.492,0.502,0.502,0.506,0.514,0.549,0.532,0.532,0.568,0.582,0.582,0.583,0.506,0.504,0.481,0.381,0.382,0.365,0.346,0.35,0.315,0.217,0.25,0.254,0.291,0.305,0.369,0.458,0.474,0.415,0.415,0.541,0.552,0.552,0.552,0.59,0.578,0.594,0.596,0.594,0.646,0.623,0.646,0.744,0.775,0.839,0.687,0.691,0.725,0.755,0.773,0.859,0.838,0.928,0.918,0.858,1.017,1.017,1.017,1.065,1.065,1.065,1.065,1.065,1.092,1.1,1.18,1.132,1.144,1.16,1.164,1.295,1.212,1.222,1.296,1.355,1.307,1.306,1.312,1.335,1.331,1.214,1.214,1.194,1.183,1.182,1.153,1.198,1.185,1.222,1.257,1.251,1.265,1.216,1.126,1.185,1.27,1.29,1.327,1.34,1.383,1.383,1.328,1.328,1.302,1.257,1.276,1.211,1.194,1.136,1.116,0.542,1.173,0.761,1.164,1.134,1.103,1.088,1.068,1.052,1.049,0.979,1.435,1.017,1.343,0.779,0.792,0.904,0.891,0.873,0.824,0.812,0.777,0.768,0.755,0.746,0.755,0.744,0.744,1.052,0.693,0.676,0.64,0.63,0.592,0.414,0.427,0.496,0.39,0.375,0.37,0.343,0.327,0.317,0.298,0.281,0.28,0.263,0.138,0.208,0.244,0.268,0.303,0.317,0.296,0.369,0.39,0.389,0.412,0.412,0.365,0.322,0.366,0.378,0.378,0.378,0.378,0.378,0.368,0.378,0.454,0.454,0.473,0.571,0.674,0.682,0.682,0.816,0.819,0.819,0.87,1.012,0.948,1.101,0.81,0.714,0.846,0.714,0.714,0.714,0.714,0.664,0.694,0.614,0.555,0.555,0.54,0.54,0.443,0.425,0.436,0.436,0.443,0.463,0.463,0.506,0.528,0.542,0.552,0.558,0.602,0.602,0.601,0.616,0.624,0.629,0.639,0.646,0.668,0.703,0.696,0.715,0.735,0.743,0.568,0.617,0.525,0.521,0.488,0.443,0.422,0.347,0.355,0.372,0.216,0.219,0.245,0.264,0.262,0.279,0.304,0.31,0.307,0.324,0.329,0.376,0.374,0.397,0.443,0.487,0.494,0.521,0.551,0.634,0.618,0.634,0.0,0.023,0.053,0.07,0.064,0.568,0.076,0.087,0.098,0.112,0.154,0.169,0.242,0.255,0.257,0.258,10.128
Point_319,15.681,2.59,2.59,2.627,1.355,0.849,0.547,0.584,0.584,0.584,0.626,0.652,0.202,0.219,0.271,0.271,0.293,0.306,0.321,0.359,0.39,0.377,0.432,0.437,0.461,0.471,0.482,0.491,0.512,0.531,0.523,0.782,0.726,0.712,0.66,0.588,0.587,0.552,0.554,0.536,0.536,0.507,0.499,0.476,0.388,0.343,0.406,0.418,0.441,0.446,0.453,0.469,0.479,0.479,0.483,0.491,0.526,0.509,0.509,0.546,0.56,0.56,0.56,0.483,0.481,0.459,0.358,0.359,0.342,0.324,0.328,0.292,0.194,0.227,0.231,0.268,0.282,0.346,0.435,0.451,0.393,0.393,0.518,0.53,0.53,0.53,0.567,0.555,0.571,0.573,0.571,0.624,0.6,0.624,0.721,0.753,0.816,0.664,0.668,0.703,0.732,0.75,0.836,0.816,0.905,0.896,0.836,0.994,0.994,0.994,1.042,1.042,1.042,1.042,1.042,1.069,1.077,1.157,1.109,1.122,1.138,1.141,1.272,1.19,1.199,1.274,1.332,1.284,1.283,1.29,1.313,1.309,1.191,1.191,1.172,1.16,1.159,1.131,1.176,1.162,1.199,1.235,1.228,1.242,1.194,1.103,1.162,1.248,1.267,1.304,1.318,1.361,1.361,1.305,1.305,1.279,1.235,1.253,1.189,1.172,1.113,1.093,0.519,1.15,0.738,1.141,1.111,1.08,1.066,1.045,1.029,1.027,0.956,1.412,0.994,1.32,0.757,0.77,0.881,0.868,0.851,0.801,0.789,0.754,0.745,0.733,0.724,0.732,0.722,0.721,1.029,0.67,0.654,0.618,0.607,0.569,0.391,0.405,0.473,0.368,0.352,0.348,0.32,0.304,0.294,0.275,0.258,0.257,0.24,0.115,0.185,0.221,0.246,0.281,0.294,0.274,0.346,0.367,0.367,0.389,0.389,0.387,0.345,0.388,0.401,0.401,0.401,0.401,0.401,0.391,0.401,0.477,0.477,0.496,0.593,0.697,0.705,0.705,0.838,0.842,0.842,0.893,1.035,0.971,1.124,0.833,0.737,0.869,0.737,0.737,0.737,0.737,0.686,0.717,0.637,0.577,0.577,0.563,0.563,0.466,0.447,0.459,0.459,0.466,0.485,0.485,0.529,0.551,0.565,0.574,0.581,0.624,0.624,0.623,0.639,0.647,0.651,0.662,0.668,0.691,0.726,0.719,0.738,0.758,0.766,0.545,0.64,0.502,0.498,0.465,0.421,0.399,0.324,0.332,0.349,0.193,0.197,0.222,0.241,0.239,0.257,0.281,0.287,0.285,0.301,0.307,0.354,0.351,0.374,0.465,0.51,0.516,0.543,0.574,0.656,0.64,0.656,0.023,0.0,0.076,0.092,0.086,0.591,0.099,0.109,0.121,0.134,0.177,0.191,0.265,0.278,0.28,0.281,10.105
Point_320,15.647,2.556,2.556,2.593,1.321,0.815,0.471,0.509,0.509,0.509,0.55,0.576,0.278,0.294,0.347,0.347,0.369,0.381,0.397,0.435,0.466,0.453,0.508,0.513,0.537,0.547,0.558,0.567,0.588,0.606,0.599,0.858,0.802,0.788,0.736,0.664,0.663,0.628,0.63,0.612,0.612,0.583,0.575,0.552,0.464,0.419,0.482,0.494,0.517,0.522,0.529,0.545,0.555,0.555,0.559,0.567,0.593,0.585,0.585,0.612,0.626,0.626,0.626,0.559,0.557,0.534,0.434,0.435,0.418,0.399,0.404,0.368,0.27,0.303,0.307,0.344,0.358,0.422,0.511,0.527,0.468,0.468,0.594,0.605,0.605,0.605,0.643,0.631,0.647,0.649,0.647,0.699,0.676,0.699,0.797,0.829,0.892,0.74,0.744,0.779,0.808,0.826,0.912,0.892,0.981,0.971,0.912,1.07,1.07,1.07,1.118,1.118,1.118,1.118,1.118,1.145,1.153,1.233,1.185,1.198,1.213,1.217,1.348,1.265,1.275,1.349,1.408,1.36,1.359,1.366,1.389,1.385,1.267,1.267,1.248,1.236,1.235,1.207,1.252,1.238,1.275,1.311,1.304,1.318,1.27,1.179,1.238,1.324,1.343,1.38,1.394,1.437,1.437,1.381,1.381,1.355,1.311,1.329,1.264,1.248,1.189,1.169,0.595,1.226,0.814,1.217,1.187,1.156,1.142,1.121,1.105,1.103,1.032,1.488,1.07,1.396,0.833,0.845,0.957,0.944,0.926,0.877,0.865,0.83,0.821,0.808,0.799,0.808,0.798,0.797,1.105,0.746,0.729,0.694,0.683,0.645,0.467,0.48,0.549,0.443,0.428,0.423,0.396,0.38,0.37,0.351,0.334,0.333,0.316,0.191,0.261,0.297,0.321,0.356,0.37,0.349,0.422,0.443,0.443,0.465,0.465,0.311,0.269,0.312,0.325,0.325,0.325,0.325,0.325,0.315,0.325,0.401,0.401,0.42,0.517,0.621,0.629,0.629,0.762,0.766,0.766,0.817,0.959,0.895,1.048,0.757,0.661,0.793,0.661,0.661,0.661,0.661,0.611,0.641,0.561,0.501,0.501,0.487,0.487,0.39,0.372,0.383,0.383,0.39,0.409,0.409,0.453,0.475,0.489,0.499,0.505,0.548,0.548,0.547,0.563,0.571,0.576,0.586,0.592,0.615,0.65,0.643,0.662,0.682,0.69,0.572,0.564,0.615,0.619,0.541,0.496,0.475,0.4,0.408,0.425,0.269,0.272,0.298,0.317,0.315,0.332,0.357,0.363,0.36,0.377,0.383,0.429,0.427,0.45,0.389,0.434,0.441,0.468,0.498,0.58,0.565,0.58,0.053,0.076,0.0,0.016,0.01,0.515,0.023,0.034,0.045,0.058,0.101,0.116,0.189,0.202,0.204,0.205,10.181
Point_321,15.631,2.54,2.54,2.577,1.304,0.799,0.454,0.492,0.492,0.492,0.533,0.559,0.295,0.311,0.363,0.363,0.385,0.398,0.414,0.451,0.482,0.47,0.524,0.529,0.554,0.563,0.575,0.584,0.605,0.623,0.615,0.874,0.818,0.805,0.752,0.681,0.679,0.644,0.647,0.629,0.629,0.599,0.592,0.568,0.48,0.435,0.499,0.51,0.534,0.538,0.545,0.561,0.571,0.571,0.575,0.583,0.61,0.602,0.602,0.629,0.643,0.643,0.643,0.575,0.574,0.551,0.451,0.451,0.435,0.416,0.42,0.384,0.287,0.32,0.324,0.361,0.374,0.438,0.528,0.543,0.485,0.485,0.61,0.622,0.622,0.622,0.66,0.648,0.664,0.665,0.664,0.716,0.693,0.716,0.814,0.845,0.908,0.757,0.761,0.795,0.824,0.842,0.928,0.908,0.997,0.988,0.928,1.087,1.087,1.087,1.135,1.135,1.135,1.135,1.135,1.161,1.17,1.249,1.202,1.214,1.23,1.234,1.364,1.282,1.292,1.366,1.425,1.376,1.375,1.382,1.405,1.401,1.283,1.283,1.264,1.252,1.252,1.223,1.268,1.254,1.291,1.327,1.32,1.335,1.286,1.196,1.254,1.34,1.359,1.397,1.41,1.453,1.453,1.397,1.397,1.371,1.327,1.345,1.281,1.264,1.205,1.186,0.612,1.242,0.83,1.234,1.204,1.173,1.158,1.137,1.122,1.119,1.048,1.505,1.087,1.412,0.849,0.862,0.974,0.961,0.943,0.894,0.881,0.846,0.837,0.825,0.816,0.824,0.814,0.814,1.122,0.762,0.746,0.71,0.7,0.661,0.484,0.497,0.565,0.46,0.444,0.44,0.412,0.397,0.387,0.368,0.351,0.35,0.333,0.207,0.278,0.313,0.338,0.373,0.387,0.366,0.439,0.46,0.459,0.482,0.482,0.295,0.252,0.296,0.308,0.308,0.308,0.308,0.308,0.298,0.308,0.384,0.384,0.403,0.501,0.604,0.613,0.613,0.746,0.75,0.75,0.8,0.942,0.879,1.032,0.741,0.645,0.777,0.645,0.645,0.645,0.645,0.594,0.624,0.544,0.485,0.485,0.471,0.471,0.373,0.355,0.366,0.366,0.373,0.393,0.393,0.437,0.459,0.473,0.482,0.489,0.532,0.532,0.531,0.547,0.554,0.559,0.57,0.576,0.599,0.633,0.627,0.646,0.665,0.673,0.556,0.548,0.599,0.602,0.558,0.513,0.492,0.416,0.425,0.441,0.285,0.289,0.314,0.333,0.332,0.349,0.374,0.379,0.377,0.394,0.399,0.446,0.444,0.466,0.373,0.418,0.424,0.451,0.482,0.564,0.548,0.564,0.07,0.092,0.016,0.0,0.006,0.498,0.006,0.017,0.028,0.042,0.085,0.099,0.172,0.185,0.188,0.189,10.197
Point_322,15.637,2.546,2.546,2.583,1.31,0.805,0.46,0.498,0.498,0.498,0.539,0.565,0.289,0.305,0.357,0.357,0.379,0.392,0.408,0.445,0.476,0.463,0.518,0.523,0.548,0.557,0.569,0.578,0.599,0.617,0.609,0.868,0.812,0.799,0.746,0.674,0.673,0.638,0.641,0.623,0.623,0.593,0.586,0.562,0.474,0.429,0.492,0.504,0.528,0.532,0.539,0.555,0.565,0.565,0.569,0.577,0.603,0.596,0.596,0.623,0.637,0.637,0.637,0.569,0.568,0.545,0.445,0.445,0.428,0.41,0.414,0.378,0.281,0.314,0.317,0.355,0.368,0.432,0.522,0.537,0.479,0.479,0.604,0.616,0.616,0.616,0.654,0.642,0.658,0.659,0.658,0.71,0.687,0.71,0.808,0.839,0.902,0.751,0.754,0.789,0.818,0.836,0.922,0.902,0.991,0.982,0.922,1.08,1.08,1.08,1.128,1.128,1.128,1.128,1.128,1.155,1.164,1.243,1.196,1.208,1.224,1.228,1.358,1.276,1.286,1.36,1.419,1.37,1.369,1.376,1.399,1.395,1.277,1.277,1.258,1.246,1.246,1.217,1.262,1.248,1.285,1.321,1.314,1.328,1.28,1.19,1.248,1.334,1.353,1.39,1.404,1.447,1.447,1.391,1.391,1.365,1.321,1.339,1.275,1.258,1.199,1.179,0.606,1.236,0.824,1.228,1.198,1.166,1.152,1.131,1.116,1.113,1.042,1.498,1.08,1.406,0.843,0.856,0.968,0.955,0.937,0.887,0.875,0.84,0.831,0.819,0.81,0.818,0.808,0.808,1.116,0.756,0.74,0.704,0.693,0.655,0.478,0.491,0.559,0.454,0.438,0.434,0.406,0.391,0.38,0.362,0.345,0.344,0.327,0.201,0.271,0.307,0.332,0.367,0.38,0.36,0.432,0.454,0.453,0.475,0.475,0.301,0.258,0.302,0.314,0.314,0.314,0.314,0.314,0.305,0.314,0.39,0.39,0.409,0.507,0.611,0.619,0.619,0.752,0.756,0.756,0.806,0.949,0.885,1.038,0.747,0.651,0.783,0.651,0.651,0.651,0.651,0.6,0.63,0.55,0.491,0.491,0.477,0.477,0.379,0.361,0.372,0.372,0.379,0.399,0.399,0.443,0.465,0.479,0.488,0.495,0.538,0.538,0.537,0.553,0.56,0.565,0.576,0.582,0.605,0.64,0.633,0.652,0.671,0.679,0.562,0.554,0.605,0.608,0.552,0.507,0.486,0.41,0.419,0.435,0.279,0.283,0.308,0.327,0.326,0.343,0.367,0.373,0.371,0.388,0.393,0.44,0.438,0.46,0.379,0.424,0.43,0.457,0.488,0.57,0.554,0.57,0.064,0.086,0.01,0.006,0.0,0.505,0.012,0.023,0.034,0.048,0.091,0.105,0.179,0.192,0.194,0.195,10.191
Point_323,15.762,2.671,2.671,2.708,1.436,0.93,0.586,0.624,0.624,0.624,0.665,0.691,0.353,0.369,0.421,0.421,0.443,0.456,0.472,0.51,0.541,0.528,0.582,0.587,0.612,0.621,0.633,0.642,0.663,0.681,0.673,0.932,0.877,0.863,0.81,0.739,0.737,0.703,0.705,0.687,0.687,0.657,0.65,0.626,0.538,0.493,0.557,0.569,0.592,0.597,0.604,0.619,0.629,0.629,0.634,0.642,0.668,0.66,0.66,0.687,0.701,0.701,0.701,0.634,0.632,0.609,0.509,0.51,0.493,0.474,0.478,0.443,0.345,0.378,0.382,0.419,0.433,0.497,0.586,0.601,0.543,0.543,0.669,0.68,0.68,0.68,0.718,0.706,0.722,0.724,0.722,0.774,0.751,0.774,0.872,0.903,0.967,0.815,0.819,0.853,0.883,0.901,0.987,0.966,1.056,1.046,0.986,1.145,1.145,1.145,1.193,1.193,1.193,1.193,1.193,1.219,1.228,1.308,1.26,1.272,1.288,1.292,1.423,1.34,1.35,1.424,1.483,1.435,1.433,1.44,1.463,1.459,1.342,1.341,1.322,1.311,1.31,1.281,1.326,1.313,1.349,1.385,1.378,1.393,1.344,1.254,1.313,1.398,1.418,1.455,1.468,1.511,1.511,1.455,1.455,1.429,1.385,1.404,1.339,1.322,1.263,1.244,0.67,1.301,0.888,1.292,1.262,1.231,1.216,1.196,1.18,1.177,1.107,1.563,1.145,1.471,0.907,0.92,1.032,1.019,1.001,0.952,0.939,0.904,0.896,0.883,0.874,0.883,0.872,0.872,1.18,0.82,0.804,0.768,0.758,0.72,0.542,0.555,0.624,0.518,0.502,0.498,0.47,0.455,0.445,0.426,0.409,0.408,0.391,0.266,0.336,0.372,0.396,0.431,0.445,0.424,0.497,0.518,0.517,0.54,0.54,0.427,0.384,0.427,0.44,0.44,0.44,0.44,0.44,0.43,0.44,0.516,0.516,0.535,0.632,0.736,0.744,0.744,0.877,0.881,0.881,0.932,1.074,1.01,1.163,0.872,0.776,0.908,0.776,0.776,0.776,0.776,0.726,0.756,0.676,0.616,0.616,0.602,0.602,0.505,0.487,0.498,0.498,0.505,0.524,0.524,0.568,0.59,0.604,0.614,0.62,0.664,0.664,0.662,0.678,0.686,0.691,0.701,0.707,0.73,0.765,0.758,0.777,0.797,0.805,0.687,0.679,0.652,0.649,0.616,0.571,0.55,0.475,0.483,0.499,0.344,0.347,0.372,0.391,0.39,0.407,0.432,0.438,0.435,0.452,0.457,0.504,0.502,0.525,0.505,0.549,0.556,0.583,0.613,0.066,0.05,0.066,0.128,0.151,0.115,0.132,0.125,0.0,0.138,0.149,0.16,0.173,0.216,0.231,0.304,0.317,0.319,0.32,10.256
Point_324,15.624,2.534,2.534,2.571,1.298,0.793,0.448,0.486,0.486,0.486,0.527,0.553,0.301,0.317,0.369,0.369,0.391,0.404,0.42,0.458,0.489,0.476,0.53,0.535,0.56,0.569,0.581,0.59,0.611,0.629,0.621,0.88,0.825,0.811,0.758,0.687,0.685,0.651,0.653,0.635,0.635,0.605,0.598,0.574,0.486,0.441,0.505,0.517,0.54,0.545,0.552,0.567,0.577,0.577,0.582,0.59,0.616,0.608,0.608,0.635,0.649,0.649,0.649,0.582,0.58,0.557,0.457,0.458,0.441,0.422,0.426,0.391,0.293,0.326,0.33,0.367,0.381,0.445,0.534,0.549,0.491,0.491,0.617,0.628,0.628,0.628,0.666,0.654,0.67,0.672,0.67,0.722,0.699,0.722,0.82,0.851,0.915,0.763,0.767,0.801,0.831,0.849,0.935,0.914,1.004,0.994,0.934,1.093,1.093,1.093,1.141,1.141,1.141,1.141,1.141,1.167,1.176,1.256,1.208,1.22,1.236,1.24,1.371,1.288,1.298,1.372,1.431,1.383,1.381,1.388,1.411,1.407,1.29,1.289,1.27,1.259,1.258,1.229,1.274,1.261,1.297,1.333,1.326,1.341,1.292,1.202,1.261,1.346,1.366,1.403,1.416,1.459,1.459,1.403,1.403,1.377,1.333,1.352,1.287,1.27,1.211,1.192,0.618,1.249,0.836,1.24,1.21,1.179,1.164,1.144,1.128,1.125,1.055,1.511,1.093,1.419,0.855,0.868,0.98,0.967,0.949,0.9,0.887,0.852,0.844,0.831,0.822,0.831,0.82,0.82,1.128,0.768,0.752,0.716,0.706,0.668,0.49,0.503,0.572,0.466,0.45,0.446,0.418,0.403,0.393,0.374,0.357,0.356,0.339,0.214,0.284,0.32,0.344,0.379,0.393,0.372,0.445,0.466,0.465,0.488,0.488,0.289,0.246,0.29,0.302,0.302,0.302,0.302,0.302,0.292,0.302,0.378,0.378,0.397,0.495,0.598,0.606,0.606,0.74,0.744,0.744,0.794,0.936,0.873,1.025,0.735,0.638,0.771,0.638,0.638,0.638,0.638,0.588,0.618,0.538,0.479,0.479,0.464,0.464,0.367,0.349,0.36,0.36,0.367,0.387,0.387,0.43,0.452,0.466,0.476,0.482,0.526,0.526,0.525,0.54,0.548,0.553,0.563,0.57,0.592,0.627,0.62,0.639,0.659,0.667,0.549,0.541,0.592,0.596,0.564,0.519,0.498,0.423,0.431,0.447,0.292,0.295,0.32,0.339,0.338,0.355,0.38,0.386,0.383,0.4,0.405,0.452,0.45,0.473,0.367,0.412,0.418,0.445,0.475,0.558,0.542,0.558,0.076,0.099,0.023,0.006,0.012,0.492,0.0,0.011,0.022,0.036,0.079,0.093,0.166,0.179,0.181,0.183,10.204
Point_325,15.613,2.523,2.523,2.56,1.287,0.782,0.437,0.475,0.475,0.475,0.516,0.542,0.312,0.328,0.38,0.38,0.402,0.415,0.431,0.468,0.5,0.487,0.541,0.546,0.571,0.58,0.592,0.601,0.622,0.64,0.632,0.891,0.836,0.822,0.769,0.698,0.696,0.662,0.664,0.646,0.646,0.616,0.609,0.585,0.497,0.452,0.516,0.527,0.551,0.555,0.563,0.578,0.588,0.588,0.593,0.6,0.627,0.619,0.619,0.646,0.66,0.66,0.66,0.593,0.591,0.568,0.468,0.469,0.452,0.433,0.437,0.401,0.304,0.337,0.341,0.378,0.391,0.456,0.545,0.56,0.502,0.502,0.627,0.639,0.639,0.639,0.677,0.665,0.681,0.682,0.681,0.733,0.71,0.733,0.831,0.862,0.926,0.774,0.778,0.812,0.841,0.859,0.946,0.925,1.015,1.005,0.945,1.104,1.104,1.104,1.152,1.152,1.152,1.152,1.152,1.178,1.187,1.266,1.219,1.231,1.247,1.251,1.381,1.299,1.309,1.383,1.442,1.393,1.392,1.399,1.422,1.418,1.3,1.3,1.281,1.269,1.269,1.24,1.285,1.271,1.308,1.344,1.337,1.352,1.303,1.213,1.271,1.357,1.377,1.414,1.427,1.47,1.47,1.414,1.414,1.388,1.344,1.363,1.298,1.281,1.222,1.203,0.629,1.259,0.847,1.251,1.221,1.19,1.175,1.154,1.139,1.136,1.065,1.522,1.104,1.43,0.866,0.879,0.991,0.978,0.96,0.911,0.898,0.863,0.854,0.842,0.833,0.841,0.831,0.831,1.139,0.779,0.763,0.727,0.717,0.678,0.501,0.514,0.583,0.477,0.461,0.457,0.429,0.414,0.404,0.385,0.368,0.367,0.35,0.225,0.295,0.33,0.355,0.39,0.404,0.383,0.456,0.477,0.476,0.499,0.499,0.278,0.235,0.279,0.291,0.291,0.291,0.291,0.291,0.281,0.291,0.367,0.367,0.386,0.484,0.587,0.596,0.596,0.729,0.733,0.733,0.783,0.925,0.862,1.014,0.724,0.628,0.76,0.628,0.628,0.628,0.628,0.577,0.607,0.527,0.468,0.468,0.454,0.454,0.356,0.338,0.349,0.349,0.356,0.376,0.376,0.419,0.441,0.456,0.465,0.471,0.515,0.515,0.514,0.53,0.537,0.542,0.552,0.559,0.582,0.616,0.61,0.628,0.648,0.656,0.539,0.53,0.582,0.585,0.618,0.53,0.509,0.433,0.442,0.458,0.302,0.306,0.331,0.35,0.349,0.366,0.391,0.396,0.394,0.411,0.416,0.463,0.461,0.47,0.356,0.401,0.407,0.434,0.464,0.547,0.531,0.547,0.087,0.109,0.034,0.017,0.023,0.481,0.011,0.0,0.011,0.025,0.068,0.082,0.155,0.168,0.171,0.172,10.334
Point_326,15.602,2.512,2.512,2.549,1.276,0.771,0.426,0.464,0.464,0.464,0.505,0.531,0.323,0.339,0.391,0.391,0.414,0.426,0.442,0.48,0.511,0.498,0.552,0.558,0.582,0.591,0.603,0.612,0.633,0.651,0.643,0.902,0.847,0.833,0.781,0.709,0.707,0.673,0.675,0.657,0.657,0.628,0.62,0.597,0.508,0.464,0.527,0.539,0.562,0.567,0.574,0.59,0.6,0.6,0.604,0.612,0.638,0.63,0.63,0.657,0.671,0.671,0.671,0.604,0.602,0.579,0.479,0.48,0.463,0.444,0.448,0.413,0.315,0.348,0.352,0.389,0.403,0.467,0.556,0.572,0.513,0.513,0.639,0.65,0.65,0.65,0.688,0.676,0.692,0.694,0.692,0.744,0.721,0.744,0.842,0.873,0.937,0.785,0.789,0.823,0.853,0.871,0.957,0.936,1.026,1.016,0.956,1.115,1.115,1.115,1.163,1.163,1.163,1.163,1.163,1.19,1.198,1.278,1.23,1.242,1.258,1.262,1.393,1.31,1.32,1.394,1.453,1.405,1.404,1.41,1.433,1.429,1.312,1.311,1.292,1.281,1.28,1.251,1.296,1.283,1.319,1.355,1.349,1.363,1.314,1.224,1.283,1.368,1.388,1.425,1.438,1.481,1.481,1.426,1.426,1.4,1.355,1.374,1.309,1.292,1.234,1.214,0.64,1.271,0.859,1.262,1.232,1.201,1.186,1.166,1.15,1.147,1.077,1.533,1.115,1.441,0.877,0.89,1.002,0.989,0.971,0.922,0.909,0.874,0.866,0.853,0.844,0.853,0.842,0.842,1.15,0.79,0.774,0.738,0.728,0.69,0.512,0.525,0.594,0.488,0.472,0.468,0.441,0.425,0.415,0.396,0.379,0.378,0.361,0.236,0.306,0.342,0.366,0.401,0.415,0.394,0.467,0.488,0.487,0.51,0.51,0.267,0.224,0.268,0.28,0.28,0.28,0.28,0.28,0.27,0.28,0.356,0.356,0.375,0.473,0.576,0.584,0.584,0.718,0.722,0.722,0.772,0.914,0.851,1.003,0.712,0.616,0.748,0.616,0.616,0.616,0.616,0.566,0.596,0.516,0.457,0.457,0.442,0.442,0.345,0.327,0.338,0.338,0.345,0.365,0.365,0.408,0.43,0.444,0.454,0.46,0.504,0.504,0.503,0.518,0.526,0.531,0.541,0.548,0.57,0.605,0.598,0.617,0.637,0.645,0.527,0.519,0.57,0.574,0.607,0.541,0.52,0.445,0.453,0.47,0.314,0.317,0.343,0.361,0.36,0.377,0.402,0.408,0.405,0.422,0.427,0.474,0.472,0.459,0.345,0.39,0.396,0.423,0.453,0.536,0.52,0.536,0.098,0.121,0.045,0.028,0.034,0.47,0.022,0.011,0.0,0.014,0.057,0.071,0.144,0.157,0.159,0.161,10.322
Point_327,15.589,2.498,2.498,2.535,1.262,0.757,0.412,0.45,0.45,0.45,0.491,0.517,0.337,0.353,0.405,0.405,0.427,0.44,0.456,0.493,0.524,0.511,0.566,0.571,0.596,0.605,0.617,0.626,0.647,0.665,0.657,0.916,0.86,0.847,0.794,0.722,0.721,0.686,0.689,0.671,0.671,0.641,0.634,0.61,0.522,0.477,0.54,0.552,0.576,0.58,0.587,0.603,0.613,0.613,0.617,0.625,0.651,0.644,0.644,0.671,0.685,0.685,0.685,0.617,0.616,0.593,0.493,0.493,0.476,0.458,0.462,0.426,0.329,0.362,0.365,0.403,0.416,0.48,0.569,0.585,0.527,0.527,0.652,0.664,0.664,0.664,0.702,0.69,0.705,0.707,0.705,0.758,0.734,0.758,0.856,0.887,0.95,0.799,0.802,0.837,0.866,0.884,0.97,0.95,1.039,1.03,0.97,1.128,1.128,1.128,1.176,1.176,1.176,1.176,1.176,1.203,1.212,1.291,1.244,1.256,1.272,1.276,1.406,1.324,1.334,1.408,1.467,1.418,1.417,1.424,1.447,1.443,1.325,1.325,1.306,1.294,1.294,1.265,1.31,1.296,1.333,1.369,1.362,1.376,1.328,1.238,1.296,1.382,1.401,1.438,1.452,1.495,1.495,1.439,1.439,1.413,1.369,1.387,1.323,1.306,1.247,1.227,0.654,1.284,0.872,1.276,1.246,1.214,1.2,1.179,1.164,1.161,1.09,1.546,1.128,1.454,0.891,0.904,1.016,1.003,0.985,0.935,0.923,0.888,0.879,0.867,0.858,0.866,0.856,0.856,1.164,0.804,0.788,0.752,0.741,0.703,0.526,0.539,0.607,0.502,0.486,0.482,0.454,0.439,0.428,0.41,0.393,0.392,0.375,0.249,0.319,0.355,0.38,0.415,0.428,0.408,0.48,0.502,0.501,0.523,0.523,0.253,0.21,0.254,0.266,0.266,0.266,0.266,0.266,0.257,0.266,0.342,0.342,0.361,0.459,0.563,0.571,0.571,0.704,0.708,0.708,0.758,0.901,0.837,0.99,0.699,0.603,0.735,0.603,0.603,0.603,0.603,0.552,0.582,0.502,0.443,0.443,0.429,0.429,0.331,0.313,0.324,0.324,0.331,0.351,0.351,0.395,0.417,0.431,0.44,0.447,0.49,0.49,0.489,0.505,0.512,0.517,0.528,0.534,0.557,0.592,0.585,0.604,0.623,0.631,0.514,0.506,0.557,0.56,0.593,0.555,0.534,0.458,0.467,0.483,0.327,0.331,0.356,0.375,0.374,0.391,0.415,0.421,0.419,0.436,0.441,0.466,0.468,0.445,0.331,0.376,0.382,0.409,0.44,0.522,0.506,0.522,0.112,0.134,0.058,0.042,0.048,0.457,0.036,0.025,0.014,0.0,0.043,0.057,0.131,0.144,0.146,0.147,10.309
Point_328,15.546,2.455,2.455,2.492,1.219,0.714,0.369,0.407,0.407,0.407,0.449,0.474,0.38,0.396,0.448,0.448,0.47,0.483,0.499,0.536,0.567,0.554,0.609,0.614,0.639,0.648,0.66,0.669,0.69,0.708,0.7,0.959,0.903,0.89,0.837,0.765,0.764,0.729,0.732,0.714,0.714,0.684,0.677,0.653,0.565,0.52,0.583,0.595,0.619,0.623,0.63,0.646,0.656,0.656,0.66,0.668,0.694,0.687,0.687,0.714,0.728,0.728,0.728,0.66,0.659,0.636,0.536,0.536,0.519,0.501,0.505,0.469,0.372,0.405,0.408,0.445,0.459,0.523,0.612,0.628,0.57,0.57,0.695,0.707,0.707,0.707,0.745,0.732,0.748,0.75,0.748,0.801,0.777,0.801,0.899,0.93,0.993,0.842,0.845,0.88,0.909,0.927,1.013,0.993,1.082,1.073,1.013,1.171,1.171,1.171,1.219,1.219,1.219,1.219,1.219,1.246,1.255,1.334,1.287,1.299,1.315,1.319,1.449,1.367,1.376,1.451,1.509,1.461,1.46,1.467,1.49,1.486,1.368,1.368,1.349,1.337,1.337,1.308,1.353,1.339,1.376,1.412,1.405,1.419,1.371,1.281,1.339,1.425,1.444,1.481,1.495,1.538,1.538,1.482,1.482,1.456,1.412,1.43,1.366,1.349,1.29,1.27,0.697,1.327,0.915,1.319,1.289,1.257,1.243,1.222,1.207,1.204,1.133,1.589,1.171,1.497,0.934,0.947,1.059,1.046,1.028,0.978,0.966,0.931,0.922,0.91,0.901,0.909,0.899,0.899,1.207,0.847,0.831,0.795,0.784,0.746,0.569,0.582,0.65,0.545,0.529,0.525,0.497,0.482,0.471,0.453,0.435,0.435,0.418,0.292,0.362,0.398,0.423,0.458,0.471,0.451,0.523,0.545,0.544,0.566,0.566,0.21,0.167,0.211,0.223,0.223,0.223,0.223,0.223,0.214,0.223,0.299,0.299,0.318,0.416,0.52,0.528,0.528,0.661,0.665,0.665,0.715,0.858,0.794,0.947,0.656,0.56,0.692,0.56,0.56,0.56,0.56,0.509,0.539,0.459,0.4,0.4,0.386,0.386,0.288,0.27,0.281,0.281,0.288,0.308,0.308,0.352,0.374,0.388,0.397,0.404,0.447,0.447,0.446,0.462,0.469,0.474,0.485,0.491,0.514,0.549,0.542,0.561,0.58,0.588,0.471,0.463,0.514,0.517,0.55,0.595,0.576,0.501,0.51,0.526,0.37,0.374,0.399,0.418,0.417,0.434,0.458,0.464,0.462,0.475,0.47,0.423,0.425,0.402,0.288,0.333,0.339,0.366,0.397,0.479,0.463,0.479,0.154,0.177,0.101,0.085,0.091,0.414,0.079,0.068,0.057,0.043,0.0,0.014,0.088,0.101,0.103,0.104,10.266
Point_329,15.531,2.441,2.441,2.478,1.205,0.7,0.355,0.393,0.393,0.393,0.434,0.46,0.394,0.41,0.462,0.462,0.484,0.497,0.513,0.55,0.582,0.569,0.623,0.628,0.653,0.662,0.674,0.683,0.704,0.722,0.714,0.973,0.917,0.904,0.851,0.78,0.778,0.744,0.746,0.728,0.728,0.698,0.691,0.667,0.579,0.534,0.598,0.609,0.633,0.637,0.644,0.66,0.67,0.67,0.674,0.682,0.709,0.701,0.701,0.728,0.742,0.742,0.742,0.675,0.673,0.65,0.55,0.55,0.534,0.515,0.519,0.483,0.386,0.419,0.423,0.46,0.473,0.537,0.627,0.642,0.584,0.584,0.709,0.721,0.721,0.721,0.759,0.747,0.763,0.764,0.763,0.815,0.792,0.815,0.913,0.944,1.007,0.856,0.86,0.894,0.923,0.941,1.027,1.007,1.097,1.087,1.027,1.186,1.186,1.186,1.234,1.234,1.234,1.234,1.234,1.26,1.269,1.348,1.301,1.313,1.329,1.333,1.463,1.381,1.391,1.465,1.524,1.475,1.474,1.481,1.504,1.5,1.382,1.382,1.363,1.351,1.351,1.322,1.367,1.353,1.39,1.426,1.419,1.434,1.385,1.295,1.353,1.439,1.458,1.496,1.509,1.552,1.552,1.496,1.496,1.47,1.426,1.444,1.38,1.363,1.304,1.285,0.711,1.341,0.929,1.333,1.303,1.272,1.257,1.236,1.221,1.218,1.147,1.604,1.186,1.511,0.948,0.961,1.073,1.06,1.042,0.993,0.98,0.945,0.936,0.924,0.915,0.923,0.913,0.913,1.221,0.861,0.845,0.809,0.799,0.76,0.583,0.596,0.664,0.559,0.543,0.539,0.511,0.496,0.486,0.467,0.45,0.449,0.432,0.307,0.377,0.412,0.437,0.472,0.486,0.465,0.538,0.559,0.558,0.581,0.581,0.196,0.153,0.197,0.209,0.209,0.209,0.209,0.209,0.199,0.209,0.285,0.285,0.304,0.402,0.505,0.514,0.514,0.647,0.651,0.651,0.701,0.843,0.78,0.933,0.642,0.546,0.678,0.546,0.546,0.546,0.546,0.495,0.525,0.445,0.386,0.386,0.372,0.372,0.274,0.256,0.267,0.267,0.274,0.294,0.294,0.338,0.359,0.374,0.383,0.39,0.433,0.433,0.432,0.448,0.455,0.46,0.471,0.477,0.5,0.534,0.528,0.546,0.566,0.574,0.457,0.449,0.5,0.503,0.536,0.581,0.602,0.515,0.524,0.54,0.384,0.388,0.413,0.432,0.431,0.448,0.473,0.475,0.476,0.461,0.455,0.409,0.411,0.388,0.274,0.319,0.325,0.352,0.383,0.465,0.449,0.465,0.169,0.191,0.116,0.099,0.105,0.399,0.093,0.082,0.071,0.057,0.014,0.0,0.073,0.086,0.089,0.09,10.252
Point_330,15.458,2.367,2.367,2.405,1.132,0.626,0.282,0.32,0.32,0.32,0.361,0.387,0.428,0.444,0.497,0.497,0.519,0.531,0.547,0.585,0.616,0.652,0.658,0.663,0.687,0.697,0.708,0.717,0.738,0.756,0.749,1.046,1.001,0.988,0.935,0.863,0.862,0.827,0.83,0.812,0.812,0.782,0.775,0.751,0.663,0.618,0.681,0.693,0.717,0.721,0.728,0.744,0.754,0.754,0.758,0.766,0.802,0.785,0.785,0.821,0.835,0.835,0.835,0.709,0.707,0.684,0.634,0.634,0.617,0.599,0.603,0.567,0.47,0.503,0.507,0.544,0.557,0.621,0.711,0.726,0.668,0.668,0.793,0.805,0.805,0.805,0.843,0.831,0.847,0.848,0.847,0.899,0.876,0.899,0.997,1.028,1.091,0.94,0.943,0.978,1.007,1.025,1.111,1.091,1.18,1.171,1.111,1.269,1.269,1.269,1.317,1.317,1.317,1.317,1.317,1.344,1.353,1.432,1.385,1.397,1.413,1.417,1.547,1.465,1.475,1.549,1.608,1.559,1.558,1.565,1.588,1.584,1.466,1.466,1.447,1.435,1.435,1.406,1.451,1.437,1.474,1.51,1.503,1.517,1.469,1.379,1.437,1.523,1.542,1.58,1.593,1.636,1.636,1.58,1.58,1.554,1.51,1.528,1.464,1.447,1.388,1.368,0.795,1.425,1.013,1.417,1.387,1.355,1.341,1.32,1.305,1.302,1.231,1.687,1.269,1.595,1.114,1.126,1.157,1.144,1.126,1.076,1.064,1.029,1.02,1.008,0.999,1.007,0.997,0.997,1.305,0.945,0.929,0.893,0.882,0.844,0.656,0.669,0.7,0.643,0.627,0.623,0.595,0.58,0.569,0.551,0.534,0.533,0.516,0.38,0.45,0.486,0.51,0.545,0.559,0.538,0.611,0.632,0.631,0.654,0.654,0.123,0.08,0.124,0.136,0.136,0.136,0.136,0.136,0.126,0.136,0.212,0.212,0.231,0.329,0.432,0.44,0.44,0.574,0.577,0.577,0.628,0.77,0.706,0.859,0.568,0.472,0.604,0.472,0.472,0.472,0.472,0.422,0.452,0.372,0.312,0.312,0.298,0.298,0.201,0.183,0.194,0.194,0.201,0.221,0.221,0.264,0.286,0.3,0.31,0.316,0.36,0.36,0.359,0.374,0.382,0.387,0.397,0.403,0.426,0.461,0.454,0.473,0.493,0.501,0.383,0.375,0.426,0.43,0.463,0.508,0.529,0.589,0.596,0.579,0.458,0.461,0.467,0.448,0.449,0.432,0.408,0.402,0.404,0.387,0.382,0.335,0.338,0.315,0.201,0.245,0.252,0.279,0.309,0.392,0.376,0.392,0.242,0.265,0.189,0.172,0.179,0.326,0.166,0.155,0.144,0.131,0.088,0.073,0.0,0.013,0.015,0.016,10.178
Point_331,15.445,2.354,2.354,2.392,1.119,0.613,0.269,0.307,0.307,0.307,0.348,0.374,0.415,0.431,0.484,0.484,0.506,0.518,0.534,0.572,0.603,0.639,0.645,0.65,0.674,0.684,0.695,0.704,0.725,0.743,0.736,1.059,0.988,0.975,0.922,0.85,0.849,0.814,0.817,0.799,0.799,0.769,0.762,0.738,0.65,0.605,0.668,0.68,0.704,0.708,0.715,0.731,0.741,0.741,0.745,0.753,0.789,0.772,0.772,0.808,0.822,0.822,0.822,0.696,0.694,0.671,0.621,0.621,0.604,0.586,0.59,0.554,0.457,0.49,0.493,0.531,0.544,0.608,0.697,0.713,0.655,0.655,0.78,0.792,0.792,0.792,0.83,0.818,0.833,0.835,0.833,0.886,0.862,0.886,0.984,1.015,1.078,0.927,0.93,0.965,0.994,1.012,1.098,1.078,1.167,1.158,1.098,1.256,1.256,1.256,1.304,1.304,1.304,1.304,1.304,1.331,1.34,1.419,1.372,1.384,1.4,1.404,1.534,1.452,1.462,1.536,1.595,1.546,1.545,1.552,1.575,1.571,1.453,1.453,1.434,1.422,1.422,1.393,1.438,1.424,1.461,1.497,1.49,1.504,1.456,1.366,1.424,1.51,1.529,1.566,1.58,1.623,1.623,1.567,1.567,1.541,1.497,1.515,1.451,1.434,1.375,1.355,0.782,1.412,1.0,1.404,1.374,1.342,1.328,1.307,1.292,1.289,1.218,1.674,1.256,1.582,1.101,1.113,1.144,1.131,1.113,1.063,1.051,1.016,1.007,0.995,0.986,0.994,0.984,0.984,1.292,0.932,0.916,0.88,0.869,0.831,0.669,0.682,0.687,0.63,0.614,0.61,0.582,0.567,0.556,0.538,0.521,0.52,0.503,0.393,0.463,0.499,0.523,0.558,0.572,0.551,0.624,0.645,0.644,0.667,0.667,0.11,0.067,0.111,0.123,0.123,0.123,0.123,0.123,0.113,0.123,0.199,0.199,0.218,0.315,0.419,0.427,0.427,0.561,0.564,0.564,0.615,0.757,0.693,0.846,0.555,0.459,0.591,0.459,0.459,0.459,0.459,0.409,0.439,0.359,0.299,0.299,0.285,0.285,0.188,0.17,0.181,0.181,0.188,0.208,0.208,0.251,0.273,0.287,0.297,0.303,0.347,0.347,0.345,0.361,0.369,0.374,0.384,0.39,0.413,0.448,0.441,0.46,0.48,0.488,0.37,0.362,0.413,0.417,0.45,0.495,0.516,0.591,0.583,0.566,0.471,0.474,0.454,0.435,0.436,0.419,0.395,0.389,0.391,0.374,0.369,0.322,0.324,0.302,0.188,0.232,0.239,0.266,0.296,0.379,0.363,0.379,0.255,0.278,0.202,0.185,0.192,0.313,0.179,0.168,0.157,0.144,0.101,0.086,0.013,0.0,0.002,0.003,10.165
Point_332,15.443,2.352,2.352,2.389,1.117,0.611,0.267,0.304,0.304,0.304,0.346,0.372,0.413,0.429,0.481,0.481,0.504,0.516,0.532,0.57,0.601,0.637,0.642,0.648,0.672,0.681,0.693,0.702,0.723,0.741,0.733,1.062,0.986,0.973,0.92,0.848,0.847,0.812,0.814,0.796,0.796,0.767,0.759,0.736,0.648,0.603,0.666,0.678,0.701,0.706,0.713,0.729,0.739,0.739,0.743,0.751,0.786,0.769,0.769,0.806,0.82,0.82,0.82,0.694,0.692,0.669,0.618,0.619,0.602,0.584,0.588,0.552,0.454,0.487,0.491,0.528,0.542,0.606,0.695,0.711,0.653,0.653,0.778,0.79,0.79,0.79,0.827,0.815,0.831,0.833,0.831,0.884,0.86,0.884,0.981,1.013,1.076,0.924,0.928,0.963,0.992,1.01,1.096,1.076,1.165,1.156,1.096,1.254,1.254,1.254,1.302,1.302,1.302,1.302,1.302,1.329,1.337,1.417,1.369,1.382,1.398,1.401,1.532,1.45,1.459,1.534,1.592,1.544,1.543,1.55,1.573,1.569,1.451,1.451,1.432,1.42,1.419,1.391,1.436,1.422,1.459,1.495,1.488,1.502,1.454,1.363,1.422,1.508,1.527,1.564,1.578,1.621,1.621,1.565,1.565,1.539,1.495,1.513,1.449,1.432,1.373,1.353,0.779,1.41,0.998,1.402,1.371,1.34,1.326,1.305,1.289,1.287,1.216,1.672,1.254,1.58,1.098,1.111,1.141,1.128,1.111,1.061,1.049,1.014,1.005,0.993,0.984,0.992,0.982,0.981,1.289,0.93,0.914,0.878,0.867,0.829,0.671,0.684,0.684,0.628,0.612,0.608,0.58,0.564,0.554,0.535,0.518,0.517,0.5,0.395,0.465,0.501,0.526,0.561,0.574,0.553,0.626,0.647,0.647,0.669,0.669,0.107,0.065,0.108,0.121,0.121,0.121,0.121,0.121,0.111,0.121,0.197,0.197,0.216,0.313,0.417,0.425,0.425,0.558,0.562,0.562,0.613,0.755,0.691,0.844,0.553,0.457,0.589,0.457,0.457,0.457,0.457,0.406,0.437,0.357,0.297,0.297,0.283,0.283,0.186,0.167,0.179,0.179,0.186,0.205,0.205,0.249,0.271,0.285,0.294,0.301,0.344,0.344,0.343,0.359,0.367,0.371,0.382,0.388,0.411,0.446,0.439,0.458,0.478,0.486,0.368,0.36,0.411,0.415,0.447,0.492,0.514,0.589,0.581,0.564,0.473,0.477,0.452,0.433,0.434,0.417,0.392,0.387,0.389,0.372,0.367,0.32,0.322,0.3,0.185,0.23,0.236,0.263,0.294,0.376,0.36,0.376,0.257,0.28,0.204,0.188,0.194,0.311,0.181,0.171,0.159,0.146,0.103,0.089,0.015,0.002,0.0,0.001,10.163
Point_333,15.442,2.351,2.351,2.388,1.115,0.61,0.265,0.303,0.303,0.303,0.345,0.371,0.412,0.428,0.48,0.48,0.502,0.515,0.531,0.568,0.6,0.636,0.641,0.646,0.671,0.68,0.692,0.701,0.722,0.74,0.732,1.063,0.985,0.971,0.919,0.847,0.846,0.811,0.813,0.795,0.795,0.766,0.758,0.735,0.647,0.602,0.665,0.677,0.7,0.705,0.712,0.728,0.738,0.738,0.742,0.75,0.785,0.768,0.768,0.804,0.819,0.819,0.819,0.693,0.691,0.668,0.617,0.618,0.601,0.582,0.586,0.551,0.453,0.486,0.49,0.527,0.541,0.605,0.694,0.71,0.651,0.651,0.777,0.788,0.788,0.788,0.826,0.814,0.83,0.832,0.83,0.882,0.859,0.882,0.98,1.012,1.075,0.923,0.927,0.962,0.991,1.009,1.095,1.075,1.164,1.154,1.095,1.253,1.253,1.253,1.301,1.301,1.301,1.301,1.301,1.328,1.336,1.416,1.368,1.381,1.396,1.4,1.531,1.448,1.458,1.532,1.591,1.543,1.542,1.549,1.572,1.568,1.45,1.45,1.43,1.419,1.418,1.39,1.435,1.421,1.458,1.494,1.487,1.501,1.453,1.362,1.421,1.507,1.526,1.563,1.577,1.62,1.62,1.564,1.564,1.538,1.493,1.512,1.447,1.431,1.372,1.352,0.778,1.409,0.997,1.4,1.37,1.339,1.325,1.304,1.288,1.286,1.215,1.671,1.253,1.579,1.097,1.11,1.14,1.127,1.109,1.06,1.048,1.013,1.004,0.991,0.982,0.991,0.981,0.98,1.288,0.929,0.912,0.877,0.866,0.828,0.672,0.686,0.683,0.626,0.611,0.606,0.579,0.563,0.553,0.534,0.517,0.516,0.499,0.396,0.466,0.502,0.527,0.562,0.575,0.555,0.627,0.649,0.648,0.67,0.67,0.106,0.063,0.107,0.119,0.119,0.119,0.119,0.119,0.11,0.119,0.195,0.195,0.215,0.312,0.416,0.424,0.424,0.557,0.561,0.561,0.611,0.754,0.69,0.843,0.552,0.456,0.588,0.456,0.456,0.456,0.456,0.405,0.436,0.355,0.296,0.296,0.282,0.282,0.184,0.166,0.178,0.178,0.184,0.204,0.204,0.248,0.27,0.284,0.293,0.3,0.343,0.343,0.342,0.358,0.365,0.37,0.381,0.387,0.41,0.445,0.438,0.457,0.476,0.484,0.367,0.359,0.41,0.413,0.446,0.491,0.512,0.588,0.579,0.563,0.474,0.478,0.45,0.432,0.433,0.416,0.391,0.385,0.388,0.371,0.366,0.319,0.321,0.298,0.184,0.229,0.235,0.262,0.293,0.375,0.359,0.375,0.258,0.281,0.205,0.189,0.195,0.31,0.183,0.172,0.161,0.147,0.104,0.09,0.016,0.003,0.001,0.0,10.162
Point_334,27.506,15.557,15.557,15.594,16.141,10.701,10.356,10.394,10.394,10.394,10.436,10.462,10.352,10.368,10.42,10.42,10.442,10.455,10.471,10.508,10.54,10.35,10.581,10.586,10.611,10.62,10.632,10.641,10.662,10.68,10.672,10.238,10.585,10.571,10.519,10.447,10.446,10.411,10.413,10.395,10.395,10.366,10.358,10.335,10.224,10.179,10.242,10.254,10.277,10.282,10.289,10.305,10.315,10.315,10.319,10.327,10.552,10.345,10.345,10.533,10.519,10.519,10.518,10.362,10.364,10.42,10.331,10.332,10.315,10.296,10.301,10.265,10.28,10.247,10.243,10.206,10.192,10.182,10.294,10.287,10.228,10.228,10.354,10.365,10.365,10.365,10.403,10.391,10.407,10.409,10.407,10.459,10.436,10.459,10.557,10.589,10.652,10.5,10.504,10.539,10.568,10.586,10.672,10.652,10.741,10.731,10.672,10.83,10.83,10.83,10.554,10.554,10.554,10.554,10.554,10.905,10.913,10.993,10.945,10.958,10.973,10.977,11.108,11.025,11.035,11.109,10.756,11.12,11.119,11.126,11.149,11.145,11.027,11.027,11.008,10.996,10.995,10.967,11.012,10.998,11.035,11.071,11.064,11.078,11.03,10.939,10.998,11.084,11.103,11.14,11.154,11.197,11.197,11.141,11.141,11.115,11.071,11.089,11.024,11.008,10.949,10.929,10.378,10.986,10.574,10.977,10.947,10.916,10.902,10.881,10.865,10.863,10.792,10.246,10.83,10.276,9.901,9.914,9.99,10.003,10.02,10.07,10.082,10.117,10.126,10.138,10.147,10.139,10.149,10.15,10.865,10.201,10.217,10.253,10.264,10.02,9.898,9.911,9.98,10.065,10.081,10.085,10.113,10.128,10.139,10.341,10.324,10.323,10.306,10.222,10.335,10.37,10.395,10.43,10.444,10.423,10.496,10.517,10.516,10.539,10.539,10.197,10.154,10.314,10.302,10.302,10.302,10.302,10.302,10.312,10.302,10.226,10.226,10.204,10.109,10.006,9.998,9.998,9.986,9.99,9.99,10.041,9.853,10.632,10.707,9.905,9.966,9.941,9.966,9.966,9.966,9.966,10.016,9.986,10.066,10.125,10.125,10.224,10.224,10.299,10.281,10.292,10.292,10.299,10.319,10.319,10.363,10.385,10.399,10.408,10.415,10.458,10.458,10.457,10.473,10.48,10.485,10.496,10.502,10.525,10.559,10.553,10.571,10.591,10.599,9.851,9.796,9.894,9.897,9.93,9.975,9.996,9.982,9.973,9.957,10.209,10.206,10.18,10.161,10.163,10.146,10.121,10.115,10.118,10.101,10.096,10.049,10.051,10.028,10.039,10.084,10.091,10.118,10.148,10.23,10.215,10.23,10.359,10.337,10.413,10.429,10.423,10.165,10.435,10.326,10.315,10.301,10.258,10.244,10.171,10.158,10.156,10.154,0.0
