,Point_1,Point_2,Point_3,Point_4,Point_5,Point_6,Point_7,Point_8,Point_9,Point_10,Point_11,Point_12,Point_13,Point_14,Point_15,Point_16,Point_17,Point_18,Point_19,Point_20,Point_21,Point_22,Point_23,Point_24,Point_25,Point_26,Point_27,Point_28,Point_29,Point_30,Point_31,Point_32,Point_33,Point_34,Point_35,Point_36,Point_37,Point_38,Point_39,Point_40,Point_41,Point_42,Point_43,Point_44,Point_45,Point_46,Point_47,Point_48,Point_49,Point_50,Point_51,Point_52,Point_53,Point_54,Point_55,Point_56,Point_57,Point_58,Point_59,Point_60,Point_61,Point_62,Point_63,Point_64,Point_65,Point_66,Point_67,Point_68,Point_69,Point_70,Point_71,Point_72,Point_73,Point_74,Point_75,Point_76,Point_77,Point_78,Point_79,Point_80,Point_81,Point_82,Point_83,Point_84,Point_85,Point_86,Point_87,Point_88,Point_89,Point_90,Point_91,Point_92,Point_93,Point_94,Point_95,Point_96,Point_97,Point_98,Point_99,Point_100,Point_101,Point_102,Point_103,Point_104,Point_105,Point_106,Point_107,Point_108,Point_109,Point_110,Point_111,Point_112,Point_113,Point_114,Point_115,Point_116,Point_117,Point_118,Point_119,Point_120,Point_121,Point_122,Point_123,Point_124,Point_125,Point_126,Point_127,Point_128,Point_129,Point_130,Point_131,Point_132,Point_133,Point_134,Point_135,Point_136,Point_137,Point_138,Point_139,Point_140,Point_141,Point_142,Point_143,Point_144,Point_145,Point_146,Point_147,Point_148,Point_149,Point_150,Point_151,Point_152,Point_153,Point_154,Point_155,Point_156,Point_157,Point_158,Point_159,Point_160,Point_161,Point_162,Point_163,Point_164,Point_165,Point_166,Point_167,Point_168,Point_169,Point_170,Point_171,Point_172,Point_173,Point_174,Point_175,Point_176,Point_177,Point_178,Point_179,Point_180,Point_181,Point_182,Point_183,Point_184,Point_185,Point_186,Point_187,Point_188,Point_189,Point_190,Point_191,Point_192,Point_193,Point_194,Point_195,Point_196,Point_197,Point_198,Point_199
Point_1,0.0,8.921,9.002,8.832,8.79,8.89,8.834,8.833,8.795,8.764,8.752,8.781,8.661,8.604,8.548,8.508,8.63,12.248,12.225,12.201,11.887,11.887,11.811,11.794,10.587,10.668,11.555,10.591,10.647,10.587,10.587,8.262,10.372,10.591,10.591,10.591,10.297,10.591,10.779,10.591,11.018,11.169,11.169,12.748,12.748,8.352,8.363,11.778,8.304,11.785,8.316,11.76,11.76,12.748,7.915,9.329,7.832,7.809,7.809,7.419,7.775,8.63,8.391,11.94,12.034,12.034,12.081,12.259,12.277,12.277,8.628,8.548,8.534,8.566,8.719,8.771,8.756,8.778,8.782,9.535,8.74,8.757,8.839,8.899,8.978,9.017,9.017,9.048,8.987,8.861,8.788,8.782,8.765,9.238,9.182,9.182,9.243,9.291,9.362,9.387,9.421,9.412,9.158,10.015,9.134,9.102,9.116,9.116,10.015,10.015,10.015,9.018,9.018,9.111,9.104,9.119,9.153,9.156,9.156,9.156,9.156,9.184,9.241,9.262,9.27,9.277,9.288,9.305,9.323,9.351,9.351,9.267,9.38,9.204,9.28,9.323,8.683,9.324,9.37,9.1,9.533,9.533,9.146,9.146,9.146,9.146,9.204,9.344,9.344,9.387,9.387,9.387,9.387,9.387,9.433,9.45,9.475,9.475,9.475,9.515,9.492,9.492,9.542,9.577,9.59,9.007,9.577,9.577,9.577,9.607,8.911,8.911,9.982,9.982,9.982,9.982,9.982,11.09,9.92,10.591,8.823,10.883,10.883,10.883,10.496,10.496,10.496,10.496,10.496,10.496,10.496,7.724,7.442,7.432,7.623,7.419,7.517,7.599,29.276
Point_2,8.832,0.0,0.044,0.177,0.135,0.155,0.212,0.212,0.25,0.281,0.294,0.378,0.452,0.517,0.568,0.609,0.698,0.743,0.767,0.791,1.104,1.104,1.178,2.361,2.733,2.328,5.098,3.099,2.558,2.733,2.733,1.243,3.008,3.099,3.099,2.736,3.485,3.099,2.471,3.099,2.238,2.018,2.018,1.375,1.375,1.152,1.142,1.207,1.201,1.207,1.256,1.276,1.276,1.375,1.589,0.791,1.673,1.695,1.695,2.212,1.727,0.698,1.113,1.052,0.958,0.958,0.911,0.732,0.715,0.715,0.695,0.573,0.587,0.555,0.51,0.562,0.547,0.569,0.573,0.939,0.532,0.548,0.63,0.691,0.571,0.532,0.532,0.501,0.562,0.652,0.455,0.449,0.432,0.642,0.623,0.623,0.573,0.526,0.541,0.48,0.498,0.488,0.419,1.05,0.395,0.362,0.377,0.377,1.05,1.05,1.05,0.278,0.278,0.371,0.364,0.38,0.413,0.416,0.416,0.416,0.416,0.445,0.502,0.522,0.531,0.537,0.549,0.565,0.584,0.611,0.611,0.729,0.64,0.689,0.722,0.765,1.382,0.766,0.811,0.793,1.396,1.396,0.746,0.746,0.746,0.746,0.689,0.806,0.806,0.849,0.849,0.849,0.849,0.849,0.895,0.912,0.937,0.937,0.937,0.977,0.954,0.954,1.004,1.039,1.052,0.268,1.039,1.039,1.039,1.069,1.099,1.099,4.179,4.179,4.179,4.179,4.179,3.597,4.117,3.099,0.222,3.391,3.391,3.391,3.003,3.003,3.003,3.003,3.003,3.003,3.003,2.245,2.234,2.225,2.397,2.212,1.588,1.67,11.112
Point_3,8.813,0.044,0.0,0.134,0.092,0.111,0.168,0.169,0.206,0.237,0.25,0.335,0.409,0.473,0.525,0.565,0.654,0.7,0.723,0.747,1.061,1.061,1.135,2.318,2.689,2.284,5.141,3.055,2.515,2.689,2.689,1.199,2.964,3.055,3.055,2.692,3.441,3.055,2.427,3.055,2.194,1.974,1.974,1.331,1.331,1.109,1.098,1.163,1.157,1.163,1.213,1.232,1.232,1.331,1.546,0.834,1.629,1.652,1.652,2.192,1.683,0.654,1.07,1.008,0.914,0.914,0.867,0.689,0.671,0.671,0.651,0.529,0.543,0.511,0.466,0.518,0.503,0.526,0.53,0.982,0.488,0.504,0.586,0.647,0.726,0.764,0.764,0.544,0.735,0.609,0.411,0.406,0.388,0.685,0.666,0.666,0.617,0.57,0.584,0.524,0.542,0.532,0.462,1.093,0.438,0.406,0.42,0.42,1.093,1.093,1.093,0.322,0.322,0.415,0.408,0.424,0.457,0.46,0.46,0.46,0.46,0.488,0.545,0.566,0.574,0.581,0.592,0.609,0.628,0.655,0.655,0.772,0.684,0.733,0.766,0.809,1.425,0.809,0.855,0.836,1.44,1.44,0.79,0.79,0.79,0.79,0.733,0.85,0.85,0.893,0.893,0.893,0.893,0.893,0.939,0.956,0.981,0.981,0.981,1.02,0.997,0.997,1.048,1.082,1.096,0.311,1.082,1.082,1.082,1.113,1.143,1.143,4.136,4.136,4.136,4.136,4.136,3.554,4.074,3.055,0.179,3.347,3.347,3.347,2.96,2.96,2.96,2.96,2.96,2.96,2.96,2.201,2.215,2.205,2.353,2.192,1.568,1.65,11.156
Point_4,8.803,0.177,0.134,0.0,0.042,0.102,0.159,0.159,0.197,0.228,0.241,0.325,0.4,0.464,0.516,0.556,0.645,0.69,0.714,0.738,1.051,1.051,1.125,2.308,2.68,2.275,5.275,3.046,2.505,2.68,2.68,1.19,2.955,3.046,3.046,2.683,3.432,3.046,2.418,3.046,2.185,1.965,1.965,1.322,1.322,1.1,1.089,1.154,1.148,1.154,1.204,1.223,1.223,1.322,1.536,0.968,1.62,1.643,1.643,2.183,1.674,0.645,1.06,0.999,0.905,0.905,0.858,0.679,0.662,0.662,0.642,0.52,0.534,0.502,0.457,0.509,0.494,0.516,0.521,0.803,0.479,0.495,0.273,0.212,0.247,0.285,0.285,0.317,0.256,0.251,0.402,0.397,0.379,0.506,0.45,0.45,0.512,0.559,0.631,0.657,0.675,0.666,0.596,0.914,0.572,0.54,0.554,0.554,0.914,0.914,0.914,0.455,0.455,0.548,0.542,0.557,0.591,0.594,0.594,0.594,0.594,0.622,0.679,0.699,0.708,0.714,0.726,0.742,0.761,0.788,0.788,0.906,0.818,0.866,0.899,0.942,1.559,0.943,0.989,0.97,1.574,1.574,0.924,0.924,0.924,0.924,0.866,0.984,0.984,1.026,1.026,1.026,1.026,1.026,1.072,1.089,1.114,1.114,1.114,1.154,1.131,1.131,1.181,1.216,1.23,0.445,1.216,1.216,1.216,1.247,1.276,1.276,4.126,4.126,4.126,4.126,4.126,3.545,4.064,3.046,0.17,3.338,3.338,3.338,2.951,2.951,2.951,2.951,2.951,2.951,2.951,2.192,2.206,2.196,2.344,2.183,1.559,1.641,11.289
Point_5,8.761,0.135,0.092,0.042,0.0,0.06,0.117,0.117,0.155,0.186,0.199,0.283,0.357,0.422,0.474,0.514,0.603,0.648,0.672,0.696,1.009,1.009,1.083,2.266,2.638,2.233,5.233,3.004,2.463,2.638,2.638,1.148,2.913,3.004,3.004,2.641,3.39,3.004,2.376,3.004,2.143,1.923,1.923,1.28,1.28,1.058,1.047,1.112,1.106,1.112,1.162,1.181,1.181,1.28,1.494,0.926,1.578,1.601,1.601,2.141,1.632,0.603,1.018,0.957,0.863,0.863,0.816,0.637,0.62,0.62,0.6,0.478,0.492,0.46,0.415,0.467,0.452,0.474,0.479,0.845,0.437,0.453,0.535,0.254,0.289,0.327,0.327,0.359,0.298,0.557,0.36,0.355,0.337,0.548,0.493,0.493,0.709,0.661,0.676,0.615,0.633,0.624,0.554,0.956,0.53,0.497,0.512,0.512,0.956,0.956,0.956,0.413,0.413,0.506,0.499,0.515,0.549,0.552,0.552,0.552,0.552,0.58,0.637,0.657,0.666,0.672,0.684,0.7,0.719,0.746,0.746,0.864,0.776,0.824,0.857,0.9,1.517,0.901,0.947,0.928,1.531,1.531,0.882,0.882,0.882,0.882,0.824,0.942,0.942,0.984,0.984,0.984,0.984,0.984,1.03,1.047,1.072,1.072,1.072,1.112,1.089,1.089,1.139,1.174,1.187,0.403,1.174,1.174,1.174,1.205,1.234,1.234,4.084,4.084,4.084,4.084,4.084,3.503,4.022,3.004,0.128,3.296,3.296,3.296,2.909,2.909,2.909,2.909,2.909,2.909,2.909,2.15,2.164,2.154,2.302,2.141,1.517,1.599,11.247
Point_6,8.702,0.155,0.111,0.102,0.06,0.0,0.057,0.057,0.095,0.126,0.139,0.223,0.298,0.362,0.414,0.454,0.543,0.589,0.612,0.636,0.95,0.95,1.023,2.207,2.578,2.173,5.252,2.944,2.403,2.578,2.578,1.088,2.853,2.944,2.944,2.581,3.33,2.944,2.316,2.944,2.083,1.863,1.863,1.22,1.22,0.998,0.987,1.052,1.046,1.052,1.102,1.121,1.121,1.22,1.435,0.946,1.518,1.541,1.541,2.081,1.572,0.543,0.958,0.897,0.803,0.803,0.756,0.578,0.56,0.56,0.54,0.418,0.432,0.4,0.355,0.407,0.392,0.415,0.419,1.171,0.377,0.393,0.475,0.536,0.615,0.653,0.653,0.685,0.624,0.497,0.3,0.295,0.277,0.874,0.818,0.818,0.88,0.681,0.695,0.635,0.653,0.643,0.573,1.282,0.55,0.517,0.531,0.531,1.282,1.282,1.282,0.433,0.433,0.526,0.519,0.535,0.568,0.571,0.571,0.571,0.571,0.599,0.656,0.677,0.686,0.692,0.704,0.72,0.739,0.766,0.766,0.883,0.795,0.844,0.877,0.92,1.536,0.921,0.966,0.947,1.551,1.551,0.901,0.901,0.901,0.901,0.844,0.961,0.961,1.004,1.004,1.004,1.004,1.004,1.05,1.067,1.092,1.092,1.092,1.131,1.108,1.108,1.159,1.194,1.207,0.423,1.194,1.194,1.194,1.224,1.254,1.254,4.025,4.025,4.025,4.025,4.025,3.443,3.963,2.944,0.068,3.236,3.236,3.236,2.849,2.849,2.849,2.849,2.849,2.849,2.849,2.09,2.104,2.094,2.242,2.081,1.457,1.539,11.267
Point_7,8.645,0.212,0.168,0.159,0.117,0.057,0.0,0.001,0.038,0.069,0.082,0.166,0.241,0.305,0.357,0.397,0.486,0.532,0.555,0.579,0.893,0.893,0.967,2.15,2.521,2.116,5.309,2.887,2.347,2.521,2.521,1.031,2.796,2.887,2.887,2.524,3.273,2.887,2.259,2.887,2.026,1.806,1.806,1.163,1.163,0.941,0.93,0.995,0.989,0.995,1.045,1.064,1.064,1.163,1.378,1.002,1.461,1.484,1.484,2.024,1.515,0.486,0.902,0.84,0.746,0.746,0.699,0.521,0.503,0.503,0.483,0.361,0.375,0.343,0.298,0.35,0.335,0.358,0.362,1.114,0.32,0.336,0.418,0.479,0.558,0.596,0.596,0.628,0.567,0.441,0.243,0.238,0.22,0.817,0.762,0.762,0.823,0.87,0.752,0.692,0.71,0.7,0.63,1.225,0.606,0.574,0.588,0.588,1.225,1.225,1.225,0.49,0.49,0.583,0.576,0.592,0.625,0.628,0.628,0.628,0.628,0.656,0.713,0.734,0.743,0.749,0.76,0.777,0.796,0.823,0.823,0.94,0.852,0.901,0.934,0.977,1.593,0.977,1.023,1.004,1.608,1.608,0.958,0.958,0.958,0.958,0.901,1.018,1.018,1.061,1.061,1.061,1.061,1.061,1.107,1.124,1.149,1.149,1.149,1.188,1.165,1.165,1.216,1.25,1.264,0.479,1.25,1.25,1.25,1.281,1.311,1.311,3.968,3.968,3.968,3.968,3.968,3.386,3.906,2.887,0.011,3.179,3.179,3.179,2.792,2.792,2.792,2.792,2.792,2.792,2.792,2.033,2.047,2.037,2.185,2.024,1.4,1.482,11.324
Point_8,8.644,0.212,0.169,0.159,0.117,0.057,0.001,0.0,0.038,0.069,0.081,0.166,0.24,0.304,0.356,0.397,0.485,0.531,0.555,0.579,0.892,0.892,0.966,2.149,2.52,2.116,5.31,2.886,2.346,2.52,2.52,1.031,2.795,2.886,2.886,2.524,3.272,2.886,2.258,2.886,2.026,1.805,1.805,1.162,1.162,0.94,0.929,0.995,0.988,0.995,1.044,1.063,1.063,1.162,1.377,1.003,1.46,1.483,1.483,2.023,1.515,0.485,0.901,0.839,0.746,0.746,0.698,0.52,0.503,0.503,0.483,0.361,0.375,0.343,0.298,0.35,0.335,0.357,0.361,1.114,0.319,0.336,0.418,0.479,0.558,0.596,0.596,0.627,0.566,0.44,0.243,0.237,0.22,0.817,0.761,0.761,0.822,0.87,0.753,0.692,0.71,0.701,0.631,1.225,0.607,0.575,0.589,0.589,1.225,1.225,1.225,0.49,0.49,0.583,0.577,0.592,0.626,0.629,0.629,0.629,0.629,0.657,0.714,0.734,0.743,0.749,0.761,0.777,0.796,0.823,0.823,0.941,0.853,0.901,0.934,0.977,1.594,0.978,1.024,1.005,1.609,1.609,0.959,0.959,0.959,0.959,0.901,1.019,1.019,1.061,1.061,1.061,1.061,1.061,1.107,1.124,1.149,1.149,1.149,1.189,1.166,1.166,1.216,1.251,1.265,0.48,1.251,1.251,1.251,1.282,1.311,1.311,3.967,3.967,3.967,3.967,3.967,3.385,3.905,2.886,0.01,3.178,3.178,3.178,2.791,2.791,2.791,2.791,2.791,2.791,2.791,2.033,2.046,2.036,2.185,2.023,1.399,1.482,11.324
Point_9,8.606,0.25,0.206,0.197,0.155,0.095,0.038,0.038,0.0,0.031,0.044,0.128,0.202,0.267,0.318,0.359,0.448,0.493,0.517,0.541,0.854,0.854,0.928,2.111,2.483,2.078,5.348,2.849,2.308,2.483,2.483,0.993,2.758,2.849,2.849,2.486,3.235,2.849,2.221,2.849,1.988,1.767,1.767,1.125,1.125,0.902,0.892,0.957,0.951,0.957,1.006,1.026,1.026,1.125,1.339,1.041,1.423,1.445,1.445,1.986,1.477,0.448,0.863,0.802,0.708,0.708,0.661,0.482,0.465,0.465,0.445,0.323,0.337,0.305,0.26,0.312,0.297,0.319,0.323,1.076,0.282,0.298,0.38,0.441,0.52,0.558,0.558,0.59,0.529,0.402,0.205,0.199,0.182,0.779,0.723,0.723,0.785,0.832,0.903,0.73,0.748,0.738,0.669,1.187,0.645,0.612,0.627,0.627,1.187,1.187,1.187,0.528,0.528,0.621,0.614,0.63,0.664,0.666,0.666,0.666,0.666,0.695,0.752,0.772,0.781,0.787,0.799,0.815,0.834,0.861,0.861,0.979,0.89,0.939,0.972,1.015,1.484,1.016,1.062,1.043,1.646,1.646,0.996,0.996,0.996,0.996,0.939,1.057,1.057,1.099,1.099,1.099,1.099,1.099,1.145,1.162,1.187,1.187,1.187,1.227,1.204,1.204,1.254,1.289,1.302,0.518,1.289,1.289,1.289,1.319,1.349,1.349,3.929,3.929,3.929,3.929,3.929,3.347,3.867,2.849,0.028,3.141,3.141,3.141,2.753,2.753,2.753,2.753,2.753,2.753,2.753,1.995,2.008,1.999,2.147,1.986,1.361,1.444,11.362
Point_10,8.575,0.281,0.237,0.228,0.186,0.126,0.069,0.069,0.031,0.0,0.013,0.097,0.171,0.236,0.288,0.328,0.417,0.462,0.486,0.51,0.823,0.823,0.897,2.08,2.452,2.047,5.378,2.818,2.277,2.452,2.452,0.962,2.727,2.818,2.818,2.455,3.204,2.818,2.19,2.818,1.957,1.737,1.737,1.094,1.094,0.872,0.861,0.926,0.92,0.926,0.976,0.995,0.995,1.094,1.308,1.072,1.392,1.414,1.414,1.955,1.446,0.417,0.832,0.771,0.677,0.677,0.63,0.451,0.434,0.434,0.414,0.292,0.306,0.274,0.229,0.281,0.266,0.288,0.293,1.045,0.251,0.267,0.349,0.41,0.489,0.527,0.527,0.559,0.498,0.371,0.174,0.168,0.151,0.748,0.692,0.692,0.754,0.801,0.872,0.761,0.779,0.769,0.699,1.156,0.676,0.643,0.657,0.657,1.156,1.156,1.156,0.559,0.559,0.652,0.645,0.661,0.694,0.697,0.697,0.697,0.697,0.726,0.782,0.803,0.812,0.818,0.83,0.846,0.865,0.892,0.892,1.01,0.921,0.97,1.003,1.046,1.453,1.047,1.092,1.074,1.677,1.677,1.027,1.027,1.027,1.027,0.97,1.087,1.087,1.13,1.13,1.13,1.13,1.13,1.176,1.193,1.218,1.218,1.218,1.257,1.235,1.235,1.285,1.32,1.333,0.549,1.32,1.32,1.32,1.35,1.38,1.38,3.898,3.898,3.898,3.898,3.898,3.317,3.836,2.818,0.059,3.11,3.11,3.11,2.723,2.723,2.723,2.723,2.723,2.723,2.723,1.964,1.978,1.968,2.116,1.955,1.331,1.413,11.393
Point_11,8.563,0.294,0.25,0.241,0.199,0.139,0.082,0.081,0.044,0.013,0.0,0.085,0.159,0.223,0.275,0.315,0.404,0.45,0.473,0.497,0.811,0.811,0.885,2.068,2.439,2.034,5.391,2.805,2.265,2.439,2.439,0.949,2.714,2.805,2.805,2.442,3.191,2.805,2.177,2.805,1.944,1.724,1.724,1.081,1.081,0.859,0.848,0.913,0.907,0.913,0.963,0.982,0.982,1.081,1.296,1.084,1.379,1.402,1.402,1.942,1.433,0.404,0.82,0.758,0.664,0.664,0.617,0.439,0.421,0.421,0.402,0.279,0.293,0.261,0.216,0.268,0.253,0.276,0.28,1.032,0.238,0.254,0.336,0.397,0.476,0.514,0.514,0.546,0.485,0.359,0.161,0.156,0.138,0.735,0.68,0.68,0.741,0.788,0.86,0.774,0.919,0.909,0.712,1.143,0.688,0.656,0.67,0.67,1.143,1.143,1.143,0.572,0.572,0.665,0.658,0.673,0.707,0.71,0.71,0.71,0.71,0.738,0.795,0.816,0.824,0.831,0.842,0.859,0.878,0.905,0.905,1.022,0.934,0.983,1.016,1.059,1.44,1.059,1.105,1.086,1.69,1.69,1.04,1.04,1.04,1.04,0.983,1.1,1.1,1.143,1.143,1.143,1.143,1.143,1.189,1.206,1.231,1.231,1.231,1.27,1.247,1.247,1.298,1.332,1.346,0.561,1.332,1.332,1.332,1.363,1.393,1.393,3.886,3.886,3.886,3.886,3.886,3.304,3.824,2.805,0.071,3.097,3.097,3.097,2.71,2.71,2.71,2.71,2.71,2.71,2.71,1.952,1.965,1.955,2.103,1.942,1.318,1.4,11.406
Point_12,8.478,0.458,0.415,0.406,0.364,0.304,0.247,0.246,0.208,0.178,0.165,0.0,0.074,0.138,0.19,0.231,0.32,0.365,0.389,0.413,0.726,0.726,0.8,1.983,2.354,1.95,5.556,2.72,2.18,2.354,2.354,0.865,2.629,2.72,2.72,2.358,3.106,2.72,2.093,2.72,1.86,1.639,1.639,0.997,0.997,0.774,0.763,0.829,0.823,0.829,0.878,0.898,0.898,0.997,1.211,1.249,1.294,1.317,1.317,1.857,1.349,0.32,0.735,0.674,0.58,0.58,0.533,0.354,0.337,0.337,0.317,0.195,0.209,0.177,0.132,0.184,0.169,0.191,0.195,0.948,0.154,0.17,0.252,0.313,0.392,0.43,0.43,0.461,0.4,0.274,0.201,0.196,0.178,0.651,0.595,0.595,0.657,0.704,0.775,0.8,0.835,0.825,0.811,1.059,0.892,0.864,0.853,0.853,1.059,1.059,1.059,0.737,0.737,0.83,0.823,0.838,0.872,0.875,0.875,0.875,0.875,0.903,0.96,0.981,0.989,0.996,1.007,1.024,1.042,1.07,1.07,1.187,1.099,1.147,1.18,1.224,1.356,1.224,1.27,1.251,1.855,1.855,1.205,1.205,1.205,1.205,1.147,1.265,1.265,1.307,1.307,1.307,1.307,1.307,1.354,1.371,1.396,1.396,1.396,1.435,1.412,1.412,1.463,1.497,1.511,0.726,1.497,1.497,1.497,1.528,1.558,1.558,3.801,3.801,3.801,3.801,3.801,3.219,3.739,2.72,0.236,3.013,3.013,3.013,2.625,2.625,2.625,2.625,2.625,2.625,2.625,1.867,1.88,1.87,2.019,1.857,1.233,1.316,11.571
Point_13,8.558,0.468,0.424,0.415,0.373,0.313,0.256,0.255,0.218,0.187,0.174,1.092,0.0,0.062,0.114,0.154,0.243,0.289,0.312,0.336,0.65,0.65,0.723,1.907,2.278,1.873,5.565,2.644,2.103,2.278,2.278,0.788,2.553,2.644,2.644,2.281,3.03,2.644,2.016,2.644,1.783,1.563,1.563,0.92,0.92,0.698,0.687,0.752,0.746,0.752,0.802,0.821,0.821,0.92,1.135,1.258,1.218,1.241,1.241,1.938,1.272,0.243,0.658,0.597,0.503,0.503,0.456,0.277,0.26,0.26,0.24,0.118,0.132,0.1,0.141,0.193,0.178,0.2,0.204,0.957,0.163,0.179,0.261,0.322,0.401,0.439,0.439,0.471,0.41,0.283,0.21,0.205,0.187,0.66,0.604,0.604,0.666,0.713,0.784,0.809,0.844,0.834,0.821,1.068,0.901,0.873,0.862,0.862,1.068,1.068,1.068,0.746,0.746,0.839,0.832,0.847,0.881,0.884,0.884,0.884,0.884,0.912,0.969,0.99,0.998,1.005,1.016,1.033,1.052,1.079,1.079,1.196,1.108,1.157,1.19,1.233,1.436,1.233,1.279,1.26,1.864,1.864,1.214,1.214,1.214,1.214,1.157,1.274,1.274,1.317,1.317,1.317,1.317,1.317,1.363,1.38,1.405,1.405,1.405,1.444,1.421,1.421,1.472,1.506,1.52,0.735,1.506,1.506,1.506,1.537,1.567,1.567,3.725,3.725,3.725,3.725,3.725,3.143,3.663,2.644,0.245,2.936,2.936,2.936,2.549,2.549,2.549,2.549,2.549,2.549,2.549,1.79,1.997,1.951,1.942,1.938,1.146,1.17,11.58
Point_14,10.748,0.532,0.488,0.479,0.437,0.377,0.32,0.32,0.282,0.251,0.238,1.156,0.062,0.0,0.095,0.136,0.181,0.227,0.25,0.274,0.588,0.588,0.662,1.845,2.216,1.811,5.629,2.582,2.042,2.216,2.216,0.727,2.491,2.582,2.582,2.219,2.968,2.582,1.954,2.582,1.721,1.501,1.501,0.858,0.858,0.636,0.625,0.69,0.684,0.69,0.74,0.759,0.759,0.858,1.073,1.323,1.156,1.179,1.179,2.002,1.21,0.181,0.597,0.535,0.441,0.441,0.394,0.216,0.198,0.198,0.179,0.056,0.07,0.038,0.205,0.257,0.242,0.265,0.269,1.021,0.227,0.243,0.325,0.386,0.465,0.503,0.503,0.535,0.474,0.347,0.275,0.269,0.252,0.724,0.668,0.668,0.73,0.777,0.848,0.873,0.908,0.898,0.885,1.132,0.966,0.937,0.927,0.927,1.132,1.132,1.132,0.81,0.81,0.903,0.896,0.912,0.945,0.948,0.948,0.948,0.948,0.976,1.033,1.054,1.063,1.069,1.081,1.097,1.116,1.143,1.143,1.26,1.172,1.221,1.254,1.297,1.5,1.298,1.343,1.324,1.928,1.928,1.278,1.278,1.278,1.278,1.221,1.338,1.338,1.381,1.381,1.381,1.381,1.381,1.427,1.444,1.469,1.469,1.469,1.508,1.485,1.485,1.536,1.571,1.584,0.8,1.571,1.571,1.571,1.601,1.631,1.631,3.663,3.663,3.663,3.663,3.663,3.081,3.601,2.582,0.309,2.874,2.874,2.874,2.487,2.487,2.487,2.487,2.487,2.487,2.487,1.729,1.935,1.945,1.881,2.002,1.084,1.108,11.644
Point_15,8.527,0.584,0.54,0.531,0.489,0.429,0.372,0.371,0.334,0.303,0.29,0.551,0.114,0.095,0.0,0.04,0.276,0.322,0.346,0.369,0.683,0.683,0.757,1.94,2.311,1.907,5.454,2.677,2.137,2.311,2.311,0.822,2.586,2.677,2.677,2.315,3.063,2.677,2.049,2.677,1.816,1.596,1.596,0.953,0.953,0.731,0.72,0.785,0.779,0.785,0.835,0.854,0.854,0.953,1.168,1.374,1.251,1.274,1.274,1.906,1.306,0.276,0.692,0.63,0.537,0.537,0.489,0.311,0.293,0.293,0.274,0.152,0.165,0.134,0.257,0.271,0.294,0.264,0.259,1.073,0.279,0.295,0.377,0.438,0.517,0.555,0.555,0.587,0.526,0.399,0.326,0.321,0.303,0.776,0.72,0.72,0.782,0.829,0.9,0.925,0.96,0.95,0.937,1.184,1.018,0.989,0.979,0.979,1.184,1.184,1.184,0.862,0.862,0.955,0.948,0.964,0.997,1.0,1.0,1.0,1.0,1.028,1.085,1.106,1.115,1.121,1.132,1.149,1.168,1.195,1.195,1.312,1.224,1.273,1.306,1.349,1.404,1.349,1.395,1.376,2.254,2.254,1.33,1.33,1.33,1.33,1.273,1.39,1.39,1.433,1.433,1.433,1.433,1.433,1.479,1.496,1.521,1.521,1.521,1.56,1.537,1.537,1.588,1.622,1.636,0.851,1.622,1.622,1.622,1.653,1.632,1.632,3.758,3.758,3.758,3.758,3.758,3.176,3.696,2.677,0.361,2.969,2.969,2.969,2.582,2.582,2.582,2.582,2.582,2.582,2.582,1.824,1.929,1.919,1.976,1.906,1.029,1.053,11.97
Point_16,8.486,0.624,0.58,0.562,0.52,0.469,0.412,0.412,0.374,0.343,0.33,0.511,0.154,0.136,0.04,0.0,0.317,0.362,0.386,0.41,0.723,0.723,0.797,1.98,2.352,1.947,5.414,2.718,2.177,2.352,2.352,0.862,2.627,2.718,2.718,2.355,3.104,2.718,2.09,2.718,1.857,1.637,1.637,0.993,0.993,0.771,0.761,0.826,0.82,0.826,0.875,0.895,0.895,0.993,1.208,1.415,1.292,1.314,1.314,1.866,1.346,0.317,0.732,0.671,0.577,0.577,0.53,0.351,0.334,0.334,0.314,0.192,0.206,0.174,0.297,0.311,0.335,0.304,0.3,1.113,0.319,0.335,0.417,0.478,0.557,0.596,0.596,0.627,0.566,0.44,0.367,0.361,0.344,0.816,0.761,0.761,0.822,0.869,0.941,0.966,1.0,0.99,0.977,1.225,1.058,1.029,1.019,1.019,1.225,1.225,1.225,0.902,0.902,0.995,0.988,1.004,1.037,1.04,1.04,1.04,1.04,1.069,1.126,1.146,1.155,1.161,1.173,1.189,1.208,1.235,1.235,1.353,1.264,1.313,1.346,1.389,1.364,1.39,1.436,1.417,2.214,2.214,1.37,1.37,1.37,1.37,1.313,1.431,1.431,1.473,1.473,1.473,1.473,1.473,1.519,1.536,1.561,1.561,1.561,1.601,1.578,1.578,1.628,1.663,1.676,0.892,1.663,1.663,1.663,1.693,1.592,1.592,3.798,3.798,3.798,3.798,3.798,3.216,3.736,2.718,0.402,3.01,3.01,3.01,2.622,2.622,2.622,2.622,2.622,2.622,2.622,1.864,1.888,1.879,2.016,1.866,0.988,1.012,11.93
Point_17,10.566,0.713,0.669,0.66,0.618,0.558,0.501,0.501,0.463,0.432,0.419,1.337,0.243,0.181,0.276,0.317,0.0,0.046,0.069,0.093,0.407,0.407,0.48,1.664,2.035,1.63,5.811,2.401,1.86,2.035,2.035,0.545,2.31,2.401,2.401,2.038,2.787,2.401,1.773,2.401,1.54,1.32,1.32,0.677,0.677,0.455,0.444,0.509,0.503,0.509,0.559,0.578,0.578,0.677,0.892,1.504,0.975,0.998,0.998,1.854,1.029,0.0,0.416,0.354,0.26,0.26,0.213,0.035,0.017,0.017,0.003,0.125,0.111,0.143,0.386,0.438,0.423,0.446,0.45,1.202,0.408,0.424,0.506,0.567,0.646,0.684,0.684,0.716,0.655,0.529,0.456,0.45,0.433,0.905,0.85,0.85,0.911,0.958,1.03,1.054,1.089,1.079,1.066,1.313,1.147,1.118,1.108,1.108,1.313,1.313,1.313,0.991,0.991,1.084,1.077,1.093,1.126,1.129,1.129,1.129,1.129,1.158,1.215,1.235,1.244,1.25,1.262,1.278,1.297,1.324,1.324,1.442,1.353,1.402,1.435,1.478,1.682,1.479,1.524,1.506,2.109,2.109,1.459,1.459,1.459,1.459,1.402,1.519,1.519,1.562,1.562,1.562,1.562,1.562,1.608,1.625,1.65,1.65,1.65,1.689,1.667,1.667,1.717,1.752,1.765,0.981,1.752,1.752,1.752,1.782,1.812,1.812,3.482,3.482,3.482,3.482,3.482,2.9,3.42,2.401,0.491,2.693,2.693,2.693,2.306,2.306,2.306,2.306,2.306,2.306,2.306,1.547,1.754,1.764,1.699,1.854,1.162,1.573,11.825
Point_18,10.521,0.759,0.715,0.706,0.664,0.604,0.547,0.546,0.508,0.478,0.465,1.383,0.289,0.227,0.322,0.362,0.046,0.0,0.024,0.047,0.361,0.361,0.435,1.618,1.989,1.585,5.856,2.355,1.815,1.989,1.989,0.5,2.264,2.355,2.355,1.993,2.741,2.355,1.727,2.355,1.494,1.274,1.274,0.631,0.631,0.409,0.398,0.464,0.457,0.464,0.513,0.532,0.532,0.631,0.846,1.549,0.929,0.952,0.952,1.808,0.984,0.046,0.37,0.308,0.215,0.215,0.167,0.011,0.029,0.029,0.048,0.17,0.157,0.188,0.432,0.484,0.469,0.491,0.495,1.248,0.454,0.47,0.552,0.613,0.692,0.73,0.73,0.761,0.7,0.574,0.501,0.496,0.478,0.951,0.895,0.895,0.957,1.004,1.075,1.1,1.135,1.125,1.111,1.359,1.192,1.164,1.153,1.153,1.359,1.359,1.359,1.037,1.037,1.13,1.123,1.138,1.172,1.175,1.175,1.175,1.175,1.203,1.26,1.281,1.289,1.296,1.307,1.324,1.342,1.37,1.37,1.487,1.399,1.447,1.48,1.524,1.727,1.524,1.57,1.551,2.155,2.155,1.505,1.505,1.505,1.505,1.447,1.565,1.565,1.608,1.608,1.608,1.608,1.608,1.654,1.671,1.696,1.696,1.696,1.735,1.712,1.712,1.763,1.797,1.811,1.026,1.797,1.797,1.797,1.828,1.858,1.858,3.436,3.436,3.436,3.436,3.436,2.854,3.374,2.355,0.536,2.647,2.647,2.647,2.26,2.26,2.26,2.26,2.26,2.26,2.26,1.502,1.708,1.718,1.654,1.808,1.116,1.528,11.871
Point_19,10.497,0.782,0.739,0.729,0.687,0.627,0.57,0.57,0.532,0.501,0.489,1.407,0.312,0.25,0.346,0.386,0.069,0.024,0.0,0.024,0.337,0.337,0.411,1.594,1.966,1.561,5.88,2.332,1.791,1.966,1.966,0.476,2.241,2.332,2.332,1.969,2.718,2.332,1.704,2.332,1.471,1.251,1.251,0.608,0.608,0.386,0.375,0.44,0.434,0.44,0.489,0.509,0.509,0.608,0.822,1.573,0.906,0.928,0.928,1.784,0.96,0.069,0.346,0.285,0.191,0.191,0.144,0.035,0.052,0.052,0.072,0.194,0.18,0.212,0.456,0.508,0.493,0.515,0.519,1.272,0.477,0.494,0.575,0.636,0.715,0.754,0.754,0.785,0.724,0.598,0.525,0.519,0.502,0.974,0.919,0.919,0.98,1.028,1.099,1.124,1.158,1.149,1.135,1.383,1.216,1.187,1.177,1.177,1.383,1.383,1.383,1.06,1.06,1.153,1.146,1.162,1.196,1.198,1.198,1.198,1.198,1.227,1.284,1.304,1.313,1.319,1.331,1.347,1.366,1.393,1.393,1.511,1.423,1.471,1.504,1.547,1.751,1.548,1.594,1.575,2.178,2.178,1.528,1.528,1.528,1.528,1.471,1.589,1.589,1.631,1.631,1.631,1.631,1.631,1.677,1.694,1.719,1.719,1.719,1.759,1.736,1.736,1.786,1.821,1.834,1.05,1.821,1.821,1.821,1.851,1.881,1.881,3.412,3.412,3.412,3.412,3.412,2.83,3.35,2.332,0.56,2.624,2.624,2.624,2.237,2.237,2.237,2.237,2.237,2.237,2.237,1.478,1.685,1.695,1.63,1.784,1.093,1.504,11.894
Point_20,10.473,0.806,0.762,0.753,0.711,0.651,0.594,0.594,0.556,0.525,0.512,1.43,0.336,0.274,0.369,0.41,0.093,0.047,0.024,0.0,0.313,0.313,0.387,1.571,1.942,1.537,5.904,2.308,1.767,1.942,1.942,0.452,2.217,2.308,2.308,1.945,2.694,2.308,1.68,2.308,1.447,1.227,1.227,0.584,0.584,0.362,0.351,0.416,0.41,0.416,0.466,0.485,0.485,0.584,0.798,1.597,0.882,0.905,0.905,1.76,0.936,0.093,0.322,0.261,0.167,0.167,0.12,0.059,0.076,0.076,0.096,0.218,0.204,0.236,0.479,0.531,0.517,0.539,0.543,1.295,0.501,0.517,0.599,0.66,0.739,0.778,0.778,0.809,0.748,0.622,0.549,0.543,0.526,0.998,0.943,0.943,1.004,1.051,1.123,1.148,1.182,1.172,1.159,1.407,1.24,1.211,1.201,1.201,1.407,1.407,1.407,1.084,1.084,1.177,1.17,1.186,1.22,1.222,1.222,1.222,1.222,1.251,1.308,1.328,1.337,1.343,1.355,1.371,1.39,1.417,1.417,1.535,1.446,1.495,1.528,1.571,1.775,1.572,1.618,1.599,2.202,2.202,1.552,1.552,1.552,1.552,1.495,1.613,1.613,1.655,1.655,1.655,1.655,1.655,1.701,1.718,1.743,1.743,1.743,1.783,1.76,1.76,1.81,1.845,1.858,1.074,1.845,1.845,1.845,1.875,1.905,1.905,3.389,3.389,3.389,3.389,3.389,2.807,3.327,2.308,0.584,2.6,2.6,2.6,2.213,2.213,2.213,2.213,2.213,2.213,2.213,1.454,1.661,1.671,1.606,1.76,1.069,1.48,11.918
Point_21,10.16,1.12,1.076,1.067,1.025,0.965,0.908,0.907,0.869,0.839,0.826,1.744,0.65,0.588,0.683,0.723,0.407,0.361,0.337,0.313,0.0,0.0,0.074,1.257,1.628,1.224,6.217,1.994,1.454,1.628,1.628,0.158,1.903,1.994,1.994,1.632,2.38,1.994,1.366,1.994,1.133,0.913,0.913,0.861,0.861,0.068,0.057,0.103,0.116,0.103,0.172,0.191,0.191,0.861,0.505,1.91,0.588,0.611,0.611,1.447,0.642,0.407,0.029,0.053,0.146,0.146,0.194,0.372,0.39,0.39,0.409,0.531,0.518,0.549,0.793,0.845,0.83,0.852,0.856,1.609,0.815,0.831,0.913,0.974,1.053,1.091,1.091,1.122,1.061,0.935,0.862,0.857,0.839,1.312,1.256,1.256,1.318,1.365,1.436,1.461,1.496,1.486,1.472,1.72,1.553,1.525,1.514,1.514,1.72,1.72,1.72,1.398,1.398,1.491,1.484,1.499,1.533,1.536,1.536,1.536,1.536,1.564,1.621,1.642,1.65,1.657,1.668,1.685,1.703,1.731,1.731,1.848,1.76,1.808,1.841,1.885,2.088,1.885,1.931,1.912,2.516,2.516,1.866,1.866,1.866,1.866,1.808,1.926,1.926,1.969,1.969,1.969,1.969,1.969,2.015,2.032,2.057,2.057,2.057,2.096,2.073,2.073,2.124,2.158,2.172,1.387,2.158,2.158,2.158,2.189,2.219,2.219,3.075,3.075,3.075,3.075,3.075,2.493,3.013,1.994,0.897,2.286,2.286,2.286,1.899,1.899,1.899,1.899,1.899,1.899,1.899,1.141,1.347,1.357,1.293,1.447,1.249,1.167,12.232
Point_22,10.16,1.12,1.076,1.067,1.025,0.965,0.908,0.907,0.869,0.839,0.826,1.744,0.65,0.588,0.683,0.723,0.407,0.361,0.337,0.313,0.0,0.0,0.074,1.257,1.628,1.224,6.217,1.994,1.454,1.628,1.628,0.158,1.903,1.994,1.994,1.632,2.38,1.994,1.366,1.994,1.133,0.913,0.913,0.861,0.861,0.068,0.057,0.103,0.116,0.103,0.172,0.191,0.191,0.861,0.505,1.91,0.588,0.611,0.611,1.447,0.642,0.407,0.029,0.053,0.146,0.146,0.194,0.372,0.39,0.39,0.409,0.531,0.518,0.549,0.793,0.845,0.83,0.852,0.856,1.609,0.815,0.831,0.913,0.974,1.053,1.091,1.091,1.122,1.061,0.935,0.862,0.857,0.839,1.312,1.256,1.256,1.318,1.365,1.436,1.461,1.496,1.486,1.472,1.72,1.553,1.525,1.514,1.514,1.72,1.72,1.72,1.398,1.398,1.491,1.484,1.499,1.533,1.536,1.536,1.536,1.536,1.564,1.621,1.642,1.65,1.657,1.668,1.685,1.703,1.731,1.731,1.848,1.76,1.808,1.841,1.885,2.088,1.885,1.931,1.912,2.516,2.516,1.866,1.866,1.866,1.866,1.808,1.926,1.926,1.969,1.969,1.969,1.969,1.969,2.015,2.032,2.057,2.057,2.057,2.096,2.073,2.073,2.124,2.158,2.172,1.387,2.158,2.158,2.158,2.189,2.219,2.219,3.075,3.075,3.075,3.075,3.075,2.493,3.013,1.994,0.897,2.286,2.286,2.286,1.899,1.899,1.899,1.899,1.899,1.899,1.899,1.141,1.347,1.357,1.293,1.447,1.249,1.167,12.232
Point_23,10.084,1.193,1.15,1.141,1.099,1.039,0.982,0.981,0.943,0.912,0.9,1.818,0.723,0.662,0.757,0.797,0.48,0.435,0.411,0.387,0.074,0.074,0.0,1.181,1.552,1.148,6.291,1.918,1.378,1.552,1.552,0.232,1.827,1.918,1.918,1.556,2.304,1.918,1.29,1.918,1.057,0.837,0.837,0.935,0.935,0.142,0.131,0.027,0.19,0.027,0.246,0.372,0.372,0.935,0.578,1.984,0.662,0.685,0.685,1.371,0.716,0.48,0.102,0.127,0.22,0.22,0.268,0.446,0.463,0.463,0.483,0.605,0.591,0.623,0.867,0.919,0.904,0.926,0.93,1.683,0.889,0.905,0.987,1.048,1.127,1.165,1.165,1.196,1.135,1.009,0.936,0.931,0.913,1.386,1.33,1.33,1.391,1.439,1.51,1.535,1.57,1.56,1.546,1.794,1.627,1.599,1.588,1.588,1.794,1.794,1.794,1.471,1.471,1.564,1.558,1.573,1.607,1.61,1.61,1.61,1.61,1.638,1.695,1.716,1.724,1.731,1.742,1.759,1.777,1.805,1.805,1.922,1.834,1.882,1.915,1.958,2.162,1.959,2.005,1.986,2.59,2.59,1.94,1.94,1.94,1.94,1.882,2.0,2.0,2.042,2.042,2.042,2.042,2.042,2.089,2.106,2.131,2.131,2.131,2.17,2.147,2.147,2.198,2.232,2.246,1.461,2.232,2.232,2.232,2.263,2.292,2.292,2.999,2.999,2.999,2.999,2.999,2.417,2.937,1.918,0.971,2.21,2.21,2.21,1.823,1.823,1.823,1.823,1.823,1.823,1.823,1.065,1.271,1.281,1.217,1.371,1.173,1.091,12.306
Point_24,9.99,2.365,2.321,2.312,2.27,2.21,2.153,2.153,2.115,2.084,2.071,2.989,1.895,1.833,1.928,1.969,1.652,1.606,1.583,1.559,1.245,1.245,1.169,0.0,1.458,1.054,7.462,1.824,1.284,1.458,1.458,1.191,1.733,1.824,1.824,1.462,2.21,1.824,1.196,1.824,0.963,0.743,0.743,2.106,2.106,1.313,1.302,1.136,1.361,1.143,1.137,1.118,1.118,2.106,1.537,3.156,1.621,1.644,1.644,2.244,1.675,1.652,1.274,1.298,1.392,1.392,1.439,1.617,1.635,1.635,1.654,1.777,1.763,1.795,2.038,2.09,2.075,2.098,2.102,2.854,2.06,2.076,2.158,2.219,2.298,2.336,2.336,2.368,2.307,2.18,2.108,2.102,2.085,2.557,2.501,2.501,2.563,2.61,2.682,2.706,2.741,2.731,2.718,2.965,2.799,2.77,2.76,2.76,2.965,2.965,2.965,2.643,2.643,2.736,2.729,2.745,2.778,2.781,2.781,2.781,2.781,2.809,2.866,2.887,2.896,2.902,2.914,2.93,2.949,2.976,2.976,3.093,3.005,3.054,3.087,3.13,3.333,3.131,3.176,3.157,3.761,3.761,3.111,3.111,3.111,3.111,3.054,3.171,3.171,3.214,3.214,3.214,3.214,3.214,3.26,3.277,3.302,3.302,3.302,3.341,3.318,3.318,3.369,3.404,3.417,2.633,3.404,3.404,3.404,3.434,3.464,3.464,2.905,2.905,2.905,2.905,2.905,2.323,2.843,1.824,2.142,2.116,2.116,2.116,1.729,1.729,1.729,1.729,1.729,1.729,1.729,1.938,2.144,2.154,2.09,2.244,2.046,1.964,13.477
Point_25,8.848,2.736,2.692,2.683,2.641,2.581,2.524,2.524,2.486,2.455,2.442,3.36,2.266,2.204,2.3,2.34,2.023,1.978,1.954,1.93,1.617,1.617,1.541,1.523,0.0,0.397,7.834,0.683,0.376,0.0,0.0,1.563,0.592,0.683,0.683,0.003,1.068,0.683,0.509,0.683,0.747,0.898,0.898,2.477,2.477,1.684,1.673,1.507,1.733,1.514,1.508,1.489,1.489,2.477,1.909,3.527,1.992,2.015,2.015,2.615,2.046,2.023,1.645,1.669,1.763,1.763,1.81,1.989,2.006,2.006,2.026,2.148,2.134,2.166,2.409,2.461,2.447,2.469,2.473,3.226,2.431,2.447,2.529,2.59,2.669,2.708,2.708,2.739,2.678,2.552,2.479,2.473,2.456,2.928,2.873,2.873,2.934,2.982,3.053,3.078,3.112,3.103,3.089,3.337,3.17,3.141,3.131,3.131,3.337,3.337,3.337,3.014,3.014,3.107,3.1,3.116,3.15,3.152,3.152,3.152,3.152,3.181,3.238,3.258,3.267,3.273,3.285,3.301,3.32,3.347,3.347,3.465,3.377,3.425,3.458,3.501,3.705,3.502,3.548,3.529,4.132,4.132,3.482,3.482,3.482,3.482,3.425,3.543,3.543,3.585,3.585,3.585,3.585,3.585,3.631,3.648,3.673,3.673,3.673,3.713,3.69,3.69,3.74,3.775,3.788,3.004,3.775,3.775,3.775,3.805,3.835,3.835,1.763,1.763,1.763,1.763,1.763,1.181,1.701,0.683,2.514,0.975,0.975,0.975,0.587,0.587,0.587,0.587,0.587,0.587,0.587,2.309,2.516,2.526,2.461,2.615,2.417,2.335,21.75
Point_26,8.929,2.331,2.288,2.279,2.237,2.177,2.12,2.119,2.081,2.05,2.038,2.956,1.861,1.8,1.895,1.935,1.618,1.573,1.549,1.525,1.212,1.212,1.136,1.119,0.397,0.0,7.429,0.763,0.223,0.397,0.397,1.158,0.672,0.763,0.763,0.401,1.149,0.763,0.125,0.763,0.343,0.494,0.494,2.073,2.073,1.28,1.269,1.102,1.328,1.109,1.104,1.084,1.084,2.073,1.504,3.122,1.587,1.61,1.61,2.211,1.642,1.618,1.24,1.264,1.358,1.358,1.405,1.584,1.601,1.601,1.621,1.743,1.729,1.761,2.005,2.057,2.042,2.064,2.068,2.821,2.027,2.043,2.125,2.186,2.265,2.303,2.303,2.334,2.273,2.147,2.074,2.069,2.051,2.524,2.468,2.468,2.529,2.577,2.648,2.673,2.707,2.698,2.684,2.932,2.765,2.737,2.726,2.726,2.932,2.932,2.932,2.609,2.609,2.702,2.696,2.711,2.745,2.748,2.748,2.748,2.748,2.776,2.833,2.854,2.862,2.868,2.88,2.897,2.915,2.943,2.943,3.06,2.972,3.02,3.053,3.096,3.3,3.097,3.143,3.124,3.728,3.728,3.078,3.078,3.078,3.078,3.02,3.138,3.138,3.18,3.18,3.18,3.18,3.18,3.227,3.244,3.269,3.269,3.269,3.308,3.285,3.285,3.336,3.37,3.384,2.599,3.37,3.37,3.37,3.401,3.43,3.43,1.844,1.844,1.844,1.844,1.844,1.262,1.782,0.763,2.109,1.055,1.055,1.055,0.668,0.668,0.668,0.668,0.668,0.668,0.668,1.904,2.111,2.121,2.056,2.211,2.013,1.93,21.831
Point_27,11.661,4.619,4.662,4.796,4.754,4.773,4.83,4.831,4.869,4.9,4.912,4.997,5.071,5.135,5.187,5.227,5.316,5.362,5.386,5.409,5.723,5.723,5.797,6.98,7.351,6.947,0.0,7.717,7.177,7.351,7.351,5.862,7.626,7.717,7.717,7.355,8.103,7.717,7.089,7.717,6.856,6.636,6.636,5.993,5.993,5.771,5.76,5.826,5.819,5.826,5.875,5.894,5.894,5.993,6.208,4.167,6.291,6.314,6.314,5.04,6.346,5.316,5.732,5.67,5.577,5.577,5.529,5.351,5.333,5.333,5.314,5.192,5.205,5.174,5.129,5.181,5.166,5.188,5.192,5.376,5.15,5.167,5.249,5.087,5.008,4.97,4.97,4.938,4.999,5.126,5.074,5.068,5.051,5.079,5.06,5.06,5.011,4.963,4.978,4.917,4.935,4.926,4.856,4.561,4.832,4.8,4.814,4.814,4.561,4.561,4.561,4.716,4.716,4.809,4.802,4.817,4.851,4.854,4.854,4.854,4.854,4.882,4.939,4.96,4.968,4.975,4.986,5.003,5.021,5.049,5.049,4.104,5.078,4.042,4.118,4.161,4.757,4.162,4.208,3.938,4.079,4.079,3.984,3.984,3.984,3.984,4.042,4.182,4.182,4.225,4.225,4.225,4.225,4.225,4.271,4.288,4.313,4.313,4.313,4.352,4.33,4.33,4.38,4.415,4.428,4.705,4.415,4.415,4.415,4.445,4.475,4.475,8.798,8.798,8.798,8.798,8.798,8.216,8.736,7.717,4.841,8.009,8.009,8.009,7.622,7.622,7.622,7.622,7.622,7.622,7.622,5.346,5.063,5.053,5.245,5.04,4.43,4.513,10.832
Point_28,8.852,3.102,3.058,3.049,3.007,2.947,2.89,2.89,2.852,2.821,2.808,3.727,2.632,2.57,2.666,2.706,2.389,2.344,2.32,2.296,1.983,1.983,1.907,1.889,0.683,0.763,8.2,0.0,0.381,0.683,0.683,1.929,0.596,0.0,0.0,0.686,0.461,0.0,0.875,0.0,1.113,1.264,1.264,2.843,2.843,2.05,2.039,1.873,2.099,1.88,1.874,1.855,1.855,2.843,2.275,3.893,2.358,2.381,2.381,2.981,2.412,2.389,2.011,2.035,2.129,2.129,2.176,2.355,2.372,2.372,2.392,2.514,2.5,2.532,2.775,2.828,2.813,2.835,2.839,3.592,2.797,2.813,2.895,2.956,3.035,3.074,3.074,3.105,3.044,2.918,2.845,2.839,2.822,3.294,3.239,3.239,3.3,3.348,3.419,3.444,3.478,3.469,3.455,3.703,3.536,3.507,3.497,3.497,3.703,3.703,3.703,3.38,3.38,3.473,3.466,3.482,3.516,3.518,3.518,3.518,3.518,3.547,3.604,3.624,3.633,3.639,3.651,3.667,3.686,3.713,3.713,3.831,3.743,3.791,3.824,3.867,4.071,3.868,3.914,3.895,4.498,4.498,3.848,3.848,3.848,3.848,3.791,3.909,3.909,3.951,3.951,3.951,3.951,3.951,3.997,4.014,4.039,4.039,4.039,4.079,4.056,4.056,4.106,4.141,4.154,3.37,4.141,4.141,4.141,4.171,4.201,4.201,1.767,1.767,1.767,1.767,1.767,0.489,1.705,0.0,2.88,0.282,0.282,0.282,0.095,0.095,0.095,0.095,0.095,0.095,0.095,2.675,2.882,2.892,2.827,2.981,2.783,2.701,21.754
Point_29,8.907,2.562,2.518,2.509,2.467,2.407,2.35,2.349,2.312,2.281,2.268,3.186,2.092,2.03,2.125,2.165,1.849,1.803,1.78,1.756,1.442,1.442,1.366,1.349,0.518,0.223,7.659,0.381,0.0,0.518,0.518,1.388,0.651,0.381,0.381,0.515,1.128,0.381,0.334,0.381,0.573,0.724,0.724,2.303,2.303,1.51,1.499,1.333,1.558,1.34,1.334,1.315,1.315,2.303,1.734,3.352,1.818,1.84,1.84,2.441,1.872,1.849,1.471,1.495,1.588,1.588,1.636,1.814,1.832,1.832,1.851,1.973,1.96,1.991,2.235,2.287,2.272,2.294,2.299,3.051,2.257,2.273,2.355,2.416,2.495,2.533,2.533,2.565,2.504,2.377,2.304,2.299,2.281,2.754,2.698,2.698,2.76,2.807,2.878,2.903,2.938,2.928,2.915,3.162,2.996,2.967,2.957,2.957,3.162,3.162,3.162,2.84,2.84,2.933,2.926,2.942,2.975,2.978,2.978,2.978,2.978,3.006,3.063,3.084,3.093,3.099,3.11,3.127,3.146,3.173,3.173,3.29,3.202,3.251,3.284,3.327,3.53,3.327,3.373,3.354,3.958,3.958,3.308,3.308,3.308,3.308,3.251,3.368,3.368,3.411,3.411,3.411,3.411,3.411,3.457,3.474,3.499,3.499,3.499,3.538,3.515,3.515,3.566,3.6,3.614,2.829,3.6,3.6,3.6,3.631,3.661,3.661,1.823,1.823,1.823,1.823,1.823,0.696,1.761,0.381,2.339,0.663,0.663,0.663,0.647,0.647,0.647,0.647,0.647,0.647,0.647,2.135,2.341,2.351,2.287,2.441,2.243,2.161,21.809
Point_30,8.848,2.736,2.692,2.683,2.641,2.581,2.524,2.524,2.486,2.455,2.442,3.36,2.266,2.204,2.3,2.34,2.023,1.978,1.954,1.93,1.617,1.617,1.541,1.523,0.0,0.397,7.834,0.683,0.376,0.0,0.0,1.563,0.592,0.683,0.683,0.003,1.068,0.683,0.509,0.683,0.747,0.898,0.898,2.477,2.477,1.684,1.673,1.507,1.733,1.514,1.508,1.489,1.489,2.477,1.909,3.527,1.992,2.015,2.015,2.615,2.046,2.023,1.645,1.669,1.763,1.763,1.81,1.989,2.006,2.006,2.026,2.148,2.134,2.166,2.409,2.461,2.447,2.469,2.473,3.226,2.431,2.447,2.529,2.59,2.669,2.708,2.708,2.739,2.678,2.552,2.479,2.473,2.456,2.928,2.873,2.873,2.934,2.982,3.053,3.078,3.112,3.103,3.089,3.337,3.17,3.141,3.131,3.131,3.337,3.337,3.337,3.014,3.014,3.107,3.1,3.116,3.15,3.152,3.152,3.152,3.152,3.181,3.238,3.258,3.267,3.273,3.285,3.301,3.32,3.347,3.347,3.465,3.377,3.425,3.458,3.501,3.705,3.502,3.548,3.529,4.132,4.132,3.482,3.482,3.482,3.482,3.425,3.543,3.543,3.585,3.585,3.585,3.585,3.585,3.631,3.648,3.673,3.673,3.673,3.713,3.69,3.69,3.74,3.775,3.788,3.004,3.775,3.775,3.775,3.805,3.835,3.835,1.763,1.763,1.763,1.763,1.763,1.181,1.701,0.683,2.514,0.975,0.975,0.975,0.587,0.587,0.587,0.587,0.587,0.587,0.587,2.309,2.516,2.526,2.461,2.615,2.417,2.335,21.75
Point_31,8.848,2.736,2.692,2.683,2.641,2.581,2.524,2.524,2.486,2.455,2.442,3.36,2.266,2.204,2.3,2.34,2.023,1.978,1.954,1.93,1.617,1.617,1.541,1.523,0.0,0.397,7.834,0.683,0.376,0.0,0.0,1.563,0.592,0.683,0.683,0.003,1.068,0.683,0.509,0.683,0.747,0.898,0.898,2.477,2.477,1.684,1.673,1.507,1.733,1.514,1.508,1.489,1.489,2.477,1.909,3.527,1.992,2.015,2.015,2.615,2.046,2.023,1.645,1.669,1.763,1.763,1.81,1.989,2.006,2.006,2.026,2.148,2.134,2.166,2.409,2.461,2.447,2.469,2.473,3.226,2.431,2.447,2.529,2.59,2.669,2.708,2.708,2.739,2.678,2.552,2.479,2.473,2.456,2.928,2.873,2.873,2.934,2.982,3.053,3.078,3.112,3.103,3.089,3.337,3.17,3.141,3.131,3.131,3.337,3.337,3.337,3.014,3.014,3.107,3.1,3.116,3.15,3.152,3.152,3.152,3.152,3.181,3.238,3.258,3.267,3.273,3.285,3.301,3.32,3.347,3.347,3.465,3.377,3.425,3.458,3.501,3.705,3.502,3.548,3.529,4.132,4.132,3.482,3.482,3.482,3.482,3.425,3.543,3.543,3.585,3.585,3.585,3.585,3.585,3.631,3.648,3.673,3.673,3.673,3.713,3.69,3.69,3.74,3.775,3.788,3.004,3.775,3.775,3.775,3.805,3.835,3.835,1.763,1.763,1.763,1.763,1.763,1.181,1.701,0.683,2.514,0.975,0.975,0.975,0.587,0.587,0.587,0.587,0.587,0.587,0.587,2.309,2.516,2.526,2.461,2.615,2.417,2.335,21.75
Point_32,10.11,1.258,1.215,1.205,1.163,1.104,1.047,1.046,1.008,0.977,0.965,1.883,0.788,0.727,0.822,0.862,0.545,0.5,0.476,0.452,0.158,0.158,0.232,1.207,1.578,1.174,6.356,1.944,1.404,1.578,1.578,0.0,1.853,1.944,1.944,1.582,2.33,1.944,1.316,1.944,1.084,0.863,0.863,1.0,1.0,0.091,0.101,0.125,0.042,0.132,0.054,0.073,0.073,1.0,0.346,2.049,0.429,0.452,0.452,1.397,0.484,0.545,0.13,0.191,0.285,0.285,0.332,0.511,0.528,0.528,0.548,0.67,0.656,0.688,0.932,0.984,0.969,0.991,0.995,1.748,0.953,0.97,1.052,1.113,1.192,1.23,1.23,1.261,1.2,1.074,1.001,0.996,0.978,1.451,1.395,1.395,1.456,1.504,1.575,1.6,1.634,1.625,1.611,1.859,1.692,1.664,1.653,1.653,1.859,1.859,1.859,1.536,1.536,1.629,1.623,1.638,1.672,1.675,1.675,1.675,1.675,1.703,1.76,1.78,1.789,1.795,1.807,1.824,1.842,1.869,1.869,1.987,1.899,1.947,1.98,2.023,2.227,2.024,2.07,2.051,2.655,2.655,2.005,2.005,2.005,2.005,1.947,2.065,2.065,2.107,2.107,2.107,2.107,2.107,2.154,2.17,2.196,2.196,2.196,2.235,2.212,2.212,2.262,2.297,2.311,1.526,2.297,2.297,2.297,2.328,2.357,2.357,3.025,3.025,3.025,3.025,3.025,2.443,2.963,1.944,1.036,2.237,2.237,2.237,1.849,1.849,1.849,1.849,1.849,1.849,1.849,1.091,1.298,1.307,1.243,1.397,1.199,1.117,12.37
Point_33,8.633,3.011,2.967,2.958,2.916,2.856,2.799,2.799,2.761,2.73,2.717,3.635,2.541,2.479,2.574,2.615,2.298,2.253,2.229,2.205,1.892,1.892,1.816,1.798,0.592,0.672,8.109,0.596,0.651,0.592,0.592,1.838,0.0,0.596,0.596,0.595,0.302,0.596,0.784,0.596,1.022,1.173,1.173,2.752,2.752,1.959,1.948,1.782,2.008,1.789,1.783,1.764,1.764,2.752,2.184,3.802,2.267,2.29,2.29,2.89,2.321,2.298,1.92,1.944,2.038,2.038,2.085,2.264,2.281,2.281,2.301,2.423,2.409,2.441,2.684,2.736,2.722,2.744,2.748,3.501,2.706,2.722,2.804,2.865,2.944,2.983,2.983,3.014,2.953,2.827,2.754,2.748,2.731,3.203,3.148,3.148,3.209,3.257,3.328,3.353,3.387,3.378,3.364,3.612,3.445,3.416,3.406,3.406,3.612,3.612,3.612,3.289,3.289,3.382,3.375,3.391,3.425,3.427,3.427,3.427,3.427,3.456,3.513,3.533,3.542,3.548,3.56,3.576,3.595,3.622,3.622,3.74,3.652,3.7,3.733,3.776,3.98,3.777,3.823,3.804,4.407,4.407,3.757,3.757,3.757,3.757,3.7,3.818,3.818,3.86,3.86,3.86,3.86,3.86,3.906,3.923,3.948,3.948,3.948,3.988,3.965,3.965,4.015,4.05,4.063,3.279,4.05,4.05,4.05,4.08,4.11,4.11,1.548,1.548,1.548,1.548,1.548,1.094,1.486,0.596,2.789,0.888,0.888,0.888,0.5,0.5,0.5,0.5,0.5,0.5,0.5,2.584,2.791,2.801,2.736,2.89,2.692,2.61,21.535
Point_34,8.852,3.102,3.058,3.049,3.007,2.947,2.89,2.89,2.852,2.821,2.808,3.727,2.632,2.57,2.666,2.706,2.389,2.344,2.32,2.296,1.983,1.983,1.907,1.889,0.683,0.763,8.2,0.0,0.381,0.683,0.683,1.929,0.596,0.0,0.0,0.686,0.461,0.0,0.875,0.0,1.113,1.264,1.264,2.843,2.843,2.05,2.039,1.873,2.099,1.88,1.874,1.855,1.855,2.843,2.275,3.893,2.358,2.381,2.381,2.981,2.412,2.389,2.011,2.035,2.129,2.129,2.176,2.355,2.372,2.372,2.392,2.514,2.5,2.532,2.775,2.828,2.813,2.835,2.839,3.592,2.797,2.813,2.895,2.956,3.035,3.074,3.074,3.105,3.044,2.918,2.845,2.839,2.822,3.294,3.239,3.239,3.3,3.348,3.419,3.444,3.478,3.469,3.455,3.703,3.536,3.507,3.497,3.497,3.703,3.703,3.703,3.38,3.38,3.473,3.466,3.482,3.516,3.518,3.518,3.518,3.518,3.547,3.604,3.624,3.633,3.639,3.651,3.667,3.686,3.713,3.713,3.831,3.743,3.791,3.824,3.867,4.071,3.868,3.914,3.895,4.498,4.498,3.848,3.848,3.848,3.848,3.791,3.909,3.909,3.951,3.951,3.951,3.951,3.951,3.997,4.014,4.039,4.039,4.039,4.079,4.056,4.056,4.106,4.141,4.154,3.37,4.141,4.141,4.141,4.171,4.201,4.201,1.767,1.767,1.767,1.767,1.767,0.489,1.705,0.0,2.88,0.282,0.282,0.282,0.095,0.095,0.095,0.095,0.095,0.095,0.095,2.675,2.882,2.892,2.827,2.981,2.783,2.701,21.754
Point_35,8.852,3.102,3.058,3.049,3.007,2.947,2.89,2.89,2.852,2.821,2.808,3.727,2.632,2.57,2.666,2.706,2.389,2.344,2.32,2.296,1.983,1.983,1.907,1.889,0.683,0.763,8.2,0.0,0.381,0.683,0.683,1.929,0.596,0.0,0.0,0.686,0.461,0.0,0.875,0.0,1.113,1.264,1.264,2.843,2.843,2.05,2.039,1.873,2.099,1.88,1.874,1.855,1.855,2.843,2.275,3.893,2.358,2.381,2.381,2.981,2.412,2.389,2.011,2.035,2.129,2.129,2.176,2.355,2.372,2.372,2.392,2.514,2.5,2.532,2.775,2.828,2.813,2.835,2.839,3.592,2.797,2.813,2.895,2.956,3.035,3.074,3.074,3.105,3.044,2.918,2.845,2.839,2.822,3.294,3.239,3.239,3.3,3.348,3.419,3.444,3.478,3.469,3.455,3.703,3.536,3.507,3.497,3.497,3.703,3.703,3.703,3.38,3.38,3.473,3.466,3.482,3.516,3.518,3.518,3.518,3.518,3.547,3.604,3.624,3.633,3.639,3.651,3.667,3.686,3.713,3.713,3.831,3.743,3.791,3.824,3.867,4.071,3.868,3.914,3.895,4.498,4.498,3.848,3.848,3.848,3.848,3.791,3.909,3.909,3.951,3.951,3.951,3.951,3.951,3.997,4.014,4.039,4.039,4.039,4.079,4.056,4.056,4.106,4.141,4.154,3.37,4.141,4.141,4.141,4.171,4.201,4.201,1.767,1.767,1.767,1.767,1.767,0.489,1.705,0.0,2.88,0.282,0.282,0.282,0.095,0.095,0.095,0.095,0.095,0.095,0.095,2.675,2.882,2.892,2.827,2.981,2.783,2.701,21.754
Point_36,8.851,2.739,2.696,2.687,2.645,2.585,2.528,2.527,2.489,2.459,2.446,3.364,2.269,2.208,2.303,2.343,2.027,1.981,1.957,1.933,1.62,1.62,1.544,1.527,0.003,0.401,7.837,0.686,0.379,0.003,0.003,1.566,0.595,0.686,0.686,0.0,1.072,0.686,0.512,0.686,0.751,0.902,0.902,2.481,2.481,1.688,1.677,1.51,1.736,1.517,1.512,1.493,1.493,2.481,1.912,3.53,1.995,2.018,2.018,2.619,2.05,2.027,1.648,1.673,1.766,1.766,1.814,1.992,2.009,2.009,2.029,2.151,2.137,2.169,2.413,2.465,2.45,2.472,2.476,3.229,2.435,2.451,2.533,2.594,2.673,2.711,2.711,2.742,2.681,2.555,2.482,2.477,2.459,2.932,2.876,2.876,2.938,2.985,3.056,3.081,3.116,3.106,3.092,3.34,3.173,3.145,3.134,3.134,3.34,3.34,3.34,3.018,3.018,3.111,3.104,3.119,3.153,3.156,3.156,3.156,3.156,3.184,3.241,3.262,3.27,3.277,3.288,3.305,3.323,3.351,3.351,3.468,3.38,3.428,3.461,3.505,3.708,3.505,3.551,3.532,4.136,4.136,3.486,3.486,3.486,3.486,3.428,3.546,3.546,3.588,3.588,3.588,3.588,3.588,3.635,3.652,3.677,3.677,3.677,3.716,3.693,3.693,3.744,3.778,3.792,3.007,3.778,3.778,3.778,3.809,3.839,3.839,1.767,1.767,1.767,1.767,1.767,1.185,1.705,0.686,2.517,0.978,0.978,0.978,0.591,0.591,0.591,0.591,0.591,0.591,0.591,2.313,2.519,2.529,2.465,2.619,2.421,2.338,21.753
Point_37,10.591,2.829,2.785,2.776,2.734,2.674,2.617,2.617,2.579,2.548,2.535,3.453,2.359,2.297,2.392,2.433,2.116,2.07,2.047,2.023,1.709,1.709,1.633,1.616,0.409,0.49,7.927,0.413,0.469,0.409,0.409,1.655,0.56,0.413,0.413,0.413,0.0,0.413,0.601,0.413,0.84,0.991,0.991,2.57,2.57,1.777,1.766,1.6,1.825,1.607,1.601,1.582,1.582,2.57,2.002,3.62,2.085,2.108,2.108,2.708,2.139,2.116,1.738,1.762,1.856,1.856,1.903,2.081,2.099,2.099,2.119,2.241,2.227,2.259,2.502,2.554,2.539,2.562,2.566,3.318,2.524,2.54,2.622,2.683,2.762,2.801,2.801,2.832,2.771,2.645,2.572,2.566,2.549,3.021,2.966,2.966,3.027,3.074,3.146,3.171,3.205,3.195,3.182,3.43,3.263,3.234,3.224,3.224,3.43,3.43,3.43,3.107,3.107,3.2,3.193,3.209,3.242,3.245,3.245,3.245,3.245,3.274,3.331,3.351,3.36,3.366,3.378,3.394,3.413,3.44,3.44,3.558,3.469,3.518,3.551,3.594,3.798,3.595,3.64,3.622,4.225,4.225,3.575,3.575,3.575,3.575,3.518,3.635,3.635,3.678,3.678,3.678,3.678,3.678,3.724,3.741,3.766,3.766,3.766,3.806,3.783,3.783,3.833,3.868,3.881,3.097,3.868,3.868,3.868,3.898,3.928,3.928,3.506,3.506,3.506,3.506,3.506,0.912,3.444,0.413,2.607,0.706,0.706,0.706,0.318,0.318,0.318,0.318,0.318,0.318,0.318,2.402,2.609,2.618,2.554,2.708,2.51,2.428,13.941
Point_38,8.852,3.102,3.058,3.049,3.007,2.947,2.89,2.89,2.852,2.821,2.808,3.727,2.632,2.57,2.666,2.706,2.389,2.344,2.32,2.296,1.983,1.983,1.907,1.889,0.683,0.763,8.2,0.0,0.381,0.683,0.683,1.929,0.596,0.0,0.0,0.686,0.461,0.0,0.875,0.0,1.113,1.264,1.264,2.843,2.843,2.05,2.039,1.873,2.099,1.88,1.874,1.855,1.855,2.843,2.275,3.893,2.358,2.381,2.381,2.981,2.412,2.389,2.011,2.035,2.129,2.129,2.176,2.355,2.372,2.372,2.392,2.514,2.5,2.532,2.775,2.828,2.813,2.835,2.839,3.592,2.797,2.813,2.895,2.956,3.035,3.074,3.074,3.105,3.044,2.918,2.845,2.839,2.822,3.294,3.239,3.239,3.3,3.348,3.419,3.444,3.478,3.469,3.455,3.703,3.536,3.507,3.497,3.497,3.703,3.703,3.703,3.38,3.38,3.473,3.466,3.482,3.516,3.518,3.518,3.518,3.518,3.547,3.604,3.624,3.633,3.639,3.651,3.667,3.686,3.713,3.713,3.831,3.743,3.791,3.824,3.867,4.071,3.868,3.914,3.895,4.498,4.498,3.848,3.848,3.848,3.848,3.791,3.909,3.909,3.951,3.951,3.951,3.951,3.951,3.997,4.014,4.039,4.039,4.039,4.079,4.056,4.056,4.106,4.141,4.154,3.37,4.141,4.141,4.141,4.171,4.201,4.201,1.767,1.767,1.767,1.767,1.767,0.489,1.705,0.0,2.88,0.282,0.282,0.282,0.095,0.095,0.095,0.095,0.095,0.095,0.095,2.675,2.882,2.892,2.827,2.981,2.783,2.701,21.754
Point_39,9.04,2.474,2.43,2.421,2.379,2.319,2.262,2.262,2.224,2.193,2.181,3.099,2.004,1.942,2.038,2.078,1.761,1.716,1.692,1.668,1.355,1.355,1.279,1.261,0.509,0.125,7.572,0.875,0.334,0.509,0.509,1.301,0.784,0.875,0.875,0.512,1.261,0.875,0.0,0.875,0.486,0.636,0.636,2.215,2.215,1.422,1.412,1.245,1.471,1.252,1.246,1.227,1.227,2.215,1.647,3.265,1.73,1.753,1.753,2.353,1.784,1.761,1.383,1.407,1.501,1.501,1.548,1.727,1.744,1.744,1.764,1.886,1.872,1.904,2.148,2.2,2.185,2.207,2.211,2.964,2.169,2.186,2.267,2.328,2.407,2.446,2.446,2.477,2.416,2.29,2.217,2.211,2.194,2.666,2.611,2.611,2.672,2.72,2.791,2.816,2.85,2.841,2.827,3.075,2.908,2.879,2.869,2.869,3.075,3.075,3.075,2.752,2.752,2.845,2.838,2.854,2.888,2.89,2.89,2.89,2.89,2.919,2.976,2.996,3.005,3.011,3.023,3.039,3.058,3.085,3.085,3.203,3.115,3.163,3.196,3.239,3.443,3.24,3.286,3.267,3.87,3.87,3.22,3.22,3.22,3.22,3.163,3.281,3.281,3.323,3.323,3.323,3.323,3.323,3.369,3.386,3.411,3.411,3.411,3.451,3.428,3.428,3.478,3.513,3.526,2.742,3.513,3.513,3.513,3.543,3.573,3.573,1.955,1.955,1.955,1.955,1.955,1.373,1.893,0.875,2.252,1.167,1.167,1.167,0.779,0.779,0.779,0.779,0.779,0.779,0.779,2.047,2.254,2.264,2.199,2.353,2.155,2.073,21.942
Point_40,8.852,3.102,3.058,3.049,3.007,2.947,2.89,2.89,2.852,2.821,2.808,3.727,2.632,2.57,2.666,2.706,2.389,2.344,2.32,2.296,1.983,1.983,1.907,1.889,0.683,0.763,8.2,0.0,0.381,0.683,0.683,1.929,0.596,0.0,0.0,0.686,0.461,0.0,0.875,0.0,1.113,1.264,1.264,2.843,2.843,2.05,2.039,1.873,2.099,1.88,1.874,1.855,1.855,2.843,2.275,3.893,2.358,2.381,2.381,2.981,2.412,2.389,2.011,2.035,2.129,2.129,2.176,2.355,2.372,2.372,2.392,2.514,2.5,2.532,2.775,2.828,2.813,2.835,2.839,3.592,2.797,2.813,2.895,2.956,3.035,3.074,3.074,3.105,3.044,2.918,2.845,2.839,2.822,3.294,3.239,3.239,3.3,3.348,3.419,3.444,3.478,3.469,3.455,3.703,3.536,3.507,3.497,3.497,3.703,3.703,3.703,3.38,3.38,3.473,3.466,3.482,3.516,3.518,3.518,3.518,3.518,3.547,3.604,3.624,3.633,3.639,3.651,3.667,3.686,3.713,3.713,3.831,3.743,3.791,3.824,3.867,4.071,3.868,3.914,3.895,4.498,4.498,3.848,3.848,3.848,3.848,3.791,3.909,3.909,3.951,3.951,3.951,3.951,3.951,3.997,4.014,4.039,4.039,4.039,4.079,4.056,4.056,4.106,4.141,4.154,3.37,4.141,4.141,4.141,4.171,4.201,4.201,1.767,1.767,1.767,1.767,1.767,0.489,1.705,0.0,2.88,0.282,0.282,0.282,0.095,0.095,0.095,0.095,0.095,0.095,0.095,2.675,2.882,2.892,2.827,2.981,2.783,2.701,21.754
Point_41,9.279,2.241,2.198,2.188,2.146,2.086,2.03,2.029,1.991,1.96,1.948,2.866,1.771,1.709,1.805,1.845,1.528,1.483,1.459,1.435,1.122,1.122,1.046,1.028,0.747,0.343,7.339,1.113,0.573,0.747,0.747,1.068,1.022,1.113,1.113,0.751,1.499,1.113,0.486,1.113,0.0,0.219,0.219,1.983,1.983,1.189,1.179,1.012,1.238,1.019,1.014,0.994,0.994,1.983,1.414,3.032,1.497,1.52,1.52,2.12,1.552,1.528,1.15,1.174,1.268,1.268,1.315,1.494,1.511,1.511,1.531,1.653,1.639,1.671,1.915,1.967,1.952,1.974,1.978,2.731,1.936,1.953,2.035,2.095,2.174,2.213,2.213,2.244,2.183,2.057,1.984,1.978,1.961,2.434,2.378,2.378,2.439,2.487,2.558,2.583,2.617,2.608,2.594,2.842,2.675,2.647,2.636,2.636,2.842,2.842,2.842,2.519,2.519,2.612,2.605,2.621,2.655,2.658,2.658,2.658,2.658,2.686,2.743,2.763,2.772,2.778,2.79,2.806,2.825,2.852,2.852,2.97,2.882,2.93,2.963,3.006,3.21,3.007,3.053,3.034,3.638,3.638,2.988,2.988,2.988,2.988,2.93,3.048,3.048,3.09,3.09,3.09,3.09,3.09,3.136,3.153,3.178,3.178,3.178,3.218,3.195,3.195,3.245,3.28,3.293,2.509,3.28,3.28,3.28,3.311,3.34,3.34,2.194,2.194,2.194,2.194,2.194,1.612,2.132,1.113,2.019,1.406,1.406,1.406,1.018,1.018,1.018,1.018,1.018,1.018,1.018,1.814,2.021,2.031,1.966,2.12,1.922,1.84,22.181
Point_42,9.43,2.021,1.977,1.968,1.926,1.866,1.809,1.809,1.771,1.74,1.727,2.645,1.551,1.489,1.584,1.625,1.308,1.262,1.239,1.215,0.901,0.901,0.825,0.808,0.898,0.494,7.119,1.264,0.724,0.898,0.898,0.847,1.173,1.264,1.264,0.902,1.65,1.264,0.636,1.264,0.219,0.0,0.0,1.762,1.762,0.969,0.958,0.792,1.017,0.799,0.793,0.774,0.774,1.762,1.194,2.812,1.277,1.3,1.3,1.9,1.331,1.308,0.93,0.954,1.048,1.048,1.095,1.274,1.291,1.291,1.311,1.433,1.419,1.451,1.694,1.746,1.731,1.754,1.758,2.51,1.716,1.732,1.814,1.875,1.954,1.993,1.993,2.024,1.963,1.837,1.764,1.758,1.741,2.213,2.158,2.158,2.219,2.266,2.338,2.363,2.397,2.387,2.374,2.622,2.455,2.426,2.416,2.416,2.622,2.622,2.622,2.299,2.299,2.392,2.385,2.401,2.434,2.437,2.437,2.437,2.437,2.466,2.523,2.543,2.552,2.558,2.57,2.586,2.605,2.632,2.632,2.75,2.661,2.71,2.743,2.786,2.99,2.787,2.833,2.814,3.417,3.417,2.767,2.767,2.767,2.767,2.71,2.827,2.827,2.87,2.87,2.87,2.87,2.87,2.916,2.933,2.958,2.958,2.958,2.998,2.975,2.975,3.025,3.06,3.073,2.289,3.06,3.06,3.06,3.09,3.12,3.12,2.345,2.345,2.345,2.345,2.345,1.763,2.283,1.264,1.799,1.556,1.556,1.556,1.169,1.169,1.169,1.169,1.169,1.169,1.169,1.594,1.801,1.81,1.746,1.9,1.702,1.62,13.133
Point_43,9.43,2.021,1.977,1.968,1.926,1.866,1.809,1.809,1.771,1.74,1.727,2.645,1.551,1.489,1.584,1.625,1.308,1.262,1.239,1.215,0.901,0.901,0.825,0.808,0.898,0.494,7.119,1.264,0.724,0.898,0.898,0.847,1.173,1.264,1.264,0.902,1.65,1.264,0.636,1.264,0.219,0.0,0.0,1.762,1.762,0.969,0.958,0.792,1.017,0.799,0.793,0.774,0.774,1.762,1.194,2.812,1.277,1.3,1.3,1.9,1.331,1.308,0.93,0.954,1.048,1.048,1.095,1.274,1.291,1.291,1.311,1.433,1.419,1.451,1.694,1.746,1.731,1.754,1.758,2.51,1.716,1.732,1.814,1.875,1.954,1.993,1.993,2.024,1.963,1.837,1.764,1.758,1.741,2.213,2.158,2.158,2.219,2.266,2.338,2.363,2.397,2.387,2.374,2.622,2.455,2.426,2.416,2.416,2.622,2.622,2.622,2.299,2.299,2.392,2.385,2.401,2.434,2.437,2.437,2.437,2.437,2.466,2.523,2.543,2.552,2.558,2.57,2.586,2.605,2.632,2.632,2.75,2.661,2.71,2.743,2.786,2.99,2.787,2.833,2.814,3.417,3.417,2.767,2.767,2.767,2.767,2.71,2.827,2.827,2.87,2.87,2.87,2.87,2.87,2.916,2.933,2.958,2.958,2.958,2.998,2.975,2.975,3.025,3.06,3.073,2.289,3.06,3.06,3.06,3.09,3.12,3.12,2.345,2.345,2.345,2.345,2.345,1.763,2.283,1.264,1.799,1.556,1.556,1.556,1.169,1.169,1.169,1.169,1.169,1.169,1.169,1.594,1.801,1.81,1.746,1.9,1.702,1.62,13.133
Point_44,10.205,1.353,1.309,1.3,1.258,1.198,1.141,1.141,1.103,1.072,1.059,1.977,0.883,0.821,0.916,0.957,0.64,0.594,0.571,0.547,0.253,0.253,0.327,1.302,1.673,1.268,6.451,2.039,1.499,1.673,1.673,0.095,1.948,2.039,2.039,1.677,2.425,2.039,1.411,2.039,1.178,0.958,0.958,0.0,0.0,0.185,0.196,0.219,0.137,0.226,0.149,0.168,0.168,0.0,0.35,2.144,0.433,0.456,0.456,1.492,0.487,0.64,0.225,0.286,0.38,0.38,0.427,0.606,0.623,0.623,0.643,0.765,0.751,0.783,1.026,1.078,1.063,1.086,1.09,1.842,1.048,1.064,1.146,1.207,1.286,1.325,1.325,1.356,1.295,1.169,1.096,1.09,1.073,1.545,1.49,1.49,1.551,1.598,1.67,1.695,1.729,1.719,1.706,1.954,1.787,1.758,1.748,1.748,1.954,1.954,1.954,1.631,1.631,1.724,1.717,1.733,1.766,1.769,1.769,1.769,1.769,1.798,1.855,1.875,1.884,1.89,1.902,1.918,1.937,1.964,1.964,2.082,1.993,2.042,2.075,2.118,2.322,2.119,2.164,2.146,2.749,2.749,2.099,2.099,2.099,2.099,2.042,2.159,2.159,2.202,2.202,2.202,2.202,2.202,2.248,2.265,2.29,2.29,2.29,2.33,2.307,2.307,2.357,2.392,2.405,1.621,2.392,2.392,2.392,2.422,2.452,2.452,3.12,3.12,3.12,3.12,3.12,2.538,3.058,2.039,1.131,2.331,2.331,2.331,1.944,1.944,1.944,1.944,1.944,1.944,1.944,1.186,1.392,1.402,1.338,1.492,1.294,1.212,12.465
Point_45,10.205,1.353,1.309,1.3,1.258,1.198,1.141,1.141,1.103,1.072,1.059,1.977,0.883,0.821,0.916,0.957,0.64,0.594,0.571,0.547,0.253,0.253,0.327,1.302,1.673,1.268,6.451,2.039,1.499,1.673,1.673,0.095,1.948,2.039,2.039,1.677,2.425,2.039,1.411,2.039,1.178,0.958,0.958,0.0,0.0,0.185,0.196,0.219,0.137,0.226,0.149,0.168,0.168,0.0,0.35,2.144,0.433,0.456,0.456,1.492,0.487,0.64,0.225,0.286,0.38,0.38,0.427,0.606,0.623,0.623,0.643,0.765,0.751,0.783,1.026,1.078,1.063,1.086,1.09,1.842,1.048,1.064,1.146,1.207,1.286,1.325,1.325,1.356,1.295,1.169,1.096,1.09,1.073,1.545,1.49,1.49,1.551,1.598,1.67,1.695,1.729,1.719,1.706,1.954,1.787,1.758,1.748,1.748,1.954,1.954,1.954,1.631,1.631,1.724,1.717,1.733,1.766,1.769,1.769,1.769,1.769,1.798,1.855,1.875,1.884,1.89,1.902,1.918,1.937,1.964,1.964,2.082,1.993,2.042,2.075,2.118,2.322,2.119,2.164,2.146,2.749,2.749,2.099,2.099,2.099,2.099,2.042,2.159,2.159,2.202,2.202,2.202,2.202,2.202,2.248,2.265,2.29,2.29,2.29,2.33,2.307,2.307,2.357,2.392,2.405,1.621,2.392,2.392,2.392,2.422,2.452,2.452,3.12,3.12,3.12,3.12,3.12,2.538,3.058,2.039,1.131,2.331,2.331,2.331,1.944,1.944,1.944,1.944,1.944,1.944,1.944,1.186,1.392,1.402,1.338,1.492,1.294,1.212,12.465
Point_46,10.228,1.168,1.124,1.115,1.073,1.013,0.956,0.955,0.918,0.887,0.874,1.792,0.698,0.636,0.731,0.771,0.455,0.409,0.386,0.362,0.068,0.068,0.142,1.325,1.696,1.291,6.265,2.062,1.522,1.696,1.696,0.091,1.971,2.062,2.062,1.699,2.448,2.062,1.434,2.062,1.201,0.981,0.981,0.909,0.909,0.0,0.011,0.17,0.048,0.17,0.104,0.123,0.123,0.909,0.437,1.958,0.52,0.543,0.543,1.515,0.574,0.455,0.039,0.101,0.194,0.194,0.242,0.42,0.438,0.438,0.457,0.579,0.566,0.597,0.841,0.893,0.878,0.9,0.905,1.657,0.863,0.879,0.961,1.022,1.101,1.139,1.139,1.171,1.11,0.983,0.91,0.905,0.887,1.36,1.304,1.304,1.366,1.413,1.484,1.509,1.544,1.534,1.521,1.768,1.602,1.573,1.563,1.563,1.768,1.768,1.768,1.446,1.446,1.539,1.532,1.548,1.581,1.584,1.584,1.584,1.584,1.612,1.669,1.69,1.699,1.705,1.716,1.733,1.752,1.779,1.779,1.896,1.808,1.857,1.89,1.933,2.136,1.933,1.979,1.96,2.564,2.564,1.914,1.914,1.914,1.914,1.857,1.974,1.974,2.017,2.017,2.017,2.017,2.017,2.063,2.08,2.105,2.105,2.105,2.144,2.121,2.121,2.172,2.206,2.22,1.435,2.206,2.206,2.206,2.237,2.267,2.267,3.143,3.143,3.143,3.143,3.143,2.561,3.081,2.062,0.945,2.354,2.354,2.354,1.967,1.967,1.967,1.967,1.967,1.967,1.967,1.209,1.415,1.425,1.361,1.515,1.317,1.234,12.28
Point_47,10.217,1.157,1.113,1.104,1.062,1.002,0.945,0.945,0.907,0.876,0.863,1.781,0.687,0.625,0.72,0.761,0.444,0.398,0.375,0.351,0.057,0.057,0.131,1.314,1.685,1.281,6.254,2.051,1.511,1.685,1.685,0.101,1.96,2.051,2.051,1.689,2.437,2.051,1.423,2.051,1.19,0.97,0.97,0.898,0.898,0.011,0.0,0.159,0.059,0.159,0.115,0.134,0.134,0.898,0.448,1.948,0.531,0.554,0.554,1.504,0.585,0.444,0.028,0.09,0.184,0.184,0.231,0.409,0.427,0.427,0.447,0.569,0.555,0.587,0.83,0.882,0.867,0.89,0.894,1.646,0.852,0.868,0.95,1.011,1.09,1.128,1.128,1.16,1.099,0.973,0.9,0.894,0.877,1.349,1.293,1.293,1.355,1.402,1.474,1.498,1.533,1.523,1.51,1.757,1.591,1.562,1.552,1.552,1.757,1.757,1.757,1.435,1.435,1.528,1.521,1.537,1.57,1.573,1.573,1.573,1.573,1.602,1.658,1.679,1.688,1.694,1.706,1.722,1.741,1.768,1.768,1.885,1.797,1.846,1.879,1.922,2.126,1.923,1.968,1.95,2.553,2.553,1.903,1.903,1.903,1.903,1.846,1.963,1.963,2.006,2.006,2.006,2.006,2.006,2.052,2.069,2.094,2.094,2.094,2.133,2.111,2.111,2.161,2.196,2.209,1.425,2.196,2.196,2.196,2.226,2.256,2.256,3.132,3.132,3.132,3.132,3.132,2.55,3.07,2.051,0.934,2.343,2.343,2.343,1.956,1.956,1.956,1.956,1.956,1.956,1.956,1.198,1.404,1.414,1.35,1.504,1.306,1.224,12.269
Point_48,10.05,1.222,1.178,1.169,1.127,1.067,1.01,1.01,0.972,0.941,0.928,1.846,0.752,0.69,0.785,0.826,0.509,0.464,0.44,0.416,0.103,0.103,0.027,1.148,1.519,1.114,6.32,1.885,1.344,1.519,1.519,0.261,1.794,1.885,1.885,1.522,2.271,1.885,1.257,1.885,1.024,0.804,0.804,0.963,0.963,0.17,0.159,0.0,0.218,0.0,0.358,0.339,0.339,0.963,0.607,2.013,0.69,0.713,0.713,1.338,0.745,0.509,0.131,0.155,0.249,0.249,0.296,0.475,0.492,0.492,0.512,0.634,0.62,0.652,0.895,0.947,0.933,0.955,0.959,1.712,0.917,0.933,1.015,1.076,1.155,1.194,1.194,1.225,1.164,1.038,0.965,0.959,0.942,1.414,1.359,1.359,1.42,1.468,1.539,1.564,1.598,1.588,1.575,1.823,1.656,1.627,1.617,1.617,1.823,1.823,1.823,1.5,1.5,1.593,1.586,1.602,1.636,1.638,1.638,1.638,1.638,1.667,1.724,1.744,1.753,1.759,1.771,1.787,1.806,1.833,1.833,1.951,1.862,1.911,1.944,1.987,2.191,1.988,2.034,2.015,2.618,2.618,1.968,1.968,1.968,1.968,1.911,2.029,2.029,2.071,2.071,2.071,2.071,2.071,2.117,2.134,2.159,2.159,2.159,2.199,2.176,2.176,2.226,2.261,2.274,1.49,2.261,2.261,2.261,2.291,2.321,2.321,2.966,2.966,2.966,2.966,2.966,2.384,2.904,1.885,1.0,2.177,2.177,2.177,1.79,1.79,1.79,1.79,1.79,1.79,1.79,1.031,1.238,1.248,1.183,1.338,1.14,1.057,12.334
Point_49,10.276,1.216,1.172,1.163,1.121,1.061,1.004,1.004,0.966,0.935,0.922,1.84,0.746,0.684,0.779,0.82,0.503,0.457,0.434,0.41,0.116,0.116,0.19,1.373,1.744,1.34,6.313,2.11,1.57,1.744,1.744,0.042,2.019,2.11,2.11,1.748,2.496,2.11,1.482,2.11,1.249,1.029,1.029,0.957,0.957,0.048,0.059,0.218,0.0,0.218,0.056,0.075,0.075,0.957,0.389,2.007,0.472,0.495,0.495,1.563,0.526,0.503,0.087,0.149,0.243,0.243,0.29,0.468,0.486,0.486,0.506,0.628,0.614,0.646,0.889,0.941,0.926,0.949,0.953,1.705,0.911,0.927,1.009,1.07,1.149,1.187,1.187,1.219,1.158,1.032,0.959,0.953,0.936,1.408,1.353,1.353,1.414,1.461,1.533,1.557,1.592,1.582,1.569,1.816,1.65,1.621,1.611,1.611,1.816,1.816,1.816,1.494,1.494,1.587,1.58,1.596,1.629,1.632,1.632,1.632,1.632,1.661,1.717,1.738,1.747,1.753,1.765,1.781,1.8,1.827,1.827,1.945,1.856,1.905,1.938,1.981,2.185,1.982,2.027,2.009,2.612,2.612,1.962,1.962,1.962,1.962,1.905,2.022,2.022,2.065,2.065,2.065,2.065,2.065,2.111,2.128,2.153,2.153,2.153,2.192,2.17,2.17,2.22,2.255,2.268,1.484,2.255,2.255,2.255,2.285,2.315,2.315,3.191,3.191,3.191,3.191,3.191,2.609,3.129,2.11,0.994,2.402,2.402,2.402,2.015,2.015,2.015,2.015,2.015,2.015,2.015,1.257,1.463,1.473,1.409,1.563,1.365,1.283,12.328
Point_50,10.057,1.222,1.178,1.169,1.127,1.067,1.01,1.01,0.972,0.941,0.928,1.846,0.752,0.69,0.785,0.826,0.509,0.464,0.44,0.416,0.103,0.103,0.027,1.154,1.526,1.121,6.32,1.892,1.351,1.526,1.526,0.261,1.801,1.892,1.892,1.529,2.278,1.892,1.264,1.892,1.031,0.811,0.811,0.963,0.963,0.17,0.159,0.0,0.218,0.0,0.365,0.346,0.346,0.963,0.607,2.013,0.69,0.713,0.713,1.344,0.745,0.509,0.131,0.155,0.249,0.249,0.296,0.475,0.492,0.492,0.512,0.634,0.62,0.652,0.895,0.947,0.933,0.955,0.959,1.712,0.917,0.933,1.015,1.076,1.155,1.194,1.194,1.225,1.164,1.038,0.965,0.959,0.942,1.414,1.359,1.359,1.42,1.468,1.539,1.564,1.598,1.588,1.575,1.823,1.656,1.627,1.617,1.617,1.823,1.823,1.823,1.5,1.5,1.593,1.586,1.602,1.636,1.638,1.638,1.638,1.638,1.667,1.724,1.744,1.753,1.759,1.771,1.787,1.806,1.833,1.833,1.951,1.862,1.911,1.944,1.987,2.191,1.988,2.034,2.015,2.618,2.618,1.968,1.968,1.968,1.968,1.911,2.029,2.029,2.071,2.071,2.071,2.071,2.071,2.117,2.134,2.159,2.159,2.159,2.199,2.176,2.176,2.226,2.261,2.274,1.49,2.261,2.261,2.261,2.291,2.321,2.321,2.972,2.972,2.972,2.972,2.972,2.391,2.91,1.892,1.0,2.184,2.184,2.184,1.797,1.797,1.797,1.797,1.797,1.797,1.797,1.038,1.245,1.255,1.19,1.344,1.146,1.064,12.334
Point_51,10.056,1.299,1.256,1.247,1.205,1.145,1.088,1.087,1.049,1.019,1.006,1.924,0.829,0.768,0.863,0.903,0.587,0.541,0.517,0.493,0.18,0.18,0.104,1.153,1.524,1.12,6.397,1.89,1.35,1.524,1.524,0.054,1.799,1.89,1.89,1.528,2.276,1.89,1.262,1.89,1.029,0.809,0.809,1.041,1.041,0.104,0.115,0.07,0.056,0.077,0.0,0.019,0.019,1.041,0.4,2.09,0.484,0.506,0.506,1.343,0.538,0.587,0.208,0.233,0.326,0.326,0.374,0.552,0.569,0.569,0.589,0.711,0.697,0.729,0.973,1.025,1.01,1.032,1.036,1.789,0.995,1.011,1.093,1.154,1.233,1.271,1.271,1.302,1.241,1.115,1.042,1.037,1.019,1.492,1.436,1.436,1.498,1.545,1.616,1.641,1.676,1.666,1.652,1.9,1.733,1.705,1.694,1.694,1.9,1.9,1.9,1.578,1.578,1.671,1.664,1.679,1.713,1.716,1.716,1.716,1.716,1.744,1.801,1.822,1.83,1.837,1.848,1.865,1.883,1.911,1.911,2.028,1.94,1.988,2.021,2.065,2.268,2.065,2.111,2.092,2.696,2.696,2.046,2.046,2.046,2.046,1.988,2.106,2.106,2.148,2.148,2.148,2.148,2.148,2.195,2.212,2.237,2.237,2.237,2.276,2.253,2.253,2.304,2.338,2.352,1.567,2.338,2.338,2.338,2.369,2.399,2.399,2.971,2.971,2.971,2.971,2.971,2.389,2.909,1.89,1.077,2.182,2.182,2.182,1.795,1.795,1.795,1.795,1.795,1.795,1.795,1.037,1.243,1.253,1.189,1.343,1.145,1.063,12.412
Point_52,10.037,1.28,1.237,1.227,1.185,1.125,1.069,1.068,1.03,0.999,0.987,1.905,0.81,0.748,0.844,0.884,0.567,0.522,0.498,0.474,0.161,0.161,0.085,1.134,1.505,1.1,6.378,1.871,1.331,1.505,1.505,0.073,1.78,1.871,1.871,1.508,2.257,1.871,1.243,1.871,1.01,0.79,0.79,1.021,1.021,0.123,0.134,0.051,0.075,0.058,0.019,0.0,0.0,1.021,0.42,2.071,0.503,0.526,0.526,1.324,0.557,0.567,0.189,0.213,0.307,0.307,0.354,0.533,0.55,0.55,0.57,0.692,0.678,0.71,0.954,1.006,0.991,1.013,1.017,1.77,0.975,0.992,1.074,1.134,1.213,1.252,1.252,1.283,1.222,1.096,1.023,1.017,1.0,1.473,1.417,1.417,1.478,1.526,1.597,1.622,1.656,1.647,1.633,1.881,1.714,1.685,1.675,1.675,1.881,1.881,1.881,1.558,1.558,1.651,1.644,1.66,1.694,1.696,1.696,1.696,1.696,1.725,1.782,1.802,1.811,1.817,1.829,1.845,1.864,1.891,1.891,2.009,1.921,1.969,2.002,2.045,2.249,2.046,2.092,2.073,2.676,2.676,2.027,2.027,2.027,2.027,1.969,2.087,2.087,2.129,2.129,2.129,2.129,2.129,2.175,2.192,2.217,2.217,2.217,2.257,2.234,2.234,2.284,2.319,2.332,1.548,2.319,2.319,2.319,2.35,2.379,2.379,2.952,2.952,2.952,2.952,2.952,2.37,2.89,1.871,1.058,2.163,2.163,2.163,1.776,1.776,1.776,1.776,1.776,1.776,1.776,1.018,1.224,1.234,1.169,1.324,1.126,1.043,12.392
Point_53,10.037,1.28,1.237,1.227,1.185,1.125,1.069,1.068,1.03,0.999,0.987,1.905,0.81,0.748,0.844,0.884,0.567,0.522,0.498,0.474,0.161,0.161,0.085,1.134,1.505,1.1,6.378,1.871,1.331,1.505,1.505,0.073,1.78,1.871,1.871,1.508,2.257,1.871,1.243,1.871,1.01,0.79,0.79,1.021,1.021,0.123,0.134,0.051,0.075,0.058,0.019,0.0,0.0,1.021,0.42,2.071,0.503,0.526,0.526,1.324,0.557,0.567,0.189,0.213,0.307,0.307,0.354,0.533,0.55,0.55,0.57,0.692,0.678,0.71,0.954,1.006,0.991,1.013,1.017,1.77,0.975,0.992,1.074,1.134,1.213,1.252,1.252,1.283,1.222,1.096,1.023,1.017,1.0,1.473,1.417,1.417,1.478,1.526,1.597,1.622,1.656,1.647,1.633,1.881,1.714,1.685,1.675,1.675,1.881,1.881,1.881,1.558,1.558,1.651,1.644,1.66,1.694,1.696,1.696,1.696,1.696,1.725,1.782,1.802,1.811,1.817,1.829,1.845,1.864,1.891,1.891,2.009,1.921,1.969,2.002,2.045,2.249,2.046,2.092,2.073,2.676,2.676,2.027,2.027,2.027,2.027,1.969,2.087,2.087,2.129,2.129,2.129,2.129,2.129,2.175,2.192,2.217,2.217,2.217,2.257,2.234,2.234,2.284,2.319,2.332,1.548,2.319,2.319,2.319,2.35,2.379,2.379,2.952,2.952,2.952,2.952,2.952,2.37,2.89,1.871,1.058,2.163,2.163,2.163,1.776,1.776,1.776,1.776,1.776,1.776,1.776,1.018,1.224,1.234,1.169,1.324,1.126,1.043,12.392
Point_54,10.205,1.353,1.309,1.3,1.258,1.198,1.141,1.141,1.103,1.072,1.059,1.977,0.883,0.821,0.916,0.957,0.64,0.594,0.571,0.547,0.253,0.253,0.327,1.302,1.673,1.268,6.451,2.039,1.499,1.673,1.673,0.095,1.948,2.039,2.039,1.677,2.425,2.039,1.411,2.039,1.178,0.958,0.958,0.0,0.0,0.185,0.196,0.219,0.137,0.226,0.149,0.168,0.168,0.0,0.35,2.144,0.433,0.456,0.456,1.492,0.487,0.64,0.225,0.286,0.38,0.38,0.427,0.606,0.623,0.623,0.643,0.765,0.751,0.783,1.026,1.078,1.063,1.086,1.09,1.842,1.048,1.064,1.146,1.207,1.286,1.325,1.325,1.356,1.295,1.169,1.096,1.09,1.073,1.545,1.49,1.49,1.551,1.598,1.67,1.695,1.729,1.719,1.706,1.954,1.787,1.758,1.748,1.748,1.954,1.954,1.954,1.631,1.631,1.724,1.717,1.733,1.766,1.769,1.769,1.769,1.769,1.798,1.855,1.875,1.884,1.89,1.902,1.918,1.937,1.964,1.964,2.082,1.993,2.042,2.075,2.118,2.322,2.119,2.164,2.146,2.749,2.749,2.099,2.099,2.099,2.099,2.042,2.159,2.159,2.202,2.202,2.202,2.202,2.202,2.248,2.265,2.29,2.29,2.29,2.33,2.307,2.307,2.357,2.392,2.405,1.621,2.392,2.392,2.392,2.422,2.452,2.452,3.12,3.12,3.12,3.12,3.12,2.538,3.058,2.039,1.131,2.331,2.331,2.331,1.944,1.944,1.944,1.944,1.944,1.944,1.944,1.186,1.392,1.402,1.338,1.492,1.294,1.212,12.465
Point_55,10.12,1.605,1.561,1.552,1.51,1.45,1.393,1.392,1.354,1.324,1.311,2.229,1.135,1.073,1.168,1.208,0.892,0.846,0.822,0.798,0.505,0.505,0.578,1.217,1.588,1.184,6.702,1.954,1.414,1.588,1.588,0.346,1.863,1.954,1.954,1.592,2.34,1.954,1.326,1.954,1.094,0.873,0.873,1.346,1.346,0.437,0.448,0.471,0.389,0.478,0.4,0.42,0.42,1.346,0.0,2.395,0.083,0.106,0.106,2.047,0.138,0.892,0.476,0.538,0.631,0.631,0.679,0.857,0.875,0.875,0.894,1.016,1.003,1.034,1.278,1.33,1.315,1.337,1.341,2.094,1.3,1.316,1.398,1.459,1.538,1.576,1.576,1.607,1.546,1.42,1.347,1.342,1.324,1.797,1.741,1.741,1.803,1.85,1.921,1.946,1.981,1.971,1.957,2.205,2.038,2.01,1.999,1.999,2.205,2.205,2.205,1.883,1.883,1.976,1.969,1.984,2.018,2.021,2.021,2.021,2.021,2.049,2.106,2.127,2.135,2.142,2.153,2.17,2.188,2.216,2.216,2.333,2.245,2.293,2.326,2.37,2.573,2.37,2.416,2.397,3.001,3.001,2.351,2.351,2.351,2.351,2.293,2.411,2.411,2.454,2.454,2.454,2.454,2.454,2.5,2.517,2.542,2.542,2.542,2.581,2.558,2.558,2.609,2.643,2.657,1.872,2.643,2.643,2.643,2.674,2.704,2.704,3.035,3.035,3.035,3.035,3.035,2.453,2.973,1.954,1.382,2.247,2.247,2.247,1.859,1.859,1.859,1.859,1.859,1.859,1.859,1.437,1.644,1.654,1.589,2.047,1.545,1.463,12.717
Point_56,9.038,0.452,0.496,0.629,0.587,0.607,0.664,0.664,0.702,0.733,0.746,0.83,0.904,0.969,1.021,1.061,1.15,1.195,1.219,1.243,1.556,1.556,1.63,2.813,3.185,2.78,5.368,3.551,3.01,3.185,3.185,1.695,3.46,3.551,3.551,3.188,3.937,3.551,2.923,3.551,2.69,2.47,2.47,1.827,1.827,1.605,1.594,1.659,1.653,1.659,1.709,1.728,1.728,1.827,2.041,0.0,2.125,2.147,2.147,2.417,2.179,1.15,1.565,1.504,1.41,1.41,1.363,1.184,1.167,1.167,1.147,1.025,1.039,1.007,0.962,1.014,0.999,1.021,1.026,1.209,0.984,1.0,1.082,0.92,0.841,0.803,0.803,0.772,0.833,0.959,0.907,0.901,0.884,0.912,0.893,0.893,0.844,0.797,0.811,0.751,0.769,0.759,0.689,1.321,0.666,0.633,0.647,0.647,1.321,1.321,1.321,0.549,0.549,0.642,0.635,0.651,0.684,0.687,0.687,0.687,0.687,0.716,0.772,0.793,0.802,0.808,0.82,0.836,0.855,0.882,0.882,0.999,0.911,0.96,0.993,1.036,0.591,1.037,1.082,1.063,1.667,1.667,1.017,1.017,1.017,1.017,0.96,0.016,0.016,0.058,0.058,0.058,0.058,0.058,0.104,0.121,0.146,0.146,0.146,0.186,0.163,0.163,0.213,0.248,0.261,0.539,0.248,0.248,0.248,0.279,0.308,0.308,4.631,4.631,4.631,4.631,4.631,4.049,4.569,3.551,0.674,3.843,3.843,3.843,3.456,3.456,3.456,3.456,3.456,3.456,3.456,2.697,2.44,2.43,2.849,2.417,1.793,1.876,11.383
Point_57,8.925,1.688,1.644,1.635,1.593,1.533,1.476,1.476,1.438,1.407,1.394,2.312,1.218,1.156,1.251,1.292,0.975,0.929,0.906,0.882,0.588,0.588,0.662,1.3,1.672,1.267,6.785,2.038,1.497,1.672,1.672,0.429,1.947,2.038,2.038,1.675,2.424,2.038,1.41,2.038,1.177,0.957,0.957,1.429,1.429,0.52,0.531,0.554,0.472,0.561,0.484,0.503,0.503,1.429,0.083,2.479,0.0,0.023,0.023,1.963,0.054,0.975,0.559,0.621,0.715,0.715,0.762,0.94,0.958,0.958,0.977,1.1,1.086,1.118,1.361,1.413,1.398,1.421,1.425,2.177,1.383,1.399,1.481,1.542,1.621,1.659,1.659,1.691,1.63,1.503,1.431,1.425,1.408,1.88,1.824,1.824,1.886,1.933,2.005,2.029,2.064,2.054,2.041,2.288,2.122,2.093,2.083,2.083,2.288,2.288,2.288,1.966,1.966,2.059,2.052,2.068,2.101,2.104,2.104,2.104,2.104,2.133,2.189,2.21,2.219,2.225,2.237,2.253,2.272,2.299,2.299,2.416,2.328,2.377,2.41,2.453,2.656,2.454,2.499,2.48,3.084,3.084,2.434,2.434,2.434,2.434,2.377,2.494,2.494,2.537,2.537,2.537,2.537,2.537,2.583,2.6,2.625,2.625,2.625,2.664,2.642,2.642,2.692,2.727,2.74,1.956,2.727,2.727,2.727,2.757,2.787,2.787,3.118,3.118,3.118,3.118,3.118,2.536,3.056,2.038,1.465,2.33,2.33,2.33,1.943,1.943,1.943,1.943,1.943,1.943,1.943,1.52,1.727,1.737,1.672,1.963,1.629,1.546,12.8
Point_58,8.902,1.711,1.667,1.658,1.616,1.556,1.499,1.498,1.461,1.43,1.417,2.335,1.241,1.179,1.274,1.314,0.998,0.952,0.928,0.905,0.611,0.611,0.685,1.323,1.694,1.29,6.808,2.061,1.52,1.694,1.694,0.452,1.969,2.061,2.061,1.698,2.446,2.061,1.433,2.061,1.2,0.979,0.979,1.452,1.452,0.543,0.554,0.577,0.495,0.584,0.506,0.526,0.526,1.452,0.106,2.501,0.023,0.0,0.0,1.941,0.031,0.998,0.582,0.644,0.737,0.737,0.785,0.963,0.981,0.981,1.0,1.122,1.109,1.14,1.384,1.436,1.421,1.443,1.447,2.2,1.406,1.422,1.504,1.565,1.644,1.682,1.682,1.714,1.653,1.526,1.453,1.448,1.43,1.903,1.847,1.847,1.909,1.956,2.027,2.052,2.087,2.077,2.064,2.311,2.144,2.116,2.106,2.106,2.311,2.311,2.311,1.989,1.989,2.082,2.075,2.09,2.124,2.127,2.127,2.127,2.127,2.155,2.212,2.233,2.241,2.248,2.259,2.276,2.295,2.322,2.322,2.439,2.351,2.4,2.433,2.476,2.679,2.476,2.522,2.503,3.107,3.107,2.457,2.457,2.457,2.457,2.4,2.517,2.517,2.56,2.56,2.56,2.56,2.56,2.606,2.623,2.648,2.648,2.648,2.687,2.664,2.664,2.715,2.749,2.763,1.978,2.749,2.749,2.749,2.78,2.81,2.81,3.141,3.141,3.141,3.141,3.141,2.559,3.079,2.061,1.488,2.353,2.353,2.353,1.965,1.965,1.965,1.965,1.965,1.965,1.965,1.543,1.75,1.76,1.695,1.941,1.651,1.569,12.823
Point_59,8.902,1.711,1.667,1.658,1.616,1.556,1.499,1.498,1.461,1.43,1.417,2.335,1.241,1.179,1.274,1.314,0.998,0.952,0.928,0.905,0.611,0.611,0.685,1.323,1.694,1.29,6.808,2.061,1.52,1.694,1.694,0.452,1.969,2.061,2.061,1.698,2.446,2.061,1.433,2.061,1.2,0.979,0.979,1.452,1.452,0.543,0.554,0.577,0.495,0.584,0.506,0.526,0.526,1.452,0.106,2.501,0.023,0.0,0.0,1.941,0.031,0.998,0.582,0.644,0.737,0.737,0.785,0.963,0.981,0.981,1.0,1.122,1.109,1.14,1.384,1.436,1.421,1.443,1.447,2.2,1.406,1.422,1.504,1.565,1.644,1.682,1.682,1.714,1.653,1.526,1.453,1.448,1.43,1.903,1.847,1.847,1.909,1.956,2.027,2.052,2.087,2.077,2.064,2.311,2.144,2.116,2.106,2.106,2.311,2.311,2.311,1.989,1.989,2.082,2.075,2.09,2.124,2.127,2.127,2.127,2.127,2.155,2.212,2.233,2.241,2.248,2.259,2.276,2.295,2.322,2.322,2.439,2.351,2.4,2.433,2.476,2.679,2.476,2.522,2.503,3.107,3.107,2.457,2.457,2.457,2.457,2.4,2.517,2.517,2.56,2.56,2.56,2.56,2.56,2.606,2.623,2.648,2.648,2.648,2.687,2.664,2.664,2.715,2.749,2.763,1.978,2.749,2.749,2.749,2.78,2.81,2.81,3.141,3.141,3.141,3.141,3.141,2.559,3.079,2.061,1.488,2.353,2.353,2.353,1.965,1.965,1.965,1.965,1.965,1.965,1.965,1.543,1.75,1.76,1.695,1.941,1.651,1.569,12.823
Point_60,8.178,1.496,1.577,1.407,1.365,1.466,1.409,1.408,1.371,1.34,1.327,1.356,1.236,1.179,1.124,1.083,1.205,1.251,1.275,1.299,1.376,1.376,1.3,2.058,2.429,2.024,4.531,2.795,2.254,2.429,2.429,1.322,2.704,2.795,2.795,2.432,3.181,2.795,2.167,2.795,1.934,1.714,1.714,1.696,1.696,1.444,1.433,1.267,1.492,1.274,1.268,1.249,1.249,1.696,1.406,1.904,1.49,1.512,1.512,0.0,1.544,1.205,1.405,1.429,1.523,1.523,1.57,1.24,1.222,1.222,1.203,1.123,1.109,1.141,1.294,1.346,1.331,1.353,1.357,2.11,1.316,1.332,1.414,1.475,1.554,1.592,1.592,1.624,1.563,1.436,1.363,1.358,1.34,1.813,1.757,1.757,1.819,1.866,1.937,1.962,1.997,1.987,1.733,2.591,1.71,1.677,1.691,1.691,2.591,2.591,2.591,1.593,1.593,1.686,1.679,1.695,1.728,1.731,1.731,1.731,1.731,1.76,1.816,1.837,1.846,1.852,1.864,1.88,1.899,1.926,1.926,1.842,1.955,1.779,1.856,1.899,1.259,1.899,1.945,1.675,2.109,2.109,1.722,1.722,1.722,1.722,1.779,1.92,1.92,1.962,1.962,1.962,1.962,1.962,2.009,2.025,2.051,2.051,2.051,2.09,2.067,2.067,2.117,2.152,2.166,1.583,2.152,2.152,2.152,2.183,1.487,1.487,3.876,3.876,3.876,3.876,3.876,3.294,3.814,2.795,1.398,3.087,3.087,3.087,2.7,2.7,2.7,2.7,2.7,2.7,2.7,0.653,0.86,0.869,0.805,0.0,0.092,0.174,11.824
Point_61,8.868,1.742,1.698,1.689,1.647,1.587,1.53,1.53,1.492,1.461,1.448,2.366,1.272,1.21,1.306,1.346,1.029,0.984,0.96,0.936,0.642,0.642,0.716,1.355,1.726,1.321,6.84,2.092,1.552,1.726,1.726,0.484,2.001,2.092,2.092,1.729,2.478,2.092,1.464,2.092,1.231,1.011,1.011,1.483,1.483,0.574,0.585,0.608,0.526,0.615,0.538,0.557,0.557,1.483,0.138,2.533,0.054,0.031,0.031,1.906,0.0,1.029,0.614,0.675,0.769,0.769,0.816,0.995,1.012,1.012,1.032,1.154,1.14,1.172,1.415,1.467,1.453,1.475,1.479,2.232,1.437,1.453,1.535,1.596,1.675,1.714,1.714,1.745,1.684,1.558,1.485,1.479,1.462,1.934,1.879,1.879,1.94,1.988,2.059,2.084,2.118,2.109,2.095,2.343,2.176,2.147,2.137,2.137,2.343,2.343,2.343,2.02,2.02,2.113,2.106,2.122,2.156,2.158,2.158,2.158,2.158,2.187,2.244,2.264,2.273,2.279,2.291,2.307,2.326,2.353,2.353,2.471,2.383,2.431,2.464,2.507,2.711,2.508,2.554,2.535,3.138,3.138,2.488,2.488,2.488,2.488,2.431,2.549,2.549,2.591,2.591,2.591,2.591,2.591,2.637,2.654,2.679,2.679,2.679,2.719,2.696,2.696,2.746,2.781,2.794,2.01,2.781,2.781,2.781,2.811,2.841,2.841,3.173,3.173,3.173,3.173,3.173,2.591,3.111,2.092,1.52,2.384,2.384,2.384,1.997,1.997,1.997,1.997,1.997,1.997,1.997,1.575,1.929,1.919,1.727,1.906,1.683,1.601,12.854
Point_62,10.566,0.713,0.669,0.66,0.618,0.558,0.501,0.501,0.463,0.432,0.419,1.337,0.243,0.181,0.276,0.317,0.0,0.046,0.069,0.093,0.407,0.407,0.48,1.664,2.035,1.63,5.811,2.401,1.86,2.035,2.035,0.545,2.31,2.401,2.401,2.038,2.787,2.401,1.773,2.401,1.54,1.32,1.32,0.677,0.677,0.455,0.444,0.509,0.503,0.509,0.559,0.578,0.578,0.677,0.892,1.504,0.975,0.998,0.998,1.854,1.029,0.0,0.416,0.354,0.26,0.26,0.213,0.035,0.017,0.017,0.003,0.125,0.111,0.143,0.386,0.438,0.423,0.446,0.45,1.202,0.408,0.424,0.506,0.567,0.646,0.684,0.684,0.716,0.655,0.529,0.456,0.45,0.433,0.905,0.85,0.85,0.911,0.958,1.03,1.054,1.089,1.079,1.066,1.313,1.147,1.118,1.108,1.108,1.313,1.313,1.313,0.991,0.991,1.084,1.077,1.093,1.126,1.129,1.129,1.129,1.129,1.158,1.215,1.235,1.244,1.25,1.262,1.278,1.297,1.324,1.324,1.442,1.353,1.402,1.435,1.478,1.682,1.479,1.524,1.506,2.109,2.109,1.459,1.459,1.459,1.459,1.402,1.519,1.519,1.562,1.562,1.562,1.562,1.562,1.608,1.625,1.65,1.65,1.65,1.689,1.667,1.667,1.717,1.752,1.765,0.981,1.752,1.752,1.752,1.782,1.812,1.812,3.482,3.482,3.482,3.482,3.482,2.9,3.42,2.401,0.491,2.693,2.693,2.693,2.306,2.306,2.306,2.306,2.306,2.306,2.306,1.547,1.754,1.764,1.699,1.854,1.162,1.573,11.825
Point_63,10.188,1.128,1.085,1.076,1.034,0.974,0.917,0.916,0.878,0.848,0.835,1.753,0.658,0.597,0.692,0.732,0.416,0.37,0.346,0.322,0.029,0.029,0.102,1.286,1.657,1.252,6.226,2.023,1.482,1.657,1.657,0.13,1.932,2.023,2.023,1.66,2.409,2.023,1.395,2.023,1.162,0.942,0.942,0.87,0.87,0.039,0.028,0.131,0.087,0.131,0.143,0.162,0.162,0.87,0.476,1.919,0.559,0.582,0.582,1.476,0.614,0.416,0.0,0.062,0.155,0.155,0.203,0.381,0.398,0.398,0.418,0.54,0.526,0.558,0.802,0.854,0.839,0.861,0.865,1.618,0.824,0.84,0.922,0.983,1.062,1.1,1.1,1.131,1.07,0.944,0.871,0.866,0.848,1.321,1.265,1.265,1.327,1.374,1.445,1.47,1.505,1.495,1.481,1.729,1.562,1.534,1.523,1.523,1.729,1.729,1.729,1.407,1.407,1.5,1.493,1.508,1.542,1.545,1.545,1.545,1.545,1.573,1.63,1.651,1.659,1.666,1.677,1.694,1.712,1.74,1.74,1.857,1.769,1.817,1.85,1.894,2.097,1.894,1.94,1.921,2.525,2.525,1.875,1.875,1.875,1.875,1.817,1.935,1.935,1.977,1.977,1.977,1.977,1.977,2.024,2.041,2.066,2.066,2.066,2.105,2.082,2.082,2.133,2.167,2.181,1.396,2.167,2.167,2.167,2.198,2.228,2.228,3.104,3.104,3.104,3.104,3.104,2.522,3.042,2.023,0.906,2.315,2.315,2.315,1.928,1.928,1.928,1.928,1.928,1.928,1.928,1.169,1.376,1.386,1.321,1.476,1.277,1.195,12.241
Point_64,10.213,1.067,1.023,1.014,0.972,0.912,0.855,0.855,0.817,0.786,0.773,1.691,0.597,0.535,0.63,0.671,0.354,0.308,0.285,0.261,0.053,0.053,0.127,1.31,1.681,1.276,6.164,2.047,1.507,1.681,1.681,0.191,1.956,2.047,2.047,1.684,2.433,2.047,1.419,2.047,1.186,0.966,0.966,0.808,0.808,0.101,0.09,0.155,0.149,0.155,0.205,0.224,0.224,0.808,0.538,1.858,0.621,0.644,0.644,1.5,0.675,0.354,0.062,0.0,0.094,0.094,0.141,0.319,0.337,0.337,0.357,0.479,0.465,0.497,0.74,0.792,0.777,0.8,0.804,1.556,0.762,0.778,0.86,0.921,1.0,1.038,1.038,1.07,1.009,0.883,0.81,0.804,0.787,1.259,1.204,1.204,1.265,1.312,1.384,1.408,1.443,1.433,1.42,1.667,1.501,1.472,1.462,1.462,1.667,1.667,1.667,1.345,1.345,1.438,1.431,1.447,1.48,1.483,1.483,1.483,1.483,1.512,1.568,1.589,1.598,1.604,1.616,1.632,1.651,1.678,1.678,1.795,1.707,1.756,1.789,1.832,2.036,1.833,1.878,1.86,2.463,2.463,1.813,1.813,1.813,1.813,1.756,1.873,1.873,1.916,1.916,1.916,1.916,1.916,1.962,1.979,2.004,2.004,2.004,2.043,2.021,2.021,2.071,2.106,2.119,1.335,2.106,2.106,2.106,2.136,2.166,2.166,3.128,3.128,3.128,3.128,3.128,2.546,3.066,2.047,0.844,2.339,2.339,2.339,1.952,1.952,1.952,1.952,1.952,1.952,1.952,1.193,1.4,1.41,1.345,1.5,1.302,1.219,12.179
Point_65,10.306,0.973,0.93,0.92,0.878,0.818,0.762,0.761,0.723,0.692,0.68,1.598,0.503,0.441,0.537,0.577,0.26,0.215,0.191,0.167,0.146,0.146,0.22,1.403,1.775,1.37,6.071,2.141,1.6,1.775,1.775,0.285,2.05,2.141,2.141,1.778,2.527,2.141,1.513,2.141,1.28,1.06,1.06,0.714,0.714,0.194,0.184,0.249,0.243,0.249,0.298,0.318,0.318,0.714,0.631,1.764,0.715,0.737,0.737,1.593,0.769,0.26,0.155,0.094,0.0,0.0,0.047,0.226,0.243,0.243,0.263,0.385,0.371,0.403,0.647,0.699,0.684,0.706,0.71,1.463,0.668,0.685,0.767,0.827,0.906,0.945,0.945,0.976,0.915,0.789,0.716,0.71,0.693,1.166,1.11,1.11,1.171,1.219,1.29,1.315,1.349,1.34,1.326,1.574,1.407,1.378,1.368,1.368,1.574,1.574,1.574,1.251,1.251,1.344,1.337,1.353,1.387,1.389,1.389,1.389,1.389,1.418,1.475,1.495,1.504,1.51,1.522,1.538,1.557,1.584,1.584,1.702,1.614,1.662,1.695,1.738,1.942,1.739,1.785,1.766,2.369,2.369,1.72,1.72,1.72,1.72,1.662,1.78,1.78,1.822,1.822,1.822,1.822,1.822,1.868,1.885,1.91,1.91,1.91,1.95,1.927,1.927,1.977,2.012,2.025,1.241,2.012,2.012,2.012,2.043,2.072,2.072,3.221,3.221,3.221,3.221,3.221,2.639,3.159,2.141,0.751,2.433,2.433,2.433,2.045,2.045,2.045,2.045,2.045,2.045,2.045,1.287,1.494,1.504,1.439,1.593,1.395,1.313,12.085
Point_66,10.306,0.973,0.93,0.92,0.878,0.818,0.762,0.761,0.723,0.692,0.68,1.598,0.503,0.441,0.537,0.577,0.26,0.215,0.191,0.167,0.146,0.146,0.22,1.403,1.775,1.37,6.071,2.141,1.6,1.775,1.775,0.285,2.05,2.141,2.141,1.778,2.527,2.141,1.513,2.141,1.28,1.06,1.06,0.714,0.714,0.194,0.184,0.249,0.243,0.249,0.298,0.318,0.318,0.714,0.631,1.764,0.715,0.737,0.737,1.593,0.769,0.26,0.155,0.094,0.0,0.0,0.047,0.226,0.243,0.243,0.263,0.385,0.371,0.403,0.647,0.699,0.684,0.706,0.71,1.463,0.668,0.685,0.767,0.827,0.906,0.945,0.945,0.976,0.915,0.789,0.716,0.71,0.693,1.166,1.11,1.11,1.171,1.219,1.29,1.315,1.349,1.34,1.326,1.574,1.407,1.378,1.368,1.368,1.574,1.574,1.574,1.251,1.251,1.344,1.337,1.353,1.387,1.389,1.389,1.389,1.389,1.418,1.475,1.495,1.504,1.51,1.522,1.538,1.557,1.584,1.584,1.702,1.614,1.662,1.695,1.738,1.942,1.739,1.785,1.766,2.369,2.369,1.72,1.72,1.72,1.72,1.662,1.78,1.78,1.822,1.822,1.822,1.822,1.822,1.868,1.885,1.91,1.91,1.91,1.95,1.927,1.927,1.977,2.012,2.025,1.241,2.012,2.012,2.012,2.043,2.072,2.072,3.221,3.221,3.221,3.221,3.221,2.639,3.159,2.141,0.751,2.433,2.433,2.433,2.045,2.045,2.045,2.045,2.045,2.045,2.045,1.287,1.494,1.504,1.439,1.593,1.395,1.313,12.085
Point_67,10.354,0.926,0.882,0.873,0.831,0.771,0.714,0.714,0.676,0.645,0.632,1.55,0.456,0.394,0.489,0.53,0.213,0.167,0.144,0.12,0.194,0.194,0.268,1.451,1.822,1.417,6.023,2.188,1.648,1.822,1.822,0.332,2.097,2.188,2.188,1.825,2.574,2.188,1.56,2.188,1.327,1.107,1.107,0.667,0.667,0.242,0.231,0.296,0.29,0.296,0.346,0.365,0.365,0.667,0.679,1.717,0.762,0.785,0.785,1.641,0.816,0.213,0.203,0.141,0.047,0.047,0.0,0.178,0.196,0.196,0.216,0.338,0.324,0.356,0.599,0.651,0.636,0.659,0.663,1.415,0.621,0.637,0.719,0.78,0.859,0.897,0.897,0.929,0.868,0.742,0.669,0.663,0.646,1.118,1.063,1.063,1.124,1.171,1.243,1.267,1.302,1.292,1.279,1.526,1.36,1.331,1.321,1.321,1.526,1.526,1.526,1.204,1.204,1.297,1.29,1.306,1.339,1.342,1.342,1.342,1.342,1.371,1.427,1.448,1.457,1.463,1.475,1.491,1.51,1.537,1.537,1.654,1.566,1.615,1.648,1.691,1.895,1.692,1.737,1.719,2.322,2.322,1.672,1.672,1.672,1.672,1.615,1.732,1.732,1.775,1.775,1.775,1.775,1.775,1.821,1.838,1.863,1.863,1.863,1.902,1.88,1.88,1.93,1.965,1.978,1.194,1.965,1.965,1.965,1.995,2.025,2.025,3.269,3.269,3.269,3.269,3.269,2.687,3.207,2.188,0.704,2.48,2.48,2.48,2.093,2.093,2.093,2.093,2.093,2.093,2.093,1.334,1.541,1.551,1.486,1.641,1.443,1.36,12.038
Point_68,10.532,0.748,0.704,0.695,0.653,0.593,0.536,0.535,0.497,0.467,0.454,1.372,0.277,0.216,0.311,0.351,0.035,0.011,0.035,0.059,0.372,0.372,0.446,1.629,2.0,1.596,5.845,2.366,1.826,2.0,2.0,0.511,2.275,2.366,2.366,2.004,2.752,2.366,1.738,2.366,1.506,1.285,1.285,0.642,0.642,0.42,0.409,0.475,0.468,0.475,0.524,0.543,0.543,0.642,0.857,1.538,0.94,0.963,0.963,1.819,0.995,0.035,0.381,0.319,0.226,0.226,0.178,0.0,0.017,0.017,0.037,0.159,0.146,0.177,0.421,0.473,0.458,0.48,0.484,1.237,0.443,0.459,0.541,0.602,0.681,0.719,0.719,0.75,0.689,0.563,0.49,0.485,0.467,0.94,0.884,0.884,0.946,0.993,1.064,1.089,1.124,1.114,1.1,1.348,1.181,1.153,1.142,1.142,1.348,1.348,1.348,1.026,1.026,1.119,1.112,1.127,1.161,1.164,1.164,1.164,1.164,1.192,1.249,1.27,1.278,1.285,1.296,1.313,1.331,1.359,1.359,1.476,1.388,1.436,1.469,1.513,1.716,1.513,1.559,1.54,2.144,2.144,1.494,1.494,1.494,1.494,1.436,1.554,1.554,1.596,1.596,1.596,1.596,1.596,1.643,1.66,1.685,1.685,1.685,1.724,1.701,1.701,1.752,1.786,1.8,1.015,1.786,1.786,1.786,1.817,1.847,1.847,3.447,3.447,3.447,3.447,3.447,2.865,3.385,2.366,0.525,2.658,2.658,2.658,2.271,2.271,2.271,2.271,2.271,2.271,2.271,1.513,1.719,1.729,1.665,1.819,1.128,1.539,11.86
Point_69,10.549,0.73,0.686,0.677,0.635,0.575,0.518,0.518,0.48,0.449,0.436,1.354,0.26,0.198,0.293,0.334,0.017,0.029,0.052,0.076,0.39,0.39,0.463,1.647,2.018,1.613,5.828,2.384,1.843,2.018,2.018,0.528,2.293,2.384,2.384,2.021,2.77,2.384,1.756,2.384,1.523,1.303,1.303,0.66,0.66,0.438,0.427,0.492,0.486,0.492,0.542,0.561,0.561,0.66,0.875,1.521,0.958,0.981,0.981,1.837,1.012,0.017,0.398,0.337,0.243,0.243,0.196,0.017,0.0,0.0,0.02,0.142,0.128,0.16,0.403,0.455,0.44,0.463,0.467,1.219,0.425,0.441,0.523,0.584,0.663,0.702,0.702,0.733,0.672,0.546,0.473,0.467,0.45,0.922,0.867,0.867,0.928,0.975,1.047,1.072,1.106,1.096,1.083,1.331,1.164,1.135,1.125,1.125,1.331,1.331,1.331,1.008,1.008,1.101,1.094,1.11,1.143,1.146,1.146,1.146,1.146,1.175,1.232,1.252,1.261,1.267,1.279,1.295,1.314,1.341,1.341,1.459,1.37,1.419,1.452,1.495,1.699,1.496,1.542,1.523,2.126,2.126,1.476,1.476,1.476,1.476,1.419,1.536,1.536,1.579,1.579,1.579,1.579,1.579,1.625,1.642,1.667,1.667,1.667,1.707,1.684,1.684,1.734,1.769,1.782,0.998,1.769,1.769,1.769,1.799,1.829,1.829,3.465,3.465,3.465,3.465,3.465,2.883,3.403,2.384,0.508,2.676,2.676,2.676,2.289,2.289,2.289,2.289,2.289,2.289,2.289,1.53,1.737,1.747,1.682,1.837,1.145,1.556,11.842
Point_70,10.549,0.73,0.686,0.677,0.635,0.575,0.518,0.518,0.48,0.449,0.436,1.354,0.26,0.198,0.293,0.334,0.017,0.029,0.052,0.076,0.39,0.39,0.463,1.647,2.018,1.613,5.828,2.384,1.843,2.018,2.018,0.528,2.293,2.384,2.384,2.021,2.77,2.384,1.756,2.384,1.523,1.303,1.303,0.66,0.66,0.438,0.427,0.492,0.486,0.492,0.542,0.561,0.561,0.66,0.875,1.521,0.958,0.981,0.981,1.837,1.012,0.017,0.398,0.337,0.243,0.243,0.196,0.017,0.0,0.0,0.02,0.142,0.128,0.16,0.403,0.455,0.44,0.463,0.467,1.219,0.425,0.441,0.523,0.584,0.663,0.702,0.702,0.733,0.672,0.546,0.473,0.467,0.45,0.922,0.867,0.867,0.928,0.975,1.047,1.072,1.106,1.096,1.083,1.331,1.164,1.135,1.125,1.125,1.331,1.331,1.331,1.008,1.008,1.101,1.094,1.11,1.143,1.146,1.146,1.146,1.146,1.175,1.232,1.252,1.261,1.267,1.279,1.295,1.314,1.341,1.341,1.459,1.37,1.419,1.452,1.495,1.699,1.496,1.542,1.523,2.126,2.126,1.476,1.476,1.476,1.476,1.419,1.536,1.536,1.579,1.579,1.579,1.579,1.579,1.625,1.642,1.667,1.667,1.667,1.707,1.684,1.684,1.734,1.769,1.782,0.998,1.769,1.769,1.769,1.799,1.829,1.829,3.465,3.465,3.465,3.465,3.465,2.883,3.403,2.384,0.508,2.676,2.676,2.676,2.289,2.289,2.289,2.289,2.289,2.289,2.289,1.53,1.737,1.747,1.682,1.837,1.145,1.556,11.842
Point_71,10.569,0.71,0.667,0.658,0.615,0.556,0.499,0.498,0.46,0.429,0.417,1.335,0.24,0.179,0.274,0.314,0.003,0.048,0.072,0.096,0.409,0.409,0.483,1.666,2.037,1.633,5.808,2.404,1.863,2.037,2.037,0.548,2.312,2.404,2.404,2.041,2.789,2.404,1.776,2.404,1.543,1.322,1.322,0.68,0.68,0.457,0.447,0.512,0.506,0.512,0.561,0.581,0.581,0.68,0.894,1.501,0.977,1.0,1.0,1.856,1.032,0.003,0.418,0.357,0.263,0.263,0.216,0.037,0.02,0.02,0.0,0.122,0.108,0.14,0.384,0.436,0.421,0.443,0.447,1.2,0.405,0.422,0.504,0.565,0.644,0.682,0.682,0.713,0.652,0.526,0.453,0.448,0.43,0.903,0.847,0.847,0.908,0.956,1.027,1.052,1.086,1.077,1.063,1.311,1.144,1.116,1.105,1.105,1.311,1.311,1.311,0.988,0.988,1.081,1.075,1.09,1.124,1.127,1.127,1.127,1.127,1.155,1.212,1.233,1.241,1.247,1.259,1.276,1.294,1.322,1.322,1.439,1.351,1.399,1.432,1.475,1.679,1.476,1.522,1.503,2.107,2.107,1.457,1.457,1.457,1.457,1.399,1.517,1.517,1.559,1.559,1.559,1.559,1.559,1.606,1.623,1.648,1.648,1.648,1.687,1.664,1.664,1.715,1.749,1.763,0.978,1.749,1.749,1.749,1.78,1.809,1.809,3.484,3.484,3.484,3.484,3.484,2.902,3.422,2.404,0.488,2.696,2.696,2.696,2.308,2.308,2.308,2.308,2.308,2.308,2.308,1.55,1.757,1.766,1.702,1.856,1.165,1.576,11.823
Point_72,10.691,0.588,0.545,0.535,0.493,0.433,0.377,0.376,0.338,0.307,0.295,1.213,0.118,0.056,0.152,0.192,0.125,0.17,0.194,0.218,0.531,0.531,0.605,1.788,2.16,1.755,5.686,2.526,1.985,2.16,2.16,0.67,2.435,2.526,2.526,2.163,2.912,2.526,1.898,2.526,1.665,1.445,1.445,0.802,0.802,0.579,0.569,0.634,0.628,0.634,0.683,0.703,0.703,0.802,1.016,1.379,1.1,1.122,1.122,2.058,1.154,0.125,0.54,0.479,0.385,0.385,0.338,0.159,0.142,0.142,0.122,0.0,0.014,0.018,0.262,0.314,0.299,0.321,0.325,1.078,0.283,0.3,0.382,0.442,0.521,0.56,0.56,0.591,0.53,0.404,0.331,0.325,0.308,0.781,0.725,0.725,0.786,0.834,0.905,0.93,0.964,0.955,0.941,1.189,1.022,0.994,0.983,0.983,1.189,1.189,1.189,0.866,0.866,0.959,0.952,0.968,1.002,1.005,1.005,1.005,1.005,1.033,1.09,1.11,1.119,1.125,1.137,1.153,1.172,1.199,1.199,1.317,1.229,1.277,1.31,1.353,1.557,1.354,1.4,1.381,1.985,1.985,1.335,1.335,1.335,1.335,1.277,1.395,1.395,1.437,1.437,1.437,1.437,1.437,1.483,1.5,1.525,1.525,1.525,1.565,1.542,1.542,1.592,1.627,1.64,0.856,1.627,1.627,1.627,1.658,1.687,1.687,3.606,3.606,3.606,3.606,3.606,3.024,3.544,2.526,0.366,2.818,2.818,2.818,2.43,2.43,2.43,2.43,2.43,2.43,2.43,1.672,1.879,1.889,1.824,2.058,1.028,1.052,11.7
Point_73,10.677,0.602,0.558,0.549,0.507,0.447,0.39,0.39,0.352,0.321,0.308,1.226,0.132,0.07,0.165,0.206,0.111,0.157,0.18,0.204,0.518,0.518,0.591,1.775,2.146,1.741,5.7,2.512,1.971,2.146,2.146,0.656,2.421,2.512,2.512,2.149,2.898,2.512,1.884,2.512,1.651,1.431,1.431,0.788,0.788,0.566,0.555,0.62,0.614,0.62,0.67,0.689,0.689,0.788,1.003,1.393,1.086,1.109,1.109,2.072,1.14,0.111,0.526,0.465,0.371,0.371,0.324,0.146,0.128,0.128,0.108,0.014,0.0,0.032,0.275,0.327,0.312,0.335,0.339,1.091,0.297,0.313,0.395,0.456,0.535,0.574,0.574,0.605,0.544,0.418,0.345,0.339,0.322,0.794,0.739,0.739,0.8,0.847,0.919,0.944,0.978,0.968,0.955,1.203,1.036,1.007,0.997,0.997,1.203,1.203,1.203,0.88,0.88,0.973,0.966,0.982,1.015,1.018,1.018,1.018,1.018,1.047,1.104,1.124,1.133,1.139,1.151,1.167,1.186,1.213,1.213,1.331,1.242,1.291,1.324,1.367,1.571,1.368,1.413,1.395,1.998,1.998,1.348,1.348,1.348,1.348,1.291,1.408,1.408,1.451,1.451,1.451,1.451,1.451,1.497,1.514,1.539,1.539,1.539,1.579,1.556,1.556,1.606,1.641,1.654,0.87,1.641,1.641,1.641,1.671,1.701,1.701,3.593,3.593,3.593,3.593,3.593,3.011,3.531,2.512,0.38,2.804,2.804,2.804,2.417,2.417,2.417,2.417,2.417,2.417,2.417,1.658,1.865,1.875,1.81,2.072,1.014,1.038,11.714
Point_74,10.709,0.57,0.527,0.517,0.475,0.415,0.359,0.358,0.32,0.289,0.277,1.195,0.1,0.038,0.134,0.174,0.143,0.188,0.212,0.236,0.549,0.549,0.623,1.806,2.178,1.773,5.668,2.544,2.003,2.178,2.178,0.688,2.453,2.544,2.544,2.181,2.93,2.544,1.916,2.544,1.683,1.463,1.463,0.82,0.82,0.597,0.587,0.652,0.646,0.652,0.701,0.721,0.721,0.82,1.034,1.361,1.118,1.14,1.14,2.04,1.172,0.143,0.558,0.497,0.403,0.403,0.356,0.177,0.16,0.16,0.14,0.018,0.032,0.0,0.244,0.296,0.281,0.303,0.307,1.06,0.265,0.282,0.364,0.424,0.503,0.542,0.542,0.573,0.512,0.386,0.313,0.307,0.29,0.763,0.707,0.707,0.768,0.816,0.887,0.912,0.946,0.937,0.923,1.171,1.004,0.976,0.965,0.965,1.171,1.171,1.171,0.848,0.848,0.941,0.934,0.95,0.984,0.987,0.987,0.987,0.987,1.015,1.072,1.092,1.101,1.107,1.119,1.135,1.154,1.181,1.181,1.299,1.211,1.259,1.292,1.335,1.539,1.336,1.382,1.363,1.967,1.967,1.317,1.317,1.317,1.317,1.259,1.377,1.377,1.419,1.419,1.419,1.419,1.419,1.465,1.482,1.507,1.507,1.507,1.547,1.524,1.524,1.574,1.609,1.622,0.838,1.609,1.609,1.609,1.64,1.669,1.669,3.624,3.624,3.624,3.624,3.624,3.042,3.562,2.544,0.348,2.836,2.836,2.836,2.448,2.448,2.448,2.448,2.448,2.448,2.448,1.69,1.897,1.907,1.842,2.04,1.046,1.07,11.682
Point_75,8.567,0.476,0.432,0.423,0.381,0.321,0.264,0.264,0.226,0.195,0.182,0.117,0.163,0.227,0.279,0.319,0.408,0.454,0.477,0.501,0.815,0.815,0.889,2.072,2.443,2.038,5.628,2.809,2.269,2.443,2.443,0.954,2.718,2.809,2.809,2.447,3.195,2.809,2.181,2.809,1.948,1.728,1.728,0.918,0.918,0.863,0.852,0.917,0.911,0.917,0.967,0.986,0.986,0.918,1.3,1.321,1.383,1.406,1.406,1.946,1.437,0.408,0.824,0.762,0.668,0.668,0.621,0.443,0.425,0.425,0.406,0.284,0.297,0.266,0.0,0.052,0.037,0.059,0.064,0.868,0.074,0.09,0.172,0.233,0.312,0.35,0.35,0.381,0.32,0.194,0.143,0.137,0.12,0.571,0.515,0.515,0.576,0.624,0.695,0.72,0.754,0.745,0.731,0.979,0.812,0.784,0.773,0.773,0.979,0.979,0.979,0.868,0.868,0.901,0.894,0.91,0.944,0.946,0.946,0.946,0.946,0.975,1.032,1.052,1.061,1.067,1.079,1.095,1.114,1.141,1.141,1.259,1.171,1.219,1.252,1.295,1.445,1.296,1.342,1.323,1.926,1.926,1.276,1.276,1.276,1.276,1.219,1.337,1.337,1.379,1.379,1.379,1.379,1.379,1.425,1.442,1.467,1.467,1.467,1.507,1.484,1.484,1.534,1.569,1.582,0.744,1.569,1.569,1.569,1.599,1.629,1.629,3.89,3.89,3.89,3.89,3.89,3.308,3.828,2.809,0.253,3.101,3.101,3.101,2.714,2.714,2.714,2.714,2.714,2.714,2.714,1.956,1.969,1.959,2.108,1.946,1.322,1.404,11.642
Point_76,8.619,0.528,0.484,0.475,0.433,0.373,0.316,0.316,0.278,0.247,0.234,0.169,0.215,0.279,0.271,0.311,0.46,0.506,0.529,0.553,0.867,0.867,0.941,2.124,2.495,2.09,5.68,2.861,2.321,2.495,2.495,1.006,2.77,2.861,2.861,2.499,3.247,2.861,2.233,2.861,2.0,1.78,1.78,0.866,0.866,0.915,0.904,0.969,0.963,0.969,1.019,1.038,1.038,0.866,1.216,1.373,1.299,1.322,1.322,1.998,1.353,0.46,0.876,0.814,0.721,0.721,0.673,0.495,0.477,0.477,0.458,0.336,0.349,0.318,0.052,0.0,0.015,0.007,0.011,0.92,0.126,0.142,0.224,0.285,0.364,0.402,0.402,0.433,0.372,0.246,0.195,0.189,0.172,0.623,0.567,0.567,0.628,0.676,0.747,0.772,0.807,0.797,0.783,1.031,0.864,0.836,0.825,0.825,1.031,1.031,1.031,0.92,0.92,0.953,0.946,0.962,0.996,0.998,0.998,0.998,0.998,1.027,1.084,1.104,1.113,1.119,1.131,1.147,1.166,1.193,1.193,1.311,1.223,1.271,1.304,1.347,1.497,1.348,1.394,1.375,1.978,1.978,1.328,1.328,1.328,1.328,1.271,1.389,1.389,1.431,1.431,1.431,1.431,1.431,1.477,1.494,1.519,1.519,1.519,1.559,1.536,1.536,1.586,1.621,1.634,0.796,1.621,1.621,1.621,1.652,1.681,1.681,3.942,3.942,3.942,3.942,3.942,3.36,3.88,2.861,0.306,3.153,3.153,3.153,2.766,2.766,2.766,2.766,2.766,2.766,2.766,2.008,2.021,2.011,2.16,1.998,1.374,1.456,11.694
Point_77,8.604,0.513,0.469,0.46,0.418,0.358,0.301,0.301,0.263,0.232,0.219,0.154,0.2,0.264,0.286,0.326,0.445,0.491,0.515,0.538,0.852,0.852,0.926,2.109,2.48,2.076,5.665,2.846,2.306,2.48,2.48,0.991,2.755,2.846,2.846,2.484,3.232,2.846,2.218,2.846,1.985,1.765,1.765,0.881,0.881,0.9,0.889,0.954,0.948,0.954,1.004,1.023,1.023,0.881,1.337,1.358,1.42,1.443,1.443,1.983,1.474,0.445,0.861,0.799,0.706,0.706,0.658,0.48,0.462,0.462,0.443,0.321,0.334,0.303,0.037,0.015,0.0,0.022,0.026,0.905,0.111,0.127,0.209,0.27,0.349,0.387,0.387,0.418,0.357,0.231,0.18,0.174,0.157,0.608,0.552,0.552,0.614,0.661,0.732,0.757,0.792,0.782,0.768,1.016,0.849,0.821,0.81,0.81,1.016,1.016,1.016,0.905,0.905,0.938,0.931,0.947,0.981,0.984,0.984,0.984,0.984,1.012,1.069,1.089,1.098,1.104,1.116,1.132,1.151,1.178,1.178,1.296,1.208,1.256,1.289,1.332,1.482,1.333,1.379,1.36,1.964,1.964,1.314,1.314,1.314,1.314,1.256,1.374,1.374,1.416,1.416,1.416,1.416,1.416,1.462,1.479,1.504,1.504,1.504,1.544,1.521,1.521,1.571,1.606,1.619,0.781,1.606,1.606,1.606,1.637,1.666,1.666,3.927,3.927,3.927,3.927,3.927,3.345,3.865,2.846,0.291,3.138,3.138,3.138,2.751,2.751,2.751,2.751,2.751,2.751,2.751,1.993,2.006,1.996,2.145,1.983,1.359,1.441,11.679
Point_78,8.626,0.535,0.492,0.482,0.44,0.38,0.324,0.323,0.285,0.254,0.242,0.176,0.222,0.286,0.264,0.304,0.468,0.513,0.537,0.561,0.874,0.874,0.948,2.131,2.502,2.098,5.687,2.869,2.328,2.502,2.502,1.013,2.777,2.869,2.869,2.506,3.254,2.869,2.241,2.869,2.008,1.787,1.787,0.859,0.859,0.922,0.912,0.977,0.971,0.977,1.026,1.046,1.046,0.859,1.208,1.38,1.292,1.314,1.314,2.005,1.346,0.468,0.883,0.822,0.728,0.728,0.681,0.502,0.485,0.485,0.465,0.343,0.357,0.325,0.059,0.007,0.022,0.0,0.004,0.927,0.133,0.149,0.231,0.292,0.371,0.409,0.409,0.441,0.38,0.253,0.202,0.197,0.179,0.63,0.574,0.574,0.636,0.683,0.754,0.779,0.814,0.804,0.791,1.038,0.872,0.843,0.833,0.833,1.038,1.038,1.038,0.927,0.927,0.961,0.954,0.969,1.003,1.006,1.006,1.006,1.006,1.034,1.091,1.112,1.12,1.127,1.138,1.155,1.173,1.201,1.201,1.318,1.23,1.278,1.311,1.355,1.504,1.355,1.401,1.382,1.986,1.986,1.336,1.336,1.336,1.336,1.278,1.396,1.396,1.439,1.439,1.439,1.439,1.439,1.485,1.502,1.527,1.527,1.527,1.566,1.543,1.543,1.594,1.628,1.642,0.803,1.628,1.628,1.628,1.659,1.689,1.689,3.949,3.949,3.949,3.949,3.949,3.367,3.887,2.869,0.313,3.161,3.161,3.161,2.773,2.773,2.773,2.773,2.773,2.773,2.773,2.015,2.028,2.019,2.167,2.005,1.381,1.464,11.702
Point_79,8.63,0.539,0.496,0.487,0.445,0.385,0.328,0.327,0.289,0.258,0.246,0.18,0.226,0.291,0.259,0.3,0.472,0.517,0.541,0.565,0.878,0.878,0.952,2.135,2.507,2.102,5.691,2.873,2.332,2.507,2.507,1.017,2.782,2.873,2.873,2.51,3.259,2.873,2.245,2.873,2.012,1.792,1.792,0.854,0.854,0.926,0.916,0.981,0.975,0.981,1.003,1.023,1.023,0.854,1.204,1.384,1.287,1.31,1.31,2.01,1.342,0.472,0.887,0.826,0.732,0.732,0.685,0.506,0.489,0.489,0.469,0.347,0.361,0.329,0.064,0.011,0.026,0.004,0.0,0.931,0.137,0.153,0.235,0.296,0.375,0.413,0.413,0.445,0.384,0.258,0.206,0.201,0.183,0.634,0.578,0.578,0.64,0.687,0.759,0.783,0.818,0.808,0.795,1.042,0.876,0.847,0.837,0.837,1.042,1.042,1.042,0.931,0.931,0.965,0.958,0.973,1.007,1.01,1.01,1.01,1.01,1.038,1.095,1.116,1.124,1.131,1.142,1.159,1.178,1.205,1.205,1.322,1.234,1.283,1.316,1.359,1.508,1.359,1.405,1.386,1.99,1.99,1.34,1.34,1.34,1.34,1.283,1.4,1.4,1.443,1.443,1.443,1.443,1.443,1.489,1.506,1.531,1.531,1.531,1.57,1.547,1.547,1.598,1.632,1.646,0.807,1.632,1.632,1.632,1.663,1.693,1.693,3.953,3.953,3.953,3.953,3.953,3.371,3.891,2.873,0.317,3.165,3.165,3.165,2.777,2.777,2.777,2.777,2.777,2.777,2.777,2.019,2.032,2.023,2.171,2.01,1.386,1.468,11.706
Point_80,8.674,0.583,0.539,0.53,0.488,0.428,0.371,0.371,0.333,0.302,0.289,0.224,0.27,0.216,0.268,0.308,0.397,0.443,0.466,0.49,0.804,0.804,0.878,2.061,2.432,2.027,5.735,2.798,2.258,2.432,2.432,0.957,2.707,2.798,2.798,2.435,3.184,2.798,2.17,2.798,1.937,1.717,1.717,0.863,0.863,0.852,0.841,0.906,0.9,0.906,1.012,1.031,1.031,0.863,1.213,1.428,1.296,1.319,1.319,2.053,1.35,0.397,0.813,0.751,0.657,0.657,0.61,0.432,0.414,0.414,0.395,0.272,0.286,0.254,0.107,0.055,0.07,0.048,0.043,0.0,0.18,0.197,0.279,0.339,0.419,0.457,0.457,0.488,0.427,0.301,0.25,0.244,0.227,0.678,0.622,0.622,0.683,0.731,0.802,0.827,0.861,0.852,0.838,1.086,0.919,0.891,0.88,0.88,1.086,1.086,1.086,0.975,0.975,1.008,1.001,1.017,1.051,1.053,1.053,1.053,1.053,1.082,1.139,1.159,1.168,1.174,1.186,1.202,1.221,1.248,1.248,1.366,1.277,1.326,1.359,1.402,1.551,1.403,1.449,1.43,2.033,2.033,1.383,1.383,1.383,1.383,1.326,1.444,1.444,1.486,1.486,1.486,1.486,1.486,1.532,1.549,1.574,1.574,1.574,1.614,1.591,1.591,1.641,1.676,1.689,0.851,1.676,1.676,1.676,1.706,1.736,1.736,3.879,3.879,3.879,3.879,3.879,3.297,3.817,2.798,0.36,3.09,3.09,3.09,2.703,2.703,2.703,2.703,2.703,2.703,2.703,1.945,2.076,2.066,2.097,2.053,1.429,1.324,11.749
Point_81,8.589,0.498,0.454,0.445,0.403,0.343,0.286,0.285,0.248,0.217,0.204,0.139,0.185,0.249,0.301,0.341,0.43,0.476,0.499,0.523,0.837,0.837,0.91,2.094,2.465,2.06,5.554,2.831,2.291,2.465,2.465,0.975,2.74,2.831,2.831,2.468,3.217,2.831,2.203,2.831,1.97,1.75,1.75,0.991,0.991,0.885,0.874,0.939,0.933,0.939,0.989,1.008,1.008,0.991,1.322,1.247,1.405,1.428,1.428,1.968,1.459,0.43,0.846,0.784,0.69,0.69,0.643,0.465,0.447,0.447,0.427,0.305,0.319,0.287,0.074,0.126,0.111,0.133,0.137,0.794,0.0,0.016,0.098,0.159,0.238,0.276,0.276,0.308,0.247,0.121,0.165,0.159,0.142,0.497,0.441,0.441,0.503,0.55,0.622,0.646,0.681,0.671,0.658,0.905,0.739,0.71,0.7,0.7,0.905,0.905,0.905,0.794,0.794,0.828,0.821,0.836,0.87,0.873,0.873,0.873,0.873,0.901,0.958,0.979,0.987,0.994,1.005,1.022,1.041,1.068,1.068,1.185,1.097,1.146,1.179,1.222,1.466,1.222,1.268,1.249,1.853,1.853,1.203,1.203,1.203,1.203,1.146,1.263,1.263,1.306,1.306,1.306,1.306,1.306,1.352,1.369,1.394,1.394,1.394,1.433,1.41,1.41,1.461,1.495,1.509,0.765,1.495,1.495,1.495,1.526,1.556,1.556,3.912,3.912,3.912,3.912,3.912,3.33,3.85,2.831,0.275,3.123,3.123,3.123,2.736,2.736,2.736,2.736,2.736,2.736,2.736,1.977,1.991,1.981,2.129,1.968,1.344,1.426,11.569
Point_82,8.605,0.514,0.47,0.461,0.419,0.359,0.302,0.302,0.264,0.233,0.22,0.155,0.201,0.265,0.317,0.357,0.446,0.492,0.515,0.539,0.853,0.853,0.927,2.11,2.481,2.076,5.538,2.847,2.307,2.481,2.481,0.992,2.756,2.847,2.847,2.485,3.233,2.847,2.219,2.847,1.986,1.766,1.766,1.008,1.008,0.901,0.89,0.955,0.949,0.955,1.005,1.024,1.024,1.008,1.338,1.231,1.421,1.444,1.444,1.984,1.475,0.446,0.862,0.8,0.706,0.706,0.659,0.481,0.463,0.463,0.444,0.322,0.335,0.304,0.09,0.142,0.127,0.149,0.153,0.778,0.016,0.0,0.082,0.143,0.222,0.26,0.26,0.292,0.231,0.104,0.181,0.175,0.158,0.481,0.425,0.425,0.487,0.534,0.605,0.63,0.665,0.655,0.642,0.889,0.723,0.694,0.684,0.684,0.889,0.889,0.889,0.778,0.778,0.812,0.805,0.82,0.854,0.857,0.857,0.857,0.857,0.885,0.942,0.963,0.971,0.978,0.989,1.006,1.024,1.052,1.052,1.169,1.081,1.129,1.162,1.205,1.483,1.206,1.252,1.233,1.837,1.837,1.187,1.187,1.187,1.187,1.129,1.247,1.247,1.289,1.289,1.289,1.289,1.289,1.336,1.353,1.378,1.378,1.378,1.417,1.394,1.394,1.445,1.479,1.493,0.782,1.479,1.479,1.479,1.51,1.539,1.539,3.928,3.928,3.928,3.928,3.928,3.346,3.866,2.847,0.291,3.139,3.139,3.139,2.752,2.752,2.752,2.752,2.752,2.752,2.752,1.994,2.007,1.997,2.146,1.984,1.36,1.442,11.553
Point_83,8.687,0.596,0.552,0.273,0.501,0.441,0.384,0.384,0.346,0.315,0.302,0.237,0.283,0.347,0.399,0.439,0.528,0.574,0.597,0.621,0.935,0.935,1.009,2.192,2.563,2.158,5.456,2.929,2.389,2.563,2.563,1.074,2.838,2.929,2.929,2.566,3.315,2.929,2.301,2.929,2.068,1.848,1.848,1.09,1.09,0.983,0.972,1.037,1.031,1.037,1.087,1.106,1.106,1.09,1.42,1.149,1.503,1.526,1.526,2.066,1.557,0.528,0.944,0.882,0.788,0.788,0.741,0.563,0.545,0.545,0.526,0.403,0.417,0.385,0.172,0.224,0.209,0.231,0.235,0.696,0.098,0.082,0.0,0.061,0.14,0.178,0.178,0.21,0.149,0.022,0.263,0.257,0.24,0.399,0.343,0.343,0.405,0.452,0.523,0.548,0.583,0.573,0.56,0.807,0.641,0.612,0.602,0.602,0.807,0.807,0.807,0.696,0.696,0.73,0.723,0.738,0.772,0.775,0.775,0.775,0.775,0.803,0.86,0.881,0.889,0.896,0.907,0.924,0.942,0.97,0.97,1.087,0.999,1.047,1.08,1.124,1.565,1.124,1.17,1.151,1.755,1.755,1.105,1.105,1.105,1.105,1.047,1.165,1.165,1.207,1.207,1.207,1.207,1.207,1.254,1.271,1.296,1.296,1.296,1.335,1.312,1.312,1.363,1.397,1.411,0.838,1.397,1.397,1.397,1.428,1.458,1.458,4.01,4.01,4.01,4.01,4.01,3.428,3.948,2.929,0.373,3.221,3.221,3.221,2.834,2.834,2.834,2.834,2.834,2.834,2.834,2.076,2.089,2.079,2.228,2.066,1.442,1.524,11.471
Point_84,8.748,0.657,0.613,0.212,0.254,0.502,0.445,0.444,0.407,0.376,0.363,0.298,0.344,0.408,0.46,0.5,0.589,0.635,0.658,0.682,0.996,0.996,1.07,2.253,2.624,2.219,5.395,2.99,2.45,2.624,2.624,1.134,2.899,2.99,2.99,2.627,3.376,2.99,2.362,2.99,2.129,1.909,1.909,1.15,1.15,1.044,1.033,1.098,1.092,1.098,1.148,1.167,1.167,1.15,1.481,1.088,1.564,1.587,1.587,2.127,1.618,0.589,1.005,0.943,0.849,0.849,0.802,0.624,0.606,0.606,0.586,0.464,0.478,0.446,0.233,0.285,0.27,0.292,0.296,0.635,0.159,0.143,0.061,0.0,0.079,0.117,0.117,0.149,0.088,0.039,0.324,0.318,0.301,0.338,0.282,0.282,0.344,0.391,0.463,0.487,0.522,0.512,0.499,0.746,0.58,0.551,0.541,0.541,0.746,0.746,0.746,0.635,0.635,0.669,0.662,0.677,0.711,0.714,0.714,0.714,0.714,0.742,0.799,0.82,0.828,0.835,0.846,0.863,0.882,0.909,0.909,1.026,0.938,0.987,1.02,1.063,1.625,1.063,1.109,1.09,1.694,1.694,1.044,1.044,1.044,1.044,0.987,1.104,1.104,1.147,1.147,1.147,1.147,1.147,1.193,1.21,1.235,1.235,1.235,1.274,1.251,1.251,1.302,1.336,1.35,0.777,1.336,1.336,1.336,1.367,1.397,1.397,4.071,4.071,4.071,4.071,4.071,3.489,4.009,2.99,0.434,3.282,3.282,3.282,2.895,2.895,2.895,2.895,2.895,2.895,2.895,2.136,2.15,2.14,2.288,2.127,1.503,1.585,11.41
Point_85,8.827,0.736,0.692,0.247,0.289,0.581,0.524,0.523,0.486,0.455,0.442,0.377,0.423,0.487,0.539,0.579,0.668,0.714,0.737,0.761,1.075,1.075,1.149,2.332,2.703,2.298,5.316,3.069,2.529,2.703,2.703,1.213,2.978,3.069,3.069,2.706,3.455,3.069,2.441,3.069,2.208,1.988,1.988,1.229,1.229,1.123,1.112,1.177,1.171,1.177,1.227,1.246,1.246,1.229,1.56,1.009,1.643,1.666,1.666,2.206,1.697,0.668,1.084,1.022,0.928,0.928,0.881,0.703,0.685,0.685,0.666,0.543,0.557,0.525,0.312,0.364,0.349,0.371,0.375,0.556,0.238,0.222,0.14,0.079,0.0,0.038,0.038,0.07,0.009,0.118,0.403,0.397,0.38,0.259,0.203,0.203,0.265,0.312,0.383,0.408,0.443,0.433,0.42,0.667,0.501,0.472,0.462,0.462,0.667,0.667,0.667,0.556,0.556,0.59,0.583,0.598,0.632,0.635,0.635,0.635,0.635,0.663,0.72,0.741,0.749,0.756,0.767,0.784,0.802,0.83,0.83,0.947,0.859,0.908,0.94,0.984,1.6,0.984,1.03,1.011,1.615,1.615,0.965,0.965,0.965,0.965,0.908,1.025,1.025,1.068,1.068,1.068,1.068,1.068,1.114,1.131,1.156,1.156,1.156,1.195,1.172,1.172,1.223,1.257,1.271,0.698,1.257,1.257,1.257,1.288,1.318,1.318,4.15,4.15,4.15,4.15,4.15,3.568,4.088,3.069,0.513,3.361,3.361,3.361,2.974,2.974,2.974,2.974,2.974,2.974,2.974,2.216,2.229,2.219,2.368,2.206,1.582,1.664,11.331
Point_86,8.865,0.774,0.73,0.285,0.327,0.619,0.562,0.562,0.524,0.493,0.48,0.415,0.461,0.525,0.577,0.617,0.706,0.752,0.776,0.799,1.113,1.113,1.187,2.37,2.741,2.337,5.278,3.107,2.567,2.741,2.741,1.252,3.016,3.107,3.107,2.745,3.493,3.107,2.479,3.107,2.246,2.026,2.026,1.268,1.268,1.161,1.15,1.216,1.209,1.216,1.265,1.284,1.284,1.268,1.598,0.971,1.681,1.704,1.704,2.244,1.736,0.706,1.122,1.06,0.967,0.967,0.919,0.741,0.723,0.723,0.704,0.582,0.595,0.564,0.35,0.402,0.387,0.409,0.413,0.518,0.276,0.26,0.178,0.117,0.038,0.0,0.0,0.031,0.03,0.156,0.441,0.436,0.418,0.221,0.165,0.165,0.227,0.274,0.345,0.37,0.405,0.395,0.381,0.629,0.462,0.434,0.423,0.423,0.629,0.629,0.629,0.518,0.518,0.551,0.544,0.56,0.594,0.597,0.597,0.597,0.597,0.625,0.682,0.702,0.711,0.717,0.729,0.745,0.764,0.791,0.791,0.909,0.821,0.869,0.902,0.945,1.562,0.946,0.992,0.973,1.577,1.577,0.927,0.927,0.927,0.927,0.869,0.987,0.987,1.029,1.029,1.029,1.029,1.029,1.075,1.092,1.117,1.117,1.117,1.157,1.134,1.134,1.184,1.219,1.232,0.66,1.219,1.219,1.219,1.25,1.279,1.279,4.188,4.188,4.188,4.188,4.188,3.606,4.126,3.107,0.552,3.399,3.399,3.399,3.012,3.012,3.012,3.012,3.012,3.012,3.012,2.254,2.267,2.257,2.406,2.244,1.62,1.702,11.292
Point_87,8.865,0.774,0.73,0.285,0.327,0.619,0.562,0.562,0.524,0.493,0.48,0.415,0.461,0.525,0.577,0.617,0.706,0.752,0.776,0.799,1.113,1.113,1.187,2.37,2.741,2.337,5.278,3.107,2.567,2.741,2.741,1.252,3.016,3.107,3.107,2.745,3.493,3.107,2.479,3.107,2.246,2.026,2.026,1.268,1.268,1.161,1.15,1.216,1.209,1.216,1.265,1.284,1.284,1.268,1.598,0.971,1.681,1.704,1.704,2.244,1.736,0.706,1.122,1.06,0.967,0.967,0.919,0.741,0.723,0.723,0.704,0.582,0.595,0.564,0.35,0.402,0.387,0.409,0.413,0.518,0.276,0.26,0.178,0.117,0.038,0.0,0.0,0.031,0.03,0.156,0.441,0.436,0.418,0.221,0.165,0.165,0.227,0.274,0.345,0.37,0.405,0.395,0.381,0.629,0.462,0.434,0.423,0.423,0.629,0.629,0.629,0.518,0.518,0.551,0.544,0.56,0.594,0.597,0.597,0.597,0.597,0.625,0.682,0.702,0.711,0.717,0.729,0.745,0.764,0.791,0.791,0.909,0.821,0.869,0.902,0.945,1.562,0.946,0.992,0.973,1.577,1.577,0.927,0.927,0.927,0.927,0.869,0.987,0.987,1.029,1.029,1.029,1.029,1.029,1.075,1.092,1.117,1.117,1.117,1.157,1.134,1.134,1.184,1.219,1.232,0.66,1.219,1.219,1.219,1.25,1.279,1.279,4.188,4.188,4.188,4.188,4.188,3.606,4.126,3.107,0.552,3.399,3.399,3.399,3.012,3.012,3.012,3.012,3.012,3.012,3.012,2.254,2.267,2.257,2.406,2.244,1.62,1.702,11.292
Point_88,8.896,0.805,0.762,0.317,0.359,0.651,0.594,0.593,0.555,0.525,0.512,0.446,0.492,0.557,0.609,0.649,0.738,0.783,0.807,0.831,1.144,1.144,1.218,2.401,2.773,2.368,5.246,3.139,2.598,2.773,2.773,1.283,3.048,3.139,3.139,2.776,3.525,3.139,2.511,3.139,2.278,2.058,2.058,1.299,1.299,1.193,1.182,1.247,1.241,1.247,1.297,1.316,1.316,1.299,1.629,0.94,1.713,1.735,1.735,2.276,1.767,0.738,1.153,1.092,0.998,0.998,0.951,0.772,0.755,0.755,0.735,0.613,0.627,0.595,0.381,0.433,0.418,0.441,0.445,0.487,0.308,0.292,0.21,0.149,0.07,0.031,0.031,0.0,0.061,0.187,0.472,0.467,0.45,0.189,0.134,0.134,0.195,0.243,0.314,0.339,0.373,0.363,0.35,0.598,0.431,0.402,0.392,0.392,0.598,0.598,0.598,0.487,0.487,0.52,0.513,0.529,0.562,0.565,0.565,0.565,0.565,0.594,0.65,0.671,0.68,0.686,0.698,0.714,0.733,0.76,0.76,0.877,0.789,0.838,0.871,0.914,1.53,0.915,0.96,0.941,1.545,1.545,0.895,0.895,0.895,0.895,0.838,0.955,0.955,0.998,0.998,0.998,0.998,0.998,1.044,1.061,1.086,1.086,1.086,1.125,1.103,1.103,1.153,1.188,1.201,0.628,1.188,1.188,1.188,1.218,1.248,1.248,4.219,4.219,4.219,4.219,4.219,3.638,4.157,3.139,0.583,3.431,3.431,3.431,3.044,3.044,3.044,3.044,3.044,3.044,3.044,2.285,2.299,2.289,2.437,2.276,1.652,1.734,11.261
Point_89,8.835,0.744,0.701,0.256,0.298,0.59,0.533,0.532,0.494,0.464,0.451,0.385,0.431,0.496,0.548,0.588,0.677,0.722,0.746,0.77,1.083,1.083,1.157,2.34,2.712,2.307,5.307,3.078,2.537,2.712,2.712,1.222,2.987,3.078,3.078,2.715,3.464,3.078,2.45,3.078,2.217,1.997,1.997,1.238,1.238,1.132,1.121,1.186,1.18,1.186,1.236,1.255,1.255,1.238,1.568,1.001,1.652,1.674,1.674,2.215,1.706,0.677,1.092,1.031,0.937,0.937,0.89,0.711,0.694,0.694,0.674,0.552,0.566,0.534,0.32,0.372,0.357,0.38,0.384,0.548,0.247,0.231,0.149,0.088,0.009,0.03,0.03,0.061,0.0,0.126,0.411,0.406,0.389,0.25,0.195,0.195,0.256,0.304,0.375,0.4,0.434,0.424,0.411,0.659,0.492,0.463,0.453,0.453,0.659,0.659,0.659,0.548,0.548,0.581,0.574,0.59,0.623,0.626,0.626,0.626,0.626,0.655,0.711,0.732,0.741,0.747,0.759,0.775,0.794,0.821,0.821,0.938,0.85,0.899,0.932,0.975,1.591,0.976,1.021,1.002,1.606,1.606,0.956,0.956,0.956,0.956,0.899,1.016,1.016,1.059,1.059,1.059,1.059,1.059,1.105,1.122,1.147,1.147,1.147,1.186,1.164,1.164,1.214,1.249,1.262,0.689,1.249,1.249,1.249,1.279,1.309,1.309,4.158,4.158,4.158,4.158,4.158,3.577,4.096,3.078,0.522,3.37,3.37,3.37,2.983,2.983,2.983,2.983,2.983,2.983,2.983,2.224,2.238,2.228,2.376,2.215,1.591,1.673,11.322
Point_90,8.709,0.618,0.575,0.251,0.523,0.463,0.406,0.406,0.368,0.337,0.325,0.259,0.305,0.369,0.421,0.462,0.551,0.596,0.62,0.644,0.957,0.957,1.031,2.214,2.585,2.181,5.434,2.951,2.411,2.585,2.585,1.096,2.86,2.951,2.951,2.589,3.337,2.951,2.323,2.951,2.091,1.87,1.87,1.112,1.112,1.005,0.994,1.06,1.054,1.06,1.109,1.129,1.129,1.112,1.442,1.127,1.525,1.548,1.548,2.088,1.58,0.551,0.966,0.904,0.811,0.811,0.763,0.585,0.568,0.568,0.548,0.426,0.44,0.408,0.194,0.246,0.231,0.253,0.258,0.674,0.121,0.104,0.022,0.039,0.118,0.156,0.156,0.187,0.126,0.0,0.285,0.28,0.262,0.377,0.321,0.321,0.382,0.43,0.501,0.526,0.56,0.551,0.537,0.785,0.618,0.59,0.579,0.579,0.785,0.785,0.785,0.674,0.674,0.707,0.7,0.716,0.75,0.752,0.752,0.752,0.752,0.781,0.838,0.858,0.867,0.873,0.885,0.901,0.92,0.947,0.947,1.065,0.977,1.025,1.058,1.101,1.587,1.102,1.148,1.129,1.732,1.732,1.082,1.082,1.082,1.082,1.025,1.143,1.143,1.185,1.185,1.185,1.185,1.185,1.231,1.248,1.273,1.273,1.273,1.313,1.29,1.29,1.34,1.375,1.388,0.815,1.375,1.375,1.375,1.405,1.435,1.435,4.032,4.032,4.032,4.032,4.032,3.45,3.97,2.951,0.396,3.244,3.244,3.244,2.856,2.856,2.856,2.856,2.856,2.856,2.856,2.098,2.111,2.101,2.25,2.088,1.464,1.547,11.448
Point_91,9.084,0.433,0.389,0.256,0.298,0.357,0.414,0.415,0.453,0.484,0.496,0.581,0.68,0.745,0.797,0.837,0.926,0.971,0.995,1.019,1.332,1.332,1.406,2.589,2.961,2.556,5.442,3.327,2.786,2.961,2.961,1.471,3.236,3.327,3.327,2.964,3.713,3.327,2.699,3.327,2.466,2.246,2.246,1.487,1.487,1.381,1.37,1.435,1.429,1.435,1.484,1.504,1.504,1.487,1.817,1.135,1.901,1.923,1.923,2.464,1.955,0.926,1.341,1.28,1.186,1.186,1.139,0.96,0.943,0.943,0.923,0.801,0.815,0.783,0.569,0.621,0.606,0.629,0.633,0.928,0.496,0.48,0.398,0.337,0.372,0.41,0.41,0.441,0.38,0.375,0.0,0.655,0.637,0.631,0.575,0.575,0.636,0.684,0.755,0.78,0.814,0.805,0.791,1.039,0.739,0.707,0.833,0.833,1.039,1.039,1.039,0.623,0.623,0.716,0.709,0.724,0.758,0.761,0.761,0.761,0.761,0.789,0.846,0.867,0.875,0.882,0.893,0.91,0.928,0.956,0.956,1.073,0.985,1.033,1.066,1.11,1.726,1.11,1.156,1.137,1.741,1.741,1.091,1.091,1.091,1.091,1.033,1.151,1.151,1.194,1.194,1.194,1.194,1.194,1.24,1.257,1.282,1.282,1.282,1.321,1.298,1.298,1.349,1.383,1.397,0.612,1.383,1.383,1.383,1.414,1.444,1.444,4.407,4.407,4.407,4.407,4.407,3.825,4.345,3.327,0.425,3.619,3.619,3.619,3.232,3.232,3.232,3.232,3.232,3.232,3.232,2.473,2.486,2.477,2.625,2.464,1.84,1.922,11.457
Point_92,9.09,0.438,0.395,0.261,0.303,0.363,0.42,0.42,0.458,0.489,0.502,0.586,0.686,0.75,0.802,0.842,0.931,0.977,1.0,1.024,1.338,1.338,1.412,2.595,2.966,2.561,5.448,3.332,2.792,2.966,2.966,1.477,3.241,3.332,3.332,2.97,3.718,3.332,2.704,3.332,2.471,2.251,2.251,1.493,1.493,1.386,1.375,1.44,1.434,1.44,1.49,1.509,1.509,1.493,1.823,1.141,1.906,1.929,1.929,2.469,1.96,0.931,1.347,1.285,1.192,1.192,1.144,0.966,0.948,0.948,0.929,0.807,0.82,0.789,0.575,0.627,0.612,0.634,0.638,0.933,0.501,0.485,0.403,0.342,0.377,0.415,0.415,0.447,0.386,0.381,0.006,0.0,0.643,0.636,0.58,0.58,0.642,0.689,0.761,0.785,0.82,0.81,0.797,1.044,0.745,0.712,0.839,0.839,1.044,1.044,1.044,0.628,0.628,0.721,0.714,0.73,0.763,0.766,0.766,0.766,0.766,0.795,0.852,0.872,0.881,0.887,0.899,0.915,0.934,0.961,0.961,1.079,0.99,1.039,1.072,1.115,1.732,1.116,1.162,1.143,1.746,1.746,1.096,1.096,1.096,1.096,1.039,1.157,1.157,1.199,1.199,1.199,1.199,1.199,1.245,1.262,1.287,1.287,1.287,1.327,1.304,1.304,1.354,1.389,1.402,0.618,1.389,1.389,1.389,1.419,1.449,1.449,4.413,4.413,4.413,4.413,4.413,3.831,4.351,3.332,0.431,3.624,3.624,3.624,3.237,3.237,3.237,3.237,3.237,3.237,3.237,2.479,2.492,2.482,2.631,2.469,1.845,1.927,11.462
Point_93,9.107,0.456,0.412,0.279,0.321,0.38,0.437,0.438,0.476,0.507,0.519,0.604,0.703,0.768,0.819,0.86,0.949,0.994,1.018,1.042,1.355,1.355,1.429,2.612,2.984,2.579,5.465,3.35,2.809,2.984,2.984,1.494,3.259,3.35,3.35,2.987,3.736,3.35,2.722,3.35,2.489,2.269,2.269,1.51,1.51,1.403,1.393,1.458,1.452,1.458,1.507,1.527,1.527,1.51,1.84,1.158,1.924,1.946,1.946,2.487,1.978,0.949,1.364,1.303,1.209,1.209,1.162,0.983,0.966,0.966,0.946,0.824,0.838,0.806,0.592,0.644,0.629,0.652,0.656,0.951,0.519,0.502,0.421,0.36,0.395,0.433,0.433,0.464,0.403,0.398,0.023,0.017,0.0,0.654,0.598,0.598,0.659,0.707,0.778,0.803,0.837,0.828,0.814,1.062,0.762,0.73,0.856,0.856,1.062,1.062,1.062,0.646,0.646,0.739,0.732,0.747,0.781,0.784,0.784,0.784,0.784,0.812,0.869,0.89,0.898,0.905,0.916,0.933,0.951,0.979,0.979,1.096,1.008,1.056,1.089,1.133,1.749,1.133,1.179,1.16,1.764,1.764,1.114,1.114,1.114,1.114,1.056,1.174,1.174,1.216,1.216,1.216,1.216,1.216,1.263,1.28,1.305,1.305,1.305,1.344,1.321,1.321,1.372,1.406,1.42,0.635,1.406,1.406,1.406,1.437,1.467,1.467,4.43,4.43,4.43,4.43,4.43,3.848,4.368,3.35,0.448,3.642,3.642,3.642,3.254,3.254,3.254,3.254,3.254,3.254,3.254,2.496,2.509,2.5,2.648,2.487,1.863,1.945,11.48
Point_94,9.339,0.753,0.797,0.931,0.889,0.908,0.965,0.966,1.003,1.034,1.047,1.132,1.206,1.27,1.322,1.362,1.451,1.497,1.52,1.544,1.858,1.858,1.932,3.115,3.486,3.081,5.227,3.852,3.312,3.486,3.486,1.997,3.761,3.852,3.852,3.489,4.238,3.852,3.224,3.852,2.991,2.771,2.771,2.128,2.128,1.906,1.895,1.96,1.954,1.96,2.01,2.029,2.029,2.128,2.343,0.92,2.426,2.449,2.449,2.719,2.48,1.451,1.867,1.805,1.711,1.711,1.664,1.486,1.468,1.468,1.449,1.326,1.34,1.308,1.263,1.315,1.301,1.323,1.327,1.305,1.206,1.189,1.107,1.047,0.967,0.929,0.929,0.898,0.959,1.085,1.208,1.203,1.185,0.0,0.752,0.752,0.703,0.655,0.67,0.609,0.627,0.618,0.548,0.408,0.524,0.491,0.506,0.506,0.408,0.408,0.408,0.469,0.469,0.5,0.493,0.509,0.543,0.546,0.546,0.546,0.546,0.574,0.631,0.651,0.66,0.666,0.678,0.694,0.713,0.74,0.74,0.858,0.77,0.818,0.851,0.894,1.511,0.895,0.941,0.922,1.342,1.342,0.876,0.876,0.876,0.876,0.818,0.936,0.936,0.978,0.978,0.978,0.978,0.978,1.024,1.041,1.066,1.066,1.066,1.106,1.083,1.083,1.133,1.168,1.181,0.609,1.168,1.168,1.168,1.199,1.228,1.228,4.933,4.933,4.933,4.933,4.933,4.351,4.871,3.852,0.976,4.144,4.144,4.144,3.757,3.757,3.757,3.757,3.757,3.757,3.757,2.999,2.742,2.732,3.151,2.719,2.095,2.177,11.058
Point_95,9.03,0.627,0.671,0.45,0.493,0.784,0.727,0.727,0.689,0.658,0.645,0.58,0.626,0.69,0.742,0.783,0.871,0.917,0.941,0.965,1.278,1.278,1.352,2.535,2.906,2.502,5.101,3.272,2.732,2.906,2.906,1.417,3.181,3.272,3.272,2.91,3.658,3.272,2.644,3.272,2.412,2.191,2.191,1.433,1.433,1.326,1.315,1.381,1.374,1.381,1.43,1.449,1.449,1.433,1.763,0.794,1.846,1.869,1.869,2.409,1.901,0.871,1.287,1.225,1.132,1.132,1.084,0.906,0.889,0.889,0.869,0.747,0.761,0.729,0.515,0.567,0.552,0.574,0.578,0.541,0.441,0.425,0.343,0.282,0.203,0.165,0.165,0.134,0.195,0.321,0.606,0.601,0.583,0.12,0.0,0.0,0.049,0.097,0.168,0.193,0.227,0.218,0.204,0.529,0.285,0.256,0.246,0.246,0.529,0.529,0.529,0.341,0.341,0.374,0.367,0.383,0.416,0.419,0.419,0.419,0.419,0.448,0.505,0.525,0.534,0.54,0.552,0.568,0.587,0.614,0.614,0.732,0.643,0.692,0.725,0.768,1.385,0.769,0.814,0.796,1.399,1.399,0.749,0.749,0.749,0.749,0.692,0.809,0.809,0.852,0.852,0.852,0.852,0.852,0.898,0.915,0.94,0.94,0.94,0.979,0.957,0.957,1.007,1.042,1.055,0.482,1.042,1.042,1.042,1.072,1.102,1.102,4.353,4.353,4.353,4.353,4.353,3.771,4.291,3.272,0.717,3.565,3.565,3.565,3.177,3.177,3.177,3.177,3.177,3.177,3.177,2.419,2.432,2.422,2.571,2.409,1.785,1.868,11.115
Point_96,9.03,0.627,0.671,0.45,0.493,0.784,0.727,0.727,0.689,0.658,0.645,0.58,0.626,0.69,0.742,0.783,0.871,0.917,0.941,0.965,1.278,1.278,1.352,2.535,2.906,2.502,5.101,3.272,2.732,2.906,2.906,1.417,3.181,3.272,3.272,2.91,3.658,3.272,2.644,3.272,2.412,2.191,2.191,1.433,1.433,1.326,1.315,1.381,1.374,1.381,1.43,1.449,1.449,1.433,1.763,0.794,1.846,1.869,1.869,2.409,1.901,0.871,1.287,1.225,1.132,1.132,1.084,0.906,0.889,0.889,0.869,0.747,0.761,0.729,0.515,0.567,0.552,0.574,0.578,0.541,0.441,0.425,0.343,0.282,0.203,0.165,0.165,0.134,0.195,0.321,0.606,0.601,0.583,0.12,0.0,0.0,0.049,0.097,0.168,0.193,0.227,0.218,0.204,0.529,0.285,0.256,0.246,0.246,0.529,0.529,0.529,0.341,0.341,0.374,0.367,0.383,0.416,0.419,0.419,0.419,0.419,0.448,0.505,0.525,0.534,0.54,0.552,0.568,0.587,0.614,0.614,0.732,0.643,0.692,0.725,0.768,1.385,0.769,0.814,0.796,1.399,1.399,0.749,0.749,0.749,0.749,0.692,0.809,0.809,0.852,0.852,0.852,0.852,0.852,0.898,0.915,0.94,0.94,0.94,0.979,0.957,0.957,1.007,1.042,1.055,0.482,1.042,1.042,1.042,1.072,1.102,1.102,4.353,4.353,4.353,4.353,4.353,3.771,4.291,3.272,0.717,3.565,3.565,3.565,3.177,3.177,3.177,3.177,3.177,3.177,3.177,2.419,2.432,2.422,2.571,2.409,1.785,1.868,11.115
Point_97,9.092,0.578,0.622,0.512,0.713,0.733,0.789,0.788,0.751,0.72,0.707,0.956,0.688,0.752,0.804,0.844,0.933,0.979,1.002,1.026,1.34,1.34,1.413,2.597,2.968,2.563,5.051,3.334,2.793,2.968,2.968,1.478,3.243,3.334,3.334,2.971,3.72,3.334,2.706,3.334,2.473,2.253,2.253,1.494,1.494,1.388,1.377,1.442,1.436,1.442,1.492,1.511,1.511,1.494,1.825,0.745,1.908,1.931,1.931,2.471,1.962,0.933,1.348,1.287,1.193,1.193,1.146,0.968,0.95,0.95,0.93,0.808,0.822,0.79,0.576,0.628,0.614,0.636,0.64,0.602,0.503,0.487,0.405,0.344,0.265,0.227,0.227,0.195,0.256,0.382,0.668,0.662,0.645,0.182,0.049,0.049,0.0,0.047,0.119,0.143,0.178,0.168,0.155,0.59,0.236,0.207,0.197,0.197,0.59,0.59,0.59,0.291,0.291,0.325,0.318,0.334,0.367,0.37,0.37,0.37,0.37,0.398,0.455,0.476,0.485,0.491,0.502,0.519,0.538,0.565,0.565,0.682,0.594,0.643,0.676,0.719,1.335,0.719,0.765,0.746,1.35,1.35,0.7,0.7,0.7,0.7,0.643,0.76,0.76,0.803,0.803,0.803,0.803,0.803,0.849,0.866,0.891,0.891,0.891,0.93,0.907,0.907,0.958,0.992,1.006,0.433,0.992,0.992,0.992,1.023,1.053,1.053,4.415,4.415,4.415,4.415,4.415,3.833,4.353,3.334,0.778,3.626,3.626,3.626,3.239,3.239,3.239,3.239,3.239,3.239,3.239,2.48,2.494,2.484,2.632,2.471,1.847,1.929,11.066
Point_98,9.139,0.53,0.574,0.708,0.666,0.685,0.742,0.743,0.781,0.767,0.754,0.909,0.735,0.799,0.851,0.891,0.98,1.026,1.05,1.073,1.387,1.387,1.461,2.644,3.015,2.611,5.004,3.381,2.841,3.015,3.015,1.526,3.29,3.381,3.381,3.019,3.767,3.381,2.753,3.381,2.52,2.3,2.3,1.542,1.542,1.435,1.424,1.489,1.483,1.489,1.539,1.558,1.558,1.542,1.872,0.697,1.955,1.978,1.978,2.518,2.009,0.98,1.396,1.334,1.241,1.241,1.193,1.015,0.997,0.997,0.978,0.856,0.869,0.838,0.624,0.676,0.661,0.683,0.687,0.65,0.55,0.534,0.452,0.391,0.312,0.274,0.274,0.243,0.304,0.43,0.715,0.709,0.692,0.229,0.097,0.097,0.047,0.0,0.071,0.096,0.131,0.121,0.107,0.638,0.188,0.16,0.149,0.149,0.638,0.638,0.638,0.244,0.244,0.277,0.271,0.286,0.32,0.323,0.323,0.323,0.323,0.351,0.408,0.428,0.437,0.443,0.455,0.472,0.49,0.517,0.517,0.635,0.547,0.595,0.628,0.671,1.288,0.672,0.718,0.699,1.303,1.303,0.653,0.653,0.653,0.653,0.595,0.713,0.713,0.755,0.755,0.755,0.755,0.755,0.802,0.818,0.844,0.844,0.844,0.883,0.86,0.86,0.91,0.945,0.959,0.386,0.945,0.945,0.945,0.976,1.005,1.005,4.462,4.462,4.462,4.462,4.462,3.88,4.4,3.381,0.753,3.673,3.673,3.673,3.286,3.286,3.286,3.286,3.286,3.286,3.286,2.528,2.541,2.531,2.68,2.518,1.894,1.976,11.018
Point_99,9.21,0.545,0.589,0.722,0.68,0.7,0.757,0.757,0.795,0.826,0.826,0.923,0.806,0.87,0.922,0.963,1.052,1.097,1.121,1.145,1.458,1.458,1.532,2.715,3.086,2.682,5.019,3.453,2.912,3.086,3.086,1.597,3.361,3.453,3.453,3.09,3.838,3.453,2.825,3.453,2.592,2.371,2.371,1.613,1.613,1.506,1.496,1.561,1.555,1.561,1.61,1.63,1.63,1.613,1.943,0.712,2.026,2.049,2.049,2.589,2.081,1.052,1.467,1.406,1.312,1.312,1.265,1.086,1.069,1.069,1.049,0.927,0.941,0.909,0.695,0.747,0.732,0.754,0.759,0.721,0.622,0.605,0.523,0.463,0.383,0.345,0.345,0.314,0.375,0.501,0.786,0.781,0.763,0.301,0.168,0.168,0.119,0.015,0.0,0.111,0.145,0.136,0.122,0.709,0.203,0.174,0.164,0.164,0.709,0.709,0.709,0.259,0.259,0.292,0.285,0.301,0.334,0.337,0.337,0.337,0.337,0.366,0.423,0.443,0.452,0.458,0.47,0.486,0.505,0.532,0.532,0.65,0.561,0.61,0.643,0.686,1.302,0.687,0.732,0.714,1.317,1.317,0.667,0.667,0.667,0.667,0.61,0.727,0.727,0.77,0.77,0.77,0.77,0.77,0.816,0.833,0.858,0.858,0.858,0.897,0.875,0.875,0.925,0.96,0.973,0.4,0.96,0.96,0.96,0.99,1.02,1.02,4.533,4.533,4.533,4.533,4.533,3.951,4.471,3.453,0.768,3.745,3.745,3.745,3.357,3.357,3.357,3.357,3.357,3.357,3.357,2.599,2.612,2.603,2.751,2.589,1.965,2.048,11.033
Point_100,9.011,0.425,0.468,0.32,0.56,0.579,0.636,0.637,0.675,0.706,0.718,0.803,0.806,0.87,0.922,0.963,1.052,1.097,1.121,1.145,1.458,1.458,1.532,2.715,3.087,2.682,5.256,3.453,2.912,3.087,3.087,1.597,3.362,3.453,3.453,3.09,3.839,3.453,2.825,3.453,2.592,2.371,2.371,1.613,1.613,1.506,1.496,1.561,1.555,1.561,1.61,1.63,1.63,1.613,1.943,0.949,2.027,2.049,2.049,2.39,2.081,1.052,1.467,1.406,1.312,1.312,1.265,1.086,1.069,1.069,1.049,0.927,0.941,0.909,0.695,0.747,0.732,0.754,0.759,0.752,0.622,0.605,0.523,0.463,0.384,0.345,0.345,0.314,0.375,0.501,0.786,0.781,0.763,0.454,0.399,0.399,0.46,0.508,0.579,0.0,0.638,0.629,0.577,0.863,0.553,0.521,0.535,0.535,0.863,0.863,0.863,0.437,0.437,0.53,0.523,0.538,0.572,0.575,0.575,0.575,0.575,0.603,0.66,0.681,0.689,0.696,0.707,0.724,0.742,0.77,0.77,0.887,0.799,0.847,0.88,0.923,1.54,0.924,0.97,0.951,1.555,1.555,0.905,0.905,0.905,0.905,0.847,0.965,0.965,1.007,1.007,1.007,1.007,1.007,1.054,1.071,1.096,1.096,1.096,1.135,1.112,1.112,1.163,1.197,1.211,0.426,1.197,1.197,1.197,1.228,1.257,1.257,4.533,4.533,4.533,4.533,4.533,3.951,4.471,3.453,0.647,3.745,3.745,3.745,3.357,3.357,3.357,3.357,3.357,3.357,3.357,2.599,2.413,2.403,2.751,2.39,1.766,1.848,11.271
Point_101,9.089,0.503,0.546,0.68,0.638,0.657,0.714,0.715,0.753,0.783,0.796,0.881,0.866,0.93,0.982,1.022,1.111,1.157,1.18,1.204,1.518,1.518,1.591,2.775,3.146,2.741,4.976,3.512,2.971,3.146,3.146,1.656,3.421,3.512,3.512,3.149,3.898,3.512,2.884,3.512,2.651,2.431,2.431,1.672,1.672,1.566,1.555,1.62,1.614,1.62,1.67,1.689,1.689,1.672,2.003,0.669,2.086,2.109,2.109,2.468,2.14,1.111,1.527,1.465,1.371,1.371,1.324,1.146,1.128,1.128,1.108,0.986,1.0,0.968,0.754,0.807,0.792,0.814,0.818,0.78,0.681,0.665,0.583,0.522,0.443,0.405,0.405,0.373,0.434,0.56,0.846,0.84,0.823,0.36,0.227,0.227,0.178,0.131,0.145,0.085,0.0,0.01,0.08,0.768,0.16,0.132,0.122,0.122,0.768,0.768,0.768,0.216,0.216,0.249,0.243,0.258,0.292,0.295,0.295,0.295,0.295,0.323,0.38,0.401,0.409,0.415,0.427,0.444,0.462,0.49,0.49,0.607,0.519,0.567,0.6,0.643,1.26,0.644,0.69,0.671,1.275,1.275,0.625,0.625,0.625,0.625,0.567,0.685,0.685,0.727,0.727,0.727,0.727,0.727,0.774,0.791,0.816,0.816,0.816,0.855,0.832,0.832,0.883,0.917,0.931,0.358,0.917,0.917,0.917,0.948,0.977,0.977,4.593,4.593,4.593,4.593,4.593,4.011,4.531,3.512,0.725,3.804,3.804,3.804,3.417,3.417,3.417,3.417,3.417,3.417,3.417,2.658,2.491,2.481,2.81,2.468,1.844,1.926,10.991
Point_102,9.079,0.493,0.537,0.67,0.628,0.648,0.705,0.705,0.743,0.774,0.786,0.871,0.856,0.92,0.972,1.012,1.101,1.147,1.171,1.194,1.508,1.508,1.582,2.765,3.136,2.731,4.966,3.502,2.962,3.136,3.136,1.647,3.411,3.502,3.502,3.14,3.888,3.502,2.874,3.502,2.641,2.421,2.421,1.663,1.663,1.556,1.545,1.61,1.604,1.61,1.66,1.679,1.679,1.663,1.993,0.659,2.076,2.099,2.099,2.458,2.13,1.101,1.517,1.455,1.362,1.362,1.314,1.136,1.118,1.118,1.099,0.977,0.99,0.959,0.745,0.797,0.782,0.804,0.808,0.771,0.671,0.655,0.573,0.512,0.433,0.395,0.395,0.363,0.424,0.551,0.836,0.83,0.813,0.35,0.218,0.218,0.168,0.121,0.136,0.075,0.01,0.0,0.07,0.758,0.151,0.122,0.112,0.112,0.758,0.758,0.758,0.206,0.206,0.24,0.233,0.249,0.282,0.285,0.285,0.285,0.285,0.313,0.37,0.391,0.4,0.406,0.417,0.434,0.453,0.48,0.48,0.597,0.509,0.558,0.591,0.634,1.25,0.634,0.68,0.661,1.265,1.265,0.615,0.615,0.615,0.615,0.558,0.675,0.675,0.718,0.718,0.718,0.718,0.718,0.764,0.781,0.806,0.806,0.806,0.845,0.822,0.822,0.873,0.907,0.921,0.348,0.907,0.907,0.907,0.938,0.968,0.968,4.583,4.583,4.583,4.583,4.583,4.001,4.521,3.502,0.715,3.794,3.794,3.794,3.407,3.407,3.407,3.407,3.407,3.407,3.407,2.649,2.481,2.471,2.801,2.458,1.834,1.916,10.981
Point_103,9.009,0.423,0.467,0.6,0.558,0.578,0.635,0.635,0.673,0.704,0.717,0.801,0.842,0.907,0.959,0.999,1.088,1.133,1.157,1.181,1.494,1.494,1.568,2.751,3.123,2.718,4.896,3.489,2.948,3.123,3.123,1.633,3.398,3.489,3.489,3.126,3.875,3.489,2.861,3.489,2.628,2.408,2.408,1.649,1.649,1.543,1.532,1.597,1.591,1.597,1.647,1.666,1.666,1.649,1.979,0.59,2.063,2.085,2.085,2.388,2.117,1.088,1.503,1.442,1.348,1.348,1.301,1.122,1.105,1.105,1.085,0.963,0.977,0.945,0.731,0.783,0.768,0.791,0.795,0.757,0.658,0.642,0.56,0.499,0.42,0.381,0.381,0.35,0.411,0.537,0.822,0.817,0.8,0.337,0.204,0.204,0.155,0.107,0.122,0.061,0.08,0.07,0.0,0.745,0.081,0.052,0.042,0.042,0.745,0.745,0.745,0.137,0.137,0.17,0.163,0.179,0.212,0.215,0.215,0.215,0.215,0.244,0.3,0.321,0.33,0.336,0.348,0.364,0.383,0.41,0.41,0.527,0.439,0.488,0.521,0.564,1.18,0.565,0.61,0.591,1.195,1.195,0.545,0.545,0.545,0.545,0.488,0.605,0.605,0.648,0.648,0.648,0.648,0.648,0.694,0.711,0.736,0.736,0.736,0.775,0.753,0.753,0.803,0.838,0.851,0.278,0.838,0.838,0.838,0.868,0.898,0.898,4.569,4.569,4.569,4.569,4.569,3.988,4.507,3.489,0.645,3.781,3.781,3.781,3.394,3.394,3.394,3.394,3.394,3.394,3.394,2.635,2.411,2.401,2.787,2.388,1.764,1.847,10.911
Point_104,8.931,0.345,0.389,0.522,0.48,0.5,0.557,0.557,0.595,0.626,0.639,0.723,0.798,0.862,0.914,0.954,1.043,1.089,1.112,1.136,1.45,1.45,1.523,2.707,3.078,2.673,4.819,3.444,2.903,3.078,3.078,1.588,3.353,3.444,3.444,3.081,3.83,3.444,2.816,3.444,2.583,2.363,2.363,1.72,1.72,1.498,1.487,1.552,1.546,1.552,1.602,1.621,1.621,1.72,1.935,0.512,2.018,2.041,2.041,2.311,2.072,1.043,1.458,1.397,1.303,1.303,1.256,1.077,1.06,1.06,1.04,0.918,0.932,0.9,0.855,0.907,0.892,0.915,0.919,0.897,0.797,0.781,0.699,0.638,0.559,0.521,0.521,0.49,0.551,0.677,0.8,0.795,0.777,0.476,0.344,0.344,0.294,0.247,0.262,0.201,0.219,0.209,0.14,0.0,0.116,0.083,0.098,0.098,0.0,0.0,0.0,0.06,0.06,0.092,0.085,0.101,0.134,0.137,0.137,0.137,0.137,0.166,0.223,0.243,0.252,0.258,0.27,0.286,0.305,0.332,0.332,0.45,0.361,0.41,0.443,0.486,1.103,0.487,0.533,0.514,1.117,1.117,0.467,0.467,0.467,0.467,0.41,0.528,0.528,0.57,0.57,0.57,0.57,0.57,0.616,0.633,0.658,0.658,0.658,0.698,0.675,0.675,0.725,0.76,0.773,0.2,0.76,0.76,0.76,0.79,0.82,0.82,4.525,4.525,4.525,4.525,4.525,3.943,4.463,3.444,0.568,3.736,3.736,3.736,3.349,3.349,3.349,3.349,3.349,3.349,3.349,2.59,2.333,2.324,2.742,2.311,1.687,1.769,10.833
Point_105,8.985,0.399,0.443,0.577,0.535,0.554,0.611,0.612,0.649,0.68,0.693,0.777,0.923,0.988,1.039,1.08,1.169,1.214,1.238,1.262,1.575,1.575,1.649,2.832,3.204,2.799,4.873,3.57,3.029,3.204,3.204,1.714,3.479,3.57,3.57,3.207,3.956,3.57,2.942,3.57,2.709,2.489,2.489,1.73,1.73,1.623,1.613,1.678,1.672,1.678,1.727,1.747,1.747,1.73,2.06,0.566,2.144,2.166,2.166,2.365,2.198,1.169,1.584,1.523,1.429,1.429,1.382,1.203,1.186,1.186,1.166,1.044,1.058,1.026,0.812,0.864,0.849,0.872,0.876,0.838,0.739,0.723,0.641,0.58,0.501,0.462,0.462,0.431,0.492,0.618,0.903,0.898,0.88,0.418,0.285,0.285,0.236,0.188,0.203,0.142,0.16,0.151,0.081,0.826,0.0,0.029,0.039,0.039,0.826,0.826,0.826,0.113,0.113,0.146,0.139,0.155,0.189,0.191,0.191,0.191,0.191,0.22,0.277,0.297,0.306,0.312,0.324,0.34,0.359,0.386,0.386,0.504,0.416,0.464,0.497,0.54,1.157,0.541,0.587,0.568,1.171,1.171,0.521,0.521,0.521,0.521,0.464,0.582,0.582,0.624,0.624,0.624,0.624,0.624,0.67,0.687,0.712,0.712,0.712,0.752,0.729,0.729,0.779,0.814,0.827,0.254,0.814,0.814,0.814,0.844,0.874,0.874,4.65,4.65,4.65,4.65,4.65,4.068,4.588,3.57,0.622,3.862,3.862,3.862,3.475,3.475,3.475,3.475,3.475,3.475,3.475,2.716,2.387,2.378,2.868,2.365,1.741,1.823,10.887
Point_106,8.953,0.367,0.41,0.544,0.502,0.522,0.578,0.579,0.617,0.648,0.66,0.745,0.895,0.959,1.011,1.051,1.14,1.186,1.209,1.233,1.547,1.547,1.621,2.804,3.175,2.77,4.84,3.541,3.001,3.175,3.175,1.686,3.45,3.541,3.541,3.178,3.927,3.541,2.913,3.541,2.68,2.46,2.46,1.702,1.702,1.595,1.584,1.649,1.643,1.649,1.699,1.718,1.718,1.702,2.032,0.533,2.115,2.138,2.138,2.332,2.169,1.14,1.556,1.494,1.4,1.4,1.353,1.175,1.157,1.157,1.138,1.015,1.029,0.997,0.784,0.836,0.821,0.843,0.847,0.81,0.71,0.694,0.612,0.551,0.472,0.434,0.434,0.402,0.463,0.59,0.875,0.869,0.852,0.389,0.256,0.256,0.207,0.16,0.174,0.114,0.132,0.122,0.052,0.797,0.029,0.0,0.01,0.01,0.797,0.797,0.797,0.08,0.08,0.114,0.107,0.122,0.156,0.159,0.159,0.159,0.159,0.187,0.244,0.265,0.273,0.28,0.291,0.308,0.326,0.354,0.354,0.471,0.383,0.432,0.465,0.508,1.124,0.508,0.554,0.535,1.139,1.139,0.489,0.489,0.489,0.489,0.432,0.549,0.549,0.592,0.592,0.592,0.592,0.592,0.638,0.655,0.68,0.68,0.68,0.719,0.696,0.696,0.747,0.781,0.795,0.222,0.781,0.781,0.781,0.812,0.842,0.842,4.622,4.622,4.622,4.622,4.622,4.04,4.56,3.541,0.589,3.833,3.833,3.833,3.446,3.446,3.446,3.446,3.446,3.446,3.446,2.688,2.355,2.345,2.84,2.332,1.708,1.79,10.855
Point_107,8.967,0.381,0.425,0.558,0.516,0.536,0.593,0.593,0.631,0.662,0.675,0.759,0.884,0.949,1.001,1.041,1.13,1.175,1.199,1.223,1.536,1.536,1.61,2.793,3.165,2.76,4.854,3.531,2.99,3.165,3.165,1.675,3.44,3.531,3.531,3.168,3.917,3.531,2.903,3.531,2.67,2.45,2.45,1.691,1.691,1.585,1.574,1.639,1.633,1.639,1.688,1.708,1.708,1.691,2.021,0.548,2.105,2.127,2.127,2.346,2.159,1.13,1.545,1.484,1.39,1.39,1.343,1.164,1.147,1.147,1.127,1.005,1.019,0.987,0.773,0.825,0.81,0.833,0.837,0.799,0.7,0.684,0.602,0.541,0.462,0.423,0.423,0.392,0.453,0.579,0.864,0.859,0.841,0.379,0.246,0.246,0.197,0.149,0.164,0.103,0.122,0.112,0.042,0.787,0.039,0.01,0.0,0.0,0.787,0.787,0.787,0.095,0.095,0.128,0.121,0.137,0.17,0.173,0.173,0.173,0.173,0.202,0.258,0.279,0.288,0.294,0.306,0.322,0.341,0.368,0.368,0.485,0.397,0.446,0.479,0.522,1.138,0.523,0.568,0.55,1.153,1.153,0.503,0.503,0.503,0.503,0.446,0.563,0.563,0.606,0.606,0.606,0.606,0.606,0.652,0.669,0.694,0.694,0.694,0.733,0.711,0.711,0.761,0.796,0.809,0.236,0.796,0.796,0.796,0.826,0.856,0.856,4.611,4.611,4.611,4.611,4.611,4.029,4.549,3.531,0.603,3.823,3.823,3.823,3.436,3.436,3.436,3.436,3.436,3.436,3.436,2.677,2.369,2.359,2.829,2.346,1.722,1.805,10.869
Point_108,8.967,0.381,0.425,0.558,0.516,0.536,0.593,0.593,0.631,0.662,0.675,0.759,0.884,0.949,1.001,1.041,1.13,1.175,1.199,1.223,1.536,1.536,1.61,2.793,3.165,2.76,4.854,3.531,2.99,3.165,3.165,1.675,3.44,3.531,3.531,3.168,3.917,3.531,2.903,3.531,2.67,2.45,2.45,1.691,1.691,1.585,1.574,1.639,1.633,1.639,1.688,1.708,1.708,1.691,2.021,0.548,2.105,2.127,2.127,2.346,2.159,1.13,1.545,1.484,1.39,1.39,1.343,1.164,1.147,1.147,1.127,1.005,1.019,0.987,0.773,0.825,0.81,0.833,0.837,0.799,0.7,0.684,0.602,0.541,0.462,0.423,0.423,0.392,0.453,0.579,0.864,0.859,0.841,0.379,0.246,0.246,0.197,0.149,0.164,0.103,0.122,0.112,0.042,0.787,0.039,0.01,0.0,0.0,0.787,0.787,0.787,0.095,0.095,0.128,0.121,0.137,0.17,0.173,0.173,0.173,0.173,0.202,0.258,0.279,0.288,0.294,0.306,0.322,0.341,0.368,0.368,0.485,0.397,0.446,0.479,0.522,1.138,0.523,0.568,0.55,1.153,1.153,0.503,0.503,0.503,0.503,0.446,0.563,0.563,0.606,0.606,0.606,0.606,0.606,0.652,0.669,0.694,0.694,0.694,0.733,0.711,0.711,0.761,0.796,0.809,0.236,0.796,0.796,0.796,0.826,0.856,0.856,4.611,4.611,4.611,4.611,4.611,4.029,4.549,3.531,0.603,3.823,3.823,3.823,3.436,3.436,3.436,3.436,3.436,3.436,3.436,2.677,2.369,2.359,2.829,2.346,1.722,1.805,10.869
Point_109,8.931,0.345,0.389,0.522,0.48,0.5,0.557,0.557,0.595,0.626,0.639,0.723,0.798,0.862,0.914,0.954,1.043,1.089,1.112,1.136,1.45,1.45,1.523,2.707,3.078,2.673,4.819,3.444,2.903,3.078,3.078,1.588,3.353,3.444,3.444,3.081,3.83,3.444,2.816,3.444,2.583,2.363,2.363,1.72,1.72,1.498,1.487,1.552,1.546,1.552,1.602,1.621,1.621,1.72,1.935,0.512,2.018,2.041,2.041,2.311,2.072,1.043,1.458,1.397,1.303,1.303,1.256,1.077,1.06,1.06,1.04,0.918,0.932,0.9,0.855,0.907,0.892,0.915,0.919,0.897,0.797,0.781,0.699,0.638,0.559,0.521,0.521,0.49,0.551,0.677,0.8,0.795,0.777,0.476,0.344,0.344,0.294,0.247,0.262,0.201,0.219,0.209,0.14,0.0,0.116,0.083,0.098,0.098,0.0,0.0,0.0,0.06,0.06,0.092,0.085,0.101,0.134,0.137,0.137,0.137,0.137,0.166,0.223,0.243,0.252,0.258,0.27,0.286,0.305,0.332,0.332,0.45,0.361,0.41,0.443,0.486,1.103,0.487,0.533,0.514,1.117,1.117,0.467,0.467,0.467,0.467,0.41,0.528,0.528,0.57,0.57,0.57,0.57,0.57,0.616,0.633,0.658,0.658,0.658,0.698,0.675,0.675,0.725,0.76,0.773,0.2,0.76,0.76,0.76,0.79,0.82,0.82,4.525,4.525,4.525,4.525,4.525,3.943,4.463,3.444,0.568,3.736,3.736,3.736,3.349,3.349,3.349,3.349,3.349,3.349,3.349,2.59,2.333,2.324,2.742,2.311,1.687,1.769,10.833
Point_110,8.931,0.345,0.389,0.522,0.48,0.5,0.557,0.557,0.595,0.626,0.639,0.723,0.798,0.862,0.914,0.954,1.043,1.089,1.112,1.136,1.45,1.45,1.523,2.707,3.078,2.673,4.819,3.444,2.903,3.078,3.078,1.588,3.353,3.444,3.444,3.081,3.83,3.444,2.816,3.444,2.583,2.363,2.363,1.72,1.72,1.498,1.487,1.552,1.546,1.552,1.602,1.621,1.621,1.72,1.935,0.512,2.018,2.041,2.041,2.311,2.072,1.043,1.458,1.397,1.303,1.303,1.256,1.077,1.06,1.06,1.04,0.918,0.932,0.9,0.855,0.907,0.892,0.915,0.919,0.897,0.797,0.781,0.699,0.638,0.559,0.521,0.521,0.49,0.551,0.677,0.8,0.795,0.777,0.476,0.344,0.344,0.294,0.247,0.262,0.201,0.219,0.209,0.14,0.0,0.116,0.083,0.098,0.098,0.0,0.0,0.0,0.06,0.06,0.092,0.085,0.101,0.134,0.137,0.137,0.137,0.137,0.166,0.223,0.243,0.252,0.258,0.27,0.286,0.305,0.332,0.332,0.45,0.361,0.41,0.443,0.486,1.103,0.487,0.533,0.514,1.117,1.117,0.467,0.467,0.467,0.467,0.41,0.528,0.528,0.57,0.57,0.57,0.57,0.57,0.616,0.633,0.658,0.658,0.658,0.698,0.675,0.675,0.725,0.76,0.773,0.2,0.76,0.76,0.76,0.79,0.82,0.82,4.525,4.525,4.525,4.525,4.525,3.943,4.463,3.444,0.568,3.736,3.736,3.736,3.349,3.349,3.349,3.349,3.349,3.349,3.349,2.59,2.333,2.324,2.742,2.311,1.687,1.769,10.833
Point_111,8.931,0.345,0.389,0.522,0.48,0.5,0.557,0.557,0.595,0.626,0.639,0.723,0.798,0.862,0.914,0.954,1.043,1.089,1.112,1.136,1.45,1.45,1.523,2.707,3.078,2.673,4.819,3.444,2.903,3.078,3.078,1.588,3.353,3.444,3.444,3.081,3.83,3.444,2.816,3.444,2.583,2.363,2.363,1.72,1.72,1.498,1.487,1.552,1.546,1.552,1.602,1.621,1.621,1.72,1.935,0.512,2.018,2.041,2.041,2.311,2.072,1.043,1.458,1.397,1.303,1.303,1.256,1.077,1.06,1.06,1.04,0.918,0.932,0.9,0.855,0.907,0.892,0.915,0.919,0.897,0.797,0.781,0.699,0.638,0.559,0.521,0.521,0.49,0.551,0.677,0.8,0.795,0.777,0.476,0.344,0.344,0.294,0.247,0.262,0.201,0.219,0.209,0.14,0.0,0.116,0.083,0.098,0.098,0.0,0.0,0.0,0.06,0.06,0.092,0.085,0.101,0.134,0.137,0.137,0.137,0.137,0.166,0.223,0.243,0.252,0.258,0.27,0.286,0.305,0.332,0.332,0.45,0.361,0.41,0.443,0.486,1.103,0.487,0.533,0.514,1.117,1.117,0.467,0.467,0.467,0.467,0.41,0.528,0.528,0.57,0.57,0.57,0.57,0.57,0.616,0.633,0.658,0.658,0.658,0.698,0.675,0.675,0.725,0.76,0.773,0.2,0.76,0.76,0.76,0.79,0.82,0.82,4.525,4.525,4.525,4.525,4.525,3.943,4.463,3.444,0.568,3.736,3.736,3.736,3.349,3.349,3.349,3.349,3.349,3.349,3.349,2.59,2.333,2.324,2.742,2.311,1.687,1.769,10.833
Point_112,8.869,0.283,0.326,0.46,0.418,0.437,0.494,0.495,0.533,0.564,0.576,0.661,0.735,0.799,0.851,0.891,0.98,1.026,1.05,1.073,1.387,1.387,1.461,2.644,3.015,2.611,4.757,3.381,2.841,3.015,3.015,1.526,3.29,3.381,3.381,3.019,3.767,3.381,2.753,3.381,2.52,2.3,2.3,1.657,1.657,1.435,1.424,1.489,1.483,1.489,1.539,1.558,1.558,1.657,1.872,0.45,1.955,1.978,1.978,2.248,2.009,0.98,1.396,1.334,1.241,1.241,1.193,1.015,0.997,0.997,0.978,0.856,0.869,0.838,0.793,0.845,0.83,0.852,0.856,0.896,0.814,0.831,0.698,0.637,0.558,0.52,0.52,0.488,0.549,0.676,0.738,0.732,0.715,0.475,0.342,0.342,0.293,0.246,0.26,0.2,0.218,0.208,0.138,1.202,0.115,0.082,0.096,0.096,1.202,1.202,1.202,0.0,0.0,0.03,0.024,0.039,0.073,0.076,0.076,0.076,0.076,0.104,0.161,0.182,0.19,0.197,0.208,0.225,0.243,0.271,0.271,0.388,0.3,0.348,0.381,0.424,1.041,0.425,0.471,0.452,1.056,1.056,0.406,0.406,0.406,0.406,0.348,0.466,0.466,0.508,0.508,0.508,0.508,0.508,0.555,0.572,0.597,0.597,0.597,0.636,0.613,0.613,0.664,0.698,0.712,0.138,0.698,0.698,0.698,0.729,0.758,0.758,4.462,4.462,4.462,4.462,4.462,3.88,4.4,3.381,0.505,3.673,3.673,3.673,3.286,3.286,3.286,3.286,3.286,3.286,3.286,2.528,2.271,2.261,2.68,2.248,1.624,1.706,10.772
Point_113,8.869,0.283,0.326,0.46,0.418,0.437,0.494,0.495,0.533,0.564,0.576,0.661,0.735,0.799,0.851,0.891,0.98,1.026,1.05,1.073,1.387,1.387,1.461,2.644,3.015,2.611,4.757,3.381,2.841,3.015,3.015,1.526,3.29,3.381,3.381,3.019,3.767,3.381,2.753,3.381,2.52,2.3,2.3,1.657,1.657,1.435,1.424,1.489,1.483,1.489,1.539,1.558,1.558,1.657,1.872,0.45,1.955,1.978,1.978,2.248,2.009,0.98,1.396,1.334,1.241,1.241,1.193,1.015,0.997,0.997,0.978,0.856,0.869,0.838,0.793,0.845,0.83,0.852,0.856,0.896,0.814,0.831,0.698,0.637,0.558,0.52,0.52,0.488,0.549,0.676,0.738,0.732,0.715,0.475,0.342,0.342,0.293,0.246,0.26,0.2,0.218,0.208,0.138,1.202,0.115,0.082,0.096,0.096,1.202,1.202,1.202,0.0,0.0,0.03,0.024,0.039,0.073,0.076,0.076,0.076,0.076,0.104,0.161,0.182,0.19,0.197,0.208,0.225,0.243,0.271,0.271,0.388,0.3,0.348,0.381,0.424,1.041,0.425,0.471,0.452,1.056,1.056,0.406,0.406,0.406,0.406,0.348,0.466,0.466,0.508,0.508,0.508,0.508,0.508,0.555,0.572,0.597,0.597,0.597,0.636,0.613,0.613,0.664,0.698,0.712,0.138,0.698,0.698,0.698,0.729,0.758,0.758,4.462,4.462,4.462,4.462,4.462,3.88,4.4,3.381,0.505,3.673,3.673,3.673,3.286,3.286,3.286,3.286,3.286,3.286,3.286,2.528,2.271,2.261,2.68,2.248,1.624,1.706,10.772
Point_114,9.085,0.872,0.915,1.049,1.007,1.027,1.083,1.084,1.122,1.153,1.165,1.25,1.324,1.388,1.44,1.481,1.57,1.615,1.639,1.663,1.976,1.976,2.05,3.233,3.604,3.2,4.726,3.97,3.43,3.604,3.604,2.115,3.879,3.97,3.97,3.608,4.356,3.97,3.342,3.97,3.11,2.889,2.889,2.246,2.246,2.024,2.013,2.079,2.072,2.079,2.128,2.147,2.147,2.246,2.461,0.42,2.544,2.567,2.567,2.464,2.599,1.57,1.985,1.923,1.83,1.83,1.782,1.604,1.587,1.587,1.567,1.445,1.459,1.427,1.382,1.434,1.419,1.441,1.445,1.629,1.404,1.42,1.502,1.34,1.261,1.223,1.223,1.191,1.252,1.379,1.327,1.321,1.304,1.332,1.313,1.313,1.264,1.217,1.231,1.17,1.189,1.179,1.109,1.171,1.085,1.053,1.067,1.067,1.171,1.171,1.171,0.969,0.969,0.0,1.055,0.009,0.042,0.045,0.045,0.045,0.045,0.074,0.13,0.151,0.16,0.166,0.178,0.194,0.213,0.24,0.24,0.358,0.269,0.318,0.351,0.394,1.01,0.395,0.44,0.422,1.025,1.025,0.375,0.375,0.375,0.375,0.318,0.435,0.435,0.478,0.478,0.478,0.478,0.478,0.524,0.541,0.566,0.566,0.566,0.605,0.583,0.583,0.633,0.668,0.681,0.958,0.668,0.668,0.668,0.698,0.728,0.728,5.051,5.051,5.051,5.051,5.051,4.469,4.989,3.97,1.094,4.263,4.263,4.263,3.875,3.875,3.875,3.875,3.875,3.875,3.875,2.401,2.487,2.477,2.668,2.464,1.84,1.922,10.741
Point_115,9.092,0.879,0.922,1.056,1.014,1.033,1.09,1.091,1.129,1.16,1.172,1.257,1.331,1.395,1.447,1.487,1.576,1.622,1.646,1.669,1.983,1.983,2.057,3.24,3.611,3.207,4.733,3.977,3.437,3.611,3.611,2.122,3.886,3.977,3.977,3.615,4.363,3.977,3.349,3.977,3.116,2.896,2.896,2.253,2.253,2.031,2.02,2.085,2.079,2.085,2.135,2.154,2.154,2.253,2.468,0.427,2.551,2.574,2.574,2.471,2.606,1.576,1.992,1.93,1.837,1.837,1.789,1.611,1.593,1.593,1.574,1.452,1.465,1.434,1.389,1.441,1.426,1.448,1.452,1.636,1.41,1.427,1.509,1.347,1.268,1.23,1.23,1.198,1.259,1.386,1.334,1.328,1.311,1.339,1.32,1.32,1.271,1.223,1.238,1.177,1.195,1.186,1.116,1.178,1.092,1.06,1.074,1.074,1.178,1.178,1.178,0.975,0.975,0.007,0.0,0.016,0.049,0.052,0.052,0.052,0.052,0.08,0.137,0.158,0.167,0.173,0.185,0.201,0.22,0.247,0.247,0.364,0.276,0.325,0.358,0.401,1.017,0.402,0.447,0.428,1.032,1.032,0.382,0.382,0.382,0.382,0.325,0.442,0.442,0.485,0.485,0.485,0.485,0.485,0.531,0.548,0.573,0.573,0.573,0.612,0.589,0.589,0.64,0.675,0.688,0.965,0.675,0.675,0.675,0.705,0.735,0.735,5.058,5.058,5.058,5.058,5.058,4.476,4.996,3.977,1.101,4.269,4.269,4.269,3.882,3.882,3.882,3.882,3.882,3.882,3.882,2.408,2.494,2.484,2.675,2.471,1.847,1.929,10.748
Point_116,9.076,0.863,0.907,1.04,0.998,1.018,1.075,1.075,1.113,1.144,1.157,1.241,1.315,1.38,1.431,1.472,1.561,1.606,1.63,1.654,1.967,1.967,2.041,3.224,3.596,3.191,4.718,3.962,3.421,3.596,3.596,2.106,3.871,3.962,3.962,3.599,4.348,3.962,3.334,3.962,3.101,2.881,2.881,2.238,2.238,2.015,2.005,2.07,2.064,2.07,2.119,2.139,2.139,2.238,2.452,0.411,2.536,2.558,2.558,2.455,2.59,1.561,1.976,1.915,1.821,1.821,1.774,1.595,1.578,1.578,1.558,1.436,1.45,1.418,1.373,1.425,1.41,1.432,1.436,1.62,1.395,1.411,1.493,1.331,1.252,1.214,1.214,1.183,1.244,1.37,1.318,1.312,1.295,1.323,1.304,1.304,1.255,1.208,1.222,1.162,1.18,1.17,1.1,1.163,1.077,1.044,1.058,1.058,1.163,1.163,1.163,0.96,0.96,1.053,1.046,0.0,0.034,0.036,0.036,0.036,0.036,0.065,0.122,0.142,0.151,0.157,0.169,0.185,0.204,0.231,0.231,0.349,0.261,0.309,0.342,0.385,1.002,0.386,0.432,0.413,1.016,1.016,0.366,0.366,0.366,0.366,0.309,0.427,0.427,0.469,0.469,0.469,0.469,0.469,0.515,0.532,0.557,0.557,0.557,0.597,0.574,0.574,0.624,0.659,0.672,0.95,0.659,0.659,0.659,0.689,0.719,0.719,5.042,5.042,5.042,5.042,5.042,4.46,4.98,3.962,1.085,4.254,4.254,4.254,3.867,3.867,3.867,3.867,3.867,3.867,3.867,2.392,2.478,2.468,2.659,2.455,1.831,1.914,10.732
Point_117,9.042,0.829,0.873,1.007,0.965,0.984,1.041,1.042,1.079,1.11,1.123,1.208,1.282,1.346,1.398,1.438,1.527,1.573,1.596,1.62,1.934,1.934,2.008,3.191,3.562,3.157,4.684,3.928,3.388,3.562,3.562,2.073,3.837,3.928,3.928,3.565,4.314,3.928,3.3,3.928,3.067,2.847,2.847,2.204,2.204,1.982,1.971,2.036,2.03,2.036,2.086,2.105,2.105,2.204,2.419,0.377,2.502,2.525,2.525,2.422,2.556,1.527,1.943,1.881,1.787,1.787,1.74,1.562,1.544,1.544,1.525,1.402,1.416,1.384,1.339,1.391,1.376,1.399,1.403,1.587,1.361,1.377,1.459,1.298,1.219,1.18,1.18,1.149,1.21,1.336,1.284,1.279,1.261,1.29,1.271,1.271,1.222,1.174,1.189,1.128,1.146,1.137,1.067,1.129,1.043,1.01,1.025,1.025,1.129,1.129,1.129,0.926,0.926,1.019,1.012,1.028,0.0,0.003,0.003,0.003,0.003,0.031,0.088,0.109,0.117,0.124,0.135,0.152,0.17,0.198,0.198,0.315,0.227,0.275,0.308,0.352,0.968,0.352,0.398,0.379,0.983,0.983,0.333,0.333,0.333,0.333,0.275,0.393,0.393,0.436,0.436,0.436,0.436,0.436,0.482,0.499,0.524,0.524,0.524,0.563,0.54,0.54,0.591,0.625,0.639,0.916,0.625,0.625,0.625,0.656,0.686,0.686,5.009,5.009,5.009,5.009,5.009,4.427,4.947,3.928,1.052,4.22,4.22,4.22,3.833,3.833,3.833,3.833,3.833,3.833,3.833,2.359,2.445,2.435,2.626,2.422,1.798,1.88,10.699
Point_118,9.04,0.827,0.87,1.004,0.962,0.981,1.038,1.039,1.077,1.108,1.12,1.205,1.279,1.343,1.395,1.435,1.524,1.57,1.594,1.617,1.931,1.931,2.005,3.188,3.559,3.155,4.681,3.925,3.385,3.559,3.559,2.07,3.834,3.925,3.925,3.563,4.311,3.925,3.297,3.925,3.064,2.844,2.844,2.201,2.201,1.979,1.968,2.033,2.027,2.033,2.083,2.102,2.102,2.201,2.416,0.375,2.499,2.522,2.522,2.419,2.553,1.524,1.94,1.878,1.785,1.785,1.737,1.559,1.541,1.541,1.522,1.4,1.413,1.382,1.337,1.389,1.374,1.396,1.4,1.584,1.358,1.375,1.457,1.295,1.216,1.178,1.178,1.146,1.207,1.333,1.281,1.276,1.259,1.287,1.268,1.268,1.219,1.171,1.186,1.125,1.143,1.134,1.064,1.126,1.04,1.008,1.022,1.022,1.126,1.126,1.126,0.923,0.923,1.016,1.01,1.025,1.059,0.0,0.0,0.0,0.0,0.028,0.085,0.106,0.115,0.121,0.133,0.149,0.168,0.195,0.195,0.312,0.224,0.273,0.306,0.349,0.965,0.349,0.395,0.376,0.98,0.98,0.33,0.33,0.33,0.33,0.273,0.39,0.39,0.433,0.433,0.433,0.433,0.433,0.479,0.496,0.521,0.521,0.521,0.56,0.537,0.537,0.588,0.622,0.636,0.913,0.622,0.622,0.622,0.653,0.683,0.683,5.006,5.006,5.006,5.006,5.006,4.424,4.944,3.925,1.049,4.217,4.217,4.217,3.83,3.83,3.83,3.83,3.83,3.83,3.83,2.356,2.442,2.432,2.623,2.419,1.795,1.877,10.696
Point_119,9.04,0.827,0.87,1.004,0.962,0.981,1.038,1.039,1.077,1.108,1.12,1.205,1.279,1.343,1.395,1.435,1.524,1.57,1.594,1.617,1.931,1.931,2.005,3.188,3.559,3.155,4.681,3.925,3.385,3.559,3.559,2.07,3.834,3.925,3.925,3.563,4.311,3.925,3.297,3.925,3.064,2.844,2.844,2.201,2.201,1.979,1.968,2.033,2.027,2.033,2.083,2.102,2.102,2.201,2.416,0.375,2.499,2.522,2.522,2.419,2.553,1.524,1.94,1.878,1.785,1.785,1.737,1.559,1.541,1.541,1.522,1.4,1.413,1.382,1.337,1.389,1.374,1.396,1.4,1.584,1.358,1.375,1.457,1.295,1.216,1.178,1.178,1.146,1.207,1.333,1.281,1.276,1.259,1.287,1.268,1.268,1.219,1.171,1.186,1.125,1.143,1.134,1.064,1.126,1.04,1.008,1.022,1.022,1.126,1.126,1.126,0.923,0.923,1.016,1.01,1.025,1.059,0.0,0.0,0.0,0.0,0.028,0.085,0.106,0.115,0.121,0.133,0.149,0.168,0.195,0.195,0.312,0.224,0.273,0.306,0.349,0.965,0.349,0.395,0.376,0.98,0.98,0.33,0.33,0.33,0.33,0.273,0.39,0.39,0.433,0.433,0.433,0.433,0.433,0.479,0.496,0.521,0.521,0.521,0.56,0.537,0.537,0.588,0.622,0.636,0.913,0.622,0.622,0.622,0.653,0.683,0.683,5.006,5.006,5.006,5.006,5.006,4.424,4.944,3.925,1.049,4.217,4.217,4.217,3.83,3.83,3.83,3.83,3.83,3.83,3.83,2.356,2.442,2.432,2.623,2.419,1.795,1.877,10.696
Point_120,9.04,0.827,0.87,1.004,0.962,0.981,1.038,1.039,1.077,1.108,1.12,1.205,1.279,1.343,1.395,1.435,1.524,1.57,1.594,1.617,1.931,1.931,2.005,3.188,3.559,3.155,4.681,3.925,3.385,3.559,3.559,2.07,3.834,3.925,3.925,3.563,4.311,3.925,3.297,3.925,3.064,2.844,2.844,2.201,2.201,1.979,1.968,2.033,2.027,2.033,2.083,2.102,2.102,2.201,2.416,0.375,2.499,2.522,2.522,2.419,2.553,1.524,1.94,1.878,1.785,1.785,1.737,1.559,1.541,1.541,1.522,1.4,1.413,1.382,1.337,1.389,1.374,1.396,1.4,1.584,1.358,1.375,1.457,1.295,1.216,1.178,1.178,1.146,1.207,1.333,1.281,1.276,1.259,1.287,1.268,1.268,1.219,1.171,1.186,1.125,1.143,1.134,1.064,1.126,1.04,1.008,1.022,1.022,1.126,1.126,1.126,0.923,0.923,1.016,1.01,1.025,1.059,0.0,0.0,0.0,0.0,0.028,0.085,0.106,0.115,0.121,0.133,0.149,0.168,0.195,0.195,0.312,0.224,0.273,0.306,0.349,0.965,0.349,0.395,0.376,0.98,0.98,0.33,0.33,0.33,0.33,0.273,0.39,0.39,0.433,0.433,0.433,0.433,0.433,0.479,0.496,0.521,0.521,0.521,0.56,0.537,0.537,0.588,0.622,0.636,0.913,0.622,0.622,0.622,0.653,0.683,0.683,5.006,5.006,5.006,5.006,5.006,4.424,4.944,3.925,1.049,4.217,4.217,4.217,3.83,3.83,3.83,3.83,3.83,3.83,3.83,2.356,2.442,2.432,2.623,2.419,1.795,1.877,10.696
Point_121,9.04,0.827,0.87,1.004,0.962,0.981,1.038,1.039,1.077,1.108,1.12,1.205,1.279,1.343,1.395,1.435,1.524,1.57,1.594,1.617,1.931,1.931,2.005,3.188,3.559,3.155,4.681,3.925,3.385,3.559,3.559,2.07,3.834,3.925,3.925,3.563,4.311,3.925,3.297,3.925,3.064,2.844,2.844,2.201,2.201,1.979,1.968,2.033,2.027,2.033,2.083,2.102,2.102,2.201,2.416,0.375,2.499,2.522,2.522,2.419,2.553,1.524,1.94,1.878,1.785,1.785,1.737,1.559,1.541,1.541,1.522,1.4,1.413,1.382,1.337,1.389,1.374,1.396,1.4,1.584,1.358,1.375,1.457,1.295,1.216,1.178,1.178,1.146,1.207,1.333,1.281,1.276,1.259,1.287,1.268,1.268,1.219,1.171,1.186,1.125,1.143,1.134,1.064,1.126,1.04,1.008,1.022,1.022,1.126,1.126,1.126,0.923,0.923,1.016,1.01,1.025,1.059,0.0,0.0,0.0,0.0,0.028,0.085,0.106,0.115,0.121,0.133,0.149,0.168,0.195,0.195,0.312,0.224,0.273,0.306,0.349,0.965,0.349,0.395,0.376,0.98,0.98,0.33,0.33,0.33,0.33,0.273,0.39,0.39,0.433,0.433,0.433,0.433,0.433,0.479,0.496,0.521,0.521,0.521,0.56,0.537,0.537,0.588,0.622,0.636,0.913,0.622,0.622,0.622,0.653,0.683,0.683,5.006,5.006,5.006,5.006,5.006,4.424,4.944,3.925,1.049,4.217,4.217,4.217,3.83,3.83,3.83,3.83,3.83,3.83,3.83,2.356,2.442,2.432,2.623,2.419,1.795,1.877,10.696
Point_122,9.011,0.798,0.842,0.975,0.933,0.953,1.01,1.01,1.048,1.079,1.092,1.176,1.251,1.315,1.367,1.407,1.496,1.541,1.565,1.589,1.902,1.902,1.976,3.16,3.531,3.126,4.653,3.897,3.356,3.531,3.531,2.041,3.806,3.897,3.897,3.534,4.283,3.897,3.269,3.897,3.036,2.816,2.816,2.173,2.173,1.951,1.94,2.005,1.999,2.005,2.055,2.074,2.074,2.173,2.387,0.346,2.471,2.494,2.494,2.39,2.525,1.496,1.911,1.85,1.756,1.756,1.709,1.53,1.513,1.513,1.493,1.371,1.385,1.353,1.308,1.36,1.345,1.368,1.372,1.556,1.33,1.346,1.428,1.267,1.188,1.149,1.149,1.118,1.179,1.305,1.253,1.248,1.23,1.258,1.24,1.24,1.19,1.143,1.158,1.097,1.115,1.105,1.035,1.098,1.012,0.979,0.993,0.993,1.098,1.098,1.098,0.895,0.895,0.988,0.981,0.997,1.03,1.033,1.033,1.033,1.033,0.0,0.057,0.077,0.086,0.092,0.104,0.121,0.139,0.166,0.166,0.284,0.196,0.244,0.277,0.32,0.937,0.321,0.367,0.348,0.952,0.952,0.302,0.302,0.302,0.302,0.244,0.362,0.362,0.404,0.404,0.404,0.404,0.404,0.451,0.467,0.493,0.493,0.493,0.532,0.509,0.509,0.559,0.594,0.608,0.885,0.594,0.594,0.594,0.625,0.654,0.654,4.977,4.977,4.977,4.977,4.977,4.396,4.916,3.897,1.021,4.189,4.189,4.189,3.802,3.802,3.802,3.802,3.802,3.802,3.802,2.328,2.413,2.403,2.595,2.39,1.766,1.849,10.667
Point_123,8.996,0.783,0.826,0.96,0.918,0.937,0.994,0.995,1.033,1.064,1.076,1.161,1.235,1.299,1.351,1.391,1.48,1.526,1.55,1.573,1.887,1.887,1.961,3.144,3.515,3.111,4.637,3.881,3.341,3.515,3.515,2.026,3.79,3.881,3.881,3.519,4.267,3.881,3.253,3.881,3.02,2.8,2.8,2.157,2.157,1.935,1.924,1.989,1.983,1.989,2.039,2.058,2.058,2.157,2.372,0.331,2.455,2.478,2.478,2.375,2.509,1.48,1.896,1.834,1.741,1.741,1.693,1.515,1.497,1.497,1.478,1.356,1.369,1.338,1.293,1.345,1.33,1.352,1.356,1.54,1.314,1.331,1.413,1.251,1.172,1.134,1.134,1.102,1.163,1.289,1.237,1.232,1.215,1.243,1.224,1.224,1.175,1.127,1.142,1.081,1.099,1.09,1.02,1.082,0.996,0.964,0.978,0.978,1.082,1.082,1.082,0.879,0.879,0.972,0.966,0.981,1.015,1.018,1.018,1.018,1.018,1.046,0.0,0.062,0.071,0.077,0.089,0.105,0.124,0.151,0.151,0.268,0.18,0.229,0.262,0.305,0.921,0.305,0.351,0.332,0.936,0.936,0.286,0.286,0.286,0.286,0.229,0.346,0.346,0.389,0.389,0.389,0.389,0.389,0.435,0.452,0.477,0.477,0.477,0.516,0.493,0.493,0.544,0.578,0.592,0.869,0.578,0.578,0.578,0.609,0.639,0.639,4.962,4.962,4.962,4.962,4.962,4.38,4.9,3.881,1.005,4.173,4.173,4.173,3.786,3.786,3.786,3.786,3.786,3.786,3.786,2.312,2.398,2.388,2.579,2.375,1.751,1.833,10.652
Point_124,8.934,0.721,0.764,0.898,0.856,0.875,0.932,0.933,0.971,1.002,1.014,1.099,1.173,1.237,1.289,1.33,1.418,1.464,1.488,1.512,1.825,1.825,1.899,3.082,3.453,3.049,4.575,3.819,3.279,3.453,3.453,1.964,3.728,3.819,3.819,3.457,4.205,3.819,3.191,3.819,2.958,2.738,2.738,2.095,2.095,1.873,1.862,1.928,1.921,1.928,1.977,1.996,1.996,2.095,2.31,0.269,2.393,2.416,2.416,2.313,2.448,1.418,1.834,1.772,1.679,1.679,1.631,1.453,1.435,1.435,1.416,1.294,1.307,1.276,1.231,1.283,1.268,1.29,1.294,1.478,1.252,1.269,1.351,1.189,1.11,1.072,1.072,1.04,1.101,1.228,1.176,1.17,1.153,1.181,1.162,1.162,1.113,1.065,1.08,1.019,1.038,1.028,0.958,1.02,0.934,0.902,0.916,0.916,1.02,1.02,1.02,0.818,0.818,0.911,0.904,0.919,0.953,0.956,0.956,0.956,0.956,0.984,1.041,0.0,0.009,0.015,0.027,0.043,0.062,0.089,0.089,0.206,0.118,0.167,0.2,0.243,0.859,0.244,0.289,0.27,0.874,0.874,0.224,0.224,0.224,0.224,0.167,0.284,0.284,0.327,0.327,0.327,0.327,0.327,0.373,0.39,0.415,0.415,0.415,0.454,0.432,0.432,0.482,0.517,0.53,0.807,0.517,0.517,0.517,0.547,0.577,0.577,4.9,4.9,4.9,4.9,4.9,4.318,4.838,3.819,0.943,4.111,4.111,4.111,3.724,3.724,3.724,3.724,3.724,3.724,3.724,2.25,2.336,2.326,2.517,2.313,1.689,1.771,10.59
Point_125,8.925,0.712,0.756,0.889,0.847,0.867,0.924,0.924,0.962,0.993,1.006,1.09,1.164,1.229,1.28,1.321,1.41,1.455,1.479,1.503,1.816,1.816,1.89,3.073,3.445,3.04,4.567,3.811,3.27,3.445,3.445,1.955,3.72,3.811,3.811,3.448,4.197,3.811,3.183,3.811,2.95,2.73,2.73,2.087,2.087,1.864,1.854,1.919,1.913,1.919,1.968,1.988,1.988,2.087,2.301,0.26,2.385,2.407,2.407,2.304,2.439,1.41,1.825,1.764,1.67,1.67,1.623,1.444,1.427,1.427,1.407,1.285,1.299,1.267,1.222,1.274,1.259,1.281,1.286,1.469,1.244,1.26,1.342,1.18,1.101,1.063,1.063,1.032,1.093,1.219,1.167,1.161,1.144,1.172,1.153,1.153,1.104,1.057,1.071,1.011,1.029,1.019,0.949,1.012,0.926,0.893,0.907,0.907,1.012,1.012,1.012,0.809,0.809,0.902,0.895,0.911,0.944,0.947,0.947,0.947,0.947,0.976,1.032,1.053,0.0,0.006,0.018,0.034,0.053,0.08,0.08,0.198,0.11,0.158,0.191,0.234,0.851,0.235,0.281,0.262,0.865,0.865,0.215,0.215,0.215,0.215,0.158,0.276,0.276,0.318,0.318,0.318,0.318,0.318,0.364,0.381,0.406,0.406,0.406,0.446,0.423,0.423,0.473,0.508,0.521,0.799,0.508,0.508,0.508,0.538,0.568,0.568,4.891,4.891,4.891,4.891,4.891,4.309,4.829,3.811,0.934,4.103,4.103,4.103,3.716,3.716,3.716,3.716,3.716,3.716,3.716,2.241,2.327,2.317,2.508,2.304,1.68,1.763,10.581
Point_126,8.919,0.706,0.749,0.883,0.841,0.861,0.917,0.918,0.956,0.987,0.999,1.084,1.158,1.222,1.274,1.315,1.403,1.449,1.473,1.497,1.81,1.81,1.884,3.067,3.438,3.034,4.56,3.804,3.264,3.438,3.438,1.949,3.713,3.804,3.804,3.442,4.19,3.804,3.176,3.804,2.944,2.723,2.723,2.08,2.08,1.858,1.847,1.913,1.906,1.913,1.962,1.981,1.981,2.08,2.295,0.254,2.378,2.401,2.401,2.298,2.433,1.403,1.819,1.757,1.664,1.664,1.616,1.438,1.421,1.421,1.401,1.279,1.293,1.261,1.216,1.268,1.253,1.275,1.279,1.463,1.238,1.254,1.336,1.174,1.095,1.057,1.057,1.025,1.086,1.213,1.161,1.155,1.138,1.166,1.147,1.147,1.098,1.051,1.065,1.004,1.023,1.013,0.943,1.005,0.919,0.887,0.901,0.901,1.005,1.005,1.005,0.803,0.803,0.896,0.889,0.904,0.938,0.941,0.941,0.941,0.941,0.969,1.026,1.047,1.055,0.0,0.012,0.028,0.047,0.074,0.074,0.191,0.103,0.152,0.185,0.228,0.844,0.229,0.274,0.256,0.859,0.859,0.209,0.209,0.209,0.209,0.152,0.269,0.269,0.312,0.312,0.312,0.312,0.312,0.358,0.375,0.4,0.4,0.4,0.439,0.417,0.417,0.467,0.502,0.515,0.792,0.502,0.502,0.502,0.532,0.562,0.562,4.885,4.885,4.885,4.885,4.885,4.303,4.823,3.804,0.928,4.097,4.097,4.097,3.709,3.709,3.709,3.709,3.709,3.709,3.709,2.235,2.321,2.311,2.502,2.298,1.674,1.756,10.575
Point_127,8.907,0.694,0.738,0.871,0.829,0.849,0.906,0.906,0.944,0.975,0.988,1.072,1.146,1.211,1.263,1.303,1.392,1.437,1.461,1.485,1.798,1.798,1.872,3.055,3.427,3.022,4.549,3.793,3.252,3.427,3.427,1.937,3.702,3.793,3.793,3.43,4.179,3.793,3.165,3.793,2.932,2.712,2.712,2.069,2.069,1.847,1.836,1.901,1.895,1.901,1.951,1.97,1.97,2.069,2.283,0.242,2.367,2.389,2.389,2.286,2.421,1.392,1.807,1.746,1.652,1.652,1.605,1.426,1.409,1.409,1.389,1.267,1.281,1.249,1.204,1.256,1.241,1.263,1.268,1.452,1.226,1.242,1.324,1.162,1.083,1.045,1.045,1.014,1.075,1.201,1.149,1.143,1.126,1.154,1.135,1.135,1.086,1.039,1.053,0.993,1.011,1.001,0.931,0.994,0.908,0.875,0.889,0.889,0.994,0.994,0.994,0.791,0.791,0.884,0.877,0.893,0.926,0.929,0.929,0.929,0.929,0.958,1.014,1.035,1.044,1.05,0.0,0.016,0.035,0.062,0.062,0.18,0.092,0.14,0.173,0.216,0.833,0.217,0.263,0.244,0.847,0.847,0.197,0.197,0.197,0.197,0.14,0.258,0.258,0.3,0.3,0.3,0.3,0.3,0.346,0.363,0.388,0.388,0.388,0.428,0.405,0.405,0.455,0.49,0.503,0.781,0.49,0.49,0.49,0.521,0.55,0.55,4.873,4.873,4.873,4.873,4.873,4.292,4.811,3.793,0.916,4.085,4.085,4.085,3.698,3.698,3.698,3.698,3.698,3.698,3.698,2.223,2.309,2.299,2.49,2.286,1.662,1.745,10.563
Point_128,8.891,0.678,0.721,0.855,0.813,0.832,0.889,0.89,0.928,0.959,0.971,1.056,1.13,1.194,1.246,1.286,1.375,1.421,1.445,1.468,1.782,1.782,1.856,3.039,3.41,3.006,4.532,3.776,3.236,3.41,3.41,1.921,3.685,3.776,3.776,3.414,4.162,3.776,3.148,3.776,2.915,2.695,2.695,2.052,2.052,1.83,1.819,1.885,1.878,1.885,1.934,1.953,1.953,2.052,2.267,0.226,2.35,2.373,2.373,2.27,2.405,1.375,1.791,1.729,1.636,1.636,1.588,1.41,1.392,1.392,1.373,1.251,1.264,1.233,1.188,1.24,1.225,1.247,1.251,1.435,1.209,1.226,1.308,1.146,1.067,1.029,1.029,0.997,1.058,1.185,1.133,1.127,1.11,1.138,1.119,1.119,1.07,1.022,1.037,0.976,0.994,0.985,0.915,0.977,0.891,0.859,0.873,0.873,0.977,0.977,0.977,0.775,0.775,0.868,0.861,0.876,0.91,0.913,0.913,0.913,0.913,0.941,0.998,1.019,1.027,1.034,1.045,0.0,0.019,0.046,0.046,0.163,0.075,0.124,0.157,0.2,0.816,0.201,0.246,0.227,0.831,0.831,0.181,0.181,0.181,0.181,0.124,0.241,0.241,0.284,0.284,0.284,0.284,0.284,0.33,0.347,0.372,0.372,0.372,0.411,0.389,0.389,0.439,0.474,0.487,0.764,0.474,0.474,0.474,0.504,0.534,0.534,4.857,4.857,4.857,4.857,4.857,4.275,4.795,3.776,0.9,4.068,4.068,4.068,3.681,3.681,3.681,3.681,3.681,3.681,3.681,2.207,2.293,2.283,2.474,2.27,1.646,1.728,10.547
Point_129,8.872,0.659,0.703,0.836,0.794,0.814,0.871,0.871,0.909,0.94,0.953,1.037,1.111,1.176,1.227,1.268,1.357,1.402,1.426,1.45,1.763,1.763,1.837,3.02,3.392,2.987,4.514,3.758,3.217,3.392,3.392,1.902,3.667,3.758,3.758,3.395,4.144,3.758,3.13,3.758,2.897,2.676,2.676,2.034,2.034,1.811,1.801,1.866,1.86,1.866,1.915,1.935,1.935,2.034,2.248,0.207,2.332,2.354,2.354,2.251,2.386,1.357,1.772,1.711,1.617,1.617,1.57,1.391,1.374,1.374,1.354,1.232,1.246,1.214,1.169,1.221,1.206,1.228,1.232,1.416,1.191,1.207,1.289,1.127,1.048,1.01,1.01,0.979,1.04,1.166,1.114,1.108,1.091,1.119,1.1,1.1,1.051,1.004,1.018,0.958,0.976,0.966,0.896,0.959,0.873,0.84,0.854,0.854,0.959,0.959,0.959,0.756,0.756,0.849,0.842,0.858,0.891,0.894,0.894,0.894,0.894,0.922,0.979,1.0,1.009,1.015,1.027,1.043,0.0,0.027,0.027,0.145,0.056,0.105,0.138,0.181,0.798,0.182,0.228,0.209,0.812,0.812,0.162,0.162,0.162,0.162,0.105,0.223,0.223,0.265,0.265,0.265,0.265,0.265,0.311,0.328,0.353,0.353,0.353,0.393,0.37,0.37,0.42,0.455,0.468,0.745,0.455,0.455,0.455,0.485,0.515,0.515,4.838,4.838,4.838,4.838,4.838,4.256,4.776,3.758,0.881,4.05,4.05,4.05,3.662,3.662,3.662,3.662,3.662,3.662,3.662,2.188,2.274,2.264,2.455,2.251,1.627,1.709,10.528
Point_130,8.845,0.632,0.675,0.809,0.767,0.786,0.843,0.844,0.882,0.913,0.925,1.01,1.084,1.148,1.2,1.241,1.329,1.375,1.399,1.423,1.736,1.736,1.81,2.993,3.364,2.96,4.486,3.73,3.19,3.364,3.364,1.875,3.639,3.73,3.73,3.368,4.116,3.73,3.102,3.73,2.869,2.649,2.649,2.006,2.006,1.784,1.773,1.839,1.832,1.839,1.888,1.907,1.907,2.006,2.221,0.18,2.304,2.327,2.327,2.224,2.359,1.329,1.745,1.683,1.59,1.59,1.542,1.364,1.347,1.347,1.327,1.205,1.218,1.187,1.142,1.194,1.179,1.201,1.205,1.389,1.163,1.18,1.262,1.1,1.021,0.983,0.983,0.951,1.012,1.139,1.087,1.081,1.064,1.092,1.073,1.073,1.024,0.976,0.991,0.93,0.949,0.939,0.869,0.931,0.845,0.813,0.827,0.827,0.931,0.931,0.931,0.729,0.729,0.822,0.815,0.83,0.864,0.867,0.867,0.867,0.867,0.895,0.952,0.973,0.981,0.988,0.999,1.016,1.034,0.0,0.0,0.117,0.029,0.078,0.111,0.154,0.77,0.155,0.2,0.181,0.785,0.785,0.135,0.135,0.135,0.135,0.078,0.195,0.195,0.238,0.238,0.238,0.238,0.238,0.284,0.301,0.326,0.326,0.326,0.365,0.343,0.343,0.393,0.428,0.441,0.718,0.428,0.428,0.428,0.458,0.488,0.488,4.811,4.811,4.811,4.811,4.811,4.229,4.749,3.73,0.854,4.022,4.022,4.022,3.635,3.635,3.635,3.635,3.635,3.635,3.635,2.161,2.247,2.237,2.428,2.224,1.6,1.682,10.501
Point_131,8.845,0.632,0.675,0.809,0.767,0.786,0.843,0.844,0.882,0.913,0.925,1.01,1.084,1.148,1.2,1.241,1.329,1.375,1.399,1.423,1.736,1.736,1.81,2.993,3.364,2.96,4.486,3.73,3.19,3.364,3.364,1.875,3.639,3.73,3.73,3.368,4.116,3.73,3.102,3.73,2.869,2.649,2.649,2.006,2.006,1.784,1.773,1.839,1.832,1.839,1.888,1.907,1.907,2.006,2.221,0.18,2.304,2.327,2.327,2.224,2.359,1.329,1.745,1.683,1.59,1.59,1.542,1.364,1.347,1.347,1.327,1.205,1.218,1.187,1.142,1.194,1.179,1.201,1.205,1.389,1.163,1.18,1.262,1.1,1.021,0.983,0.983,0.951,1.012,1.139,1.087,1.081,1.064,1.092,1.073,1.073,1.024,0.976,0.991,0.93,0.949,0.939,0.869,0.931,0.845,0.813,0.827,0.827,0.931,0.931,0.931,0.729,0.729,0.822,0.815,0.83,0.864,0.867,0.867,0.867,0.867,0.895,0.952,0.973,0.981,0.988,0.999,1.016,1.034,0.0,0.0,0.117,0.029,0.078,0.111,0.154,0.77,0.155,0.2,0.181,0.785,0.785,0.135,0.135,0.135,0.135,0.078,0.195,0.195,0.238,0.238,0.238,0.238,0.238,0.284,0.301,0.326,0.326,0.326,0.365,0.343,0.343,0.393,0.428,0.441,0.718,0.428,0.428,0.428,0.458,0.488,0.488,4.811,4.811,4.811,4.811,4.811,4.229,4.749,3.73,0.854,4.022,4.022,4.022,3.635,3.635,3.635,3.635,3.635,3.635,3.635,2.161,2.247,2.237,2.428,2.224,1.6,1.682,10.501
Point_132,8.727,0.514,0.558,0.692,0.649,0.669,0.726,0.727,0.764,0.795,0.808,0.892,0.967,1.031,1.083,1.123,1.212,1.258,1.281,1.305,1.619,1.619,1.692,2.876,3.247,2.842,4.93,3.613,3.072,3.247,3.247,1.757,3.522,3.613,3.613,3.25,3.999,3.613,2.985,3.613,2.752,2.532,2.532,1.889,1.889,1.667,1.656,1.721,1.715,1.721,1.771,1.79,1.79,1.889,2.104,0.062,2.187,2.21,2.21,2.107,2.241,1.212,1.628,1.566,1.472,1.472,1.425,1.247,1.229,1.229,1.209,1.087,1.101,1.069,1.024,1.076,1.061,1.084,1.088,1.272,1.046,1.062,1.144,0.983,0.904,0.865,0.865,0.834,0.895,1.021,0.969,0.964,0.946,0.975,0.956,0.956,0.906,0.859,0.874,0.813,0.831,0.821,0.752,0.992,0.728,0.695,0.71,0.71,0.992,0.992,0.992,0.611,0.611,0.704,0.697,0.713,0.747,0.749,0.749,0.749,0.749,0.778,0.835,0.855,0.864,0.87,0.882,0.898,0.917,0.944,0.944,0.0,0.973,0.138,0.171,0.214,0.653,0.215,0.261,0.242,1.244,1.244,0.195,0.195,0.195,0.195,0.138,0.078,0.078,0.12,0.12,0.12,0.12,0.12,0.167,0.184,0.209,0.209,0.209,0.248,0.225,0.225,0.276,0.31,0.324,0.601,0.31,0.31,0.31,0.341,0.37,0.37,4.694,4.694,4.694,4.694,4.694,4.112,4.632,3.613,0.737,3.905,3.905,3.905,3.518,3.518,3.518,3.518,3.518,3.518,3.518,2.044,2.129,2.12,2.311,2.107,1.482,1.565,10.96
Point_133,8.815,0.602,0.646,0.78,0.738,0.757,0.814,0.815,0.853,0.883,0.896,0.981,1.055,1.119,1.171,1.211,1.3,1.346,1.369,1.393,1.707,1.707,1.781,2.964,3.335,2.93,4.457,3.701,3.161,3.335,3.335,1.846,3.61,3.701,3.701,3.338,4.087,3.701,3.073,3.701,2.84,2.62,2.62,1.977,1.977,1.755,1.744,1.809,1.803,1.809,1.859,1.878,1.878,1.977,2.192,0.15,2.275,2.298,2.298,2.195,2.329,1.3,1.716,1.654,1.56,1.56,1.513,1.335,1.317,1.317,1.298,1.175,1.189,1.157,1.112,1.164,1.15,1.172,1.176,1.36,1.134,1.15,1.232,1.071,0.992,0.953,0.953,0.922,0.983,1.109,1.057,1.052,1.034,1.063,1.044,1.044,0.995,0.947,0.962,0.901,0.919,0.91,0.84,0.902,0.816,0.783,0.798,0.798,0.902,0.902,0.902,0.699,0.699,0.792,0.785,0.801,0.835,0.838,0.838,0.838,0.838,0.866,0.923,0.943,0.952,0.958,0.97,0.986,1.005,1.032,1.032,0.088,0.0,0.049,0.082,0.125,0.741,0.125,0.171,0.152,0.756,0.756,0.106,0.106,0.106,0.106,0.049,0.166,0.166,0.209,0.209,0.209,0.209,0.209,0.255,0.272,0.297,0.297,0.297,0.336,0.313,0.313,0.364,0.398,0.412,0.689,0.398,0.398,0.398,0.429,0.459,0.459,4.782,4.782,4.782,4.782,4.782,4.2,4.72,3.701,0.825,3.993,3.993,3.993,3.606,3.606,3.606,3.606,3.606,3.606,3.606,2.132,2.218,2.208,2.399,2.195,1.571,1.653,10.472
Point_134,8.79,0.577,0.621,0.754,0.712,0.732,0.789,0.789,0.827,0.858,0.871,0.955,1.029,1.094,1.146,1.186,1.275,1.32,1.344,1.368,1.681,1.681,1.755,2.938,3.31,2.905,4.409,3.676,3.135,3.31,3.31,1.82,3.585,3.676,3.676,3.313,4.062,3.676,3.048,3.676,2.815,2.595,2.595,1.952,1.952,1.73,1.719,1.784,1.778,1.784,1.834,1.853,1.853,1.952,2.166,0.125,2.25,2.273,2.273,2.169,2.304,1.275,1.69,1.629,1.535,1.535,1.488,1.309,1.292,1.292,1.272,1.15,1.164,1.132,1.087,1.139,1.124,1.146,1.151,1.335,1.109,1.125,1.207,1.046,0.966,0.928,0.928,0.897,0.958,1.084,1.032,1.027,1.009,1.037,1.019,1.019,0.969,0.922,0.937,0.876,0.894,0.884,0.814,0.897,0.791,0.758,0.772,0.772,0.897,0.897,0.897,0.674,0.674,0.767,0.76,0.776,0.809,0.812,0.812,0.812,0.812,0.841,0.897,0.918,0.927,0.933,0.945,0.961,0.98,1.007,1.007,0.063,1.036,0.0,0.076,0.12,0.716,0.12,0.166,0.104,0.707,0.707,0.057,0.057,0.057,0.057,0.0,0.141,0.141,0.183,0.183,0.183,0.183,0.183,0.229,0.246,0.271,0.271,0.271,0.311,0.288,0.288,0.338,0.373,0.386,0.664,0.373,0.373,0.373,0.404,0.433,0.433,4.756,4.756,4.756,4.756,4.756,4.175,4.694,3.676,0.8,3.968,3.968,3.968,3.581,3.581,3.581,3.581,3.581,3.581,3.581,2.106,2.192,2.182,2.374,2.169,1.545,1.628,10.423
Point_135,9.149,0.901,0.945,1.078,1.036,1.056,1.113,1.113,1.151,1.182,1.195,1.279,1.353,1.417,1.469,1.51,1.599,1.644,1.668,1.692,2.005,2.005,2.079,3.262,3.634,3.229,4.454,4.0,3.459,3.634,3.634,2.144,3.909,4.0,4.0,3.637,4.385,4.0,3.372,4.0,3.139,2.918,2.918,2.276,2.276,2.053,2.043,2.108,2.102,2.108,2.157,2.177,2.177,2.276,2.49,0.449,2.573,2.596,2.596,2.528,2.628,1.599,2.014,1.953,1.859,1.859,1.812,1.633,1.616,1.616,1.596,1.474,1.488,1.456,1.756,1.808,1.793,1.815,1.819,1.782,1.682,1.666,1.584,1.523,1.444,1.406,1.406,1.374,1.435,1.561,1.356,1.35,1.333,1.25,1.305,1.305,1.115,1.068,1.082,1.021,1.04,1.03,0.96,0.821,0.936,0.904,0.918,0.918,0.821,0.821,0.821,0.881,0.881,0.913,0.906,0.921,0.955,0.958,0.958,0.958,0.958,0.986,1.043,1.064,1.072,1.079,1.09,1.107,1.126,1.153,1.153,0.387,1.182,0.324,0.0,0.043,1.04,0.044,0.09,0.22,0.722,0.722,0.266,0.266,0.266,0.266,0.324,0.464,0.464,0.507,0.507,0.507,0.507,0.507,0.553,0.57,0.595,0.595,0.595,0.635,0.612,0.612,0.662,0.697,0.71,1.021,0.697,0.697,0.697,0.727,0.757,0.757,5.08,5.08,5.08,5.08,5.08,4.498,5.018,4.0,1.123,4.292,4.292,4.292,3.904,3.904,3.904,3.904,3.904,3.904,3.904,2.465,2.551,2.541,2.732,2.528,1.904,1.986,10.438
Point_136,9.106,0.858,0.901,1.035,0.993,1.013,1.069,1.07,1.108,1.139,1.151,1.236,1.31,1.374,1.426,1.467,1.555,1.601,1.625,1.649,1.962,1.962,2.036,3.219,3.59,3.186,4.411,3.956,3.416,3.59,3.59,2.101,3.865,3.956,3.956,3.594,4.342,3.956,3.328,3.956,3.096,2.875,2.875,2.232,2.232,2.01,1.999,2.065,2.058,2.065,2.114,2.133,2.133,2.232,2.447,0.406,2.53,2.553,2.553,2.485,2.585,1.555,1.971,1.909,1.816,1.816,1.768,1.59,1.573,1.573,1.553,1.431,1.445,1.413,1.368,1.42,1.405,1.427,1.431,1.615,1.39,1.406,1.488,1.326,1.247,1.209,1.209,1.177,1.238,1.365,1.313,1.307,1.29,1.318,1.299,1.299,1.25,1.203,1.217,1.156,1.175,1.165,1.095,1.192,1.071,1.039,1.053,1.053,1.192,1.192,1.192,0.955,0.955,1.048,1.041,1.056,1.09,1.093,1.093,1.093,1.093,1.121,1.178,1.199,1.207,1.214,1.225,1.242,1.26,1.288,1.288,0.344,1.317,0.281,0.357,0.0,0.996,0.001,0.046,0.177,0.71,0.71,0.223,0.223,0.223,0.223,0.281,0.421,0.421,0.464,0.464,0.464,0.464,0.464,0.51,0.527,0.552,0.552,0.552,0.591,0.569,0.569,0.619,0.654,0.667,0.944,0.654,0.654,0.654,0.684,0.714,0.714,5.037,5.037,5.037,5.037,5.037,4.455,4.975,3.956,1.08,4.249,4.249,4.249,3.861,3.861,3.861,3.861,3.861,3.861,3.861,2.422,2.508,2.498,2.689,2.485,1.861,1.943,10.426
Point_137,9.106,0.52,0.564,0.697,0.655,0.675,0.732,0.732,0.77,0.801,0.814,0.898,0.972,1.036,1.088,1.129,1.218,1.263,1.287,1.311,1.624,1.624,1.698,2.881,3.253,2.848,4.554,3.619,3.078,3.253,3.253,1.763,3.528,3.619,3.619,3.256,4.005,3.619,2.991,3.619,2.758,2.537,2.537,1.895,1.895,1.672,1.662,1.727,1.721,1.727,1.776,1.796,1.796,1.895,2.109,1.15,2.193,2.215,2.215,2.485,2.247,1.218,1.633,1.572,1.478,1.478,1.431,1.252,1.235,1.235,1.215,1.093,1.107,1.075,1.03,1.082,1.067,1.089,1.093,1.277,1.052,1.068,1.15,0.988,0.909,0.871,0.871,0.84,0.901,1.027,0.975,0.969,0.952,0.98,0.961,0.961,0.912,0.865,0.879,0.819,0.837,0.827,0.757,1.836,0.733,0.701,0.715,0.715,1.836,1.836,1.836,0.617,0.617,0.71,0.703,0.719,0.752,0.755,0.755,0.755,0.755,0.783,0.84,0.861,0.87,0.876,0.887,0.904,0.923,0.95,0.95,1.088,0.979,1.025,1.101,1.144,0.0,1.145,1.191,0.921,1.354,1.354,0.968,0.968,0.968,0.968,1.025,0.328,0.328,1.208,1.208,1.208,1.208,1.208,1.254,1.271,1.296,1.296,1.296,1.336,1.313,1.313,1.363,1.398,0.329,0.606,1.398,1.398,1.398,0.346,0.282,0.282,4.699,4.699,4.699,4.699,4.699,4.117,4.637,3.619,0.742,3.911,3.911,3.911,3.523,3.523,3.523,3.523,3.523,3.523,3.523,2.765,2.508,2.498,2.917,2.485,1.861,1.944,11.07
Point_138,9.105,0.857,0.901,1.034,0.992,1.012,1.069,1.069,1.107,1.138,1.151,1.235,1.309,1.374,1.426,1.466,1.555,1.6,1.624,1.648,1.961,1.961,2.035,3.218,3.59,3.185,4.41,3.956,3.415,3.59,3.59,2.1,3.865,3.956,3.956,3.593,4.342,3.956,3.328,3.956,3.095,2.875,2.875,2.232,2.232,2.01,1.999,2.064,2.058,2.064,2.114,2.133,2.133,2.232,2.446,0.405,2.53,2.552,2.552,2.484,2.584,1.555,1.97,1.909,1.815,1.815,1.768,1.589,1.572,1.572,1.552,1.43,1.444,1.412,1.367,1.419,1.404,1.426,1.431,1.615,1.389,1.405,1.487,1.325,1.246,1.208,1.208,1.177,1.238,1.364,1.312,1.306,1.289,1.317,1.298,1.298,1.249,1.202,1.216,1.156,1.174,1.164,1.094,1.191,1.071,1.038,1.052,1.052,1.191,1.191,1.191,0.954,0.954,1.047,1.04,1.056,1.089,1.092,1.092,1.092,1.092,1.121,1.177,1.198,1.207,1.213,1.225,1.241,1.26,1.287,1.287,0.343,1.316,0.28,0.356,0.4,0.996,0.0,0.046,0.176,0.709,0.709,0.223,0.223,0.223,0.223,0.28,0.421,0.421,0.463,0.463,0.463,0.463,0.463,0.509,0.526,0.551,0.551,0.551,0.591,0.568,0.568,0.618,0.653,0.666,0.944,0.653,0.653,0.653,0.684,0.713,0.713,5.036,5.036,5.036,5.036,5.036,4.455,4.974,3.956,1.079,4.248,4.248,4.248,3.861,3.861,3.861,3.861,3.861,3.861,3.861,2.421,2.507,2.497,2.688,2.484,1.86,1.943,10.425
Point_139,9.059,0.811,0.855,0.989,0.947,0.966,1.023,1.024,1.061,1.092,1.105,1.19,1.264,1.328,1.38,1.42,1.509,1.555,1.578,1.602,1.916,1.916,1.99,3.173,3.544,3.139,4.365,3.91,3.37,3.544,3.544,2.054,3.819,3.91,3.91,3.547,4.296,3.91,3.282,3.91,3.049,2.829,2.829,2.186,2.186,1.964,1.953,2.018,2.012,2.018,2.068,2.087,2.087,2.186,2.401,0.359,2.484,2.507,2.507,2.439,2.538,1.509,1.925,1.863,1.769,1.769,1.722,1.544,1.526,1.526,1.506,1.384,1.398,1.366,1.321,1.373,1.358,1.381,1.385,1.569,1.343,1.359,1.441,1.28,1.201,1.162,1.162,1.131,1.192,1.318,1.266,1.261,1.243,1.272,1.253,1.253,1.203,1.156,1.171,1.11,1.128,1.118,1.049,1.146,1.025,0.992,1.007,1.007,1.146,1.146,1.146,0.908,0.908,1.001,0.994,1.01,1.044,1.046,1.046,1.046,1.046,1.075,1.132,1.152,1.161,1.167,1.179,1.195,1.214,1.241,1.241,0.297,1.271,0.234,0.311,0.354,0.95,0.355,0.0,0.131,0.663,0.663,0.177,0.177,0.177,0.177,0.234,0.375,0.375,0.417,0.417,0.417,0.417,0.417,0.464,0.481,0.506,0.506,0.506,0.545,0.522,0.522,0.573,0.607,0.621,0.898,0.607,0.607,0.607,0.638,0.668,0.668,4.991,4.991,4.991,4.991,4.991,4.409,4.929,3.91,1.034,4.202,4.202,4.202,3.815,3.815,3.815,3.815,3.815,3.815,3.815,2.376,2.461,2.452,2.643,2.439,1.815,1.897,10.379
Point_140,8.999,0.681,0.724,0.858,0.816,0.836,0.892,0.893,0.931,0.962,0.974,1.059,1.133,1.197,1.249,1.29,1.379,1.424,1.448,1.472,1.785,1.785,1.859,3.042,3.413,3.009,4.305,3.779,3.239,3.413,3.413,1.924,3.688,3.779,3.779,3.417,4.165,3.779,3.152,3.779,2.919,2.698,2.698,2.056,2.056,1.833,1.822,1.888,1.882,1.888,1.937,1.957,1.957,2.056,2.27,0.229,2.353,2.376,2.376,2.379,2.408,1.379,1.794,1.732,1.639,1.639,1.591,1.413,1.396,1.396,1.376,1.254,1.268,1.236,1.191,1.243,1.228,1.25,1.254,1.438,1.213,1.229,1.311,1.149,1.07,1.032,1.032,1.0,1.061,1.188,1.136,1.13,1.113,1.141,1.122,1.122,1.073,1.026,1.04,0.979,0.998,0.988,0.918,1.086,0.894,0.862,0.876,0.876,1.086,1.086,1.086,0.778,0.778,0.871,0.864,0.879,0.913,0.916,0.916,0.916,0.916,0.944,1.001,1.022,1.03,1.037,1.048,1.065,1.084,1.111,1.111,0.167,1.14,0.104,0.18,0.223,0.819,0.224,0.27,0.0,0.604,0.604,0.046,0.046,0.046,0.046,0.104,0.244,0.244,0.287,0.287,0.287,0.287,0.287,0.333,0.35,0.375,0.375,0.375,0.414,0.392,0.392,0.442,0.477,0.49,0.767,0.477,0.477,0.477,0.507,0.537,0.537,4.86,4.86,4.86,4.86,4.86,4.278,4.798,3.779,0.903,4.072,4.072,4.072,3.684,3.684,3.684,3.684,3.684,3.684,3.684,2.316,2.402,2.392,2.583,2.379,1.755,1.837,10.32
Point_141,10.071,2.039,2.083,2.216,2.174,2.194,2.251,2.251,2.289,2.32,2.333,2.417,2.491,2.556,2.607,2.648,2.737,2.782,2.806,2.83,3.143,3.143,3.217,4.4,4.772,4.367,4.142,5.138,4.597,4.772,4.772,3.282,5.047,5.138,5.138,4.775,5.524,5.138,4.51,5.138,4.277,4.057,4.057,3.414,3.414,3.191,3.181,3.246,3.24,3.246,3.295,3.315,3.315,3.414,3.628,1.587,3.712,3.734,3.734,3.45,3.766,2.737,3.152,3.091,2.997,2.997,2.95,2.771,2.754,2.754,2.734,2.612,2.626,2.594,2.549,2.601,2.586,2.608,2.612,2.808,2.571,2.587,2.61,2.549,2.47,2.432,2.432,2.4,2.461,2.588,2.494,2.488,2.471,2.276,2.331,2.331,2.141,2.094,2.108,2.048,2.066,2.056,1.986,1.847,1.962,1.93,1.944,1.944,1.847,1.847,1.847,2.136,2.136,2.229,2.222,2.238,2.271,2.274,2.274,2.274,2.274,2.302,2.359,2.38,2.389,2.395,2.407,2.423,2.442,2.469,2.469,1.525,2.498,1.462,1.538,1.581,2.178,1.582,1.628,1.358,0.0,0.0,1.405,1.405,1.405,1.405,1.462,1.603,1.603,1.645,1.645,1.645,1.645,1.645,1.691,1.708,1.733,1.733,1.733,1.773,1.75,1.75,1.8,1.835,1.848,2.126,1.835,1.835,1.835,1.865,1.895,1.895,6.218,6.218,6.218,6.218,6.218,5.636,6.156,5.138,2.261,5.43,5.43,5.43,5.042,5.042,5.042,5.042,5.042,5.042,5.042,3.387,3.473,3.463,3.654,3.45,2.826,2.908,9.976
Point_142,10.071,2.039,2.083,2.216,2.174,2.194,2.251,2.251,2.289,2.32,2.333,2.417,2.491,2.556,2.607,2.648,2.737,2.782,2.806,2.83,3.143,3.143,3.217,4.4,4.772,4.367,4.142,5.138,4.597,4.772,4.772,3.282,5.047,5.138,5.138,4.775,5.524,5.138,4.51,5.138,4.277,4.057,4.057,3.414,3.414,3.191,3.181,3.246,3.24,3.246,3.295,3.315,3.315,3.414,3.628,1.587,3.712,3.734,3.734,3.45,3.766,2.737,3.152,3.091,2.997,2.997,2.95,2.771,2.754,2.754,2.734,2.612,2.626,2.594,2.549,2.601,2.586,2.608,2.612,2.808,2.571,2.587,2.61,2.549,2.47,2.432,2.432,2.4,2.461,2.588,2.494,2.488,2.471,2.276,2.331,2.331,2.141,2.094,2.108,2.048,2.066,2.056,1.986,1.847,1.962,1.93,1.944,1.944,1.847,1.847,1.847,2.136,2.136,2.229,2.222,2.238,2.271,2.274,2.274,2.274,2.274,2.302,2.359,2.38,2.389,2.395,2.407,2.423,2.442,2.469,2.469,1.525,2.498,1.462,1.538,1.581,2.178,1.582,1.628,1.358,0.0,0.0,1.405,1.405,1.405,1.405,1.462,1.603,1.603,1.645,1.645,1.645,1.645,1.645,1.691,1.708,1.733,1.733,1.733,1.773,1.75,1.75,1.8,1.835,1.848,2.126,1.835,1.835,1.835,1.865,1.895,1.895,6.218,6.218,6.218,6.218,6.218,5.636,6.156,5.138,2.261,5.43,5.43,5.43,5.042,5.042,5.042,5.042,5.042,5.042,5.042,3.387,3.473,3.463,3.654,3.45,2.826,2.908,9.976
Point_143,9.046,0.634,0.678,0.812,0.77,0.789,0.846,0.847,0.885,0.915,0.928,1.013,1.087,1.151,1.203,1.243,1.332,1.378,1.401,1.425,1.739,1.739,1.813,2.996,3.367,2.962,4.351,3.733,3.193,3.367,3.367,1.878,3.642,3.733,3.733,3.37,4.119,3.733,3.105,3.733,2.872,2.652,2.652,2.009,2.009,1.787,1.776,1.841,1.835,1.841,1.891,1.91,1.91,2.009,2.224,0.182,2.307,2.33,2.33,2.425,2.361,1.332,1.748,1.686,1.592,1.592,1.545,1.367,1.349,1.349,1.33,1.207,1.221,1.189,1.144,1.196,1.182,1.204,1.208,1.392,1.166,1.182,1.264,1.103,1.024,0.986,0.986,0.954,1.015,1.141,1.089,1.084,1.066,1.095,1.076,1.076,1.027,0.979,0.994,0.933,0.951,0.942,0.872,1.132,0.848,0.815,0.83,0.83,1.132,1.132,1.132,0.731,0.731,0.824,0.817,0.833,0.867,0.87,0.87,0.87,0.87,0.898,0.955,0.975,0.984,0.99,1.002,1.018,1.037,1.064,1.064,0.12,1.094,0.057,0.134,0.177,0.773,0.178,0.223,0.046,0.65,0.65,0.0,0.0,0.0,0.0,0.057,0.198,0.198,0.241,0.241,0.241,0.241,0.241,0.287,0.304,0.329,0.329,0.329,0.368,0.345,0.345,0.396,0.43,0.444,0.721,0.43,0.43,0.43,0.461,0.491,0.491,4.814,4.814,4.814,4.814,4.814,4.232,4.752,3.733,0.857,4.025,4.025,4.025,3.638,3.638,3.638,3.638,3.638,3.638,3.638,2.362,2.448,2.438,2.629,2.425,1.801,1.883,10.366
Point_144,9.046,0.634,0.678,0.812,0.77,0.789,0.846,0.847,0.885,0.915,0.928,1.013,1.087,1.151,1.203,1.243,1.332,1.378,1.401,1.425,1.739,1.739,1.813,2.996,3.367,2.962,4.351,3.733,3.193,3.367,3.367,1.878,3.642,3.733,3.733,3.37,4.119,3.733,3.105,3.733,2.872,2.652,2.652,2.009,2.009,1.787,1.776,1.841,1.835,1.841,1.891,1.91,1.91,2.009,2.224,0.182,2.307,2.33,2.33,2.425,2.361,1.332,1.748,1.686,1.592,1.592,1.545,1.367,1.349,1.349,1.33,1.207,1.221,1.189,1.144,1.196,1.182,1.204,1.208,1.392,1.166,1.182,1.264,1.103,1.024,0.986,0.986,0.954,1.015,1.141,1.089,1.084,1.066,1.095,1.076,1.076,1.027,0.979,0.994,0.933,0.951,0.942,0.872,1.132,0.848,0.815,0.83,0.83,1.132,1.132,1.132,0.731,0.731,0.824,0.817,0.833,0.867,0.87,0.87,0.87,0.87,0.898,0.955,0.975,0.984,0.99,1.002,1.018,1.037,1.064,1.064,0.12,1.094,0.057,0.134,0.177,0.773,0.178,0.223,0.046,0.65,0.65,0.0,0.0,0.0,0.0,0.057,0.198,0.198,0.241,0.241,0.241,0.241,0.241,0.287,0.304,0.329,0.329,0.329,0.368,0.345,0.345,0.396,0.43,0.444,0.721,0.43,0.43,0.43,0.461,0.491,0.491,4.814,4.814,4.814,4.814,4.814,4.232,4.752,3.733,0.857,4.025,4.025,4.025,3.638,3.638,3.638,3.638,3.638,3.638,3.638,2.362,2.448,2.438,2.629,2.425,1.801,1.883,10.366
Point_145,9.046,0.634,0.678,0.812,0.77,0.789,0.846,0.847,0.885,0.915,0.928,1.013,1.087,1.151,1.203,1.243,1.332,1.378,1.401,1.425,1.739,1.739,1.813,2.996,3.367,2.962,4.351,3.733,3.193,3.367,3.367,1.878,3.642,3.733,3.733,3.37,4.119,3.733,3.105,3.733,2.872,2.652,2.652,2.009,2.009,1.787,1.776,1.841,1.835,1.841,1.891,1.91,1.91,2.009,2.224,0.182,2.307,2.33,2.33,2.425,2.361,1.332,1.748,1.686,1.592,1.592,1.545,1.367,1.349,1.349,1.33,1.207,1.221,1.189,1.144,1.196,1.182,1.204,1.208,1.392,1.166,1.182,1.264,1.103,1.024,0.986,0.986,0.954,1.015,1.141,1.089,1.084,1.066,1.095,1.076,1.076,1.027,0.979,0.994,0.933,0.951,0.942,0.872,1.132,0.848,0.815,0.83,0.83,1.132,1.132,1.132,0.731,0.731,0.824,0.817,0.833,0.867,0.87,0.87,0.87,0.87,0.898,0.955,0.975,0.984,0.99,1.002,1.018,1.037,1.064,1.064,0.12,1.094,0.057,0.134,0.177,0.773,0.178,0.223,0.046,0.65,0.65,0.0,0.0,0.0,0.0,0.057,0.198,0.198,0.241,0.241,0.241,0.241,0.241,0.287,0.304,0.329,0.329,0.329,0.368,0.345,0.345,0.396,0.43,0.444,0.721,0.43,0.43,0.43,0.461,0.491,0.491,4.814,4.814,4.814,4.814,4.814,4.232,4.752,3.733,0.857,4.025,4.025,4.025,3.638,3.638,3.638,3.638,3.638,3.638,3.638,2.362,2.448,2.438,2.629,2.425,1.801,1.883,10.366
Point_146,9.046,0.634,0.678,0.812,0.77,0.789,0.846,0.847,0.885,0.915,0.928,1.013,1.087,1.151,1.203,1.243,1.332,1.378,1.401,1.425,1.739,1.739,1.813,2.996,3.367,2.962,4.351,3.733,3.193,3.367,3.367,1.878,3.642,3.733,3.733,3.37,4.119,3.733,3.105,3.733,2.872,2.652,2.652,2.009,2.009,1.787,1.776,1.841,1.835,1.841,1.891,1.91,1.91,2.009,2.224,0.182,2.307,2.33,2.33,2.425,2.361,1.332,1.748,1.686,1.592,1.592,1.545,1.367,1.349,1.349,1.33,1.207,1.221,1.189,1.144,1.196,1.182,1.204,1.208,1.392,1.166,1.182,1.264,1.103,1.024,0.986,0.986,0.954,1.015,1.141,1.089,1.084,1.066,1.095,1.076,1.076,1.027,0.979,0.994,0.933,0.951,0.942,0.872,1.132,0.848,0.815,0.83,0.83,1.132,1.132,1.132,0.731,0.731,0.824,0.817,0.833,0.867,0.87,0.87,0.87,0.87,0.898,0.955,0.975,0.984,0.99,1.002,1.018,1.037,1.064,1.064,0.12,1.094,0.057,0.134,0.177,0.773,0.178,0.223,0.046,0.65,0.65,0.0,0.0,0.0,0.0,0.057,0.198,0.198,0.241,0.241,0.241,0.241,0.241,0.287,0.304,0.329,0.329,0.329,0.368,0.345,0.345,0.396,0.43,0.444,0.721,0.43,0.43,0.43,0.461,0.491,0.491,4.814,4.814,4.814,4.814,4.814,4.232,4.752,3.733,0.857,4.025,4.025,4.025,3.638,3.638,3.638,3.638,3.638,3.638,3.638,2.362,2.448,2.438,2.629,2.425,1.801,1.883,10.366
Point_147,8.79,0.577,0.621,0.754,0.712,0.732,0.789,0.789,0.827,0.858,0.871,0.955,1.029,1.094,1.146,1.186,1.275,1.32,1.344,1.368,1.681,1.681,1.755,2.938,3.31,2.905,4.409,3.676,3.135,3.31,3.31,1.82,3.585,3.676,3.676,3.313,4.062,3.676,3.048,3.676,2.815,2.595,2.595,1.952,1.952,1.73,1.719,1.784,1.778,1.784,1.834,1.853,1.853,1.952,2.166,0.125,2.25,2.273,2.273,2.169,2.304,1.275,1.69,1.629,1.535,1.535,1.488,1.309,1.292,1.292,1.272,1.15,1.164,1.132,1.087,1.139,1.124,1.146,1.151,1.335,1.109,1.125,1.207,1.046,0.966,0.928,0.928,0.897,0.958,1.084,1.032,1.027,1.009,1.037,1.019,1.019,0.969,0.922,0.937,0.876,0.894,0.884,0.814,0.897,0.791,0.758,0.772,0.772,0.897,0.897,0.897,0.674,0.674,0.767,0.76,0.776,0.809,0.812,0.812,0.812,0.812,0.841,0.897,0.918,0.927,0.933,0.945,0.961,0.98,1.007,1.007,0.063,1.036,0.0,0.076,0.12,0.716,0.12,0.166,0.104,0.707,0.707,0.057,0.057,0.057,0.057,0.0,0.141,0.141,0.183,0.183,0.183,0.183,0.183,0.229,0.246,0.271,0.271,0.271,0.311,0.288,0.288,0.338,0.373,0.386,0.664,0.373,0.373,0.373,0.404,0.433,0.433,4.756,4.756,4.756,4.756,4.756,4.175,4.694,3.676,0.8,3.968,3.968,3.968,3.581,3.581,3.581,3.581,3.581,3.581,3.581,2.106,2.192,2.182,2.374,2.169,1.545,1.628,10.423
Point_148,9.019,0.433,0.477,0.61,0.568,0.588,0.645,0.645,0.683,0.714,0.727,0.811,0.885,0.95,1.002,1.042,1.131,1.176,1.2,1.224,1.537,1.537,1.611,2.794,3.166,2.761,5.349,3.532,2.991,3.166,3.166,1.676,3.441,3.532,3.532,3.169,3.918,3.532,2.904,3.532,2.671,2.451,2.451,1.808,1.808,1.586,1.575,1.64,1.634,1.64,1.69,1.709,1.709,1.808,2.022,1.043,2.106,2.129,2.129,2.399,2.16,1.131,1.546,1.485,1.391,1.391,1.344,1.165,1.148,1.148,1.128,1.006,1.02,0.988,0.943,0.995,0.98,1.002,1.007,1.191,0.965,0.981,1.063,0.902,0.822,0.784,0.784,0.753,0.814,0.94,0.888,0.883,0.865,0.893,0.875,0.875,0.825,0.778,0.793,0.732,0.75,0.74,0.67,1.302,0.647,0.614,0.628,0.628,1.302,1.302,1.302,0.53,0.53,0.623,0.616,0.632,0.665,0.668,0.668,0.668,0.668,0.697,0.753,0.774,0.783,0.789,0.801,0.817,0.836,0.863,0.863,0.981,0.892,0.941,0.974,1.017,0.572,1.018,1.063,1.045,1.648,1.648,0.998,0.998,0.998,0.998,0.941,0.0,0.0,0.039,0.039,0.039,0.039,0.039,0.085,0.102,0.127,0.127,0.127,0.167,0.144,0.144,0.194,0.229,0.243,0.52,0.229,0.229,0.229,0.26,0.289,0.289,4.612,4.612,4.612,4.612,4.612,4.031,4.55,3.532,0.656,3.824,3.824,3.824,3.437,3.437,3.437,3.437,3.437,3.437,3.437,2.678,2.421,2.412,2.83,2.399,1.774,1.857,11.364
Point_149,9.019,0.433,0.477,0.61,0.568,0.588,0.645,0.645,0.683,0.714,0.727,0.811,0.885,0.95,1.002,1.042,1.131,1.176,1.2,1.224,1.537,1.537,1.611,2.794,3.166,2.761,5.349,3.532,2.991,3.166,3.166,1.676,3.441,3.532,3.532,3.169,3.918,3.532,2.904,3.532,2.671,2.451,2.451,1.808,1.808,1.586,1.575,1.64,1.634,1.64,1.69,1.709,1.709,1.808,2.022,1.043,2.106,2.129,2.129,2.399,2.16,1.131,1.546,1.485,1.391,1.391,1.344,1.165,1.148,1.148,1.128,1.006,1.02,0.988,0.943,0.995,0.98,1.002,1.007,1.191,0.965,0.981,1.063,0.902,0.822,0.784,0.784,0.753,0.814,0.94,0.888,0.883,0.865,0.893,0.875,0.875,0.825,0.778,0.793,0.732,0.75,0.74,0.67,1.302,0.647,0.614,0.628,0.628,1.302,1.302,1.302,0.53,0.53,0.623,0.616,0.632,0.665,0.668,0.668,0.668,0.668,0.697,0.753,0.774,0.783,0.789,0.801,0.817,0.836,0.863,0.863,0.981,0.892,0.941,0.974,1.017,0.572,1.018,1.063,1.045,1.648,1.648,0.998,0.998,0.998,0.998,0.941,0.0,0.0,0.039,0.039,0.039,0.039,0.039,0.085,0.102,0.127,0.127,0.127,0.167,0.144,0.144,0.194,0.229,0.243,0.52,0.229,0.229,0.229,0.26,0.289,0.289,4.612,4.612,4.612,4.612,4.612,4.031,4.55,3.532,0.656,3.824,3.824,3.824,3.437,3.437,3.437,3.437,3.437,3.437,3.437,2.678,2.421,2.412,2.83,2.399,1.774,1.857,11.364
Point_150,8.98,0.394,0.438,0.571,0.529,0.549,0.606,0.606,0.644,0.675,0.688,0.772,0.846,0.91,0.962,1.003,1.092,1.137,1.161,1.185,1.498,1.498,1.572,2.755,3.127,2.722,5.31,3.493,2.952,3.127,3.127,1.637,3.402,3.493,3.493,3.13,3.878,3.493,2.865,3.493,2.632,2.411,2.411,1.769,1.769,1.546,1.536,1.601,1.595,1.601,1.65,1.67,1.67,1.769,1.983,1.003,2.066,2.089,2.089,2.359,2.121,1.092,1.507,1.446,1.352,1.352,1.305,1.126,1.109,1.109,1.089,0.967,0.981,0.949,0.904,0.956,0.941,0.963,0.967,1.151,0.926,0.942,1.024,0.862,0.783,0.745,0.745,0.713,0.774,0.901,0.849,0.843,0.826,0.854,0.835,0.835,0.786,0.739,0.753,0.693,0.711,0.701,0.631,1.262,0.607,0.575,0.589,0.589,1.262,1.262,1.262,0.491,0.491,0.584,0.577,0.593,0.626,0.629,0.629,0.629,0.629,0.657,0.714,0.735,0.743,0.75,0.761,0.778,0.797,0.824,0.824,0.941,0.853,0.902,0.935,0.978,0.533,0.978,1.024,1.005,1.609,1.609,0.959,0.959,0.959,0.959,0.902,1.019,1.019,0.0,0.0,0.0,0.0,0.0,0.046,0.063,0.088,0.088,0.088,0.128,0.105,0.105,0.155,0.19,0.203,0.48,0.19,0.19,0.19,0.22,0.25,0.25,4.573,4.573,4.573,4.573,4.573,3.991,4.511,3.493,0.616,3.785,3.785,3.785,3.397,3.397,3.397,3.397,3.397,3.397,3.397,2.639,2.382,2.372,2.791,2.359,1.735,1.817,11.325
Point_151,8.98,0.394,0.438,0.571,0.529,0.549,0.606,0.606,0.644,0.675,0.688,0.772,0.846,0.91,0.962,1.003,1.092,1.137,1.161,1.185,1.498,1.498,1.572,2.755,3.127,2.722,5.31,3.493,2.952,3.127,3.127,1.637,3.402,3.493,3.493,3.13,3.878,3.493,2.865,3.493,2.632,2.411,2.411,1.769,1.769,1.546,1.536,1.601,1.595,1.601,1.65,1.67,1.67,1.769,1.983,1.003,2.066,2.089,2.089,2.359,2.121,1.092,1.507,1.446,1.352,1.352,1.305,1.126,1.109,1.109,1.089,0.967,0.981,0.949,0.904,0.956,0.941,0.963,0.967,1.151,0.926,0.942,1.024,0.862,0.783,0.745,0.745,0.713,0.774,0.901,0.849,0.843,0.826,0.854,0.835,0.835,0.786,0.739,0.753,0.693,0.711,0.701,0.631,1.262,0.607,0.575,0.589,0.589,1.262,1.262,1.262,0.491,0.491,0.584,0.577,0.593,0.626,0.629,0.629,0.629,0.629,0.657,0.714,0.735,0.743,0.75,0.761,0.778,0.797,0.824,0.824,0.941,0.853,0.902,0.935,0.978,0.533,0.978,1.024,1.005,1.609,1.609,0.959,0.959,0.959,0.959,0.902,1.019,1.019,0.0,0.0,0.0,0.0,0.0,0.046,0.063,0.088,0.088,0.088,0.128,0.105,0.105,0.155,0.19,0.203,0.48,0.19,0.19,0.19,0.22,0.25,0.25,4.573,4.573,4.573,4.573,4.573,3.991,4.511,3.493,0.616,3.785,3.785,3.785,3.397,3.397,3.397,3.397,3.397,3.397,3.397,2.639,2.382,2.372,2.791,2.359,1.735,1.817,11.325
Point_152,8.98,0.394,0.438,0.571,0.529,0.549,0.606,0.606,0.644,0.675,0.688,0.772,0.846,0.91,0.962,1.003,1.092,1.137,1.161,1.185,1.498,1.498,1.572,2.755,3.127,2.722,5.31,3.493,2.952,3.127,3.127,1.637,3.402,3.493,3.493,3.13,3.878,3.493,2.865,3.493,2.632,2.411,2.411,1.769,1.769,1.546,1.536,1.601,1.595,1.601,1.65,1.67,1.67,1.769,1.983,1.003,2.066,2.089,2.089,2.359,2.121,1.092,1.507,1.446,1.352,1.352,1.305,1.126,1.109,1.109,1.089,0.967,0.981,0.949,0.904,0.956,0.941,0.963,0.967,1.151,0.926,0.942,1.024,0.862,0.783,0.745,0.745,0.713,0.774,0.901,0.849,0.843,0.826,0.854,0.835,0.835,0.786,0.739,0.753,0.693,0.711,0.701,0.631,1.262,0.607,0.575,0.589,0.589,1.262,1.262,1.262,0.491,0.491,0.584,0.577,0.593,0.626,0.629,0.629,0.629,0.629,0.657,0.714,0.735,0.743,0.75,0.761,0.778,0.797,0.824,0.824,0.941,0.853,0.902,0.935,0.978,0.533,0.978,1.024,1.005,1.609,1.609,0.959,0.959,0.959,0.959,0.902,1.019,1.019,0.0,0.0,0.0,0.0,0.0,0.046,0.063,0.088,0.088,0.088,0.128,0.105,0.105,0.155,0.19,0.203,0.48,0.19,0.19,0.19,0.22,0.25,0.25,4.573,4.573,4.573,4.573,4.573,3.991,4.511,3.493,0.616,3.785,3.785,3.785,3.397,3.397,3.397,3.397,3.397,3.397,3.397,2.639,2.382,2.372,2.791,2.359,1.735,1.817,11.325
Point_153,8.98,0.394,0.438,0.571,0.529,0.549,0.606,0.606,0.644,0.675,0.688,0.772,0.846,0.91,0.962,1.003,1.092,1.137,1.161,1.185,1.498,1.498,1.572,2.755,3.127,2.722,5.31,3.493,2.952,3.127,3.127,1.637,3.402,3.493,3.493,3.13,3.878,3.493,2.865,3.493,2.632,2.411,2.411,1.769,1.769,1.546,1.536,1.601,1.595,1.601,1.65,1.67,1.67,1.769,1.983,1.003,2.066,2.089,2.089,2.359,2.121,1.092,1.507,1.446,1.352,1.352,1.305,1.126,1.109,1.109,1.089,0.967,0.981,0.949,0.904,0.956,0.941,0.963,0.967,1.151,0.926,0.942,1.024,0.862,0.783,0.745,0.745,0.713,0.774,0.901,0.849,0.843,0.826,0.854,0.835,0.835,0.786,0.739,0.753,0.693,0.711,0.701,0.631,1.262,0.607,0.575,0.589,0.589,1.262,1.262,1.262,0.491,0.491,0.584,0.577,0.593,0.626,0.629,0.629,0.629,0.629,0.657,0.714,0.735,0.743,0.75,0.761,0.778,0.797,0.824,0.824,0.941,0.853,0.902,0.935,0.978,0.533,0.978,1.024,1.005,1.609,1.609,0.959,0.959,0.959,0.959,0.902,1.019,1.019,0.0,0.0,0.0,0.0,0.0,0.046,0.063,0.088,0.088,0.088,0.128,0.105,0.105,0.155,0.19,0.203,0.48,0.19,0.19,0.19,0.22,0.25,0.25,4.573,4.573,4.573,4.573,4.573,3.991,4.511,3.493,0.616,3.785,3.785,3.785,3.397,3.397,3.397,3.397,3.397,3.397,3.397,2.639,2.382,2.372,2.791,2.359,1.735,1.817,11.325
Point_154,8.98,0.394,0.438,0.571,0.529,0.549,0.606,0.606,0.644,0.675,0.688,0.772,0.846,0.91,0.962,1.003,1.092,1.137,1.161,1.185,1.498,1.498,1.572,2.755,3.127,2.722,5.31,3.493,2.952,3.127,3.127,1.637,3.402,3.493,3.493,3.13,3.878,3.493,2.865,3.493,2.632,2.411,2.411,1.769,1.769,1.546,1.536,1.601,1.595,1.601,1.65,1.67,1.67,1.769,1.983,1.003,2.066,2.089,2.089,2.359,2.121,1.092,1.507,1.446,1.352,1.352,1.305,1.126,1.109,1.109,1.089,0.967,0.981,0.949,0.904,0.956,0.941,0.963,0.967,1.151,0.926,0.942,1.024,0.862,0.783,0.745,0.745,0.713,0.774,0.901,0.849,0.843,0.826,0.854,0.835,0.835,0.786,0.739,0.753,0.693,0.711,0.701,0.631,1.262,0.607,0.575,0.589,0.589,1.262,1.262,1.262,0.491,0.491,0.584,0.577,0.593,0.626,0.629,0.629,0.629,0.629,0.657,0.714,0.735,0.743,0.75,0.761,0.778,0.797,0.824,0.824,0.941,0.853,0.902,0.935,0.978,0.533,0.978,1.024,1.005,1.609,1.609,0.959,0.959,0.959,0.959,0.902,1.019,1.019,0.0,0.0,0.0,0.0,0.0,0.046,0.063,0.088,0.088,0.088,0.128,0.105,0.105,0.155,0.19,0.203,0.48,0.19,0.19,0.19,0.22,0.25,0.25,4.573,4.573,4.573,4.573,4.573,3.991,4.511,3.493,0.616,3.785,3.785,3.785,3.397,3.397,3.397,3.397,3.397,3.397,3.397,2.639,2.382,2.372,2.791,2.359,1.735,1.817,11.325
Point_155,8.934,0.348,0.391,0.525,0.483,0.502,0.559,0.56,0.598,0.629,0.641,0.726,0.8,0.864,0.916,0.956,1.045,1.091,1.115,1.138,1.452,1.452,1.526,2.709,3.08,2.676,5.264,3.446,2.906,3.08,3.08,1.591,3.355,3.446,3.446,3.084,3.832,3.446,2.818,3.446,2.585,2.365,2.365,1.722,1.722,1.5,1.489,1.555,1.548,1.555,1.604,1.623,1.623,1.722,1.937,0.957,2.02,2.043,2.043,2.313,2.075,1.045,1.461,1.399,1.306,1.306,1.258,1.08,1.062,1.062,1.043,0.921,0.934,0.903,0.858,0.91,0.895,0.917,0.921,1.105,0.879,0.896,0.978,0.816,0.737,0.699,0.699,0.667,0.728,0.855,0.803,0.797,0.78,0.808,0.789,0.789,0.74,0.692,0.707,0.646,0.664,0.655,0.585,1.216,0.561,0.529,0.543,0.543,1.216,1.216,1.216,0.445,0.445,0.538,0.531,0.546,0.58,0.583,0.583,0.583,0.583,0.611,0.668,0.689,0.697,0.704,0.715,0.732,0.75,0.778,0.778,0.895,0.807,0.855,0.888,0.932,0.486,0.932,0.978,0.959,1.563,1.563,0.913,0.913,0.913,0.913,0.855,0.973,0.973,1.015,1.015,1.015,1.015,1.015,0.0,0.017,0.042,0.042,0.042,0.081,0.059,0.059,0.109,0.144,0.157,0.434,0.144,0.144,0.144,0.174,0.204,0.204,4.527,4.527,4.527,4.527,4.527,3.945,4.465,3.446,0.57,3.738,3.738,3.738,3.351,3.351,3.351,3.351,3.351,3.351,3.351,2.593,2.336,2.326,2.745,2.313,1.689,1.771,11.279
Point_156,8.917,0.331,0.374,0.508,0.466,0.485,0.542,0.543,0.581,0.612,0.624,0.709,0.783,0.847,0.899,0.94,1.028,1.074,1.098,1.122,1.435,1.435,1.509,2.692,3.063,2.659,5.247,3.429,2.889,3.063,3.063,1.574,3.338,3.429,3.429,3.067,3.815,3.429,2.801,3.429,2.568,2.348,2.348,1.705,1.705,1.483,1.472,1.538,1.531,1.538,1.587,1.606,1.606,1.705,1.92,0.94,2.003,2.026,2.026,2.296,2.058,1.028,1.444,1.382,1.289,1.289,1.241,1.063,1.046,1.046,1.026,0.904,0.917,0.886,0.841,0.893,0.878,0.9,0.904,1.088,0.862,0.879,0.961,0.799,0.72,0.682,0.682,0.65,0.711,0.838,0.786,0.78,0.763,0.791,0.772,0.772,0.723,0.675,0.69,0.629,0.648,0.638,0.568,1.199,0.544,0.512,0.526,0.526,1.199,1.199,1.199,0.428,0.428,0.521,0.514,0.529,0.563,0.566,0.566,0.566,0.566,0.594,0.651,0.672,0.68,0.687,0.698,0.715,0.733,0.761,0.761,0.878,0.79,0.838,0.871,0.915,0.469,0.915,0.961,0.942,1.546,1.546,0.896,0.896,0.896,0.896,0.838,0.956,0.956,0.998,0.998,0.998,0.998,0.998,1.045,0.0,0.025,0.025,0.025,0.064,0.042,0.042,0.092,0.127,0.14,0.417,0.127,0.127,0.127,0.157,0.187,0.187,4.51,4.51,4.51,4.51,4.51,3.928,4.448,3.429,0.553,3.721,3.721,3.721,3.334,3.334,3.334,3.334,3.334,3.334,3.334,2.576,2.319,2.309,2.728,2.296,1.672,1.754,11.262
Point_157,8.892,0.306,0.349,0.483,0.441,0.46,0.517,0.518,0.556,0.587,0.599,0.684,0.758,0.822,0.874,0.914,1.003,1.049,1.073,1.096,1.41,1.41,1.484,2.667,3.038,2.634,5.222,3.404,2.864,3.038,3.038,1.549,3.313,3.404,3.404,3.042,3.79,3.404,2.776,3.404,2.543,2.323,2.323,1.68,1.68,1.458,1.447,1.512,1.506,1.512,1.562,1.581,1.581,1.68,1.895,0.915,1.978,2.001,2.001,2.271,2.033,1.003,1.419,1.357,1.264,1.264,1.216,1.038,1.02,1.02,1.001,0.879,0.892,0.861,0.816,0.868,0.853,0.875,0.879,1.063,0.837,0.854,0.936,0.774,0.695,0.657,0.657,0.625,0.686,0.813,0.761,0.755,0.738,0.766,0.747,0.747,0.698,0.65,0.665,0.604,0.622,0.613,0.543,1.174,0.519,0.487,0.501,0.501,1.174,1.174,1.174,0.403,0.403,0.496,0.489,0.504,0.538,0.541,0.541,0.541,0.541,0.569,0.626,0.647,0.655,0.662,0.673,0.69,0.708,0.736,0.736,0.853,0.765,0.813,0.846,0.889,0.444,0.89,0.936,0.917,1.521,1.521,0.871,0.871,0.871,0.871,0.813,0.931,0.931,0.973,0.973,0.973,0.973,0.973,1.02,1.037,0.0,0.0,0.0,0.039,0.016,0.016,0.067,0.102,0.115,0.392,0.102,0.102,0.102,0.132,0.162,0.162,4.485,4.485,4.485,4.485,4.485,3.903,4.423,3.404,0.528,3.696,3.696,3.696,3.309,3.309,3.309,3.309,3.309,3.309,3.309,2.551,2.294,2.284,2.703,2.271,1.647,1.729,11.237
Point_158,8.892,0.306,0.349,0.483,0.441,0.46,0.517,0.518,0.556,0.587,0.599,0.684,0.758,0.822,0.874,0.914,1.003,1.049,1.073,1.096,1.41,1.41,1.484,2.667,3.038,2.634,5.222,3.404,2.864,3.038,3.038,1.549,3.313,3.404,3.404,3.042,3.79,3.404,2.776,3.404,2.543,2.323,2.323,1.68,1.68,1.458,1.447,1.512,1.506,1.512,1.562,1.581,1.581,1.68,1.895,0.915,1.978,2.001,2.001,2.271,2.033,1.003,1.419,1.357,1.264,1.264,1.216,1.038,1.02,1.02,1.001,0.879,0.892,0.861,0.816,0.868,0.853,0.875,0.879,1.063,0.837,0.854,0.936,0.774,0.695,0.657,0.657,0.625,0.686,0.813,0.761,0.755,0.738,0.766,0.747,0.747,0.698,0.65,0.665,0.604,0.622,0.613,0.543,1.174,0.519,0.487,0.501,0.501,1.174,1.174,1.174,0.403,0.403,0.496,0.489,0.504,0.538,0.541,0.541,0.541,0.541,0.569,0.626,0.647,0.655,0.662,0.673,0.69,0.708,0.736,0.736,0.853,0.765,0.813,0.846,0.889,0.444,0.89,0.936,0.917,1.521,1.521,0.871,0.871,0.871,0.871,0.813,0.931,0.931,0.973,0.973,0.973,0.973,0.973,1.02,1.037,0.0,0.0,0.0,0.039,0.016,0.016,0.067,0.102,0.115,0.392,0.102,0.102,0.102,0.132,0.162,0.162,4.485,4.485,4.485,4.485,4.485,3.903,4.423,3.404,0.528,3.696,3.696,3.696,3.309,3.309,3.309,3.309,3.309,3.309,3.309,2.551,2.294,2.284,2.703,2.271,1.647,1.729,11.237
Point_159,8.892,0.306,0.349,0.483,0.441,0.46,0.517,0.518,0.556,0.587,0.599,0.684,0.758,0.822,0.874,0.914,1.003,1.049,1.073,1.096,1.41,1.41,1.484,2.667,3.038,2.634,5.222,3.404,2.864,3.038,3.038,1.549,3.313,3.404,3.404,3.042,3.79,3.404,2.776,3.404,2.543,2.323,2.323,1.68,1.68,1.458,1.447,1.512,1.506,1.512,1.562,1.581,1.581,1.68,1.895,0.915,1.978,2.001,2.001,2.271,2.033,1.003,1.419,1.357,1.264,1.264,1.216,1.038,1.02,1.02,1.001,0.879,0.892,0.861,0.816,0.868,0.853,0.875,0.879,1.063,0.837,0.854,0.936,0.774,0.695,0.657,0.657,0.625,0.686,0.813,0.761,0.755,0.738,0.766,0.747,0.747,0.698,0.65,0.665,0.604,0.622,0.613,0.543,1.174,0.519,0.487,0.501,0.501,1.174,1.174,1.174,0.403,0.403,0.496,0.489,0.504,0.538,0.541,0.541,0.541,0.541,0.569,0.626,0.647,0.655,0.662,0.673,0.69,0.708,0.736,0.736,0.853,0.765,0.813,0.846,0.889,0.444,0.89,0.936,0.917,1.521,1.521,0.871,0.871,0.871,0.871,0.813,0.931,0.931,0.973,0.973,0.973,0.973,0.973,1.02,1.037,0.0,0.0,0.0,0.039,0.016,0.016,0.067,0.102,0.115,0.392,0.102,0.102,0.102,0.132,0.162,0.162,4.485,4.485,4.485,4.485,4.485,3.903,4.423,3.404,0.528,3.696,3.696,3.696,3.309,3.309,3.309,3.309,3.309,3.309,3.309,2.551,2.294,2.284,2.703,2.271,1.647,1.729,11.237
Point_160,8.852,0.266,0.31,0.444,0.402,0.421,0.478,0.479,0.516,0.547,0.56,0.645,0.719,0.783,0.835,0.875,0.964,1.01,1.033,1.057,1.371,1.371,1.445,2.628,2.999,2.594,5.183,3.365,2.825,2.999,2.999,1.509,3.274,3.365,3.365,3.002,3.751,3.365,2.737,3.365,2.504,2.284,2.284,1.641,1.641,1.419,1.408,1.473,1.467,1.473,1.523,1.542,1.542,1.641,1.856,0.876,1.939,1.962,1.962,2.232,1.993,0.964,1.38,1.318,1.224,1.224,1.177,0.999,0.981,0.981,0.961,0.839,0.853,0.821,0.776,0.828,0.813,0.836,0.84,1.024,0.798,0.814,0.896,0.735,0.656,0.617,0.617,0.586,0.647,0.773,0.721,0.716,0.698,0.727,0.708,0.708,0.658,0.611,0.626,0.565,0.583,0.573,0.504,1.135,0.48,0.447,0.462,0.462,1.135,1.135,1.135,0.363,0.363,0.456,0.449,0.465,0.499,0.501,0.501,0.501,0.501,0.53,0.587,0.607,0.616,0.622,0.634,0.65,0.669,0.696,0.696,0.814,0.726,0.774,0.807,0.85,0.405,0.851,0.897,0.878,1.481,1.481,0.831,0.831,0.831,0.831,0.774,0.892,0.892,0.934,0.934,0.934,0.934,0.934,0.98,0.997,1.022,1.022,1.022,0.0,1.039,1.039,0.028,0.062,0.076,0.353,0.062,0.062,0.062,0.093,0.123,0.123,4.446,4.446,4.446,4.446,4.446,3.864,4.384,3.365,0.489,3.657,3.657,3.657,3.27,3.27,3.27,3.27,3.27,3.27,3.27,2.511,2.255,2.245,2.663,2.232,1.608,1.69,11.197
Point_161,8.875,0.289,0.333,0.466,0.424,0.444,0.501,0.501,0.539,0.57,0.583,0.667,0.742,0.806,0.858,0.898,0.987,1.032,1.056,1.08,1.393,1.393,1.467,2.65,3.022,2.617,5.206,3.388,2.847,3.022,3.022,1.532,3.297,3.388,3.388,3.025,3.774,3.388,2.76,3.388,2.527,2.307,2.307,1.664,1.664,1.442,1.431,1.496,1.49,1.496,1.546,1.565,1.565,1.664,1.878,0.899,1.962,1.985,1.985,2.255,2.016,0.987,1.402,1.341,1.247,1.247,1.2,1.021,1.004,1.004,0.984,0.862,0.876,0.844,0.799,0.851,0.836,0.859,0.863,1.047,0.821,0.837,0.919,0.758,0.678,0.64,0.64,0.609,0.67,0.796,0.744,0.739,0.721,0.749,0.731,0.731,0.681,0.634,0.649,0.588,0.606,0.596,0.526,1.158,0.503,0.47,0.484,0.484,1.158,1.158,1.158,0.386,0.386,0.479,0.472,0.488,0.521,0.524,0.524,0.524,0.524,0.553,0.61,0.63,0.639,0.645,0.657,0.673,0.692,0.719,0.719,0.837,0.748,0.797,0.83,0.873,0.428,0.874,0.919,0.901,1.504,1.504,0.854,0.854,0.854,0.854,0.797,0.914,0.914,0.957,0.957,0.957,0.957,0.957,1.003,1.02,1.045,1.045,1.045,0.023,0.0,0.0,0.05,0.085,0.099,0.376,0.085,0.085,0.085,0.116,0.145,0.145,4.468,4.468,4.468,4.468,4.468,3.887,4.406,3.388,0.512,3.68,3.68,3.68,3.293,3.293,3.293,3.293,3.293,3.293,3.293,2.534,2.277,2.268,2.686,2.255,1.63,1.713,11.22
Point_162,8.875,0.289,0.333,0.466,0.424,0.444,0.501,0.501,0.539,0.57,0.583,0.667,0.742,0.806,0.858,0.898,0.987,1.032,1.056,1.08,1.393,1.393,1.467,2.65,3.022,2.617,5.206,3.388,2.847,3.022,3.022,1.532,3.297,3.388,3.388,3.025,3.774,3.388,2.76,3.388,2.527,2.307,2.307,1.664,1.664,1.442,1.431,1.496,1.49,1.496,1.546,1.565,1.565,1.664,1.878,0.899,1.962,1.985,1.985,2.255,2.016,0.987,1.402,1.341,1.247,1.247,1.2,1.021,1.004,1.004,0.984,0.862,0.876,0.844,0.799,0.851,0.836,0.859,0.863,1.047,0.821,0.837,0.919,0.758,0.678,0.64,0.64,0.609,0.67,0.796,0.744,0.739,0.721,0.749,0.731,0.731,0.681,0.634,0.649,0.588,0.606,0.596,0.526,1.158,0.503,0.47,0.484,0.484,1.158,1.158,1.158,0.386,0.386,0.479,0.472,0.488,0.521,0.524,0.524,0.524,0.524,0.553,0.61,0.63,0.639,0.645,0.657,0.673,0.692,0.719,0.719,0.837,0.748,0.797,0.83,0.873,0.428,0.874,0.919,0.901,1.504,1.504,0.854,0.854,0.854,0.854,0.797,0.914,0.914,0.957,0.957,0.957,0.957,0.957,1.003,1.02,1.045,1.045,1.045,0.023,0.0,0.0,0.05,0.085,0.099,0.376,0.085,0.085,0.085,0.116,0.145,0.145,4.468,4.468,4.468,4.468,4.468,3.887,4.406,3.388,0.512,3.68,3.68,3.68,3.293,3.293,3.293,3.293,3.293,3.293,3.293,2.534,2.277,2.268,2.686,2.255,1.63,1.713,11.22
Point_163,8.825,0.239,0.282,0.416,0.374,0.393,0.45,0.451,0.489,0.52,0.532,0.617,0.691,0.755,0.807,0.848,0.936,0.982,1.006,1.03,1.343,1.343,1.417,2.6,2.971,2.567,5.155,3.337,2.797,2.971,2.971,1.482,3.246,3.337,3.337,2.975,3.723,3.337,2.709,3.337,2.477,2.256,2.256,1.613,1.613,1.391,1.38,1.446,1.439,1.446,1.495,1.514,1.514,1.613,1.828,0.848,1.911,1.934,1.934,2.204,1.966,0.936,1.352,1.29,1.197,1.197,1.149,0.971,0.954,0.954,0.934,0.812,0.826,0.794,0.749,0.801,0.786,0.808,0.812,0.996,0.77,0.787,0.869,0.707,0.628,0.59,0.59,0.558,0.619,0.746,0.694,0.688,0.671,0.699,0.68,0.68,0.631,0.583,0.598,0.537,0.556,0.546,0.476,1.107,0.452,0.42,0.434,0.434,1.107,1.107,1.107,0.336,0.336,0.429,0.422,0.437,0.471,0.474,0.474,0.474,0.474,0.502,0.559,0.58,0.588,0.595,0.606,0.623,0.641,0.669,0.669,0.786,0.698,0.746,0.779,0.823,0.377,0.823,0.869,0.85,1.454,1.454,0.804,0.804,0.804,0.804,0.746,0.864,0.864,0.906,0.906,0.906,0.906,0.906,0.953,0.97,0.995,0.995,0.995,1.034,1.011,1.011,0.0,0.035,0.048,0.325,0.035,0.035,0.035,0.065,0.095,0.095,4.418,4.418,4.418,4.418,4.418,3.836,4.356,3.337,0.461,3.629,3.629,3.629,3.242,3.242,3.242,3.242,3.242,3.242,3.242,2.484,2.227,2.217,2.636,2.204,1.58,1.662,11.17
Point_164,8.79,0.204,0.248,0.381,0.339,0.359,0.416,0.416,0.454,0.485,0.498,0.582,0.656,0.721,0.773,0.813,0.902,0.947,0.971,0.995,1.308,1.308,1.382,2.565,2.937,2.532,5.12,3.303,2.762,2.937,2.937,1.447,3.212,3.303,3.303,2.94,3.689,3.303,2.675,3.303,2.442,2.222,2.222,1.579,1.579,1.357,1.346,1.411,1.405,1.411,1.461,1.48,1.48,1.579,1.793,0.814,1.877,1.9,1.9,2.169,1.931,0.902,1.317,1.256,1.162,1.162,1.115,0.936,0.919,0.919,0.899,0.777,0.791,0.759,0.714,0.766,0.751,0.773,0.778,0.962,0.736,0.752,0.834,0.672,0.593,0.555,0.555,0.524,0.585,0.711,0.659,0.654,0.636,0.664,0.646,0.646,0.596,0.549,0.564,0.503,0.521,0.511,0.441,1.073,0.418,0.385,0.399,0.399,1.073,1.073,1.073,0.301,0.301,0.394,0.387,0.403,0.436,0.439,0.439,0.439,0.439,0.468,0.524,0.545,0.554,0.56,0.572,0.588,0.607,0.634,0.634,0.751,0.663,0.712,0.745,0.788,0.343,0.789,0.834,0.816,1.419,1.419,0.769,0.769,0.769,0.769,0.712,0.829,0.829,0.872,0.872,0.872,0.872,0.872,0.918,0.935,0.96,0.96,0.96,0.999,0.977,0.977,1.027,0.0,0.013,0.291,0.0,0.0,0.0,0.031,0.06,0.06,4.383,4.383,4.383,4.383,4.383,3.802,4.321,3.303,0.427,3.595,3.595,3.595,3.208,3.208,3.208,3.208,3.208,3.208,3.208,2.449,2.192,2.183,2.601,2.169,1.545,1.628,11.135
Point_165,8.774,0.188,0.232,0.365,0.323,0.343,0.4,0.4,0.438,0.469,0.482,0.566,0.641,0.705,0.757,0.797,0.886,0.931,0.955,0.979,1.292,1.292,1.366,2.549,2.921,2.516,5.105,3.287,2.746,2.921,2.921,1.431,3.196,3.287,3.287,2.924,3.673,3.287,2.659,3.287,2.426,2.206,2.206,1.563,1.563,1.341,1.33,1.395,1.389,1.395,1.445,1.464,1.464,1.563,1.777,0.798,1.861,1.884,1.884,2.154,1.915,0.886,1.301,1.24,1.146,1.146,1.099,0.92,0.903,0.903,0.883,0.761,0.775,0.743,0.698,0.75,0.735,0.758,0.762,0.946,0.72,0.736,0.818,0.657,0.577,0.539,0.539,0.508,0.569,0.695,0.643,0.638,0.62,0.648,0.63,0.63,0.58,0.533,0.548,0.487,0.505,0.495,0.425,1.057,0.402,0.369,0.383,0.383,1.057,1.057,1.057,0.285,0.285,0.378,0.371,0.387,0.42,0.423,0.423,0.423,0.423,0.452,0.509,0.529,0.538,0.544,0.556,0.572,0.591,0.618,0.618,0.736,0.647,0.696,0.729,0.772,0.329,0.773,0.818,0.8,1.403,1.403,0.753,0.753,0.753,0.753,0.696,0.813,0.813,0.856,0.856,0.856,0.856,0.856,0.902,0.919,0.944,0.944,0.944,0.983,0.961,0.961,1.011,1.046,0.0,0.275,1.046,1.046,1.046,0.015,0.047,0.047,4.367,4.367,4.367,4.367,4.367,3.786,4.305,3.287,0.411,3.579,3.579,3.579,3.192,3.192,3.192,3.192,3.192,3.192,3.192,2.433,2.176,2.167,2.585,2.154,1.529,1.612,11.119
Point_166,8.858,0.272,0.316,0.45,0.408,0.427,0.484,0.485,0.522,0.553,0.566,0.65,0.725,0.789,0.841,0.881,0.97,1.016,1.039,1.063,1.377,1.377,1.45,2.634,3.005,2.6,4.957,3.371,2.83,3.005,3.005,1.515,3.28,3.371,3.371,3.008,3.757,3.371,2.743,3.371,2.51,2.29,2.29,1.647,1.647,1.425,1.414,1.479,1.473,1.479,1.529,1.548,1.548,1.647,1.862,0.65,1.945,1.968,1.968,2.238,1.999,0.97,1.386,1.324,1.23,1.23,1.183,1.005,0.987,0.987,0.967,0.845,0.859,0.827,0.782,0.834,0.819,0.842,0.846,1.03,0.804,0.82,0.902,0.741,0.662,0.623,0.623,0.592,0.653,0.779,0.727,0.722,0.704,0.733,0.482,0.482,0.433,0.386,0.4,0.339,0.358,0.348,0.278,1.402,0.254,0.222,0.236,0.236,1.402,1.402,1.402,0.138,0.138,0.231,0.224,0.239,0.273,0.276,0.276,0.276,0.276,0.304,0.361,0.382,0.39,0.397,0.408,0.425,0.444,0.471,0.471,0.588,0.5,0.549,0.582,0.625,1.241,0.625,0.671,0.652,1.256,1.256,0.606,0.606,0.606,0.606,0.549,0.666,0.666,0.709,0.709,0.709,0.709,0.709,0.755,0.772,0.797,0.797,0.797,0.836,0.813,0.813,0.864,0.898,0.912,0.0,0.898,0.898,0.898,0.929,0.959,0.959,4.452,4.452,4.452,4.452,4.452,3.87,4.39,3.371,0.495,3.663,3.663,3.663,3.276,3.276,3.276,3.276,3.276,3.276,3.276,2.517,2.26,2.251,2.669,2.238,1.614,1.696,10.972
Point_167,8.79,0.204,0.248,0.381,0.339,0.359,0.416,0.416,0.454,0.485,0.498,0.582,0.656,0.721,0.773,0.813,0.902,0.947,0.971,0.995,1.308,1.308,1.382,2.565,2.937,2.532,5.12,3.303,2.762,2.937,2.937,1.447,3.212,3.303,3.303,2.94,3.689,3.303,2.675,3.303,2.442,2.222,2.222,1.579,1.579,1.357,1.346,1.411,1.405,1.411,1.461,1.48,1.48,1.579,1.793,0.814,1.877,1.9,1.9,2.169,1.931,0.902,1.317,1.256,1.162,1.162,1.115,0.936,0.919,0.919,0.899,0.777,0.791,0.759,0.714,0.766,0.751,0.773,0.778,0.962,0.736,0.752,0.834,0.672,0.593,0.555,0.555,0.524,0.585,0.711,0.659,0.654,0.636,0.664,0.646,0.646,0.596,0.549,0.564,0.503,0.521,0.511,0.441,1.073,0.418,0.385,0.399,0.399,1.073,1.073,1.073,0.301,0.301,0.394,0.387,0.403,0.436,0.439,0.439,0.439,0.439,0.468,0.524,0.545,0.554,0.56,0.572,0.588,0.607,0.634,0.634,0.751,0.663,0.712,0.745,0.788,0.343,0.789,0.834,0.816,1.419,1.419,0.769,0.769,0.769,0.769,0.712,0.829,0.829,0.872,0.872,0.872,0.872,0.872,0.918,0.935,0.96,0.96,0.96,0.999,0.977,0.977,1.027,0.0,0.013,0.291,0.0,0.0,0.0,0.031,0.06,0.06,4.383,4.383,4.383,4.383,4.383,3.802,4.321,3.303,0.427,3.595,3.595,3.595,3.208,3.208,3.208,3.208,3.208,3.208,3.208,2.449,2.192,2.183,2.601,2.169,1.545,1.628,11.135
Point_168,8.79,0.204,0.248,0.381,0.339,0.359,0.416,0.416,0.454,0.485,0.498,0.582,0.656,0.721,0.773,0.813,0.902,0.947,0.971,0.995,1.308,1.308,1.382,2.565,2.937,2.532,5.12,3.303,2.762,2.937,2.937,1.447,3.212,3.303,3.303,2.94,3.689,3.303,2.675,3.303,2.442,2.222,2.222,1.579,1.579,1.357,1.346,1.411,1.405,1.411,1.461,1.48,1.48,1.579,1.793,0.814,1.877,1.9,1.9,2.169,1.931,0.902,1.317,1.256,1.162,1.162,1.115,0.936,0.919,0.919,0.899,0.777,0.791,0.759,0.714,0.766,0.751,0.773,0.778,0.962,0.736,0.752,0.834,0.672,0.593,0.555,0.555,0.524,0.585,0.711,0.659,0.654,0.636,0.664,0.646,0.646,0.596,0.549,0.564,0.503,0.521,0.511,0.441,1.073,0.418,0.385,0.399,0.399,1.073,1.073,1.073,0.301,0.301,0.394,0.387,0.403,0.436,0.439,0.439,0.439,0.439,0.468,0.524,0.545,0.554,0.56,0.572,0.588,0.607,0.634,0.634,0.751,0.663,0.712,0.745,0.788,0.343,0.789,0.834,0.816,1.419,1.419,0.769,0.769,0.769,0.769,0.712,0.829,0.829,0.872,0.872,0.872,0.872,0.872,0.918,0.935,0.96,0.96,0.96,0.999,0.977,0.977,1.027,0.0,0.013,0.291,0.0,0.0,0.0,0.031,0.06,0.06,4.383,4.383,4.383,4.383,4.383,3.802,4.321,3.303,0.427,3.595,3.595,3.595,3.208,3.208,3.208,3.208,3.208,3.208,3.208,2.449,2.192,2.183,2.601,2.169,1.545,1.628,11.135
Point_169,8.79,0.204,0.248,0.381,0.339,0.359,0.416,0.416,0.454,0.485,0.498,0.582,0.656,0.721,0.773,0.813,0.902,0.947,0.971,0.995,1.308,1.308,1.382,2.565,2.937,2.532,5.12,3.303,2.762,2.937,2.937,1.447,3.212,3.303,3.303,2.94,3.689,3.303,2.675,3.303,2.442,2.222,2.222,1.579,1.579,1.357,1.346,1.411,1.405,1.411,1.461,1.48,1.48,1.579,1.793,0.814,1.877,1.9,1.9,2.169,1.931,0.902,1.317,1.256,1.162,1.162,1.115,0.936,0.919,0.919,0.899,0.777,0.791,0.759,0.714,0.766,0.751,0.773,0.778,0.962,0.736,0.752,0.834,0.672,0.593,0.555,0.555,0.524,0.585,0.711,0.659,0.654,0.636,0.664,0.646,0.646,0.596,0.549,0.564,0.503,0.521,0.511,0.441,1.073,0.418,0.385,0.399,0.399,1.073,1.073,1.073,0.301,0.301,0.394,0.387,0.403,0.436,0.439,0.439,0.439,0.439,0.468,0.524,0.545,0.554,0.56,0.572,0.588,0.607,0.634,0.634,0.751,0.663,0.712,0.745,0.788,0.343,0.789,0.834,0.816,1.419,1.419,0.769,0.769,0.769,0.769,0.712,0.829,0.829,0.872,0.872,0.872,0.872,0.872,0.918,0.935,0.96,0.96,0.96,0.999,0.977,0.977,1.027,0.0,0.013,0.291,0.0,0.0,0.0,0.031,0.06,0.06,4.383,4.383,4.383,4.383,4.383,3.802,4.321,3.303,0.427,3.595,3.595,3.595,3.208,3.208,3.208,3.208,3.208,3.208,3.208,2.449,2.192,2.183,2.601,2.169,1.545,1.628,11.135
Point_170,8.76,0.174,0.217,0.351,0.309,0.328,0.385,0.386,0.424,0.454,0.467,0.552,0.626,0.69,0.742,0.782,0.871,0.917,0.94,0.964,1.278,1.278,1.352,2.535,2.906,2.501,5.09,3.272,2.732,2.906,2.906,1.417,3.181,3.272,3.272,2.91,3.658,3.272,2.644,3.272,2.411,2.191,2.191,1.548,1.548,1.326,1.315,1.38,1.374,1.38,1.43,1.449,1.449,1.548,1.763,0.783,1.846,1.869,1.869,2.139,1.9,0.871,1.287,1.225,1.132,1.132,1.084,0.906,0.888,0.888,0.869,0.747,0.76,0.729,0.684,0.736,0.721,0.743,0.747,0.931,0.705,0.722,0.803,0.642,0.563,0.525,0.525,0.493,0.554,0.68,0.628,0.623,0.605,0.634,0.615,0.615,0.566,0.518,0.533,0.472,0.49,0.481,0.411,1.042,0.387,0.355,0.369,0.369,1.042,1.042,1.042,0.27,0.27,0.363,0.357,0.372,0.406,0.409,0.409,0.409,0.409,0.437,0.494,0.514,0.523,0.529,0.541,0.558,0.576,0.603,0.603,0.721,0.633,0.681,0.714,0.757,1.374,0.758,0.804,0.785,1.389,1.389,0.739,0.739,0.739,0.739,0.681,0.799,0.799,0.841,0.841,0.841,0.841,0.841,0.888,0.904,0.93,0.93,0.93,0.969,0.946,0.946,0.996,1.031,1.045,0.26,1.031,1.031,1.031,0.0,1.091,1.091,4.353,4.353,4.353,4.353,4.353,3.771,4.291,3.272,0.396,3.564,3.564,3.564,3.177,3.177,3.177,3.177,3.177,3.177,3.177,2.419,2.162,2.152,2.571,2.139,1.515,1.597,11.104
Point_171,8.823,0.237,0.281,0.415,0.373,0.392,0.449,0.45,0.488,0.518,0.531,0.616,0.69,0.754,0.806,0.846,0.935,0.981,1.004,1.028,1.342,1.342,1.416,2.599,2.97,2.565,4.783,3.336,2.796,2.97,2.97,1.481,3.245,3.336,3.336,2.973,3.722,3.336,2.708,3.336,2.475,2.255,2.255,1.612,1.612,1.39,1.379,1.444,1.438,1.444,1.494,1.513,1.513,1.612,1.827,0.847,1.91,1.933,1.933,2.203,1.964,0.935,1.351,1.289,1.195,1.195,1.148,0.97,0.952,0.952,0.933,0.81,0.824,0.792,0.747,0.799,0.785,0.807,0.811,0.995,0.769,0.785,0.867,0.706,0.627,0.588,0.588,0.557,0.618,0.744,0.692,0.687,0.669,0.698,0.679,0.679,0.63,0.582,0.597,0.536,0.554,0.545,0.475,1.106,0.451,0.418,0.433,0.433,1.106,1.106,1.106,0.334,0.334,0.427,0.42,0.436,0.47,0.473,0.473,0.473,0.473,0.501,0.558,0.578,0.587,0.593,0.605,0.621,0.64,0.667,0.667,0.785,0.697,0.745,0.778,0.821,0.282,0.822,0.868,0.849,1.583,1.583,0.803,0.803,0.803,0.803,0.745,0.443,0.443,0.905,0.905,0.905,0.905,0.905,0.951,0.968,0.993,0.993,0.993,1.033,1.01,1.01,1.06,1.095,0.047,0.324,1.095,1.095,1.095,0.064,0.0,0.0,4.417,4.417,4.417,4.417,4.417,3.835,4.355,3.336,0.46,3.628,3.628,3.628,3.241,3.241,3.241,3.241,3.241,3.241,3.241,2.483,2.226,2.216,2.635,2.203,1.579,1.661,11.298
Point_172,8.823,0.237,0.281,0.415,0.373,0.392,0.449,0.45,0.488,0.518,0.531,0.616,0.69,0.754,0.806,0.846,0.935,0.981,1.004,1.028,1.342,1.342,1.416,2.599,2.97,2.565,4.783,3.336,2.796,2.97,2.97,1.481,3.245,3.336,3.336,2.973,3.722,3.336,2.708,3.336,2.475,2.255,2.255,1.612,1.612,1.39,1.379,1.444,1.438,1.444,1.494,1.513,1.513,1.612,1.827,0.847,1.91,1.933,1.933,2.203,1.964,0.935,1.351,1.289,1.195,1.195,1.148,0.97,0.952,0.952,0.933,0.81,0.824,0.792,0.747,0.799,0.785,0.807,0.811,0.995,0.769,0.785,0.867,0.706,0.627,0.588,0.588,0.557,0.618,0.744,0.692,0.687,0.669,0.698,0.679,0.679,0.63,0.582,0.597,0.536,0.554,0.545,0.475,1.106,0.451,0.418,0.433,0.433,1.106,1.106,1.106,0.334,0.334,0.427,0.42,0.436,0.47,0.473,0.473,0.473,0.473,0.501,0.558,0.578,0.587,0.593,0.605,0.621,0.64,0.667,0.667,0.785,0.697,0.745,0.778,0.821,0.282,0.822,0.868,0.849,1.583,1.583,0.803,0.803,0.803,0.803,0.745,0.443,0.443,0.905,0.905,0.905,0.905,0.905,0.951,0.968,0.993,0.993,0.993,1.033,1.01,1.01,1.06,1.095,0.047,0.324,1.095,1.095,1.095,0.064,0.0,0.0,4.417,4.417,4.417,4.417,4.417,3.835,4.355,3.336,0.46,3.628,3.628,3.628,3.241,3.241,3.241,3.241,3.241,3.241,3.241,2.483,2.226,2.216,2.635,2.203,1.579,1.661,11.298
Point_173,9.436,4.182,4.138,4.129,4.087,4.027,3.97,3.97,3.932,3.901,3.888,4.806,3.712,3.65,3.745,3.786,3.469,3.423,3.4,3.376,3.062,3.062,2.986,2.969,1.762,1.843,9.28,1.766,1.822,1.762,1.762,3.008,1.547,1.766,1.766,1.766,1.472,1.766,1.954,1.766,2.193,2.344,2.344,3.923,3.923,3.13,3.119,2.953,3.178,2.96,2.954,2.935,2.935,3.923,3.355,4.973,3.438,3.461,3.461,4.061,3.492,3.469,3.091,3.115,3.209,3.209,3.256,3.434,3.452,3.452,3.472,3.594,3.58,3.612,3.855,3.907,3.892,3.915,3.919,4.671,3.877,3.893,3.975,4.036,4.115,4.153,4.153,4.185,4.124,3.998,3.925,3.919,3.902,4.374,4.319,4.319,4.38,4.427,4.499,4.523,4.558,4.548,4.535,4.782,4.616,4.587,4.577,4.577,4.782,4.782,4.782,4.46,4.46,4.553,4.546,4.562,4.595,4.598,4.598,4.598,4.598,4.627,4.684,4.704,4.713,4.719,4.731,4.747,4.766,4.793,4.793,4.911,4.822,4.871,4.904,4.947,5.151,4.948,4.993,4.975,5.578,5.578,4.928,4.928,4.928,4.928,4.871,4.988,4.988,5.031,5.031,5.031,5.031,5.031,5.077,5.094,5.119,5.119,5.119,5.158,5.136,5.136,5.186,5.221,5.234,4.45,5.221,5.221,5.221,5.251,5.281,5.281,0.0,0.0,0.0,0.0,0.0,2.265,0.125,1.766,3.96,2.058,2.058,2.058,1.671,1.671,1.671,1.671,1.671,1.671,1.671,3.755,3.962,3.971,3.907,4.061,3.863,3.781,21.144
Point_174,9.436,4.182,4.138,4.129,4.087,4.027,3.97,3.97,3.932,3.901,3.888,4.806,3.712,3.65,3.745,3.786,3.469,3.423,3.4,3.376,3.062,3.062,2.986,2.969,1.762,1.843,9.28,1.766,1.822,1.762,1.762,3.008,1.547,1.766,1.766,1.766,1.472,1.766,1.954,1.766,2.193,2.344,2.344,3.923,3.923,3.13,3.119,2.953,3.178,2.96,2.954,2.935,2.935,3.923,3.355,4.973,3.438,3.461,3.461,4.061,3.492,3.469,3.091,3.115,3.209,3.209,3.256,3.434,3.452,3.452,3.472,3.594,3.58,3.612,3.855,3.907,3.892,3.915,3.919,4.671,3.877,3.893,3.975,4.036,4.115,4.153,4.153,4.185,4.124,3.998,3.925,3.919,3.902,4.374,4.319,4.319,4.38,4.427,4.499,4.523,4.558,4.548,4.535,4.782,4.616,4.587,4.577,4.577,4.782,4.782,4.782,4.46,4.46,4.553,4.546,4.562,4.595,4.598,4.598,4.598,4.598,4.627,4.684,4.704,4.713,4.719,4.731,4.747,4.766,4.793,4.793,4.911,4.822,4.871,4.904,4.947,5.151,4.948,4.993,4.975,5.578,5.578,4.928,4.928,4.928,4.928,4.871,4.988,4.988,5.031,5.031,5.031,5.031,5.031,5.077,5.094,5.119,5.119,5.119,5.158,5.136,5.136,5.186,5.221,5.234,4.45,5.221,5.221,5.221,5.251,5.281,5.281,0.0,0.0,0.0,0.0,0.0,2.265,0.125,1.766,3.96,2.058,2.058,2.058,1.671,1.671,1.671,1.671,1.671,1.671,1.671,3.755,3.962,3.971,3.907,4.061,3.863,3.781,21.144
Point_175,9.436,4.182,4.138,4.129,4.087,4.027,3.97,3.97,3.932,3.901,3.888,4.806,3.712,3.65,3.745,3.786,3.469,3.423,3.4,3.376,3.062,3.062,2.986,2.969,1.762,1.843,9.28,1.766,1.822,1.762,1.762,3.008,1.547,1.766,1.766,1.766,1.472,1.766,1.954,1.766,2.193,2.344,2.344,3.923,3.923,3.13,3.119,2.953,3.178,2.96,2.954,2.935,2.935,3.923,3.355,4.973,3.438,3.461,3.461,4.061,3.492,3.469,3.091,3.115,3.209,3.209,3.256,3.434,3.452,3.452,3.472,3.594,3.58,3.612,3.855,3.907,3.892,3.915,3.919,4.671,3.877,3.893,3.975,4.036,4.115,4.153,4.153,4.185,4.124,3.998,3.925,3.919,3.902,4.374,4.319,4.319,4.38,4.427,4.499,4.523,4.558,4.548,4.535,4.782,4.616,4.587,4.577,4.577,4.782,4.782,4.782,4.46,4.46,4.553,4.546,4.562,4.595,4.598,4.598,4.598,4.598,4.627,4.684,4.704,4.713,4.719,4.731,4.747,4.766,4.793,4.793,4.911,4.822,4.871,4.904,4.947,5.151,4.948,4.993,4.975,5.578,5.578,4.928,4.928,4.928,4.928,4.871,4.988,4.988,5.031,5.031,5.031,5.031,5.031,5.077,5.094,5.119,5.119,5.119,5.158,5.136,5.136,5.186,5.221,5.234,4.45,5.221,5.221,5.221,5.251,5.281,5.281,0.0,0.0,0.0,0.0,0.0,2.265,0.125,1.766,3.96,2.058,2.058,2.058,1.671,1.671,1.671,1.671,1.671,1.671,1.671,3.755,3.962,3.971,3.907,4.061,3.863,3.781,21.144
Point_176,9.436,4.182,4.138,4.129,4.087,4.027,3.97,3.97,3.932,3.901,3.888,4.806,3.712,3.65,3.745,3.786,3.469,3.423,3.4,3.376,3.062,3.062,2.986,2.969,1.762,1.843,9.28,1.766,1.822,1.762,1.762,3.008,1.547,1.766,1.766,1.766,1.472,1.766,1.954,1.766,2.193,2.344,2.344,3.923,3.923,3.13,3.119,2.953,3.178,2.96,2.954,2.935,2.935,3.923,3.355,4.973,3.438,3.461,3.461,4.061,3.492,3.469,3.091,3.115,3.209,3.209,3.256,3.434,3.452,3.452,3.472,3.594,3.58,3.612,3.855,3.907,3.892,3.915,3.919,4.671,3.877,3.893,3.975,4.036,4.115,4.153,4.153,4.185,4.124,3.998,3.925,3.919,3.902,4.374,4.319,4.319,4.38,4.427,4.499,4.523,4.558,4.548,4.535,4.782,4.616,4.587,4.577,4.577,4.782,4.782,4.782,4.46,4.46,4.553,4.546,4.562,4.595,4.598,4.598,4.598,4.598,4.627,4.684,4.704,4.713,4.719,4.731,4.747,4.766,4.793,4.793,4.911,4.822,4.871,4.904,4.947,5.151,4.948,4.993,4.975,5.578,5.578,4.928,4.928,4.928,4.928,4.871,4.988,4.988,5.031,5.031,5.031,5.031,5.031,5.077,5.094,5.119,5.119,5.119,5.158,5.136,5.136,5.186,5.221,5.234,4.45,5.221,5.221,5.221,5.251,5.281,5.281,0.0,0.0,0.0,0.0,0.0,2.265,0.125,1.766,3.96,2.058,2.058,2.058,1.671,1.671,1.671,1.671,1.671,1.671,1.671,3.755,3.962,3.971,3.907,4.061,3.863,3.781,21.144
Point_177,9.436,4.182,4.138,4.129,4.087,4.027,3.97,3.97,3.932,3.901,3.888,4.806,3.712,3.65,3.745,3.786,3.469,3.423,3.4,3.376,3.062,3.062,2.986,2.969,1.762,1.843,9.28,1.766,1.822,1.762,1.762,3.008,1.547,1.766,1.766,1.766,1.472,1.766,1.954,1.766,2.193,2.344,2.344,3.923,3.923,3.13,3.119,2.953,3.178,2.96,2.954,2.935,2.935,3.923,3.355,4.973,3.438,3.461,3.461,4.061,3.492,3.469,3.091,3.115,3.209,3.209,3.256,3.434,3.452,3.452,3.472,3.594,3.58,3.612,3.855,3.907,3.892,3.915,3.919,4.671,3.877,3.893,3.975,4.036,4.115,4.153,4.153,4.185,4.124,3.998,3.925,3.919,3.902,4.374,4.319,4.319,4.38,4.427,4.499,4.523,4.558,4.548,4.535,4.782,4.616,4.587,4.577,4.577,4.782,4.782,4.782,4.46,4.46,4.553,4.546,4.562,4.595,4.598,4.598,4.598,4.598,4.627,4.684,4.704,4.713,4.719,4.731,4.747,4.766,4.793,4.793,4.911,4.822,4.871,4.904,4.947,5.151,4.948,4.993,4.975,5.578,5.578,4.928,4.928,4.928,4.928,4.871,4.988,4.988,5.031,5.031,5.031,5.031,5.031,5.077,5.094,5.119,5.119,5.119,5.158,5.136,5.136,5.186,5.221,5.234,4.45,5.221,5.221,5.221,5.251,5.281,5.281,0.0,0.0,0.0,0.0,0.0,2.265,0.125,1.766,3.96,2.058,2.058,2.058,1.671,1.671,1.671,1.671,1.671,1.671,1.671,3.755,3.962,3.971,3.907,4.061,3.863,3.781,21.144
Point_178,9.351,3.601,3.557,3.548,3.506,3.446,3.389,3.389,3.351,3.32,3.307,4.225,3.131,3.069,3.164,3.205,2.888,2.842,2.819,2.795,2.481,2.481,2.405,2.388,1.181,1.262,8.698,0.489,0.696,1.181,1.181,2.427,1.094,0.489,0.489,1.185,0.96,0.489,1.373,0.489,1.612,1.763,1.763,3.342,3.342,2.549,2.538,2.372,2.597,2.379,2.373,2.354,2.354,3.342,2.774,4.392,2.857,2.88,2.88,3.48,2.911,2.888,2.51,2.534,2.628,2.628,2.675,2.853,2.871,2.871,2.891,3.013,2.999,3.031,3.274,3.326,3.311,3.334,3.338,4.09,3.296,3.312,3.394,3.455,3.534,3.572,3.572,3.604,3.543,3.417,3.344,3.338,3.321,3.793,3.738,3.738,3.799,3.846,3.918,3.942,3.977,3.967,3.954,4.201,4.035,4.006,3.996,3.996,4.201,4.201,4.201,3.879,3.879,3.972,3.965,3.981,4.014,4.017,4.017,4.017,4.017,4.046,4.102,4.123,4.132,4.138,4.15,4.166,4.185,4.212,4.212,4.329,4.241,4.29,4.323,4.366,4.57,4.367,4.412,4.394,4.997,4.997,4.347,4.347,4.347,4.347,4.29,4.407,4.407,4.45,4.45,4.45,4.45,4.45,4.496,4.513,4.538,4.538,4.538,4.577,4.555,4.555,4.605,4.64,4.653,3.869,4.64,4.64,4.64,4.67,4.7,4.7,2.266,2.266,2.266,2.266,2.266,0.0,2.204,0.489,3.379,0.207,0.207,0.207,0.594,0.594,0.594,0.594,0.594,0.594,0.594,3.174,3.381,3.39,3.326,3.48,3.282,3.2,22.253
Point_179,9.366,4.111,4.068,4.058,4.016,3.956,3.9,3.899,3.861,3.83,3.818,4.736,3.641,3.579,3.675,3.715,3.398,3.353,3.329,3.305,2.992,2.992,2.916,2.898,1.692,1.772,9.209,1.696,1.751,1.692,1.692,2.938,1.476,1.696,1.696,1.695,1.402,1.696,1.884,1.696,2.123,2.273,2.273,3.852,3.852,3.059,3.049,2.882,3.108,2.889,2.884,2.864,2.864,3.852,3.284,4.902,3.367,3.39,3.39,3.99,3.421,3.398,3.02,3.044,3.138,3.138,3.185,3.364,3.381,3.381,3.401,3.523,3.509,3.541,3.785,3.837,3.822,3.844,3.848,4.601,3.806,3.823,3.905,3.965,4.044,4.083,4.083,4.114,4.053,3.927,3.854,3.848,3.831,4.304,4.248,4.248,4.309,4.357,4.428,4.453,4.487,4.478,4.464,4.712,4.545,4.516,4.506,4.506,4.712,4.712,4.712,4.389,4.389,4.482,4.475,4.491,4.525,4.527,4.527,4.527,4.527,4.556,4.613,4.633,4.642,4.648,4.66,4.676,4.695,4.722,4.722,4.84,4.752,4.8,4.833,4.876,5.08,4.877,4.923,4.904,5.507,5.507,4.857,4.857,4.857,4.857,4.8,4.918,4.918,4.96,4.96,4.96,4.96,4.96,5.006,5.023,5.048,5.048,5.048,5.088,5.065,5.065,5.115,5.15,5.163,4.379,5.15,5.15,5.15,5.181,5.21,5.21,0.125,0.125,0.125,0.125,0.125,2.194,0.0,1.696,3.889,1.988,1.988,1.988,1.6,1.6,1.6,1.6,1.6,1.6,1.6,3.684,3.891,3.901,3.836,3.99,3.792,3.71,21.073
Point_180,8.852,3.102,3.058,3.049,3.007,2.947,2.89,2.89,2.852,2.821,2.808,3.727,2.632,2.57,2.666,2.706,2.389,2.344,2.32,2.296,1.983,1.983,1.907,1.889,0.683,0.763,8.2,0.0,0.381,0.683,0.683,1.929,0.596,0.0,0.0,0.686,0.461,0.0,0.875,0.0,1.113,1.264,1.264,2.843,2.843,2.05,2.039,1.873,2.099,1.88,1.874,1.855,1.855,2.843,2.275,3.893,2.358,2.381,2.381,2.981,2.412,2.389,2.011,2.035,2.129,2.129,2.176,2.355,2.372,2.372,2.392,2.514,2.5,2.532,2.775,2.828,2.813,2.835,2.839,3.592,2.797,2.813,2.895,2.956,3.035,3.074,3.074,3.105,3.044,2.918,2.845,2.839,2.822,3.294,3.239,3.239,3.3,3.348,3.419,3.444,3.478,3.469,3.455,3.703,3.536,3.507,3.497,3.497,3.703,3.703,3.703,3.38,3.38,3.473,3.466,3.482,3.516,3.518,3.518,3.518,3.518,3.547,3.604,3.624,3.633,3.639,3.651,3.667,3.686,3.713,3.713,3.831,3.743,3.791,3.824,3.867,4.071,3.868,3.914,3.895,4.498,4.498,3.848,3.848,3.848,3.848,3.791,3.909,3.909,3.951,3.951,3.951,3.951,3.951,3.997,4.014,4.039,4.039,4.039,4.079,4.056,4.056,4.106,4.141,4.154,3.37,4.141,4.141,4.141,4.171,4.201,4.201,1.767,1.767,1.767,1.767,1.767,0.489,1.705,0.0,2.88,0.282,0.282,0.282,0.095,0.095,0.095,0.095,0.095,0.095,0.095,2.675,2.882,2.892,2.827,2.981,2.783,2.701,21.754
Point_181,8.634,0.222,0.179,0.17,0.128,0.068,0.011,0.01,0.028,0.059,0.071,0.156,0.23,0.294,0.346,0.386,0.475,0.521,0.545,0.568,0.882,0.882,0.956,2.139,2.51,2.106,5.32,2.876,2.336,2.51,2.51,1.021,2.785,2.876,2.876,2.514,3.262,2.876,2.248,2.876,2.015,1.795,1.795,1.152,1.152,0.93,0.919,0.984,0.978,0.984,1.034,1.053,1.053,1.152,1.367,1.013,1.45,1.473,1.473,2.013,1.504,0.475,0.891,0.829,0.736,0.736,0.688,0.51,0.492,0.492,0.473,0.351,0.364,0.333,0.288,0.34,0.325,0.347,0.351,1.104,0.309,0.326,0.408,0.468,0.547,0.586,0.586,0.617,0.556,0.43,0.233,0.227,0.21,0.807,0.751,0.751,0.812,0.86,0.931,0.702,0.72,0.711,0.641,1.215,0.617,0.585,0.599,0.599,1.215,1.215,1.215,0.5,0.5,0.593,0.587,0.602,0.636,0.639,0.639,0.639,0.639,0.667,0.724,0.745,0.753,0.76,0.771,0.788,0.806,0.834,0.834,0.951,0.863,0.911,0.944,0.987,1.512,0.988,1.034,1.015,1.619,1.619,0.969,0.969,0.969,0.969,0.911,1.029,1.029,1.071,1.071,1.071,1.071,1.071,1.118,1.135,1.16,1.16,1.16,1.199,1.176,1.176,1.227,1.261,1.275,0.49,1.261,1.261,1.261,1.292,1.321,1.321,3.957,3.957,3.957,3.957,3.957,3.375,3.895,2.876,0.0,3.168,3.168,3.168,2.781,2.781,2.781,2.781,2.781,2.781,2.781,2.023,2.036,2.026,2.175,2.013,1.389,1.471,11.335
Point_182,9.144,3.394,3.351,3.341,3.299,3.239,3.183,3.182,3.144,3.113,3.101,4.019,2.924,2.862,2.958,2.998,2.681,2.636,2.612,2.588,2.275,2.275,2.199,2.181,0.975,1.055,8.492,0.282,0.663,0.975,0.975,2.221,0.888,0.282,0.282,0.978,0.753,0.282,1.167,0.282,1.406,1.556,1.556,3.135,3.135,2.342,2.332,2.165,2.391,2.172,2.167,2.147,2.147,3.135,2.567,4.185,2.65,2.673,2.673,3.273,2.704,2.681,2.303,2.327,2.421,2.421,2.468,2.647,2.664,2.664,2.684,2.806,2.792,2.824,3.068,3.12,3.105,3.127,3.131,3.884,3.089,3.106,3.188,3.248,3.327,3.366,3.366,3.397,3.336,3.21,3.137,3.131,3.114,3.587,3.531,3.531,3.592,3.64,3.711,3.736,3.77,3.761,3.747,3.995,3.828,3.799,3.789,3.789,3.995,3.995,3.995,3.672,3.672,3.765,3.758,3.774,3.808,3.81,3.81,3.81,3.81,3.839,3.896,3.916,3.925,3.931,3.943,3.959,3.978,4.005,4.005,4.123,4.035,4.083,4.116,4.159,4.363,4.16,4.206,4.187,4.79,4.79,4.141,4.141,4.141,4.141,4.083,4.201,4.201,4.243,4.243,4.243,4.243,4.243,4.289,4.306,4.331,4.331,4.331,4.371,4.348,4.348,4.398,4.433,4.446,3.662,4.433,4.433,4.433,4.464,4.493,4.493,2.059,2.059,2.059,2.059,2.059,0.207,1.997,0.282,3.172,0.0,0.0,0.0,0.387,0.387,0.387,0.387,0.387,0.387,0.387,2.967,3.174,3.184,3.119,3.273,3.075,2.993,22.046
Point_183,9.144,3.394,3.351,3.341,3.299,3.239,3.183,3.182,3.144,3.113,3.101,4.019,2.924,2.862,2.958,2.998,2.681,2.636,2.612,2.588,2.275,2.275,2.199,2.181,0.975,1.055,8.492,0.282,0.663,0.975,0.975,2.221,0.888,0.282,0.282,0.978,0.753,0.282,1.167,0.282,1.406,1.556,1.556,3.135,3.135,2.342,2.332,2.165,2.391,2.172,2.167,2.147,2.147,3.135,2.567,4.185,2.65,2.673,2.673,3.273,2.704,2.681,2.303,2.327,2.421,2.421,2.468,2.647,2.664,2.664,2.684,2.806,2.792,2.824,3.068,3.12,3.105,3.127,3.131,3.884,3.089,3.106,3.188,3.248,3.327,3.366,3.366,3.397,3.336,3.21,3.137,3.131,3.114,3.587,3.531,3.531,3.592,3.64,3.711,3.736,3.77,3.761,3.747,3.995,3.828,3.799,3.789,3.789,3.995,3.995,3.995,3.672,3.672,3.765,3.758,3.774,3.808,3.81,3.81,3.81,3.81,3.839,3.896,3.916,3.925,3.931,3.943,3.959,3.978,4.005,4.005,4.123,4.035,4.083,4.116,4.159,4.363,4.16,4.206,4.187,4.79,4.79,4.141,4.141,4.141,4.141,4.083,4.201,4.201,4.243,4.243,4.243,4.243,4.243,4.289,4.306,4.331,4.331,4.331,4.371,4.348,4.348,4.398,4.433,4.446,3.662,4.433,4.433,4.433,4.464,4.493,4.493,2.059,2.059,2.059,2.059,2.059,0.207,1.997,0.282,3.172,0.0,0.0,0.0,0.387,0.387,0.387,0.387,0.387,0.387,0.387,2.967,3.174,3.184,3.119,3.273,3.075,2.993,22.046
Point_184,9.144,3.394,3.351,3.341,3.299,3.239,3.183,3.182,3.144,3.113,3.101,4.019,2.924,2.862,2.958,2.998,2.681,2.636,2.612,2.588,2.275,2.275,2.199,2.181,0.975,1.055,8.492,0.282,0.663,0.975,0.975,2.221,0.888,0.282,0.282,0.978,0.753,0.282,1.167,0.282,1.406,1.556,1.556,3.135,3.135,2.342,2.332,2.165,2.391,2.172,2.167,2.147,2.147,3.135,2.567,4.185,2.65,2.673,2.673,3.273,2.704,2.681,2.303,2.327,2.421,2.421,2.468,2.647,2.664,2.664,2.684,2.806,2.792,2.824,3.068,3.12,3.105,3.127,3.131,3.884,3.089,3.106,3.188,3.248,3.327,3.366,3.366,3.397,3.336,3.21,3.137,3.131,3.114,3.587,3.531,3.531,3.592,3.64,3.711,3.736,3.77,3.761,3.747,3.995,3.828,3.799,3.789,3.789,3.995,3.995,3.995,3.672,3.672,3.765,3.758,3.774,3.808,3.81,3.81,3.81,3.81,3.839,3.896,3.916,3.925,3.931,3.943,3.959,3.978,4.005,4.005,4.123,4.035,4.083,4.116,4.159,4.363,4.16,4.206,4.187,4.79,4.79,4.141,4.141,4.141,4.141,4.083,4.201,4.201,4.243,4.243,4.243,4.243,4.243,4.289,4.306,4.331,4.331,4.331,4.371,4.348,4.348,4.398,4.433,4.446,3.662,4.433,4.433,4.433,4.464,4.493,4.493,2.059,2.059,2.059,2.059,2.059,0.207,1.997,0.282,3.172,0.0,0.0,0.0,0.387,0.387,0.387,0.387,0.387,0.387,0.387,2.967,3.174,3.184,3.119,3.273,3.075,2.993,22.046
Point_185,8.757,3.007,2.963,2.954,2.912,2.852,2.795,2.795,2.757,2.726,2.713,3.631,2.537,2.475,2.57,2.611,2.294,2.248,2.225,2.201,1.887,1.887,1.811,1.794,0.587,0.668,8.105,0.095,0.647,0.587,0.587,1.833,0.5,0.095,0.095,0.591,0.366,0.095,0.779,0.095,1.018,1.169,1.169,2.748,2.748,1.955,1.944,1.778,2.003,1.785,1.779,1.76,1.76,2.748,2.18,3.798,2.263,2.286,2.286,2.886,2.317,2.294,1.916,1.94,2.034,2.034,2.081,2.259,2.277,2.277,2.297,2.419,2.405,2.437,2.68,2.732,2.717,2.74,2.744,3.496,2.702,2.718,2.8,2.861,2.94,2.978,2.978,3.01,2.949,2.823,2.75,2.744,2.727,3.199,3.144,3.144,3.205,3.252,3.324,3.348,3.383,3.373,3.36,3.607,3.441,3.412,3.402,3.402,3.607,3.607,3.607,3.285,3.285,3.378,3.371,3.387,3.42,3.423,3.423,3.423,3.423,3.452,3.509,3.529,3.538,3.544,3.556,3.572,3.591,3.618,3.618,3.736,3.647,3.696,3.729,3.772,3.976,3.773,3.818,3.8,4.403,4.403,3.753,3.753,3.753,3.753,3.696,3.813,3.813,3.856,3.856,3.856,3.856,3.856,3.902,3.919,3.944,3.944,3.944,3.983,3.961,3.961,4.011,4.046,4.059,3.275,4.046,4.046,4.046,4.076,4.106,4.106,1.672,1.672,1.672,1.672,1.672,0.594,1.61,0.095,2.785,0.387,0.387,0.387,0.0,0.0,0.0,0.0,0.0,0.0,0.0,2.58,2.787,2.796,2.732,2.886,2.688,2.606,21.659
Point_186,8.757,3.007,2.963,2.954,2.912,2.852,2.795,2.795,2.757,2.726,2.713,3.631,2.537,2.475,2.57,2.611,2.294,2.248,2.225,2.201,1.887,1.887,1.811,1.794,0.587,0.668,8.105,0.095,0.647,0.587,0.587,1.833,0.5,0.095,0.095,0.591,0.366,0.095,0.779,0.095,1.018,1.169,1.169,2.748,2.748,1.955,1.944,1.778,2.003,1.785,1.779,1.76,1.76,2.748,2.18,3.798,2.263,2.286,2.286,2.886,2.317,2.294,1.916,1.94,2.034,2.034,2.081,2.259,2.277,2.277,2.297,2.419,2.405,2.437,2.68,2.732,2.717,2.74,2.744,3.496,2.702,2.718,2.8,2.861,2.94,2.978,2.978,3.01,2.949,2.823,2.75,2.744,2.727,3.199,3.144,3.144,3.205,3.252,3.324,3.348,3.383,3.373,3.36,3.607,3.441,3.412,3.402,3.402,3.607,3.607,3.607,3.285,3.285,3.378,3.371,3.387,3.42,3.423,3.423,3.423,3.423,3.452,3.509,3.529,3.538,3.544,3.556,3.572,3.591,3.618,3.618,3.736,3.647,3.696,3.729,3.772,3.976,3.773,3.818,3.8,4.403,4.403,3.753,3.753,3.753,3.753,3.696,3.813,3.813,3.856,3.856,3.856,3.856,3.856,3.902,3.919,3.944,3.944,3.944,3.983,3.961,3.961,4.011,4.046,4.059,3.275,4.046,4.046,4.046,4.076,4.106,4.106,1.672,1.672,1.672,1.672,1.672,0.594,1.61,0.095,2.785,0.387,0.387,0.387,0.0,0.0,0.0,0.0,0.0,0.0,0.0,2.58,2.787,2.796,2.732,2.886,2.688,2.606,21.659
Point_187,8.757,3.007,2.963,2.954,2.912,2.852,2.795,2.795,2.757,2.726,2.713,3.631,2.537,2.475,2.57,2.611,2.294,2.248,2.225,2.201,1.887,1.887,1.811,1.794,0.587,0.668,8.105,0.095,0.647,0.587,0.587,1.833,0.5,0.095,0.095,0.591,0.366,0.095,0.779,0.095,1.018,1.169,1.169,2.748,2.748,1.955,1.944,1.778,2.003,1.785,1.779,1.76,1.76,2.748,2.18,3.798,2.263,2.286,2.286,2.886,2.317,2.294,1.916,1.94,2.034,2.034,2.081,2.259,2.277,2.277,2.297,2.419,2.405,2.437,2.68,2.732,2.717,2.74,2.744,3.496,2.702,2.718,2.8,2.861,2.94,2.978,2.978,3.01,2.949,2.823,2.75,2.744,2.727,3.199,3.144,3.144,3.205,3.252,3.324,3.348,3.383,3.373,3.36,3.607,3.441,3.412,3.402,3.402,3.607,3.607,3.607,3.285,3.285,3.378,3.371,3.387,3.42,3.423,3.423,3.423,3.423,3.452,3.509,3.529,3.538,3.544,3.556,3.572,3.591,3.618,3.618,3.736,3.647,3.696,3.729,3.772,3.976,3.773,3.818,3.8,4.403,4.403,3.753,3.753,3.753,3.753,3.696,3.813,3.813,3.856,3.856,3.856,3.856,3.856,3.902,3.919,3.944,3.944,3.944,3.983,3.961,3.961,4.011,4.046,4.059,3.275,4.046,4.046,4.046,4.076,4.106,4.106,1.672,1.672,1.672,1.672,1.672,0.594,1.61,0.095,2.785,0.387,0.387,0.387,0.0,0.0,0.0,0.0,0.0,0.0,0.0,2.58,2.787,2.796,2.732,2.886,2.688,2.606,21.659
Point_188,8.757,3.007,2.963,2.954,2.912,2.852,2.795,2.795,2.757,2.726,2.713,3.631,2.537,2.475,2.57,2.611,2.294,2.248,2.225,2.201,1.887,1.887,1.811,1.794,0.587,0.668,8.105,0.095,0.647,0.587,0.587,1.833,0.5,0.095,0.095,0.591,0.366,0.095,0.779,0.095,1.018,1.169,1.169,2.748,2.748,1.955,1.944,1.778,2.003,1.785,1.779,1.76,1.76,2.748,2.18,3.798,2.263,2.286,2.286,2.886,2.317,2.294,1.916,1.94,2.034,2.034,2.081,2.259,2.277,2.277,2.297,2.419,2.405,2.437,2.68,2.732,2.717,2.74,2.744,3.496,2.702,2.718,2.8,2.861,2.94,2.978,2.978,3.01,2.949,2.823,2.75,2.744,2.727,3.199,3.144,3.144,3.205,3.252,3.324,3.348,3.383,3.373,3.36,3.607,3.441,3.412,3.402,3.402,3.607,3.607,3.607,3.285,3.285,3.378,3.371,3.387,3.42,3.423,3.423,3.423,3.423,3.452,3.509,3.529,3.538,3.544,3.556,3.572,3.591,3.618,3.618,3.736,3.647,3.696,3.729,3.772,3.976,3.773,3.818,3.8,4.403,4.403,3.753,3.753,3.753,3.753,3.696,3.813,3.813,3.856,3.856,3.856,3.856,3.856,3.902,3.919,3.944,3.944,3.944,3.983,3.961,3.961,4.011,4.046,4.059,3.275,4.046,4.046,4.046,4.076,4.106,4.106,1.672,1.672,1.672,1.672,1.672,0.594,1.61,0.095,2.785,0.387,0.387,0.387,0.0,0.0,0.0,0.0,0.0,0.0,0.0,2.58,2.787,2.796,2.732,2.886,2.688,2.606,21.659
Point_189,8.757,3.007,2.963,2.954,2.912,2.852,2.795,2.795,2.757,2.726,2.713,3.631,2.537,2.475,2.57,2.611,2.294,2.248,2.225,2.201,1.887,1.887,1.811,1.794,0.587,0.668,8.105,0.095,0.647,0.587,0.587,1.833,0.5,0.095,0.095,0.591,0.366,0.095,0.779,0.095,1.018,1.169,1.169,2.748,2.748,1.955,1.944,1.778,2.003,1.785,1.779,1.76,1.76,2.748,2.18,3.798,2.263,2.286,2.286,2.886,2.317,2.294,1.916,1.94,2.034,2.034,2.081,2.259,2.277,2.277,2.297,2.419,2.405,2.437,2.68,2.732,2.717,2.74,2.744,3.496,2.702,2.718,2.8,2.861,2.94,2.978,2.978,3.01,2.949,2.823,2.75,2.744,2.727,3.199,3.144,3.144,3.205,3.252,3.324,3.348,3.383,3.373,3.36,3.607,3.441,3.412,3.402,3.402,3.607,3.607,3.607,3.285,3.285,3.378,3.371,3.387,3.42,3.423,3.423,3.423,3.423,3.452,3.509,3.529,3.538,3.544,3.556,3.572,3.591,3.618,3.618,3.736,3.647,3.696,3.729,3.772,3.976,3.773,3.818,3.8,4.403,4.403,3.753,3.753,3.753,3.753,3.696,3.813,3.813,3.856,3.856,3.856,3.856,3.856,3.902,3.919,3.944,3.944,3.944,3.983,3.961,3.961,4.011,4.046,4.059,3.275,4.046,4.046,4.046,4.076,4.106,4.106,1.672,1.672,1.672,1.672,1.672,0.594,1.61,0.095,2.785,0.387,0.387,0.387,0.0,0.0,0.0,0.0,0.0,0.0,0.0,2.58,2.787,2.796,2.732,2.886,2.688,2.606,21.659
Point_190,8.757,3.007,2.963,2.954,2.912,2.852,2.795,2.795,2.757,2.726,2.713,3.631,2.537,2.475,2.57,2.611,2.294,2.248,2.225,2.201,1.887,1.887,1.811,1.794,0.587,0.668,8.105,0.095,0.647,0.587,0.587,1.833,0.5,0.095,0.095,0.591,0.366,0.095,0.779,0.095,1.018,1.169,1.169,2.748,2.748,1.955,1.944,1.778,2.003,1.785,1.779,1.76,1.76,2.748,2.18,3.798,2.263,2.286,2.286,2.886,2.317,2.294,1.916,1.94,2.034,2.034,2.081,2.259,2.277,2.277,2.297,2.419,2.405,2.437,2.68,2.732,2.717,2.74,2.744,3.496,2.702,2.718,2.8,2.861,2.94,2.978,2.978,3.01,2.949,2.823,2.75,2.744,2.727,3.199,3.144,3.144,3.205,3.252,3.324,3.348,3.383,3.373,3.36,3.607,3.441,3.412,3.402,3.402,3.607,3.607,3.607,3.285,3.285,3.378,3.371,3.387,3.42,3.423,3.423,3.423,3.423,3.452,3.509,3.529,3.538,3.544,3.556,3.572,3.591,3.618,3.618,3.736,3.647,3.696,3.729,3.772,3.976,3.773,3.818,3.8,4.403,4.403,3.753,3.753,3.753,3.753,3.696,3.813,3.813,3.856,3.856,3.856,3.856,3.856,3.902,3.919,3.944,3.944,3.944,3.983,3.961,3.961,4.011,4.046,4.059,3.275,4.046,4.046,4.046,4.076,4.106,4.106,1.672,1.672,1.672,1.672,1.672,0.594,1.61,0.095,2.785,0.387,0.387,0.387,0.0,0.0,0.0,0.0,0.0,0.0,0.0,2.58,2.787,2.796,2.732,2.886,2.688,2.606,21.659
Point_191,8.757,3.007,2.963,2.954,2.912,2.852,2.795,2.795,2.757,2.726,2.713,3.631,2.537,2.475,2.57,2.611,2.294,2.248,2.225,2.201,1.887,1.887,1.811,1.794,0.587,0.668,8.105,0.095,0.647,0.587,0.587,1.833,0.5,0.095,0.095,0.591,0.366,0.095,0.779,0.095,1.018,1.169,1.169,2.748,2.748,1.955,1.944,1.778,2.003,1.785,1.779,1.76,1.76,2.748,2.18,3.798,2.263,2.286,2.286,2.886,2.317,2.294,1.916,1.94,2.034,2.034,2.081,2.259,2.277,2.277,2.297,2.419,2.405,2.437,2.68,2.732,2.717,2.74,2.744,3.496,2.702,2.718,2.8,2.861,2.94,2.978,2.978,3.01,2.949,2.823,2.75,2.744,2.727,3.199,3.144,3.144,3.205,3.252,3.324,3.348,3.383,3.373,3.36,3.607,3.441,3.412,3.402,3.402,3.607,3.607,3.607,3.285,3.285,3.378,3.371,3.387,3.42,3.423,3.423,3.423,3.423,3.452,3.509,3.529,3.538,3.544,3.556,3.572,3.591,3.618,3.618,3.736,3.647,3.696,3.729,3.772,3.976,3.773,3.818,3.8,4.403,4.403,3.753,3.753,3.753,3.753,3.696,3.813,3.813,3.856,3.856,3.856,3.856,3.856,3.902,3.919,3.944,3.944,3.944,3.983,3.961,3.961,4.011,4.046,4.059,3.275,4.046,4.046,4.046,4.076,4.106,4.106,1.672,1.672,1.672,1.672,1.672,0.594,1.61,0.095,2.785,0.387,0.387,0.387,0.0,0.0,0.0,0.0,0.0,0.0,0.0,2.58,2.787,2.796,2.732,2.886,2.688,2.606,21.659
Point_192,7.952,2.296,2.252,2.243,2.201,2.141,2.084,2.084,2.046,2.015,2.002,2.92,1.826,1.764,1.859,1.9,1.583,1.537,1.514,1.49,1.176,1.176,1.1,1.858,2.229,1.824,4.918,2.595,2.054,2.229,2.229,1.122,2.504,2.595,2.595,2.232,2.981,2.595,1.967,2.595,1.734,1.514,1.514,2.037,2.037,1.244,1.233,1.067,1.292,1.074,1.068,1.049,1.049,2.037,1.206,2.292,1.29,1.312,1.312,0.382,1.344,1.583,1.205,1.229,1.323,1.323,1.37,1.548,1.566,1.566,1.586,1.708,1.694,1.726,1.969,2.021,2.006,2.029,2.033,2.785,1.991,2.007,2.089,2.15,2.229,2.267,2.267,2.299,2.238,2.112,2.039,2.033,2.016,2.488,2.432,2.432,2.494,2.541,2.613,2.637,2.672,2.662,2.649,2.896,2.73,2.701,2.691,2.691,2.896,2.896,2.896,2.574,2.574,2.667,2.66,2.676,2.709,2.712,2.712,2.712,2.712,2.741,2.797,2.818,2.827,2.833,2.845,2.861,2.88,2.907,2.907,2.23,2.936,2.167,2.243,2.286,1.646,2.287,2.333,2.063,2.496,2.496,2.109,2.109,2.109,2.109,2.167,2.307,2.307,2.35,2.35,2.35,2.35,2.35,2.396,2.413,2.438,2.438,2.438,2.478,2.455,2.455,2.505,2.54,2.553,2.564,2.54,2.54,2.54,2.57,1.874,1.874,3.676,3.676,3.676,3.676,3.676,3.094,3.614,2.595,2.073,2.887,2.887,2.887,2.5,2.5,2.5,2.5,2.5,2.5,2.5,0.0,0.282,0.292,0.145,0.382,0.561,0.479,12.212
Point_193,8.158,1.601,1.682,1.513,1.471,1.571,1.514,1.514,1.476,1.445,1.432,1.461,1.342,1.285,1.229,1.189,1.79,1.744,1.72,1.696,1.383,1.383,1.307,2.064,2.435,2.031,4.636,2.801,2.261,2.435,2.435,1.329,2.71,2.801,2.801,2.439,3.187,2.801,2.174,2.801,1.941,1.72,1.72,2.244,2.244,1.451,1.44,1.273,1.499,1.28,1.275,1.256,1.256,2.244,1.413,2.009,1.496,1.519,1.519,0.1,1.55,1.79,1.411,1.436,1.529,1.529,1.577,1.755,1.772,1.772,1.792,1.228,1.214,1.246,1.399,1.451,1.436,1.459,1.463,2.215,1.421,1.437,1.519,1.58,1.659,1.697,1.697,1.729,1.668,1.542,1.469,1.463,1.446,1.918,1.862,1.862,1.924,1.971,2.043,2.067,2.102,2.092,1.839,2.696,1.815,1.782,1.797,1.797,2.696,2.696,2.696,1.698,1.698,1.791,1.784,1.8,1.834,1.836,1.836,1.836,1.836,1.865,1.922,1.942,1.951,1.957,1.969,1.985,2.004,2.031,2.031,1.947,2.061,1.884,1.961,2.004,1.364,2.005,2.05,1.781,2.214,2.214,1.827,1.827,1.827,1.827,1.884,2.025,2.025,2.068,2.068,2.068,2.068,2.068,2.114,2.131,2.156,2.156,2.156,2.195,2.172,2.172,2.223,2.257,2.271,1.688,2.257,2.257,2.257,2.288,1.592,1.592,3.882,3.882,3.882,3.882,3.882,3.3,3.82,2.801,1.503,3.094,3.094,3.094,2.706,2.706,2.706,2.706,2.706,2.706,2.706,0.282,0.0,0.01,0.181,0.1,0.197,0.279,11.93
Point_194,8.168,1.592,1.672,1.503,1.461,1.561,1.504,1.504,1.466,1.435,1.422,1.451,1.332,1.275,1.219,1.179,1.799,1.754,1.73,1.706,1.393,1.393,1.317,2.074,2.445,2.041,4.626,2.811,2.271,2.445,2.445,1.339,2.72,2.811,2.811,2.449,3.197,2.811,2.183,2.811,1.95,1.73,1.73,2.254,2.254,1.46,1.45,1.283,1.509,1.29,1.285,1.265,1.265,2.254,1.423,2.0,1.506,1.529,1.529,0.09,1.56,1.799,1.421,1.445,1.539,1.539,1.586,1.765,1.782,1.782,1.802,1.218,1.205,1.236,1.389,1.441,1.427,1.449,1.453,2.206,1.411,1.427,1.509,1.57,1.649,1.688,1.688,1.719,1.658,1.532,1.459,1.453,1.436,1.908,1.853,1.853,1.914,1.962,2.033,2.058,2.092,2.082,1.829,2.686,1.805,1.773,1.787,1.787,2.686,2.686,2.686,1.688,1.688,1.781,1.775,1.79,1.824,1.827,1.827,1.827,1.827,1.855,1.912,1.932,1.941,1.947,1.959,1.975,1.994,2.021,2.021,1.937,2.051,1.875,1.951,1.994,1.354,1.995,2.041,1.771,2.204,2.204,1.817,1.817,1.817,1.817,1.875,2.015,2.015,2.058,2.058,2.058,2.058,2.058,2.104,2.121,2.146,2.146,2.146,2.185,2.163,2.163,2.213,2.248,2.261,1.678,2.248,2.248,2.248,2.278,1.582,1.582,3.892,3.892,3.892,3.892,3.892,3.31,3.83,2.811,1.494,3.103,3.103,3.103,2.716,2.716,2.716,2.716,2.716,2.716,2.716,0.292,0.01,0.0,0.191,0.09,0.187,0.27,11.92
Point_195,8.021,2.365,2.321,2.312,2.27,2.21,2.153,2.153,2.115,2.084,2.071,1.643,1.895,1.833,1.928,1.969,1.652,1.607,1.583,1.559,1.246,1.246,1.17,1.927,2.298,1.893,4.817,2.664,2.124,2.298,2.298,1.192,2.573,2.664,2.664,2.301,3.05,2.664,2.036,2.664,1.803,1.583,1.583,2.106,2.106,1.313,1.302,1.136,1.361,1.143,1.137,1.118,1.118,2.106,1.275,2.191,1.359,1.382,1.382,0.281,1.413,1.652,1.274,1.298,1.392,1.392,1.439,1.618,1.635,1.635,1.655,1.777,1.763,1.795,2.038,2.09,2.076,2.098,2.102,2.855,2.06,2.076,2.158,2.219,2.298,2.337,2.337,2.368,2.307,2.181,2.108,2.102,2.085,2.557,2.502,2.502,2.563,2.611,2.682,2.707,2.741,2.731,2.718,2.877,2.799,2.77,2.76,2.76,2.877,2.877,2.877,1.879,1.879,1.972,1.966,1.981,2.015,2.018,2.018,2.018,2.018,2.046,2.103,2.124,2.132,2.138,2.15,2.167,2.185,2.213,2.213,2.128,2.242,2.066,2.142,2.185,1.545,2.186,2.232,1.962,2.395,2.395,2.008,2.008,2.008,2.008,2.066,2.206,2.206,2.249,2.249,2.249,2.249,2.249,2.295,2.312,2.337,2.337,2.337,2.376,2.354,2.354,2.404,2.439,2.452,1.869,2.439,2.439,2.439,2.469,1.773,1.773,3.745,3.745,3.745,3.745,3.745,3.163,3.683,2.664,2.143,2.956,2.956,2.956,2.569,2.569,2.569,2.569,2.569,2.569,2.569,0.145,0.181,0.191,0.0,0.281,0.378,0.548,12.111
Point_196,8.178,1.496,1.577,1.407,1.365,1.466,1.409,1.408,1.371,1.34,1.327,1.356,1.236,1.179,1.124,1.083,1.205,1.251,1.275,1.299,1.376,1.376,1.3,2.058,2.429,2.024,4.531,2.795,2.254,2.429,2.429,1.322,2.704,2.795,2.795,2.432,3.181,2.795,2.167,2.795,1.934,1.714,1.714,1.696,1.696,1.444,1.433,1.267,1.492,1.274,1.268,1.249,1.249,1.696,1.406,1.904,1.49,1.512,1.512,0.0,1.544,1.205,1.405,1.429,1.523,1.523,1.57,1.24,1.222,1.222,1.203,1.123,1.109,1.141,1.294,1.346,1.331,1.353,1.357,2.11,1.316,1.332,1.414,1.475,1.554,1.592,1.592,1.624,1.563,1.436,1.363,1.358,1.34,1.813,1.757,1.757,1.819,1.866,1.937,1.962,1.997,1.987,1.733,2.591,1.71,1.677,1.691,1.691,2.591,2.591,2.591,1.593,1.593,1.686,1.679,1.695,1.728,1.731,1.731,1.731,1.731,1.76,1.816,1.837,1.846,1.852,1.864,1.88,1.899,1.926,1.926,1.842,1.955,1.779,1.856,1.899,1.259,1.899,1.945,1.675,2.109,2.109,1.722,1.722,1.722,1.722,1.779,1.92,1.92,1.962,1.962,1.962,1.962,1.962,2.009,2.025,2.051,2.051,2.051,2.09,2.067,2.067,2.117,2.152,2.166,1.583,2.152,2.152,2.152,2.183,1.487,1.487,3.876,3.876,3.876,3.876,3.876,3.294,3.814,2.795,1.398,3.087,3.087,3.087,2.7,2.7,2.7,2.7,2.7,2.7,2.7,0.653,0.86,0.869,0.805,0.0,0.092,0.174,11.824
Point_197,7.39,1.526,1.607,1.438,1.396,1.496,1.439,1.438,1.401,1.37,1.357,1.386,1.266,1.331,1.154,1.114,1.15,1.104,1.081,1.057,1.285,1.285,1.208,1.966,2.337,1.932,4.561,2.703,2.163,2.337,2.337,1.231,2.612,2.703,2.703,2.34,3.089,2.703,2.075,2.703,1.842,1.622,1.622,1.604,1.604,1.352,1.341,1.175,1.4,1.182,1.176,1.157,1.157,1.604,1.314,1.934,1.398,1.421,1.421,0.77,1.452,1.15,1.313,1.337,1.431,1.431,1.478,1.115,1.133,1.133,1.152,1.274,1.261,1.292,1.324,1.376,1.361,1.383,1.388,2.14,1.346,1.362,1.444,1.505,1.584,1.622,1.622,1.654,1.593,1.466,1.393,1.388,1.37,1.843,1.787,1.787,1.849,1.896,1.967,1.992,2.027,2.017,1.763,2.621,1.74,1.707,1.721,1.721,2.621,2.621,2.621,1.623,1.623,1.716,1.709,1.725,1.758,1.761,1.761,1.761,1.761,1.79,1.847,1.867,1.876,1.882,1.894,1.91,1.929,1.956,1.956,1.872,1.985,1.809,1.886,1.929,1.289,1.929,1.975,1.706,2.139,2.139,1.752,1.752,1.752,1.752,1.809,1.95,1.95,1.992,1.992,1.992,1.992,1.992,2.039,2.056,2.081,2.081,2.081,2.12,2.097,2.097,2.148,2.182,2.196,1.613,2.182,2.182,2.182,2.213,1.517,1.517,3.784,3.784,3.784,3.784,3.784,3.202,3.722,2.703,1.428,2.995,2.995,2.995,2.608,2.608,2.608,2.608,2.608,2.608,2.608,0.561,0.793,0.783,0.713,0.77,0.0,0.082,11.855
Point_198,7.473,1.78,1.737,1.728,1.686,1.626,1.569,1.568,1.53,1.499,1.487,1.486,1.31,1.249,1.344,1.082,1.067,1.022,0.998,0.974,1.202,1.202,1.126,1.883,2.255,1.85,4.643,2.621,2.08,2.255,2.255,1.148,2.53,2.621,2.621,2.258,3.007,2.621,1.993,2.621,1.76,1.54,1.54,1.522,1.522,1.27,1.259,1.093,1.318,1.1,1.094,1.075,1.075,1.522,1.232,2.017,1.315,1.338,1.338,0.852,1.37,1.067,1.231,1.255,1.349,1.349,1.396,1.033,1.05,1.05,1.07,1.192,1.178,1.21,1.454,1.506,1.491,1.513,1.517,2.27,1.476,1.492,1.574,1.635,1.714,1.752,1.752,1.783,1.722,1.596,1.523,1.518,1.5,1.973,1.917,1.917,1.978,2.026,2.097,2.122,2.157,2.147,2.133,2.703,2.214,2.186,2.175,2.175,2.703,2.703,2.703,1.705,1.705,1.798,1.791,1.807,1.841,1.844,1.844,1.844,1.844,1.872,1.929,1.949,1.958,1.964,1.976,1.992,2.011,2.038,2.038,1.954,2.068,1.891,1.968,2.011,1.371,2.012,2.058,1.788,2.221,2.221,1.834,1.834,1.834,1.834,1.891,2.032,2.032,2.075,2.075,2.075,2.075,2.075,2.121,2.138,2.163,2.163,2.163,2.202,2.179,2.179,2.23,2.264,2.278,1.695,2.264,2.264,2.264,2.295,1.599,1.599,3.701,3.701,3.701,3.701,3.701,3.12,3.639,2.621,1.558,2.913,2.913,2.913,2.526,2.526,2.526,2.526,2.526,2.526,2.526,0.479,0.685,0.695,0.631,0.852,0.082,0.0,11.937
Point_199,27.506,11.206,11.25,11.383,11.341,11.361,11.418,11.418,11.456,11.487,11.5,11.584,11.658,11.723,11.774,11.815,11.904,11.949,11.973,11.997,12.31,12.31,19.617,19.945,20.337,20.417,10.966,20.341,20.396,20.337,20.337,19.639,20.121,20.341,20.341,20.34,20.047,20.341,20.529,20.341,20.768,19.602,19.602,12.581,12.581,12.359,12.348,19.583,12.407,19.59,19.585,19.565,19.565,12.581,19.985,10.754,20.068,20.091,20.091,12.617,20.123,11.904,12.319,12.258,12.164,12.164,12.117,11.938,11.921,11.921,11.901,11.779,11.793,11.761,11.716,11.768,11.753,11.775,11.78,11.975,11.738,11.754,11.777,11.716,11.637,11.599,11.599,11.567,11.628,11.755,11.661,11.655,11.638,11.443,11.498,11.498,11.308,11.261,11.275,11.215,11.233,11.223,11.153,11.014,11.13,11.097,11.111,11.111,11.014,11.014,11.014,11.303,11.303,11.396,11.389,11.405,11.438,11.441,11.441,11.441,11.441,11.47,11.526,11.547,11.556,11.562,11.574,11.59,11.609,11.636,11.636,10.692,11.665,10.629,10.705,10.749,11.345,10.749,10.795,10.525,10.532,10.532,10.572,10.572,10.572,10.572,10.629,10.77,10.77,10.812,10.812,10.812,10.812,10.812,10.858,10.875,10.9,10.9,10.9,10.94,10.917,10.917,10.967,11.002,11.015,11.293,11.002,11.002,11.002,11.033,11.062,11.062,20.879,20.879,20.879,20.879,20.879,20.839,20.817,20.341,11.428,20.633,20.633,20.633,20.245,20.245,20.245,20.245,20.245,20.245,20.245,12.554,12.64,12.63,12.821,12.617,11.993,12.075,0.0
