,Point_1,Point_2,Point_3,Point_4,Point_5,Point_6,Point_7,Point_8,Point_9,Point_10,Point_11,Point_12,Point_13,Point_14,Point_15,Point_16,Point_17,Point_18,Point_19,Point_20,Point_21,Point_22,Point_23,Point_24,Point_25,Point_26,Point_27,Point_28,Point_29,Point_30,Point_31,Point_32,Point_33,Point_34,Point_35,Point_36,Point_37,Point_38,Point_39,Point_40,Point_41,Point_42,Point_43,Point_44,Point_45,Point_46,Point_47,Point_48,Point_49,Point_50,Point_51,Point_52,Point_53,Point_54,Point_55,Point_56,Point_57,Point_58,Point_59,Point_60,Point_61,Point_62,Point_63,Point_64,Point_65,Point_66,Point_67,Point_68,Point_69,Point_70,Point_71,Point_72,Point_73,Point_74,Point_75,Point_76,Point_77,Point_78,Point_79,Point_80,Point_81,Point_82,Point_83,Point_84,Point_85,Point_86,Point_87,Point_88,Point_89,Point_90,Point_91,Point_92,Point_93,Point_94,Point_95,Point_96,Point_97,Point_98,Point_99,Point_100,Point_101,Point_102,Point_103,Point_104,Point_105,Point_106,Point_107,Point_108,Point_109,Point_110,Point_111,Point_112,Point_113,Point_114,Point_115,Point_116,Point_117,Point_118,Point_119,Point_120,Point_121,Point_122,Point_123,Point_124,Point_125,Point_126,Point_127,Point_128,Point_129,Point_130,Point_131,Point_132,Point_133,Point_134,Point_135,Point_136,Point_137,Point_138,Point_139,Point_140,Point_141,Point_142,Point_143,Point_144,Point_145,Point_146,Point_147,Point_148,Point_149,Point_150,Point_151,Point_152,Point_153,Point_154,Point_155,Point_156,Point_157,Point_158,Point_159,Point_160,Point_161,Point_162,Point_163,Point_164,Point_165,Point_166,Point_167,Point_168,Point_169,Point_170,Point_171,Point_172,Point_173,Point_174,Point_175,Point_176,Point_177,Point_178,Point_179,Point_180,Point_181,Point_182,Point_183,Point_184,Point_185,Point_186,Point_187,Point_188,Point_189,Point_190,Point_191,Point_192,Point_193,Point_194,Point_195,Point_196,Point_197,Point_198,Point_199,Point_200,Point_201,Point_202
Point_1,0.0,10.118,10.186,10.186,10.186,10.128,10.169,10.169,10.169,10.169,10.169,10.168,10.168,10.189,10.189,10.185,10.204,10.204,10.204,10.107,10.107,10.107,10.126,10.123,10.262,10.262,10.107,10.291,10.291,10.291,10.407,10.407,10.407,10.291,10.267,10.371,10.338,9.843,10.338,10.338,10.338,9.759,9.759,10.338,10.338,10.338,10.396,9.69,10.436,9.466,9.466,9.419,9.419,9.414,9.414,9.414,9.433,9.433,9.464,9.464,9.473,9.473,9.489,9.566,9.597,9.611,11.759,8.455,8.614,8.428,8.114,8.114,8.001,8.031,8.448,7.767,7.817,7.802,7.788,7.788,7.775,7.762,7.758,7.758,7.728,7.751,9.855,7.72,7.697,9.47,9.47,9.47,9.395,10.373,10.315,10.315,9.865,10.416,11.15,10.283,10.283,10.223,10.209,10.209,9.412,9.158,10.015,9.134,9.102,9.116,9.116,10.015,10.015,10.015,9.018,9.018,9.111,9.104,9.119,9.153,9.156,9.156,9.156,9.156,9.184,9.241,9.262,9.27,9.277,9.288,9.305,9.323,9.351,9.351,9.267,9.38,9.204,9.28,9.323,8.683,9.324,9.37,9.1,9.533,9.533,9.146,9.146,9.146,9.146,9.204,9.344,9.344,9.387,9.387,9.387,9.387,9.387,9.433,9.45,9.475,9.475,9.475,9.515,9.492,9.492,9.542,9.577,9.59,9.007,9.577,9.577,9.577,9.607,8.911,8.911,9.982,9.982,9.982,9.982,9.982,11.09,9.92,10.591,8.823,10.883,10.883,10.496,10.496,10.496,10.496,10.496,10.496,10.496,8.126,7.724,7.442,7.432,7.623,7.419,7.517,7.599,29.276
Point_2,9.952,0.0,0.498,0.498,0.498,0.01,0.051,0.051,0.051,0.051,0.051,0.05,0.05,0.071,0.071,0.067,0.086,0.086,0.086,1.205,1.205,1.205,1.224,1.222,1.317,1.317,1.205,1.345,1.345,1.345,1.462,1.462,1.462,1.345,1.321,1.426,1.393,2.223,1.393,1.393,1.393,2.139,2.139,1.393,1.393,1.393,1.45,2.07,1.491,1.847,1.847,1.799,1.799,1.794,1.794,1.794,1.813,1.813,1.844,1.844,1.853,1.853,1.869,1.946,1.977,1.991,2.356,2.418,2.574,2.449,3.381,3.381,2.453,2.429,2.495,3.442,2.465,2.48,2.494,2.494,2.507,2.52,2.525,2.525,2.46,2.483,5.148,2.452,2.401,1.062,1.062,1.062,1.324,0.911,1.483,1.483,1.158,0.953,3.53,0.82,0.82,0.761,0.746,0.746,1.217,1.204,1.304,1.284,1.256,1.245,1.245,1.304,1.304,1.304,1.34,1.34,1.373,1.367,1.382,1.416,1.419,1.419,1.419,1.419,1.447,1.504,1.525,1.533,1.539,1.551,1.568,1.586,1.614,1.614,1.731,1.643,1.691,1.724,1.767,2.384,1.768,1.814,1.795,1.913,1.913,1.749,1.749,1.749,1.749,1.691,1.809,1.809,1.851,1.851,1.851,1.851,1.851,1.898,1.915,1.94,1.94,1.94,1.979,1.956,1.956,2.007,2.041,2.055,1.482,2.041,2.041,2.041,2.072,2.101,2.101,5.276,5.276,5.276,5.276,5.276,4.694,5.214,4.195,1.639,4.487,4.487,4.1,4.1,4.1,4.1,4.1,4.1,4.1,2.881,3.341,3.355,3.345,3.493,3.332,2.708,2.79,11.629
Point_3,11.403,2.082,0.0,0.0,0.0,2.092,2.134,2.134,2.134,2.134,2.134,2.132,2.132,2.153,2.153,2.149,2.169,2.169,2.169,2.655,2.655,2.655,2.675,2.672,2.767,2.767,2.655,2.796,2.796,2.796,2.912,2.912,2.912,2.796,2.772,2.876,2.843,3.674,2.843,2.843,2.843,3.589,3.589,2.843,2.843,2.843,2.901,3.521,2.941,3.297,3.297,3.25,3.25,3.245,3.245,3.245,3.263,3.263,3.294,3.294,3.303,3.303,3.319,3.397,3.427,3.442,3.806,3.869,4.024,3.899,4.831,4.831,3.903,3.879,3.945,4.892,3.916,3.931,3.945,3.945,3.957,3.971,3.975,3.975,3.91,3.933,6.599,3.902,3.852,2.513,2.513,2.513,2.774,1.845,2.933,2.933,2.205,1.888,3.64,1.755,1.755,1.695,1.681,1.681,2.667,2.654,2.754,2.735,2.706,2.696,2.696,2.754,2.754,2.754,2.79,2.79,2.824,2.817,2.833,2.866,2.869,2.869,2.869,2.869,2.897,2.954,2.975,2.983,2.99,3.001,3.018,3.037,3.064,3.064,3.181,3.093,3.142,3.175,3.218,3.834,3.218,3.264,3.245,3.364,3.364,3.199,3.199,3.199,3.199,3.142,3.259,3.259,3.302,3.302,3.302,3.302,3.302,3.348,3.365,3.39,3.39,3.39,3.429,3.406,3.406,3.457,3.491,3.505,2.932,3.491,3.491,3.491,3.522,3.552,3.552,6.726,6.726,6.726,6.726,6.726,6.144,6.664,5.645,3.089,5.937,5.937,5.55,5.55,5.55,5.55,5.55,5.55,5.55,4.331,4.792,4.805,4.795,4.944,4.782,4.158,4.24,12.158
Point_4,11.403,2.082,0.0,0.0,0.0,2.092,2.134,2.134,2.134,2.134,2.134,2.132,2.132,2.153,2.153,2.149,2.169,2.169,2.169,2.655,2.655,2.655,2.675,2.672,2.767,2.767,2.655,2.796,2.796,2.796,2.912,2.912,2.912,2.796,2.772,2.876,2.843,3.674,2.843,2.843,2.843,3.589,3.589,2.843,2.843,2.843,2.901,3.521,2.941,3.297,3.297,3.25,3.25,3.245,3.245,3.245,3.263,3.263,3.294,3.294,3.303,3.303,3.319,3.397,3.427,3.442,3.806,3.869,4.024,3.899,4.831,4.831,3.903,3.879,3.945,4.892,3.916,3.931,3.945,3.945,3.957,3.971,3.975,3.975,3.91,3.933,6.599,3.902,3.852,2.513,2.513,2.513,2.774,1.845,2.933,2.933,2.205,1.888,3.64,1.755,1.755,1.695,1.681,1.681,2.667,2.654,2.754,2.735,2.706,2.696,2.696,2.754,2.754,2.754,2.79,2.79,2.824,2.817,2.833,2.866,2.869,2.869,2.869,2.869,2.897,2.954,2.975,2.983,2.99,3.001,3.018,3.037,3.064,3.064,3.181,3.093,3.142,3.175,3.218,3.834,3.218,3.264,3.245,3.364,3.364,3.199,3.199,3.199,3.199,3.142,3.259,3.259,3.302,3.302,3.302,3.302,3.302,3.348,3.365,3.39,3.39,3.39,3.429,3.406,3.406,3.457,3.491,3.505,2.932,3.491,3.491,3.491,3.522,3.552,3.552,6.726,6.726,6.726,6.726,6.726,6.144,6.664,5.645,3.089,5.937,5.937,5.55,5.55,5.55,5.55,5.55,5.55,5.55,4.331,4.792,4.805,4.795,4.944,4.782,4.158,4.24,12.158
Point_5,11.403,2.082,0.0,0.0,0.0,2.092,2.134,2.134,2.134,2.134,2.134,2.132,2.132,2.153,2.153,2.149,2.169,2.169,2.169,2.655,2.655,2.655,2.675,2.672,2.767,2.767,2.655,2.796,2.796,2.796,2.912,2.912,2.912,2.796,2.772,2.876,2.843,3.674,2.843,2.843,2.843,3.589,3.589,2.843,2.843,2.843,2.901,3.521,2.941,3.297,3.297,3.25,3.25,3.245,3.245,3.245,3.263,3.263,3.294,3.294,3.303,3.303,3.319,3.397,3.427,3.442,3.806,3.869,4.024,3.899,4.831,4.831,3.903,3.879,3.945,4.892,3.916,3.931,3.945,3.945,3.957,3.971,3.975,3.975,3.91,3.933,6.599,3.902,3.852,2.513,2.513,2.513,2.774,1.845,2.933,2.933,2.205,1.888,3.64,1.755,1.755,1.695,1.681,1.681,2.667,2.654,2.754,2.735,2.706,2.696,2.696,2.754,2.754,2.754,2.79,2.79,2.824,2.817,2.833,2.866,2.869,2.869,2.869,2.869,2.897,2.954,2.975,2.983,2.99,3.001,3.018,3.037,3.064,3.064,3.181,3.093,3.142,3.175,3.218,3.834,3.218,3.264,3.245,3.364,3.364,3.199,3.199,3.199,3.199,3.142,3.259,3.259,3.302,3.302,3.302,3.302,3.302,3.348,3.365,3.39,3.39,3.39,3.429,3.406,3.406,3.457,3.491,3.505,2.932,3.491,3.491,3.491,3.522,3.552,3.552,6.726,6.726,6.726,6.726,6.726,6.144,6.664,5.645,3.089,5.937,5.937,5.55,5.55,5.55,5.55,5.55,5.55,5.55,4.331,4.792,4.805,4.795,4.944,4.782,4.158,4.24,12.158
Point_6,9.962,0.01,0.508,0.508,0.508,0.0,0.042,0.042,0.042,0.042,0.042,0.04,0.04,0.061,0.061,0.057,0.076,0.076,0.076,1.215,1.215,1.215,1.234,1.231,1.326,1.326,1.215,1.355,1.355,1.355,1.471,1.471,1.471,1.355,1.331,1.436,1.403,2.233,1.403,1.403,1.403,2.149,2.149,1.403,1.403,1.403,1.46,2.08,1.501,1.856,1.856,1.809,1.809,1.804,1.804,1.804,1.823,1.823,1.854,1.854,1.863,1.863,1.879,1.956,1.987,2.001,2.366,2.428,2.584,2.458,3.391,3.391,2.463,2.439,2.505,3.452,2.475,2.49,2.504,2.504,2.517,2.53,2.535,2.535,2.47,2.493,5.158,2.462,2.411,1.072,1.072,1.072,1.334,0.92,1.493,1.493,1.168,0.963,3.54,0.83,0.83,0.77,0.756,0.756,1.227,1.213,1.314,1.294,1.266,1.255,1.255,1.314,1.314,1.314,1.35,1.35,1.383,1.377,1.392,1.426,1.429,1.429,1.429,1.429,1.457,1.514,1.534,1.543,1.549,1.561,1.577,1.596,1.623,1.623,1.741,1.653,1.701,1.734,1.777,2.394,1.778,1.824,1.805,1.923,1.923,1.759,1.759,1.759,1.759,1.701,1.819,1.819,1.861,1.861,1.861,1.861,1.861,1.907,1.924,1.95,1.95,1.95,1.989,1.966,1.966,2.016,2.051,2.065,1.492,2.051,2.051,2.051,2.082,2.111,2.111,5.285,5.285,5.285,5.285,5.285,4.704,5.223,4.205,1.649,4.497,4.497,4.11,4.11,4.11,4.11,4.11,4.11,4.11,2.89,3.351,3.365,3.355,3.503,3.342,2.718,2.8,11.639
Point_7,10.004,0.051,0.549,0.549,0.549,0.042,0.0,0.0,0.0,0.0,0.0,0.001,0.001,0.019,0.019,0.015,0.035,0.035,0.035,1.257,1.257,1.257,1.276,1.273,1.368,1.368,1.257,1.397,1.397,1.397,1.513,1.513,1.513,1.397,1.373,1.477,1.444,2.275,1.444,1.444,1.444,2.19,2.19,1.444,1.444,1.444,1.502,2.122,1.542,1.898,1.898,1.851,1.851,1.846,1.846,1.846,1.865,1.865,1.896,1.896,1.904,1.904,1.921,1.998,2.029,2.043,2.407,2.47,2.625,2.5,3.432,3.432,2.505,2.48,2.547,3.493,2.517,2.532,2.546,2.546,2.559,2.572,2.576,2.576,2.512,2.534,5.2,2.504,2.453,1.114,1.114,1.114,1.375,0.962,1.535,1.535,1.209,1.004,3.582,0.871,0.871,0.812,0.797,0.797,1.268,1.255,1.355,1.336,1.307,1.297,1.297,1.355,1.355,1.355,1.392,1.392,1.425,1.418,1.434,1.467,1.47,1.47,1.47,1.47,1.499,1.555,1.576,1.585,1.591,1.603,1.619,1.638,1.665,1.665,1.782,1.694,1.743,1.776,1.819,2.435,1.82,1.865,1.846,1.965,1.965,1.8,1.8,1.8,1.8,1.743,1.86,1.86,1.903,1.903,1.903,1.903,1.903,1.949,1.966,1.991,1.991,1.991,2.03,2.008,2.008,2.058,2.093,2.106,1.533,2.093,2.093,2.093,2.123,2.153,2.153,5.327,5.327,5.327,5.327,5.327,4.745,5.265,4.246,1.691,4.538,4.538,4.151,4.151,4.151,4.151,4.151,4.151,4.151,2.932,3.393,3.406,3.396,3.545,3.383,2.759,2.842,11.681
Point_8,10.004,0.051,0.549,0.549,0.549,0.042,0.0,0.0,0.0,0.0,0.0,0.001,0.001,0.019,0.019,0.015,0.035,0.035,0.035,1.257,1.257,1.257,1.276,1.273,1.368,1.368,1.257,1.397,1.397,1.397,1.513,1.513,1.513,1.397,1.373,1.477,1.444,2.275,1.444,1.444,1.444,2.19,2.19,1.444,1.444,1.444,1.502,2.122,1.542,1.898,1.898,1.851,1.851,1.846,1.846,1.846,1.865,1.865,1.896,1.896,1.904,1.904,1.921,1.998,2.029,2.043,2.407,2.47,2.625,2.5,3.432,3.432,2.505,2.48,2.547,3.493,2.517,2.532,2.546,2.546,2.559,2.572,2.576,2.576,2.512,2.534,5.2,2.504,2.453,1.114,1.114,1.114,1.375,0.962,1.535,1.535,1.209,1.004,3.582,0.871,0.871,0.812,0.797,0.797,1.268,1.255,1.355,1.336,1.307,1.297,1.297,1.355,1.355,1.355,1.392,1.392,1.425,1.418,1.434,1.467,1.47,1.47,1.47,1.47,1.499,1.555,1.576,1.585,1.591,1.603,1.619,1.638,1.665,1.665,1.782,1.694,1.743,1.776,1.819,2.435,1.82,1.865,1.846,1.965,1.965,1.8,1.8,1.8,1.8,1.743,1.86,1.86,1.903,1.903,1.903,1.903,1.903,1.949,1.966,1.991,1.991,1.991,2.03,2.008,2.008,2.058,2.093,2.106,1.533,2.093,2.093,2.093,2.123,2.153,2.153,5.327,5.327,5.327,5.327,5.327,4.745,5.265,4.246,1.691,4.538,4.538,4.151,4.151,4.151,4.151,4.151,4.151,4.151,2.932,3.393,3.406,3.396,3.545,3.383,2.759,2.842,11.681
Point_9,10.004,0.051,0.549,0.549,0.549,0.042,0.0,0.0,0.0,0.0,0.0,0.001,0.001,0.019,0.019,0.015,0.035,0.035,0.035,1.257,1.257,1.257,1.276,1.273,1.368,1.368,1.257,1.397,1.397,1.397,1.513,1.513,1.513,1.397,1.373,1.477,1.444,2.275,1.444,1.444,1.444,2.19,2.19,1.444,1.444,1.444,1.502,2.122,1.542,1.898,1.898,1.851,1.851,1.846,1.846,1.846,1.865,1.865,1.896,1.896,1.904,1.904,1.921,1.998,2.029,2.043,2.407,2.47,2.625,2.5,3.432,3.432,2.505,2.48,2.547,3.493,2.517,2.532,2.546,2.546,2.559,2.572,2.576,2.576,2.512,2.534,5.2,2.504,2.453,1.114,1.114,1.114,1.375,0.962,1.535,1.535,1.209,1.004,3.582,0.871,0.871,0.812,0.797,0.797,1.268,1.255,1.355,1.336,1.307,1.297,1.297,1.355,1.355,1.355,1.392,1.392,1.425,1.418,1.434,1.467,1.47,1.47,1.47,1.47,1.499,1.555,1.576,1.585,1.591,1.603,1.619,1.638,1.665,1.665,1.782,1.694,1.743,1.776,1.819,2.435,1.82,1.865,1.846,1.965,1.965,1.8,1.8,1.8,1.8,1.743,1.86,1.86,1.903,1.903,1.903,1.903,1.903,1.949,1.966,1.991,1.991,1.991,2.03,2.008,2.008,2.058,2.093,2.106,1.533,2.093,2.093,2.093,2.123,2.153,2.153,5.327,5.327,5.327,5.327,5.327,4.745,5.265,4.246,1.691,4.538,4.538,4.151,4.151,4.151,4.151,4.151,4.151,4.151,2.932,3.393,3.406,3.396,3.545,3.383,2.759,2.842,11.681
Point_10,10.004,0.051,0.549,0.549,0.549,0.042,0.0,0.0,0.0,0.0,0.0,0.001,0.001,0.019,0.019,0.015,0.035,0.035,0.035,1.257,1.257,1.257,1.276,1.273,1.368,1.368,1.257,1.397,1.397,1.397,1.513,1.513,1.513,1.397,1.373,1.477,1.444,2.275,1.444,1.444,1.444,2.19,2.19,1.444,1.444,1.444,1.502,2.122,1.542,1.898,1.898,1.851,1.851,1.846,1.846,1.846,1.865,1.865,1.896,1.896,1.904,1.904,1.921,1.998,2.029,2.043,2.407,2.47,2.625,2.5,3.432,3.432,2.505,2.48,2.547,3.493,2.517,2.532,2.546,2.546,2.559,2.572,2.576,2.576,2.512,2.534,5.2,2.504,2.453,1.114,1.114,1.114,1.375,0.962,1.535,1.535,1.209,1.004,3.582,0.871,0.871,0.812,0.797,0.797,1.268,1.255,1.355,1.336,1.307,1.297,1.297,1.355,1.355,1.355,1.392,1.392,1.425,1.418,1.434,1.467,1.47,1.47,1.47,1.47,1.499,1.555,1.576,1.585,1.591,1.603,1.619,1.638,1.665,1.665,1.782,1.694,1.743,1.776,1.819,2.435,1.82,1.865,1.846,1.965,1.965,1.8,1.8,1.8,1.8,1.743,1.86,1.86,1.903,1.903,1.903,1.903,1.903,1.949,1.966,1.991,1.991,1.991,2.03,2.008,2.008,2.058,2.093,2.106,1.533,2.093,2.093,2.093,2.123,2.153,2.153,5.327,5.327,5.327,5.327,5.327,4.745,5.265,4.246,1.691,4.538,4.538,4.151,4.151,4.151,4.151,4.151,4.151,4.151,2.932,3.393,3.406,3.396,3.545,3.383,2.759,2.842,11.681
Point_11,10.004,0.051,0.549,0.549,0.549,0.042,0.0,0.0,0.0,0.0,0.0,0.001,0.001,0.019,0.019,0.015,0.035,0.035,0.035,1.257,1.257,1.257,1.276,1.273,1.368,1.368,1.257,1.397,1.397,1.397,1.513,1.513,1.513,1.397,1.373,1.477,1.444,2.275,1.444,1.444,1.444,2.19,2.19,1.444,1.444,1.444,1.502,2.122,1.542,1.898,1.898,1.851,1.851,1.846,1.846,1.846,1.865,1.865,1.896,1.896,1.904,1.904,1.921,1.998,2.029,2.043,2.407,2.47,2.625,2.5,3.432,3.432,2.505,2.48,2.547,3.493,2.517,2.532,2.546,2.546,2.559,2.572,2.576,2.576,2.512,2.534,5.2,2.504,2.453,1.114,1.114,1.114,1.375,0.962,1.535,1.535,1.209,1.004,3.582,0.871,0.871,0.812,0.797,0.797,1.268,1.255,1.355,1.336,1.307,1.297,1.297,1.355,1.355,1.355,1.392,1.392,1.425,1.418,1.434,1.467,1.47,1.47,1.47,1.47,1.499,1.555,1.576,1.585,1.591,1.603,1.619,1.638,1.665,1.665,1.782,1.694,1.743,1.776,1.819,2.435,1.82,1.865,1.847,1.965,1.965,1.8,1.8,1.8,1.8,1.743,1.86,1.86,1.903,1.903,1.903,1.903,1.903,1.949,1.966,1.991,1.991,1.991,2.03,2.008,2.008,2.058,2.093,2.106,1.533,2.093,2.093,2.093,2.123,2.153,2.153,5.327,5.327,5.327,5.327,5.327,4.745,5.265,4.246,1.691,4.538,4.538,4.151,4.151,4.151,4.151,4.151,4.151,4.151,2.932,3.393,3.406,3.396,3.545,3.383,2.759,2.842,11.681
Point_12,10.003,0.05,0.548,0.548,0.548,0.04,0.001,0.001,0.001,0.001,0.001,0.0,0.0,0.02,0.02,0.017,0.036,0.036,0.036,1.255,1.255,1.255,1.274,1.272,1.367,1.367,1.255,1.395,1.395,1.395,1.512,1.512,1.512,1.395,1.372,1.476,1.443,2.274,1.443,1.443,1.443,2.189,2.189,1.443,1.443,1.443,1.501,2.121,1.541,1.897,1.897,1.85,1.85,1.845,1.845,1.845,1.863,1.863,1.894,1.894,1.903,1.903,1.919,1.997,2.027,2.042,2.406,2.469,2.624,2.499,3.431,3.431,2.503,2.479,2.545,3.492,2.515,2.531,2.544,2.544,2.557,2.571,2.575,2.575,2.51,2.533,5.198,2.502,2.451,1.112,1.112,1.112,1.374,0.961,1.533,1.533,1.208,1.003,3.581,0.87,0.87,0.811,0.796,0.796,1.267,1.254,1.354,1.335,1.306,1.296,1.296,1.354,1.354,1.354,1.39,1.39,1.424,1.417,1.432,1.466,1.469,1.469,1.469,1.469,1.497,1.554,1.575,1.583,1.59,1.601,1.618,1.636,1.664,1.664,1.781,1.693,1.741,1.774,1.818,2.434,1.818,1.864,1.845,1.964,1.964,1.799,1.799,1.799,1.799,1.741,1.859,1.859,1.902,1.902,1.902,1.902,1.902,1.948,1.965,1.99,1.99,1.99,2.029,2.006,2.006,2.057,2.091,2.105,1.532,2.091,2.091,2.091,2.122,2.152,2.152,5.326,5.326,5.326,5.326,5.326,4.744,5.264,4.245,1.689,4.537,4.537,4.15,4.15,4.15,4.15,4.15,4.15,4.15,2.931,3.392,3.405,3.395,3.543,3.382,2.758,2.84,11.679
Point_13,10.003,0.05,0.548,0.548,0.548,0.04,0.001,0.001,0.001,0.001,0.001,0.0,0.0,0.02,0.02,0.017,0.036,0.036,0.036,1.255,1.255,1.255,1.274,1.272,1.367,1.367,1.255,1.395,1.395,1.395,1.512,1.512,1.512,1.395,1.372,1.476,1.443,2.274,1.443,1.443,1.443,2.189,2.189,1.443,1.443,1.443,1.501,2.121,1.541,1.897,1.897,1.85,1.85,1.845,1.845,1.845,1.863,1.863,1.894,1.894,1.903,1.903,1.919,1.997,2.027,2.042,2.406,2.469,2.624,2.499,3.431,3.431,2.503,2.479,2.545,3.492,2.515,2.531,2.544,2.544,2.557,2.571,2.575,2.575,2.51,2.533,5.198,2.502,2.451,1.112,1.112,1.112,1.374,0.961,1.533,1.533,1.208,1.003,3.581,0.87,0.87,0.811,0.796,0.796,1.267,1.254,1.354,1.335,1.306,1.296,1.296,1.354,1.354,1.354,1.39,1.39,1.424,1.417,1.432,1.466,1.469,1.469,1.469,1.469,1.497,1.554,1.575,1.583,1.59,1.601,1.618,1.636,1.664,1.664,1.781,1.693,1.741,1.774,1.818,2.434,1.818,1.864,1.845,1.964,1.964,1.799,1.799,1.799,1.799,1.741,1.859,1.859,1.902,1.902,1.902,1.902,1.902,1.948,1.965,1.99,1.99,1.99,2.029,2.006,2.006,2.057,2.091,2.105,1.532,2.091,2.091,2.091,2.122,2.152,2.152,5.326,5.326,5.326,5.326,5.326,4.744,5.264,4.245,1.689,4.537,4.537,4.15,4.15,4.15,4.15,4.15,4.15,4.15,2.931,3.392,3.405,3.395,3.543,3.382,2.758,2.84,11.679
Point_14,10.023,0.071,0.568,0.568,0.568,0.061,0.019,0.019,0.019,0.019,0.019,0.02,0.02,0.0,0.0,0.004,0.016,0.016,0.016,1.276,1.276,1.276,1.295,1.292,1.387,1.387,1.276,1.416,1.416,1.416,1.532,1.532,1.532,1.416,1.392,1.496,1.464,2.294,1.464,1.464,1.464,2.21,2.21,1.464,1.464,1.464,1.521,2.141,1.562,1.917,1.917,1.87,1.87,1.865,1.865,1.865,1.884,1.884,1.915,1.915,1.923,1.923,1.94,2.017,2.048,2.062,2.426,2.489,2.645,2.519,3.451,3.451,2.524,2.5,2.566,3.512,2.536,2.551,2.565,2.565,2.578,2.591,2.595,2.595,2.531,2.553,5.219,2.523,2.472,1.133,1.133,1.133,1.394,0.981,1.554,1.554,1.228,1.024,3.601,0.89,0.89,0.831,0.817,0.817,1.288,1.274,1.374,1.355,1.326,1.316,1.316,1.374,1.374,1.374,1.411,1.411,1.444,1.437,1.453,1.486,1.489,1.489,1.489,1.489,1.518,1.575,1.595,1.604,1.61,1.622,1.638,1.657,1.684,1.684,1.802,1.713,1.762,1.795,1.838,2.455,1.839,1.885,1.866,1.984,1.984,1.819,1.819,1.819,1.819,1.762,1.879,1.879,1.922,1.922,1.922,1.922,1.922,1.968,1.985,2.01,2.01,2.01,2.05,2.027,2.027,2.077,2.112,2.125,1.552,2.112,2.112,2.112,2.142,2.172,2.172,5.346,5.346,5.346,5.346,5.346,4.764,5.284,4.265,1.71,4.558,4.558,4.17,4.17,4.17,4.17,4.17,4.17,4.17,2.951,3.412,3.425,3.415,3.564,3.402,2.778,2.861,11.7
Point_15,10.023,0.071,0.568,0.568,0.568,0.061,0.019,0.019,0.019,0.019,0.019,0.02,0.02,0.0,0.0,0.004,0.016,0.016,0.016,1.276,1.276,1.276,1.295,1.292,1.387,1.387,1.276,1.416,1.416,1.416,1.532,1.532,1.532,1.416,1.392,1.496,1.464,2.294,1.464,1.464,1.464,2.21,2.21,1.464,1.464,1.464,1.521,2.141,1.562,1.917,1.917,1.87,1.87,1.865,1.865,1.865,1.884,1.884,1.915,1.915,1.923,1.923,1.94,2.017,2.048,2.062,2.426,2.489,2.645,2.519,3.451,3.451,2.524,2.5,2.566,3.512,2.536,2.551,2.565,2.565,2.578,2.591,2.595,2.595,2.531,2.553,5.219,2.523,2.472,1.133,1.133,1.133,1.394,0.981,1.554,1.554,1.228,1.024,3.601,0.89,0.89,0.831,0.817,0.817,1.288,1.274,1.374,1.355,1.326,1.316,1.316,1.374,1.374,1.374,1.411,1.411,1.444,1.437,1.453,1.486,1.489,1.489,1.489,1.489,1.518,1.575,1.595,1.604,1.61,1.622,1.638,1.657,1.684,1.684,1.802,1.713,1.762,1.795,1.838,2.455,1.839,1.885,1.866,1.984,1.984,1.819,1.819,1.819,1.819,1.762,1.879,1.879,1.922,1.922,1.922,1.922,1.922,1.968,1.985,2.01,2.01,2.01,2.05,2.027,2.027,2.077,2.112,2.125,1.552,2.112,2.112,2.112,2.142,2.172,2.172,5.346,5.346,5.346,5.346,5.346,4.764,5.284,4.265,1.71,4.558,4.558,4.17,4.17,4.17,4.17,4.17,4.17,4.17,2.951,3.412,3.425,3.415,3.564,3.402,2.778,2.861,11.7
Point_16,10.019,0.067,0.565,0.565,0.565,0.057,0.015,0.015,0.015,0.015,0.015,0.017,0.017,0.004,0.004,0.0,0.02,0.02,0.02,1.272,1.272,1.272,1.291,1.288,1.383,1.383,1.272,1.412,1.412,1.412,1.528,1.528,1.528,1.412,1.388,1.492,1.46,2.29,1.46,1.46,1.46,2.206,2.206,1.46,1.46,1.46,1.517,2.137,1.558,1.913,1.913,1.866,1.866,1.861,1.861,1.861,1.88,1.88,1.911,1.911,1.919,1.919,1.936,2.013,2.044,2.058,2.422,2.485,2.641,2.515,3.447,3.447,2.52,2.496,2.562,3.509,2.532,2.547,2.561,2.561,2.574,2.587,2.591,2.591,2.527,2.549,5.215,2.519,2.468,1.129,1.129,1.129,1.39,0.977,1.55,1.55,1.224,1.02,3.597,0.886,0.886,0.827,0.813,0.813,1.284,1.27,1.37,1.351,1.323,1.312,1.312,1.37,1.37,1.37,1.407,1.407,1.44,1.433,1.449,1.483,1.485,1.485,1.485,1.485,1.514,1.571,1.591,1.6,1.606,1.618,1.634,1.653,1.68,1.68,1.798,1.709,1.758,1.791,1.834,2.451,1.835,1.881,1.862,1.98,1.98,1.815,1.815,1.815,1.815,1.758,1.876,1.876,1.918,1.918,1.918,1.918,1.918,1.964,1.981,2.006,2.006,2.006,2.046,2.023,2.023,2.073,2.108,2.121,1.548,2.108,2.108,2.108,2.138,2.168,2.168,5.342,5.342,5.342,5.342,5.342,4.76,5.28,4.262,1.706,4.554,4.554,4.166,4.166,4.166,4.166,4.166,4.166,4.166,2.947,3.408,3.421,3.412,3.56,3.398,2.774,2.857,11.696
Point_17,10.039,0.086,0.584,0.584,0.584,0.076,0.035,0.035,0.035,0.035,0.035,0.036,0.036,0.016,0.016,0.02,0.0,0.0,0.0,1.291,1.291,1.291,1.311,1.308,1.403,1.403,1.291,1.432,1.432,1.432,1.548,1.548,1.548,1.432,1.408,1.512,1.479,2.31,1.479,1.479,1.479,2.225,2.225,1.479,1.479,1.479,1.537,2.157,1.577,1.933,1.933,1.886,1.886,1.881,1.881,1.881,1.9,1.9,1.931,1.931,1.939,1.939,1.955,2.033,2.063,2.078,2.442,2.505,2.66,2.535,3.467,3.467,2.539,2.515,2.582,3.528,2.552,2.567,2.581,2.581,2.593,2.607,2.611,2.611,2.547,2.569,5.235,2.538,2.488,1.149,1.149,1.149,1.41,0.997,1.569,1.569,1.244,1.039,3.617,0.906,0.906,0.847,0.832,0.832,1.303,1.29,1.39,1.371,1.342,1.332,1.332,1.39,1.39,1.39,1.427,1.427,1.46,1.453,1.469,1.502,1.505,1.505,1.505,1.505,1.533,1.59,1.611,1.62,1.626,1.638,1.654,1.673,1.7,1.7,1.817,1.729,1.778,1.811,1.854,2.47,1.855,1.9,1.881,2.0,2.0,1.835,1.835,1.835,1.835,1.778,1.895,1.895,1.938,1.938,1.938,1.938,1.938,1.984,2.001,2.026,2.026,2.026,2.065,2.042,2.042,2.093,2.128,2.141,1.568,2.128,2.128,2.128,2.158,2.188,2.188,5.362,5.362,5.362,5.362,5.362,4.78,5.3,4.281,1.726,4.573,4.573,4.186,4.186,4.186,4.186,4.186,4.186,4.186,2.967,3.428,3.441,3.431,3.58,3.418,2.794,2.876,11.716
Point_18,10.039,0.086,0.584,0.584,0.584,0.076,0.035,0.035,0.035,0.035,0.035,0.036,0.036,0.016,0.016,0.02,0.0,0.0,0.0,1.291,1.291,1.291,1.311,1.308,1.403,1.403,1.291,1.432,1.432,1.432,1.548,1.548,1.548,1.432,1.408,1.512,1.479,2.31,1.479,1.479,1.479,2.225,2.225,1.479,1.479,1.479,1.537,2.157,1.577,1.933,1.933,1.886,1.886,1.881,1.881,1.881,1.9,1.9,1.931,1.931,1.939,1.939,1.955,2.033,2.063,2.078,2.442,2.505,2.66,2.535,3.467,3.467,2.539,2.515,2.582,3.528,2.552,2.567,2.581,2.581,2.593,2.607,2.611,2.611,2.547,2.569,5.235,2.538,2.488,1.149,1.149,1.149,1.41,0.997,1.569,1.569,1.244,1.039,3.617,0.906,0.906,0.847,0.832,0.832,1.303,1.29,1.39,1.371,1.342,1.332,1.332,1.39,1.39,1.39,1.427,1.427,1.46,1.453,1.469,1.502,1.505,1.505,1.505,1.505,1.533,1.59,1.611,1.62,1.626,1.638,1.654,1.673,1.7,1.7,1.817,1.729,1.778,1.811,1.854,2.47,1.855,1.9,1.881,2.0,2.0,1.835,1.835,1.835,1.835,1.778,1.895,1.895,1.938,1.938,1.938,1.938,1.938,1.984,2.001,2.026,2.026,2.026,2.065,2.042,2.042,2.093,2.128,2.141,1.568,2.128,2.128,2.128,2.158,2.188,2.188,5.362,5.362,5.362,5.362,5.362,4.78,5.3,4.281,1.726,4.573,4.573,4.186,4.186,4.186,4.186,4.186,4.186,4.186,2.967,3.428,3.441,3.431,3.58,3.418,2.794,2.876,11.716
Point_19,10.039,0.086,0.584,0.584,0.584,0.076,0.035,0.035,0.035,0.035,0.035,0.036,0.036,0.016,0.016,0.02,0.0,0.0,0.0,1.291,1.291,1.291,1.311,1.308,1.403,1.403,1.291,1.432,1.432,1.432,1.548,1.548,1.548,1.432,1.408,1.512,1.479,2.31,1.479,1.479,1.479,2.225,2.225,1.479,1.479,1.479,1.537,2.157,1.577,1.933,1.933,1.886,1.886,1.881,1.881,1.881,1.9,1.9,1.931,1.931,1.939,1.939,1.955,2.033,2.063,2.078,2.442,2.505,2.66,2.535,3.467,3.467,2.539,2.515,2.582,3.528,2.552,2.567,2.581,2.581,2.593,2.607,2.611,2.611,2.547,2.569,5.235,2.538,2.488,1.149,1.149,1.149,1.41,0.997,1.569,1.569,1.244,1.039,3.617,0.906,0.906,0.847,0.832,0.832,1.303,1.29,1.39,1.371,1.342,1.332,1.332,1.39,1.39,1.39,1.427,1.427,1.46,1.453,1.469,1.502,1.505,1.505,1.505,1.505,1.533,1.59,1.611,1.62,1.626,1.638,1.654,1.673,1.7,1.7,1.817,1.729,1.778,1.811,1.854,2.47,1.855,1.9,1.881,2.0,2.0,1.835,1.835,1.835,1.835,1.778,1.895,1.895,1.938,1.938,1.938,1.938,1.938,1.984,2.001,2.026,2.026,2.026,2.065,2.042,2.042,2.093,2.128,2.141,1.568,2.128,2.128,2.128,2.158,2.188,2.188,5.362,5.362,5.362,5.362,5.362,4.78,5.3,4.281,1.726,4.573,4.573,4.186,4.186,4.186,4.186,4.186,4.186,4.186,2.967,3.428,3.441,3.431,3.58,3.418,2.794,2.876,11.716
Point_20,10.063,0.838,1.403,1.403,1.403,0.848,0.89,0.89,0.89,0.89,0.89,0.889,0.889,0.909,0.909,0.905,0.925,0.925,0.925,0.0,0.0,0.0,0.019,0.016,0.471,0.471,0.0,0.5,0.5,0.5,0.616,0.616,0.616,0.5,0.476,0.58,0.548,1.553,0.548,0.548,0.548,1.469,1.469,0.548,0.548,0.548,0.605,1.4,0.646,1.176,1.176,1.129,1.129,1.124,1.124,1.124,1.143,1.143,1.174,1.174,1.182,1.182,1.199,1.276,1.307,1.321,2.28,2.343,2.498,2.373,3.305,3.305,2.377,2.353,2.419,3.069,2.39,2.405,2.631,2.631,2.618,2.605,2.6,2.6,2.571,2.593,5.073,2.563,2.512,0.987,0.987,0.987,1.248,1.59,1.407,1.407,1.082,1.633,2.86,1.499,1.499,1.44,1.426,1.426,0.843,0.773,0.634,0.749,0.717,0.731,0.731,0.634,0.634,0.634,0.694,0.694,0.726,0.719,0.734,0.768,0.771,0.771,0.771,0.771,0.799,0.856,0.877,0.885,0.892,0.903,0.92,0.938,0.966,0.966,1.083,0.995,1.043,1.076,1.12,1.736,1.12,1.166,1.35,1.243,1.243,1.101,1.101,1.101,1.101,1.043,1.161,1.161,1.204,1.204,1.204,1.204,1.204,1.25,1.267,1.292,1.292,1.292,1.331,1.308,1.308,1.359,1.393,1.407,0.834,1.393,1.393,1.393,1.424,1.454,1.454,5.2,5.2,5.2,5.2,5.2,4.618,5.138,4.119,1.201,4.411,4.411,4.024,4.024,4.024,4.024,4.024,4.024,4.024,2.805,3.266,3.465,3.455,3.418,3.442,2.818,2.9,10.959
Point_21,10.063,0.838,1.403,1.403,1.403,0.848,0.89,0.89,0.89,0.89,0.89,0.889,0.889,0.909,0.909,0.905,0.925,0.925,0.925,0.0,0.0,0.0,0.019,0.016,0.471,0.471,0.0,0.5,0.5,0.5,0.616,0.616,0.616,0.5,0.476,0.58,0.548,1.553,0.548,0.548,0.548,1.469,1.469,0.548,0.548,0.548,0.605,1.4,0.646,1.176,1.176,1.129,1.129,1.124,1.124,1.124,1.143,1.143,1.174,1.174,1.182,1.182,1.199,1.276,1.307,1.321,2.28,2.343,2.498,2.373,3.305,3.305,2.377,2.353,2.419,3.069,2.39,2.405,2.631,2.631,2.618,2.605,2.6,2.6,2.571,2.593,5.073,2.563,2.512,0.987,0.987,0.987,1.248,1.59,1.407,1.407,1.082,1.633,2.86,1.499,1.499,1.44,1.426,1.426,0.843,0.773,0.634,0.749,0.717,0.731,0.731,0.634,0.634,0.634,0.694,0.694,0.726,0.719,0.734,0.768,0.771,0.771,0.771,0.771,0.799,0.856,0.877,0.885,0.892,0.903,0.92,0.938,0.966,0.966,1.083,0.995,1.043,1.076,1.12,1.736,1.12,1.166,1.35,1.243,1.243,1.101,1.101,1.101,1.101,1.043,1.161,1.161,1.204,1.204,1.204,1.204,1.204,1.25,1.267,1.292,1.292,1.292,1.331,1.308,1.308,1.359,1.393,1.407,0.834,1.393,1.393,1.393,1.424,1.454,1.454,5.2,5.2,5.2,5.2,5.2,4.618,5.138,4.119,1.201,4.411,4.411,4.024,4.024,4.024,4.024,4.024,4.024,4.024,2.805,3.266,3.465,3.455,3.418,3.442,2.818,2.9,10.959
Point_22,10.063,0.838,1.403,1.403,1.403,0.848,0.89,0.89,0.89,0.89,0.89,0.889,0.889,0.909,0.909,0.905,0.925,0.925,0.925,0.0,0.0,0.0,0.019,0.016,0.471,0.471,0.0,0.5,0.5,0.5,0.616,0.616,0.616,0.5,0.476,0.58,0.548,1.553,0.548,0.548,0.548,1.469,1.469,0.548,0.548,0.548,0.605,1.4,0.646,1.176,1.176,1.129,1.129,1.124,1.124,1.124,1.143,1.143,1.174,1.174,1.182,1.182,1.199,1.276,1.307,1.321,2.28,2.343,2.498,2.373,3.305,3.305,2.377,2.353,2.419,3.069,2.39,2.405,2.631,2.631,2.618,2.605,2.6,2.6,2.571,2.593,5.073,2.563,2.512,0.987,0.987,0.987,1.248,1.59,1.407,1.407,1.082,1.633,2.86,1.499,1.499,1.44,1.426,1.426,0.843,0.773,0.634,0.749,0.717,0.731,0.731,0.634,0.634,0.634,0.694,0.694,0.726,0.719,0.734,0.768,0.771,0.771,0.771,0.771,0.799,0.856,0.877,0.885,0.892,0.903,0.92,0.938,0.966,0.966,1.083,0.995,1.043,1.076,1.12,1.736,1.12,1.166,1.35,1.243,1.243,1.101,1.101,1.101,1.101,1.043,1.161,1.161,1.204,1.204,1.204,1.204,1.204,1.25,1.267,1.292,1.292,1.292,1.331,1.308,1.308,1.359,1.393,1.407,0.834,1.393,1.393,1.393,1.424,1.454,1.454,5.2,5.2,5.2,5.2,5.2,4.618,5.138,4.119,1.201,4.411,4.411,4.024,4.024,4.024,4.024,4.024,4.024,4.024,2.805,3.266,3.465,3.455,3.418,3.442,2.818,2.9,10.959
Point_23,10.044,0.819,1.384,1.384,1.384,0.829,0.871,0.871,0.871,0.871,0.871,0.869,0.869,0.89,0.89,0.886,0.906,0.906,0.906,0.574,0.574,0.574,0.0,0.591,0.452,0.452,0.574,0.481,0.481,0.481,0.597,0.597,0.597,0.481,0.457,0.561,0.528,1.534,0.528,0.528,0.528,1.449,1.449,0.528,0.528,0.528,0.586,1.381,0.626,1.157,1.157,1.11,1.11,1.105,1.105,1.105,1.124,1.124,1.155,1.155,1.163,1.163,1.18,1.257,1.288,1.302,2.261,2.324,2.479,2.354,3.286,3.286,2.358,2.334,2.4,3.049,2.37,2.386,2.612,2.612,2.599,2.586,2.581,2.581,2.551,2.574,5.053,2.543,2.493,0.967,0.967,0.967,1.229,1.571,1.388,1.388,1.063,1.613,2.841,1.48,1.48,1.421,1.406,1.406,0.824,0.754,0.614,0.73,0.698,0.712,0.712,0.614,0.614,0.614,0.675,0.675,0.706,0.7,0.715,0.749,0.752,0.752,0.752,0.752,0.78,0.837,0.858,0.866,0.872,0.884,0.901,0.919,0.947,0.947,1.064,0.976,1.024,1.057,1.1,1.717,1.101,1.147,1.331,1.224,1.224,1.082,1.082,1.082,1.082,1.024,1.142,1.142,1.184,1.184,1.184,1.184,1.184,1.231,1.248,1.273,1.273,1.273,1.312,1.289,1.289,1.34,1.374,1.388,0.815,1.374,1.374,1.374,1.405,1.434,1.434,5.181,5.181,5.181,5.181,5.181,4.599,5.119,4.1,1.182,4.392,4.392,4.005,4.005,4.005,4.005,4.005,4.005,4.005,2.786,3.247,3.446,3.436,3.399,3.423,2.799,2.881,10.94
Point_24,10.046,0.822,1.387,1.387,1.387,0.832,0.873,0.873,0.873,0.873,0.873,0.872,0.872,0.893,0.893,0.889,0.908,0.908,0.908,0.577,0.577,0.577,0.003,0.0,0.455,0.455,0.577,0.483,0.483,0.483,0.6,0.6,0.6,0.483,0.46,0.564,0.531,1.537,0.531,0.531,0.531,1.452,1.452,0.531,0.531,0.531,0.589,1.384,0.629,1.16,1.16,1.113,1.113,1.108,1.108,1.108,1.126,1.126,1.157,1.157,1.166,1.166,1.182,1.26,1.29,1.305,2.264,2.326,2.482,2.356,3.289,3.289,2.361,2.337,2.403,3.052,2.373,2.388,2.614,2.614,2.601,2.588,2.584,2.584,2.554,2.577,5.056,2.546,2.495,0.97,0.97,0.97,1.232,1.574,1.391,1.391,1.066,1.616,2.844,1.483,1.483,1.424,1.409,1.409,0.826,0.757,0.617,0.733,0.7,0.715,0.715,0.617,0.617,0.617,0.677,0.677,0.709,0.702,0.718,0.752,0.754,0.754,0.754,0.754,0.783,0.84,0.86,0.869,0.875,0.887,0.903,0.922,0.949,0.949,1.067,0.978,1.027,1.06,1.103,1.72,1.104,1.15,1.334,1.227,1.227,1.084,1.084,1.084,1.084,1.027,1.145,1.145,1.187,1.187,1.187,1.187,1.187,1.233,1.25,1.275,1.275,1.275,1.315,1.292,1.292,1.342,1.377,1.39,0.817,1.377,1.377,1.377,1.407,1.437,1.437,5.183,5.183,5.183,5.183,5.183,4.601,5.121,4.103,1.185,4.395,4.395,4.008,4.008,4.008,4.008,4.008,4.008,4.008,2.788,3.249,3.449,3.439,3.401,3.426,2.802,2.884,10.943
Point_25,10.15,0.925,1.49,1.49,1.49,0.935,0.977,0.977,0.977,0.977,0.977,0.976,0.976,0.996,0.996,0.992,1.012,1.012,1.012,0.681,0.681,0.681,0.7,0.697,0.0,0.0,0.681,0.029,0.029,0.029,0.018,0.018,0.018,0.029,0.005,0.667,0.635,1.64,0.635,0.635,0.635,1.556,1.556,0.635,0.635,0.635,0.692,1.487,0.733,1.263,1.263,1.216,1.216,1.211,1.211,1.211,1.23,1.23,1.261,1.261,1.269,1.269,1.286,1.363,1.394,1.408,2.367,2.43,2.585,2.46,3.392,3.392,2.464,2.44,2.506,3.156,2.477,2.492,2.718,2.718,2.705,2.692,2.687,2.687,2.658,2.68,5.16,2.65,2.599,1.074,1.074,1.074,1.335,1.677,1.494,1.494,1.169,1.72,2.947,1.586,1.586,1.527,1.513,1.513,0.93,0.86,0.721,0.836,0.804,0.818,0.818,0.721,0.721,0.721,0.781,0.781,0.813,0.806,0.821,0.855,0.858,0.858,0.858,0.858,0.886,0.943,0.964,0.972,0.979,0.99,1.007,1.025,1.053,1.053,1.17,1.082,1.13,1.163,1.207,1.823,1.207,1.253,1.437,1.33,1.33,1.188,1.188,1.188,1.188,1.13,1.248,1.248,1.291,1.291,1.291,1.291,1.291,1.337,1.354,1.379,1.379,1.379,1.418,1.395,1.395,1.446,1.48,1.494,0.921,1.48,1.48,1.48,1.511,1.541,1.541,5.287,5.287,5.287,5.287,5.287,4.705,5.225,4.206,1.288,4.498,4.498,4.111,4.111,4.111,4.111,4.111,4.111,4.111,2.892,3.353,3.552,3.542,3.505,3.529,2.905,2.987,11.046
Point_26,10.15,0.925,1.49,1.49,1.49,0.935,0.977,0.977,0.977,0.977,0.977,0.976,0.976,0.996,0.996,0.992,1.012,1.012,1.012,0.681,0.681,0.681,0.7,0.697,0.0,0.0,0.681,0.029,0.029,0.029,0.018,0.018,0.018,0.029,0.005,0.667,0.635,1.64,0.635,0.635,0.635,1.556,1.556,0.635,0.635,0.635,0.692,1.487,0.733,1.263,1.263,1.216,1.216,1.211,1.211,1.211,1.23,1.23,1.261,1.261,1.269,1.269,1.286,1.363,1.394,1.408,2.367,2.43,2.585,2.46,3.392,3.392,2.464,2.44,2.506,3.156,2.477,2.492,2.718,2.718,2.705,2.692,2.687,2.687,2.658,2.68,5.16,2.65,2.599,1.074,1.074,1.074,1.335,1.677,1.494,1.494,1.169,1.72,2.947,1.586,1.586,1.527,1.513,1.513,0.93,0.86,0.721,0.836,0.804,0.818,0.818,0.721,0.721,0.721,0.781,0.781,0.813,0.806,0.821,0.855,0.858,0.858,0.858,0.858,0.886,0.943,0.964,0.972,0.979,0.99,1.007,1.025,1.053,1.053,1.17,1.082,1.13,1.163,1.207,1.823,1.207,1.253,1.437,1.33,1.33,1.188,1.188,1.188,1.188,1.13,1.248,1.248,1.291,1.291,1.291,1.291,1.291,1.337,1.354,1.379,1.379,1.379,1.418,1.395,1.395,1.446,1.48,1.494,0.921,1.48,1.48,1.48,1.511,1.541,1.541,5.287,5.287,5.287,5.287,5.287,4.705,5.225,4.206,1.288,4.498,4.498,4.111,4.111,4.111,4.111,4.111,4.111,4.111,2.892,3.353,3.552,3.542,3.505,3.529,2.905,2.987,11.046
Point_27,10.054,0.83,1.395,1.395,1.395,0.84,0.881,0.881,0.881,0.881,0.881,0.88,0.88,0.901,0.901,0.897,0.916,0.916,0.916,0.0,0.0,0.0,0.011,0.008,0.463,0.463,0.0,0.491,0.491,0.491,0.608,0.608,0.608,0.491,0.468,0.572,0.539,1.545,0.539,0.539,0.539,1.46,1.46,0.539,0.539,0.539,0.597,1.392,0.637,1.168,1.168,1.121,1.121,1.116,1.116,1.116,1.134,1.134,1.165,1.165,1.174,1.174,1.19,1.268,1.298,1.313,2.272,2.334,2.49,2.364,3.297,3.297,2.369,2.345,2.411,3.06,2.381,2.396,2.622,2.622,2.609,2.596,2.592,2.592,2.562,2.585,5.064,2.554,2.503,0.978,0.978,0.978,1.24,1.582,1.399,1.399,1.074,1.624,2.852,1.491,1.491,1.432,1.417,1.417,0.834,0.765,0.625,0.741,0.708,0.723,0.723,0.625,0.625,0.625,0.685,0.685,0.717,0.71,0.726,0.76,0.762,0.762,0.762,0.762,0.791,0.848,0.868,0.877,0.883,0.895,0.911,0.93,0.957,0.957,1.075,0.986,1.035,1.068,1.111,1.728,1.112,1.158,1.342,1.235,1.235,1.092,1.092,1.092,1.092,1.035,1.153,1.153,1.195,1.195,1.195,1.195,1.195,1.241,1.258,1.283,1.283,1.283,1.323,1.3,1.3,1.35,1.385,1.398,0.825,1.385,1.385,1.385,1.415,1.445,1.445,5.191,5.191,5.191,5.191,5.191,4.609,5.129,4.111,1.193,4.403,4.403,4.016,4.016,4.016,4.016,4.016,4.016,4.016,2.796,3.257,3.457,3.447,3.409,3.434,2.81,2.892,10.951
Point_28,10.179,0.954,1.519,1.519,1.519,0.964,1.006,1.006,1.006,1.006,1.006,1.004,1.004,1.025,1.025,1.021,1.041,1.041,1.041,0.709,0.709,0.709,0.729,0.726,0.029,0.029,0.709,0.0,0.0,0.0,0.047,0.047,0.047,0.0,0.024,0.696,0.663,1.669,0.663,0.663,0.663,1.584,1.584,0.663,0.663,0.663,0.721,1.516,0.761,1.292,1.292,1.245,1.245,1.24,1.24,1.24,1.259,1.259,1.29,1.29,1.298,1.298,1.314,1.392,1.422,1.437,2.396,2.459,2.614,2.489,3.421,3.421,2.493,2.469,2.535,3.184,2.505,2.52,2.746,2.746,2.734,2.72,2.716,2.716,2.686,2.709,5.188,2.678,2.627,1.102,1.102,1.102,1.364,1.706,1.523,1.523,1.198,1.748,2.976,1.615,1.615,1.556,1.541,1.541,0.959,0.889,0.749,0.865,0.832,0.847,0.847,0.749,0.749,0.749,0.81,0.81,0.841,0.834,0.85,0.884,0.887,0.887,0.887,0.887,0.915,0.972,0.992,1.001,1.007,1.019,1.035,1.054,1.081,1.081,1.199,1.111,1.159,1.192,1.235,1.852,1.236,1.282,1.466,1.359,1.359,1.217,1.217,1.217,1.217,1.159,1.277,1.277,1.319,1.319,1.319,1.319,1.319,1.365,1.382,1.407,1.407,1.407,1.447,1.424,1.424,1.474,1.509,1.522,0.949,1.509,1.509,1.509,1.54,1.569,1.569,5.316,5.316,5.316,5.316,5.316,4.734,5.254,4.235,1.317,4.527,4.527,4.14,4.14,4.14,4.14,4.14,4.14,4.14,2.921,3.381,3.581,3.571,3.533,3.558,2.934,3.016,11.075
Point_29,10.179,0.954,1.519,1.519,1.519,0.964,1.006,1.006,1.006,1.006,1.006,1.004,1.004,1.025,1.025,1.021,1.041,1.041,1.041,0.709,0.709,0.709,0.729,0.726,0.029,0.029,0.709,0.0,0.0,0.0,0.047,0.047,0.047,0.0,0.024,0.696,0.663,1.669,0.663,0.663,0.663,1.584,1.584,0.663,0.663,0.663,0.721,1.516,0.761,1.292,1.292,1.245,1.245,1.24,1.24,1.24,1.259,1.259,1.29,1.29,1.298,1.298,1.314,1.392,1.422,1.437,2.396,2.459,2.614,2.489,3.421,3.421,2.493,2.469,2.535,3.184,2.505,2.52,2.746,2.746,2.734,2.72,2.716,2.716,2.686,2.709,5.188,2.678,2.627,1.102,1.102,1.102,1.364,1.706,1.523,1.523,1.198,1.748,2.976,1.615,1.615,1.556,1.541,1.541,0.959,0.889,0.749,0.865,0.832,0.847,0.847,0.749,0.749,0.749,0.81,0.81,0.841,0.834,0.85,0.884,0.887,0.887,0.887,0.887,0.915,0.972,0.992,1.001,1.007,1.019,1.035,1.054,1.081,1.081,1.199,1.111,1.159,1.192,1.235,1.852,1.236,1.282,1.466,1.359,1.359,1.217,1.217,1.217,1.217,1.159,1.277,1.277,1.319,1.319,1.319,1.319,1.319,1.365,1.382,1.407,1.407,1.407,1.447,1.424,1.424,1.474,1.509,1.522,0.949,1.509,1.509,1.509,1.54,1.569,1.569,5.316,5.316,5.316,5.316,5.316,4.734,5.254,4.235,1.317,4.527,4.527,4.14,4.14,4.14,4.14,4.14,4.14,4.14,2.921,3.381,3.581,3.571,3.533,3.558,2.934,3.016,11.075
Point_30,10.179,0.954,1.519,1.519,1.519,0.964,1.006,1.006,1.006,1.006,1.006,1.004,1.004,1.025,1.025,1.021,1.041,1.041,1.041,0.709,0.709,0.709,0.729,0.726,0.029,0.029,0.709,0.0,0.0,0.0,0.047,0.047,0.047,0.0,0.024,0.696,0.663,1.669,0.663,0.663,0.663,1.584,1.584,0.663,0.663,0.663,0.721,1.516,0.761,1.292,1.292,1.245,1.245,1.24,1.24,1.24,1.259,1.259,1.29,1.29,1.298,1.298,1.314,1.392,1.422,1.437,2.396,2.459,2.614,2.489,3.421,3.421,2.493,2.469,2.535,3.184,2.505,2.52,2.746,2.746,2.734,2.72,2.716,2.716,2.686,2.709,5.188,2.678,2.627,1.102,1.102,1.102,1.364,1.706,1.523,1.523,1.198,1.748,2.976,1.615,1.615,1.556,1.541,1.541,0.959,0.889,0.749,0.865,0.832,0.847,0.847,0.749,0.749,0.749,0.81,0.81,0.841,0.834,0.85,0.884,0.887,0.887,0.887,0.887,0.915,0.972,0.992,1.001,1.007,1.019,1.035,1.054,1.081,1.081,1.199,1.111,1.159,1.192,1.235,1.852,1.236,1.282,1.466,1.359,1.359,1.217,1.217,1.217,1.217,1.159,1.277,1.277,1.319,1.319,1.319,1.319,1.319,1.365,1.382,1.407,1.407,1.407,1.447,1.424,1.424,1.474,1.509,1.522,0.949,1.509,1.509,1.509,1.54,1.569,1.569,5.316,5.316,5.316,5.316,5.316,4.734,5.254,4.235,1.317,4.527,4.527,4.14,4.14,4.14,4.14,4.14,4.14,4.14,2.921,3.381,3.581,3.571,3.533,3.558,2.934,3.016,11.075
Point_31,10.13,0.906,1.47,1.47,1.47,0.916,0.957,0.957,0.957,0.957,0.957,0.956,0.956,0.976,0.976,0.973,0.992,0.992,0.992,0.661,0.661,0.661,0.68,0.678,0.018,0.018,0.661,0.047,0.047,0.047,0.0,0.0,0.0,0.047,0.023,0.648,0.615,1.621,0.615,0.615,0.615,1.536,1.536,0.615,0.615,0.615,0.672,1.467,0.713,1.244,1.244,1.196,1.196,1.192,1.192,1.192,1.21,1.21,1.241,1.241,1.25,1.25,1.266,1.344,1.374,1.389,2.348,2.41,2.566,2.44,3.372,3.372,2.445,2.421,2.487,3.136,2.457,2.472,2.698,2.698,2.685,2.672,2.668,2.668,2.638,2.661,5.14,2.63,2.579,1.054,1.054,1.054,1.315,1.658,1.475,1.475,1.149,1.7,2.928,1.567,1.567,1.508,1.493,1.493,0.91,0.84,0.701,0.817,0.784,0.798,0.798,0.701,0.701,0.701,0.761,0.761,0.793,0.786,0.802,0.835,0.838,0.838,0.838,0.838,0.867,0.924,0.944,0.953,0.959,0.971,0.987,1.006,1.033,1.033,1.151,1.062,1.111,1.144,1.187,1.803,1.188,1.233,1.418,1.311,1.311,1.168,1.168,1.168,1.168,1.111,1.228,1.228,1.271,1.271,1.271,1.271,1.271,1.317,1.334,1.359,1.359,1.359,1.398,1.376,1.376,1.426,1.461,1.474,0.901,1.461,1.461,1.461,1.491,1.521,1.521,5.267,5.267,5.267,5.267,5.267,4.685,5.205,4.187,1.269,4.479,4.479,4.091,4.091,4.091,4.091,4.091,4.091,4.091,2.872,3.333,3.532,3.523,3.485,3.51,2.886,2.968,11.026
Point_32,10.13,0.906,1.47,1.47,1.47,0.916,0.957,0.957,0.957,0.957,0.957,0.956,0.956,0.976,0.976,0.973,0.992,0.992,0.992,0.661,0.661,0.661,0.68,0.678,0.018,0.018,0.661,0.047,0.047,0.047,0.0,0.0,0.0,0.047,0.023,0.648,0.615,1.621,0.615,0.615,0.615,1.536,1.536,0.615,0.615,0.615,0.672,1.467,0.713,1.244,1.244,1.196,1.196,1.192,1.192,1.192,1.21,1.21,1.241,1.241,1.25,1.25,1.266,1.344,1.374,1.389,2.348,2.41,2.566,2.44,3.372,3.372,2.445,2.421,2.487,3.136,2.457,2.472,2.698,2.698,2.685,2.672,2.668,2.668,2.638,2.661,5.14,2.63,2.579,1.054,1.054,1.054,1.315,1.658,1.475,1.475,1.149,1.7,2.928,1.567,1.567,1.508,1.493,1.493,0.91,0.84,0.701,0.817,0.784,0.798,0.798,0.701,0.701,0.701,0.761,0.761,0.793,0.786,0.802,0.835,0.838,0.838,0.838,0.838,0.867,0.924,0.944,0.953,0.959,0.971,0.987,1.006,1.033,1.033,1.151,1.062,1.111,1.144,1.187,1.803,1.188,1.233,1.418,1.311,1.311,1.168,1.168,1.168,1.168,1.111,1.228,1.228,1.271,1.271,1.271,1.271,1.271,1.317,1.334,1.359,1.359,1.359,1.398,1.376,1.376,1.426,1.461,1.474,0.901,1.461,1.461,1.461,1.491,1.521,1.521,5.267,5.267,5.267,5.267,5.267,4.685,5.205,4.187,1.269,4.479,4.479,4.091,4.091,4.091,4.091,4.091,4.091,4.091,2.872,3.333,3.532,3.523,3.485,3.51,2.886,2.968,11.026
Point_33,10.13,0.906,1.47,1.47,1.47,0.916,0.957,0.957,0.957,0.957,0.957,0.956,0.956,0.976,0.976,0.973,0.992,0.992,0.992,0.661,0.661,0.661,0.68,0.678,0.018,0.018,0.661,0.047,0.047,0.047,0.0,0.0,0.0,0.047,0.023,0.648,0.615,1.621,0.615,0.615,0.615,1.536,1.536,0.615,0.615,0.615,0.672,1.467,0.713,1.244,1.244,1.196,1.196,1.192,1.192,1.192,1.21,1.21,1.241,1.241,1.25,1.25,1.266,1.344,1.374,1.389,2.348,2.41,2.566,2.44,3.372,3.372,2.445,2.421,2.487,3.136,2.457,2.472,2.698,2.698,2.685,2.672,2.668,2.668,2.638,2.661,5.14,2.63,2.579,1.054,1.054,1.054,1.315,1.658,1.475,1.475,1.149,1.7,2.928,1.567,1.567,1.508,1.493,1.493,0.91,0.84,0.701,0.817,0.784,0.798,0.798,0.701,0.701,0.701,0.761,0.761,0.793,0.786,0.802,0.835,0.838,0.838,0.838,0.838,0.867,0.924,0.944,0.953,0.959,0.971,0.987,1.006,1.033,1.033,1.151,1.062,1.111,1.144,1.187,1.803,1.188,1.233,1.418,1.311,1.311,1.168,1.168,1.168,1.168,1.111,1.228,1.228,1.271,1.271,1.271,1.271,1.271,1.317,1.334,1.359,1.359,1.359,1.398,1.376,1.376,1.426,1.461,1.474,0.901,1.461,1.461,1.461,1.491,1.521,1.521,5.267,5.267,5.267,5.267,5.267,4.685,5.205,4.187,1.269,4.479,4.479,4.091,4.091,4.091,4.091,4.091,4.091,4.091,2.872,3.333,3.532,3.523,3.485,3.51,2.886,2.968,11.026
Point_34,10.179,0.954,1.519,1.519,1.519,0.964,1.006,1.006,1.006,1.006,1.006,1.004,1.004,1.025,1.025,1.021,1.041,1.041,1.041,0.709,0.709,0.709,0.729,0.726,0.029,0.029,0.709,0.0,0.0,0.0,0.047,0.047,0.047,0.0,0.024,0.696,0.663,1.669,0.663,0.663,0.663,1.584,1.584,0.663,0.663,0.663,0.721,1.516,0.761,1.292,1.292,1.245,1.245,1.24,1.24,1.24,1.259,1.259,1.29,1.29,1.298,1.298,1.314,1.392,1.422,1.437,2.396,2.459,2.614,2.489,3.421,3.421,2.493,2.469,2.535,3.184,2.505,2.52,2.746,2.746,2.734,2.72,2.716,2.716,2.686,2.709,5.188,2.678,2.627,1.102,1.102,1.102,1.364,1.706,1.523,1.523,1.198,1.748,2.976,1.615,1.615,1.556,1.541,1.541,0.959,0.889,0.749,0.865,0.832,0.847,0.847,0.749,0.749,0.749,0.81,0.81,0.841,0.834,0.85,0.884,0.887,0.887,0.887,0.887,0.915,0.972,0.992,1.001,1.007,1.019,1.035,1.054,1.081,1.081,1.199,1.111,1.159,1.192,1.235,1.852,1.236,1.282,1.466,1.359,1.359,1.217,1.217,1.217,1.217,1.159,1.277,1.277,1.319,1.319,1.319,1.319,1.319,1.365,1.382,1.407,1.407,1.407,1.447,1.424,1.424,1.474,1.509,1.522,0.949,1.509,1.509,1.509,1.54,1.569,1.569,5.316,5.316,5.316,5.316,5.316,4.734,5.254,4.235,1.317,4.527,4.527,4.14,4.14,4.14,4.14,4.14,4.14,4.14,2.921,3.381,3.581,3.571,3.533,3.558,2.934,3.016,11.075
Point_35,10.155,0.93,1.495,1.495,1.495,0.94,0.982,0.982,0.982,0.982,0.982,0.98,0.98,1.001,1.001,0.997,1.017,1.017,1.017,0.685,0.685,0.685,0.705,0.702,0.005,0.005,0.685,0.024,0.024,0.024,0.023,0.023,0.023,0.024,0.0,0.672,0.639,1.645,0.639,0.639,0.639,1.56,1.56,0.639,0.639,0.639,0.697,1.492,0.737,1.268,1.268,1.221,1.221,1.216,1.216,1.216,1.235,1.235,1.266,1.266,1.274,1.274,1.291,1.368,1.399,1.413,2.372,2.435,2.59,2.465,3.397,3.397,2.469,2.445,2.511,3.16,2.481,2.497,2.723,2.723,2.71,2.697,2.692,2.692,2.662,2.685,5.164,2.654,2.604,1.078,1.078,1.078,1.34,1.682,1.499,1.499,1.174,1.724,2.952,1.591,1.591,1.532,1.517,1.517,0.935,0.865,0.725,0.841,0.809,0.823,0.823,0.725,0.725,0.725,0.786,0.786,0.817,0.811,0.826,0.86,0.863,0.863,0.863,0.863,0.891,0.948,0.969,0.977,0.983,0.995,1.012,1.03,1.058,1.058,1.175,1.087,1.135,1.168,1.211,1.828,1.212,1.258,1.442,1.335,1.335,1.193,1.193,1.193,1.193,1.135,1.253,1.253,1.295,1.295,1.295,1.295,1.295,1.342,1.359,1.384,1.384,1.384,1.423,1.4,1.4,1.451,1.485,1.499,0.926,1.485,1.485,1.485,1.516,1.545,1.545,5.292,5.292,5.292,5.292,5.292,4.71,5.23,4.211,1.293,4.503,4.503,4.116,4.116,4.116,4.116,4.116,4.116,4.116,2.897,3.358,3.557,3.547,3.509,3.534,2.91,2.992,11.051
Point_36,10.166,0.942,1.506,1.506,1.506,0.952,0.993,0.993,0.993,0.993,0.993,0.992,0.992,1.012,1.012,1.008,1.028,1.028,1.028,0.697,0.697,0.697,0.716,0.713,0.171,0.171,0.697,0.2,0.2,0.2,0.036,0.036,0.036,0.2,0.176,0.0,0.651,1.656,0.651,0.651,0.651,1.572,1.572,0.651,0.651,0.651,0.708,1.503,0.749,1.279,1.279,1.232,1.232,1.227,1.227,1.227,1.246,1.246,1.277,1.277,1.286,1.286,1.302,1.379,1.41,1.424,2.383,2.446,2.601,2.476,3.408,3.408,2.481,2.456,2.523,3.172,2.493,2.508,2.734,2.734,2.721,2.708,2.704,2.704,2.674,2.696,5.176,2.666,2.615,1.09,1.09,1.09,1.351,1.693,1.511,1.511,1.185,1.736,2.963,1.603,1.603,1.543,1.529,1.529,0.946,0.876,0.737,0.853,0.82,0.834,0.834,0.737,0.737,0.737,0.797,0.797,0.829,0.822,0.838,0.871,0.874,0.874,0.874,0.874,0.902,0.959,0.98,0.989,0.995,1.007,1.023,1.042,1.069,1.069,1.186,1.098,1.147,1.18,1.223,1.839,1.223,1.269,1.454,1.346,1.346,1.204,1.204,1.204,1.204,1.147,1.264,1.264,1.307,1.307,1.307,1.307,1.307,1.353,1.37,1.395,1.395,1.395,1.434,1.411,1.411,1.462,1.496,1.51,0.937,1.496,1.496,1.496,1.527,1.557,1.557,5.303,5.303,5.303,5.303,5.303,4.721,5.241,4.222,1.304,4.514,4.514,4.127,4.127,4.127,4.127,4.127,4.127,4.127,2.908,3.369,3.568,3.558,3.521,3.545,2.921,3.004,11.062
Point_37,10.236,1.012,1.576,1.576,1.576,1.022,1.063,1.063,1.063,1.063,1.063,1.062,1.062,1.082,1.082,1.078,1.098,1.098,1.098,0.767,0.767,0.767,0.786,0.783,0.241,0.241,0.767,0.27,0.27,0.27,0.106,0.106,0.106,0.27,0.246,0.07,0.0,1.726,0.0,0.0,0.0,1.642,1.642,0.0,0.0,0.0,0.778,1.573,0.819,1.349,1.349,1.302,1.302,1.297,1.297,1.297,1.316,1.316,1.347,1.347,1.356,1.356,1.372,1.449,1.48,1.494,2.453,2.516,2.671,2.546,3.478,3.478,2.551,2.526,2.593,3.242,2.563,2.578,2.804,2.804,2.791,2.778,2.774,2.774,2.744,2.766,5.246,2.736,2.685,1.16,1.16,1.16,1.421,1.763,1.581,1.581,1.255,1.806,3.033,1.673,1.673,1.613,1.599,1.599,1.016,0.946,0.807,0.923,0.89,0.904,0.904,0.807,0.807,0.807,0.867,0.867,0.899,0.892,0.908,0.941,0.944,0.944,0.944,0.944,0.972,1.029,1.05,1.059,1.065,1.077,1.093,1.112,1.139,1.139,1.256,1.168,1.217,1.25,1.293,1.909,1.293,1.339,1.524,1.416,1.416,1.274,1.274,1.274,1.274,1.217,1.334,1.334,1.377,1.377,1.377,1.377,1.377,1.423,1.44,1.465,1.465,1.465,1.504,1.481,1.481,1.532,1.566,1.58,1.007,1.566,1.566,1.566,1.597,1.627,1.627,5.373,5.373,5.373,5.373,5.373,4.791,5.311,4.292,1.374,4.584,4.584,4.197,4.197,4.197,4.197,4.197,4.197,4.197,2.978,3.439,3.638,3.628,3.591,3.615,2.991,3.074,11.132
Point_38,10.382,2.519,2.587,2.587,2.587,2.529,2.571,2.571,2.571,2.571,2.571,2.569,2.569,2.59,2.59,2.586,2.605,2.605,2.605,2.463,2.463,2.463,2.482,2.479,2.404,2.404,2.463,2.433,2.433,2.433,2.549,2.549,2.549,2.433,2.409,2.514,2.481,0.0,2.481,2.481,2.481,0.084,0.084,2.481,2.481,2.481,2.538,0.153,2.579,1.609,1.609,1.562,1.562,1.22,1.22,1.22,1.239,1.239,1.27,1.27,1.278,1.278,1.295,0.605,0.635,0.65,3.61,3.673,3.828,3.703,3.735,3.735,3.244,3.274,3.749,3.388,2.979,2.964,2.95,2.95,2.937,2.924,2.919,2.919,2.89,2.912,6.402,2.881,2.831,2.718,2.718,2.718,2.979,2.282,3.139,3.139,2.813,2.325,2.189,2.191,2.191,2.132,2.118,2.118,2.367,2.297,2.158,2.274,2.241,2.256,2.256,2.158,2.158,2.158,2.447,2.447,2.54,2.533,2.549,2.583,2.585,2.585,2.585,2.585,2.614,2.671,2.691,2.7,2.706,2.718,2.734,2.753,2.78,2.78,1.836,2.809,1.773,1.85,1.893,2.489,1.893,1.939,1.669,1.676,1.676,1.716,1.716,1.716,1.716,1.773,1.914,1.914,1.956,1.956,1.956,1.956,1.956,2.003,2.02,2.045,2.045,2.045,2.084,2.061,2.061,2.112,2.146,2.16,2.437,2.146,2.146,2.146,2.177,2.206,2.206,6.53,6.53,6.53,6.53,6.53,5.948,6.468,5.449,2.573,5.741,5.741,5.354,5.354,5.354,5.354,5.354,5.354,5.354,3.746,3.698,3.784,3.774,3.965,3.761,3.137,3.219,10.288
Point_39,10.236,1.012,1.576,1.576,1.576,1.022,1.063,1.063,1.063,1.063,1.063,1.062,1.062,1.082,1.082,1.078,1.098,1.098,1.098,0.767,0.767,0.767,0.786,0.783,0.241,0.241,0.767,0.27,0.27,0.27,0.106,0.106,0.106,0.27,0.246,0.07,0.0,1.726,0.0,0.0,0.0,1.642,1.642,0.0,0.0,0.0,0.778,1.573,0.819,1.349,1.349,1.302,1.302,1.297,1.297,1.297,1.316,1.316,1.347,1.347,1.356,1.356,1.372,1.449,1.48,1.494,2.453,2.516,2.671,2.546,3.478,3.478,2.551,2.526,2.593,3.242,2.563,2.578,2.804,2.804,2.791,2.778,2.774,2.774,2.744,2.766,5.246,2.736,2.685,1.16,1.16,1.16,1.421,1.763,1.581,1.581,1.255,1.806,3.033,1.673,1.673,1.613,1.599,1.599,1.016,0.946,0.807,0.923,0.89,0.904,0.904,0.807,0.807,0.807,0.867,0.867,0.899,0.892,0.908,0.941,0.944,0.944,0.944,0.944,0.972,1.029,1.05,1.059,1.065,1.077,1.093,1.112,1.139,1.139,1.256,1.168,1.217,1.25,1.293,1.909,1.293,1.339,1.524,1.416,1.416,1.274,1.274,1.274,1.274,1.217,1.334,1.334,1.377,1.377,1.377,1.377,1.377,1.423,1.44,1.465,1.465,1.465,1.504,1.481,1.481,1.532,1.566,1.58,1.007,1.566,1.566,1.566,1.597,1.627,1.627,5.373,5.373,5.373,5.373,5.373,4.791,5.311,4.292,1.374,4.584,4.584,4.197,4.197,4.197,4.197,4.197,4.197,4.197,2.978,3.439,3.638,3.628,3.591,3.615,2.991,3.074,11.132
Point_40,10.236,1.012,1.576,1.576,1.576,1.022,1.063,1.063,1.063,1.063,1.063,1.062,1.062,1.082,1.082,1.078,1.098,1.098,1.098,0.767,0.767,0.767,0.786,0.783,0.241,0.241,0.767,0.27,0.27,0.27,0.106,0.106,0.106,0.27,0.246,0.07,0.0,1.726,0.0,0.0,0.0,1.642,1.642,0.0,0.0,0.0,0.778,1.573,0.819,1.349,1.349,1.302,1.302,1.297,1.297,1.297,1.316,1.316,1.347,1.347,1.356,1.356,1.372,1.449,1.48,1.494,2.453,2.516,2.671,2.546,3.478,3.478,2.551,2.526,2.593,3.242,2.563,2.578,2.804,2.804,2.791,2.778,2.774,2.774,2.744,2.766,5.246,2.736,2.685,1.16,1.16,1.16,1.421,1.763,1.581,1.581,1.255,1.806,3.033,1.673,1.673,1.613,1.599,1.599,1.016,0.946,0.807,0.923,0.89,0.904,0.904,0.807,0.807,0.807,0.867,0.867,0.899,0.892,0.908,0.941,0.944,0.944,0.944,0.944,0.972,1.029,1.05,1.059,1.065,1.077,1.093,1.112,1.139,1.139,1.256,1.168,1.217,1.25,1.293,1.909,1.293,1.339,1.524,1.416,1.416,1.274,1.274,1.274,1.274,1.217,1.334,1.334,1.377,1.377,1.377,1.377,1.377,1.423,1.44,1.465,1.465,1.465,1.504,1.481,1.481,1.532,1.566,1.58,1.007,1.566,1.566,1.566,1.597,1.627,1.627,5.373,5.373,5.373,5.373,5.373,4.791,5.311,4.292,1.374,4.584,4.584,4.197,4.197,4.197,4.197,4.197,4.197,4.197,2.978,3.439,3.638,3.628,3.591,3.615,2.991,3.074,11.132
Point_41,10.236,1.012,1.576,1.576,1.576,1.022,1.063,1.063,1.063,1.063,1.063,1.062,1.062,1.082,1.082,1.078,1.098,1.098,1.098,0.767,0.767,0.767,0.786,0.783,0.241,0.241,0.767,0.27,0.27,0.27,0.106,0.106,0.106,0.27,0.246,0.07,0.0,1.726,0.0,0.0,0.0,1.642,1.642,0.0,0.0,0.0,0.778,1.573,0.819,1.349,1.349,1.302,1.302,1.297,1.297,1.297,1.316,1.316,1.347,1.347,1.356,1.356,1.372,1.449,1.48,1.494,2.453,2.516,2.671,2.546,3.478,3.478,2.551,2.526,2.593,3.242,2.563,2.578,2.804,2.804,2.791,2.778,2.774,2.774,2.744,2.766,5.246,2.736,2.685,1.16,1.16,1.16,1.421,1.763,1.581,1.581,1.255,1.806,3.033,1.673,1.673,1.613,1.599,1.599,1.016,0.946,0.807,0.923,0.89,0.904,0.904,0.807,0.807,0.807,0.867,0.867,0.899,0.892,0.908,0.941,0.944,0.944,0.944,0.944,0.972,1.029,1.05,1.059,1.065,1.077,1.093,1.112,1.139,1.139,1.256,1.168,1.217,1.25,1.293,1.909,1.293,1.339,1.524,1.416,1.416,1.274,1.274,1.274,1.274,1.217,1.334,1.334,1.377,1.377,1.377,1.377,1.377,1.423,1.44,1.465,1.465,1.465,1.504,1.481,1.481,1.532,1.566,1.58,1.007,1.566,1.566,1.566,1.597,1.627,1.627,5.373,5.373,5.373,5.373,5.373,4.791,5.311,4.292,1.374,4.584,4.584,4.197,4.197,4.197,4.197,4.197,4.197,4.197,2.978,3.439,3.638,3.628,3.591,3.615,2.991,3.074,11.132
Point_42,10.297,2.435,2.503,2.503,2.503,2.444,2.486,2.486,2.486,2.486,2.486,2.485,2.485,2.505,2.505,2.501,2.521,2.521,2.521,2.378,2.378,2.378,2.397,2.395,2.32,2.32,2.378,2.349,2.349,2.349,2.465,2.465,2.465,2.349,2.325,2.429,2.396,0.084,2.396,2.396,2.396,0.0,0.0,2.396,2.396,2.396,2.454,0.069,2.494,1.524,1.524,1.477,1.477,1.136,1.136,1.136,1.154,1.154,1.185,1.185,1.194,1.194,1.21,0.52,0.551,0.565,3.525,3.588,3.743,3.618,3.65,3.65,3.16,3.189,3.665,3.303,2.894,2.879,2.865,2.865,2.852,2.839,2.835,2.835,2.805,2.828,6.318,2.797,2.746,2.633,2.633,2.633,2.895,2.198,3.054,3.054,2.729,2.24,2.104,2.107,2.107,2.048,2.033,2.033,2.283,2.213,2.073,2.189,2.157,2.171,2.171,2.073,2.073,2.073,2.363,2.363,2.456,2.449,2.464,2.498,2.501,2.501,2.501,2.501,2.529,2.586,2.607,2.615,2.622,2.633,2.65,2.668,2.696,2.696,1.751,2.725,1.689,1.765,1.808,2.404,1.809,1.855,1.585,1.591,1.591,1.631,1.631,1.631,1.631,1.689,1.829,1.829,1.872,1.872,1.872,1.872,1.872,1.918,1.935,1.96,1.96,1.96,1.999,1.977,1.977,2.027,2.062,2.075,2.352,2.062,2.062,2.062,2.092,2.122,2.122,6.445,6.445,6.445,6.445,6.445,5.863,6.383,5.364,2.488,5.657,5.657,5.269,5.269,5.269,5.269,5.269,5.269,5.269,3.662,3.614,3.7,3.69,3.881,3.677,3.053,3.135,10.203
Point_43,10.297,2.435,2.503,2.503,2.503,2.444,2.486,2.486,2.486,2.486,2.486,2.485,2.485,2.505,2.505,2.501,2.521,2.521,2.521,2.378,2.378,2.378,2.397,2.395,2.32,2.32,2.378,2.349,2.349,2.349,2.465,2.465,2.465,2.349,2.325,2.429,2.396,0.084,2.396,2.396,2.396,0.0,0.0,2.396,2.396,2.396,2.454,0.069,2.494,1.524,1.524,1.477,1.477,1.136,1.136,1.136,1.154,1.154,1.185,1.185,1.194,1.194,1.21,0.52,0.551,0.565,3.525,3.588,3.743,3.618,3.65,3.65,3.16,3.189,3.665,3.303,2.894,2.879,2.865,2.865,2.852,2.839,2.835,2.835,2.805,2.828,6.318,2.797,2.746,2.633,2.633,2.633,2.895,2.198,3.054,3.054,2.729,2.24,2.104,2.107,2.107,2.048,2.033,2.033,2.283,2.213,2.073,2.189,2.157,2.171,2.171,2.073,2.073,2.073,2.363,2.363,2.456,2.449,2.464,2.498,2.501,2.501,2.501,2.501,2.529,2.586,2.607,2.615,2.622,2.633,2.65,2.668,2.696,2.696,1.751,2.725,1.689,1.765,1.808,2.404,1.809,1.855,1.585,1.591,1.591,1.631,1.631,1.631,1.631,1.689,1.829,1.829,1.872,1.872,1.872,1.872,1.872,1.918,1.935,1.96,1.96,1.96,1.999,1.977,1.977,2.027,2.062,2.075,2.352,2.062,2.062,2.062,2.092,2.122,2.122,6.445,6.445,6.445,6.445,6.445,5.863,6.383,5.364,2.488,5.657,5.657,5.269,5.269,5.269,5.269,5.269,5.269,5.269,3.662,3.614,3.7,3.69,3.881,3.677,3.053,3.135,10.203
Point_44,10.236,1.012,1.576,1.576,1.576,1.022,1.063,1.063,1.063,1.063,1.063,1.062,1.062,1.082,1.082,1.078,1.098,1.098,1.098,0.767,0.767,0.767,0.786,0.783,0.241,0.241,0.767,0.27,0.27,0.27,0.106,0.106,0.106,0.27,0.246,0.07,0.0,1.726,0.0,0.0,0.0,1.642,1.642,0.0,0.0,0.0,0.778,1.573,0.819,1.349,1.349,1.302,1.302,1.297,1.297,1.297,1.316,1.316,1.347,1.347,1.356,1.356,1.372,1.449,1.48,1.494,2.453,2.516,2.671,2.546,3.478,3.478,2.551,2.526,2.593,3.242,2.563,2.578,2.804,2.804,2.791,2.778,2.774,2.774,2.744,2.766,5.246,2.736,2.685,1.16,1.16,1.16,1.421,1.763,1.581,1.581,1.255,1.806,3.033,1.673,1.673,1.613,1.599,1.599,1.016,0.946,0.807,0.923,0.89,0.904,0.904,0.807,0.807,0.807,0.867,0.867,0.899,0.892,0.908,0.941,0.944,0.944,0.944,0.944,0.972,1.029,1.05,1.059,1.065,1.077,1.093,1.112,1.139,1.139,1.256,1.168,1.217,1.25,1.293,1.909,1.293,1.339,1.524,1.416,1.416,1.274,1.274,1.274,1.274,1.217,1.334,1.334,1.377,1.377,1.377,1.377,1.377,1.423,1.44,1.465,1.465,1.465,1.504,1.481,1.481,1.532,1.566,1.58,1.007,1.566,1.566,1.566,1.597,1.627,1.627,5.373,5.373,5.373,5.373,5.373,4.791,5.311,4.292,1.374,4.584,4.584,4.197,4.197,4.197,4.197,4.197,4.197,4.197,2.978,3.439,3.638,3.628,3.591,3.615,2.991,3.074,11.132
Point_45,10.236,1.012,1.576,1.576,1.576,1.022,1.063,1.063,1.063,1.063,1.063,1.062,1.062,1.082,1.082,1.078,1.098,1.098,1.098,0.767,0.767,0.767,0.786,0.783,0.241,0.241,0.767,0.27,0.27,0.27,0.106,0.106,0.106,0.27,0.246,0.07,0.0,1.726,0.0,0.0,0.0,1.642,1.642,0.0,0.0,0.0,0.778,1.573,0.819,1.349,1.349,1.302,1.302,1.297,1.297,1.297,1.316,1.316,1.347,1.347,1.356,1.356,1.372,1.449,1.48,1.494,2.453,2.516,2.671,2.546,3.478,3.478,2.551,2.526,2.593,3.242,2.563,2.578,2.804,2.804,2.791,2.778,2.774,2.774,2.744,2.766,5.246,2.736,2.685,1.16,1.16,1.16,1.421,1.763,1.581,1.581,1.255,1.806,3.033,1.673,1.673,1.613,1.599,1.599,1.016,0.946,0.807,0.923,0.89,0.904,0.904,0.807,0.807,0.807,0.867,0.867,0.899,0.892,0.908,0.941,0.944,0.944,0.944,0.944,0.972,1.029,1.05,1.059,1.065,1.077,1.093,1.112,1.139,1.139,1.256,1.168,1.217,1.25,1.293,1.909,1.293,1.339,1.524,1.416,1.416,1.274,1.274,1.274,1.274,1.217,1.334,1.334,1.377,1.377,1.377,1.377,1.377,1.423,1.44,1.465,1.465,1.465,1.504,1.481,1.481,1.532,1.566,1.58,1.007,1.566,1.566,1.566,1.597,1.627,1.627,5.373,5.373,5.373,5.373,5.373,4.791,5.311,4.292,1.374,4.584,4.584,4.197,4.197,4.197,4.197,4.197,4.197,4.197,2.978,3.439,3.638,3.628,3.591,3.615,2.991,3.074,11.132
Point_46,10.236,1.012,1.576,1.576,1.576,1.022,1.063,1.063,1.063,1.063,1.063,1.062,1.062,1.082,1.082,1.078,1.098,1.098,1.098,0.767,0.767,0.767,0.786,0.783,0.241,0.241,0.767,0.27,0.27,0.27,0.106,0.106,0.106,0.27,0.246,0.07,0.0,1.726,0.0,0.0,0.0,1.642,1.642,0.0,0.0,0.0,0.778,1.573,0.819,1.349,1.349,1.302,1.302,1.297,1.297,1.297,1.316,1.316,1.347,1.347,1.356,1.356,1.372,1.449,1.48,1.494,2.453,2.516,2.671,2.546,3.478,3.478,2.551,2.526,2.593,3.242,2.563,2.578,2.804,2.804,2.791,2.778,2.774,2.774,2.744,2.766,5.246,2.736,2.685,1.16,1.16,1.16,1.421,1.763,1.581,1.581,1.255,1.806,3.033,1.673,1.673,1.613,1.599,1.599,1.016,0.946,0.807,0.923,0.89,0.904,0.904,0.807,0.807,0.807,0.867,0.867,0.899,0.892,0.908,0.941,0.944,0.944,0.944,0.944,0.972,1.029,1.05,1.059,1.065,1.077,1.093,1.112,1.139,1.139,1.256,1.168,1.217,1.25,1.293,1.909,1.293,1.339,1.524,1.416,1.416,1.274,1.274,1.274,1.274,1.217,1.334,1.334,1.377,1.377,1.377,1.377,1.377,1.423,1.44,1.465,1.465,1.465,1.504,1.481,1.481,1.532,1.566,1.58,1.007,1.566,1.566,1.566,1.597,1.627,1.627,5.373,5.373,5.373,5.373,5.373,4.791,5.311,4.292,1.374,4.584,4.584,4.197,4.197,4.197,4.197,4.197,4.197,4.197,2.978,3.439,3.638,3.628,3.591,3.615,2.991,3.074,11.132
Point_47,10.37,3.053,3.122,3.122,3.122,3.063,3.105,3.105,3.105,3.105,3.105,3.104,3.104,3.124,3.124,3.12,3.14,3.14,3.14,2.45,2.45,2.45,2.469,2.467,2.392,2.392,2.45,2.421,2.421,2.421,2.537,2.537,2.537,2.421,2.397,2.501,2.468,0.562,2.468,2.468,2.468,0.477,0.477,2.468,2.468,2.468,0.0,0.409,0.04,0.175,0.174,0.445,0.445,0.44,0.44,0.44,0.459,0.459,0.49,0.49,0.499,0.499,0.515,0.592,0.623,0.637,3.598,3.66,3.816,3.69,3.722,3.722,3.232,3.261,3.737,3.375,2.966,2.951,2.937,2.937,2.925,2.911,2.907,2.907,2.877,2.9,6.39,2.869,2.818,2.705,2.705,2.705,2.967,2.34,3.126,3.126,2.801,2.383,2.176,2.25,2.25,2.19,2.176,2.176,2.355,2.285,2.146,2.261,2.229,2.243,2.243,2.146,2.146,2.146,2.435,2.435,2.528,2.521,2.537,2.57,2.573,2.573,2.573,2.573,2.601,2.658,2.679,2.688,2.694,2.705,2.722,2.741,2.768,2.768,1.824,2.797,1.761,1.837,1.88,2.477,1.881,1.927,1.657,0.299,0.299,1.703,1.703,1.703,1.703,1.761,1.902,1.902,1.944,1.944,1.944,1.944,1.944,1.99,2.007,2.032,2.032,2.032,2.072,2.049,2.049,2.099,2.134,2.147,2.424,2.134,2.134,2.134,2.164,2.194,2.194,6.517,6.517,6.517,6.517,6.517,5.935,6.455,5.437,2.56,5.729,5.729,5.341,5.341,5.341,5.341,5.341,5.341,5.341,3.734,3.686,3.772,3.762,3.953,3.749,3.125,3.207,10.275
Point_48,10.229,2.366,2.434,2.434,2.434,2.376,2.417,2.417,2.417,2.417,2.417,2.416,2.416,2.437,2.437,2.433,2.452,2.452,2.452,2.309,2.309,2.309,2.329,2.326,2.251,2.251,2.309,2.28,2.28,2.28,2.396,2.396,2.396,2.28,2.256,2.361,2.328,0.153,2.328,2.328,2.328,0.069,0.069,2.328,2.328,2.328,2.385,0.0,2.426,1.456,1.456,1.409,1.409,1.067,1.067,1.067,1.086,1.086,1.117,1.117,1.125,1.125,1.142,0.452,0.482,0.497,3.457,3.519,3.675,3.549,3.582,3.582,3.091,3.121,3.596,3.235,2.826,2.811,2.797,2.797,2.784,2.771,2.766,2.766,2.736,2.759,6.249,2.728,2.678,2.565,2.565,2.565,2.826,2.129,2.985,2.985,2.66,2.172,2.036,2.038,2.038,1.979,1.964,1.964,2.214,2.144,2.005,2.121,2.088,2.102,2.102,2.005,2.005,2.005,2.294,2.294,2.387,2.38,2.396,2.429,2.432,2.432,2.432,2.432,2.461,2.517,2.538,2.547,2.553,2.565,2.581,2.6,2.627,2.627,1.683,2.656,1.62,1.697,1.74,2.336,1.74,1.786,1.516,1.523,1.523,1.563,1.563,1.563,1.563,1.62,1.761,1.761,1.803,1.803,1.803,1.803,1.803,1.849,1.866,1.892,1.892,1.892,1.931,1.908,1.908,1.958,1.993,2.007,2.284,1.993,1.993,1.993,2.024,2.053,2.053,6.376,6.376,6.376,6.376,6.376,5.795,6.314,5.296,2.42,5.588,5.588,5.201,5.201,5.201,5.201,5.201,5.201,5.201,3.593,3.545,3.631,3.621,3.812,3.608,2.984,3.066,10.135
Point_49,10.329,3.013,3.081,3.081,3.081,3.023,3.065,3.065,3.065,3.065,3.065,3.063,3.063,3.084,3.084,3.08,3.099,3.099,3.099,2.41,2.41,2.41,2.429,2.426,2.352,2.352,2.41,2.38,2.38,2.38,2.497,2.497,2.497,2.38,2.356,2.461,2.428,0.521,2.428,2.428,2.428,0.437,0.437,2.428,2.428,2.428,2.485,0.368,0.0,0.134,0.133,0.405,0.405,0.4,0.4,0.4,0.419,0.419,0.45,0.45,0.458,0.458,0.474,0.552,0.582,0.597,3.557,3.62,3.775,3.65,3.682,3.682,3.191,3.221,3.696,3.335,2.926,2.911,2.897,2.897,2.884,2.871,2.866,2.866,2.837,2.859,6.35,2.829,2.778,2.665,2.665,2.665,2.926,2.3,3.086,3.086,2.76,2.342,2.136,2.209,2.209,2.15,2.135,2.135,2.314,2.245,2.105,2.221,2.188,2.203,2.203,2.105,2.105,2.105,2.394,2.394,2.487,2.48,2.496,2.53,2.532,2.532,2.532,2.532,2.561,2.618,2.638,2.647,2.653,2.665,2.681,2.7,2.727,2.727,1.783,2.757,1.72,1.797,1.84,2.436,1.841,1.886,1.617,0.258,0.258,1.663,1.663,1.663,1.663,1.72,1.861,1.861,1.904,1.904,1.904,1.904,1.904,1.95,1.967,1.992,1.992,1.992,2.031,2.008,2.008,2.059,2.093,2.107,2.384,2.093,2.093,2.093,2.124,2.154,2.154,6.477,6.477,6.477,6.477,6.477,5.895,6.415,5.396,2.52,5.688,5.688,5.301,5.301,5.301,5.301,5.301,5.301,5.301,3.693,3.645,3.731,3.721,3.913,3.708,3.084,3.167,10.235
Point_50,10.185,2.869,2.937,2.937,2.937,2.879,2.92,2.92,2.92,2.92,2.92,2.919,2.919,2.939,2.939,2.935,2.955,2.955,2.955,2.265,2.265,2.265,2.284,2.282,2.207,2.207,2.265,2.236,2.236,2.236,2.352,2.352,2.352,2.236,2.212,2.316,2.284,0.377,2.284,2.284,2.284,0.292,0.292,2.284,2.284,2.284,2.341,0.224,2.382,0.0,0.0,0.26,0.26,0.255,0.255,0.255,0.274,0.274,0.305,0.305,0.314,0.314,0.33,0.408,0.438,0.452,3.413,3.475,3.631,3.505,3.537,3.537,3.047,3.077,3.552,3.19,2.781,2.766,2.752,2.752,2.74,2.726,2.722,2.722,2.692,2.715,6.205,2.684,2.633,2.52,2.52,2.52,2.782,2.156,2.941,2.941,2.616,2.198,1.991,2.065,2.065,2.006,1.991,1.991,2.17,2.1,1.961,2.076,2.044,2.058,2.058,1.961,1.961,1.961,2.25,2.25,2.343,2.336,2.352,2.385,2.388,2.388,2.388,2.388,2.416,2.473,2.494,2.503,2.509,2.521,2.537,2.556,2.583,2.583,1.639,2.612,1.576,1.652,1.695,2.292,1.696,1.742,1.472,0.114,0.114,1.519,1.519,1.519,1.519,1.576,1.717,1.717,1.759,1.759,1.759,1.759,1.759,1.805,1.822,1.847,1.847,1.847,1.887,1.864,1.864,1.914,1.949,1.962,2.24,1.949,1.949,1.949,1.979,2.009,2.009,6.332,6.332,6.332,6.332,6.332,5.75,6.27,5.252,2.375,5.544,5.544,5.156,5.156,5.156,5.156,5.156,5.156,5.156,3.549,3.501,3.587,3.577,3.768,3.564,2.94,3.022,10.09
Point_51,10.181,2.865,2.933,2.933,2.933,2.875,2.916,2.916,2.916,2.916,2.916,2.915,2.915,2.935,2.935,2.931,2.951,2.951,2.951,2.261,2.261,2.261,2.281,2.278,2.203,2.203,2.261,2.232,2.232,2.232,2.348,2.348,2.348,2.232,2.208,2.313,2.28,0.373,2.28,2.28,2.28,0.289,0.289,2.28,2.28,2.28,2.337,0.22,2.378,0.0,0.0,0.257,0.257,0.252,0.252,0.252,0.27,0.27,0.301,0.301,0.31,0.31,0.326,0.404,0.434,0.449,3.409,3.471,3.627,3.502,3.534,3.534,3.043,3.073,3.548,3.187,2.778,2.763,2.749,2.749,2.736,2.723,2.718,2.718,2.688,2.711,6.201,2.68,2.63,2.517,2.517,2.517,2.778,2.152,2.937,2.937,2.612,2.194,1.988,2.061,2.061,2.002,1.987,1.987,2.166,2.096,1.957,2.073,2.04,2.054,2.054,1.957,1.957,1.957,2.246,2.246,2.339,2.332,2.348,2.381,2.384,2.384,2.384,2.384,2.413,2.47,2.49,2.499,2.505,2.517,2.533,2.552,2.579,2.579,1.635,2.608,1.572,1.649,1.692,2.288,1.692,1.738,1.468,0.11,0.11,1.515,1.515,1.515,1.515,1.572,1.713,1.713,1.755,1.755,1.755,1.755,1.755,1.802,1.818,1.844,1.844,1.844,1.883,1.86,1.86,1.91,1.945,1.959,2.236,1.945,1.945,1.945,1.976,2.005,2.005,6.328,6.328,6.328,6.328,6.328,5.747,6.267,5.248,2.372,5.54,5.54,5.153,5.153,5.153,5.153,5.153,5.153,5.153,3.545,3.497,3.583,3.573,3.764,3.56,2.936,3.018,10.087
Point_52,10.019,2.702,2.771,2.771,2.771,2.712,2.754,2.754,2.754,2.754,2.754,2.753,2.753,2.773,2.773,2.769,2.789,2.789,2.789,2.099,2.099,2.099,2.118,2.116,2.041,2.041,2.099,2.07,2.07,2.07,2.186,2.186,2.186,2.07,2.046,2.15,2.117,1.623,2.117,2.117,2.117,1.538,1.538,2.117,2.117,2.117,2.175,1.469,2.215,1.246,1.246,0.0,0.0,0.089,0.089,0.089,0.108,0.108,0.139,0.139,0.148,0.148,0.164,0.241,0.272,0.286,3.247,3.309,3.465,3.339,3.371,3.371,2.881,2.91,3.386,3.024,2.615,2.6,2.586,2.586,2.574,2.56,2.556,2.556,2.526,2.549,6.039,2.518,2.467,2.354,2.354,2.354,2.616,2.958,2.775,2.775,2.45,3.0,1.825,2.867,2.867,2.808,2.793,2.793,2.004,1.934,1.795,1.91,1.878,1.892,1.892,1.795,1.795,1.795,2.084,2.084,2.177,2.17,2.186,2.219,2.222,2.222,2.222,2.222,2.25,2.307,2.328,2.337,2.343,2.354,2.371,2.39,2.417,2.417,1.473,2.446,1.41,1.486,1.529,2.126,1.53,1.576,1.306,1.312,1.312,1.352,1.352,1.352,1.352,1.41,1.55,1.55,1.593,1.593,1.593,1.593,1.593,1.639,1.656,1.681,1.681,1.681,1.721,1.698,1.698,1.748,1.783,1.796,2.073,1.783,1.783,1.783,1.813,1.843,1.843,6.166,6.166,6.166,6.166,6.166,5.584,6.104,5.086,2.209,5.378,5.378,4.99,4.99,4.99,4.99,4.99,4.99,4.99,3.383,3.335,3.421,3.411,3.602,3.398,2.774,2.856,9.924
Point_53,10.019,2.702,2.771,2.771,2.771,2.712,2.754,2.754,2.754,2.754,2.754,2.753,2.753,2.773,2.773,2.769,2.789,2.789,2.789,2.099,2.099,2.099,2.118,2.116,2.041,2.041,2.099,2.07,2.07,2.07,2.186,2.186,2.186,2.07,2.046,2.15,2.117,1.623,2.117,2.117,2.117,1.538,1.538,2.117,2.117,2.117,2.175,1.469,2.215,1.246,1.246,0.0,0.0,0.089,0.089,0.089,0.108,0.108,0.139,0.139,0.148,0.148,0.164,0.241,0.272,0.286,3.247,3.309,3.465,3.339,3.371,3.371,2.881,2.91,3.386,3.024,2.615,2.6,2.586,2.586,2.574,2.56,2.556,2.556,2.526,2.549,6.039,2.518,2.467,2.354,2.354,2.354,2.616,2.958,2.775,2.775,2.45,3.0,1.825,2.867,2.867,2.808,2.793,2.793,2.004,1.934,1.795,1.91,1.878,1.892,1.892,1.795,1.795,1.795,2.084,2.084,2.177,2.17,2.186,2.219,2.222,2.222,2.222,2.222,2.25,2.307,2.328,2.337,2.343,2.354,2.371,2.39,2.417,2.417,1.473,2.446,1.41,1.486,1.529,2.126,1.53,1.576,1.306,1.312,1.312,1.352,1.352,1.352,1.352,1.41,1.55,1.55,1.593,1.593,1.593,1.593,1.593,1.639,1.656,1.681,1.681,1.681,1.721,1.698,1.698,1.748,1.783,1.796,2.073,1.783,1.783,1.783,1.813,1.843,1.843,6.166,6.166,6.166,6.166,6.166,5.584,6.104,5.086,2.209,5.378,5.378,4.99,4.99,4.99,4.99,4.99,4.99,4.99,3.383,3.335,3.421,3.411,3.602,3.398,2.774,2.856,9.924
Point_54,9.929,2.613,2.681,2.681,2.681,2.623,2.665,2.665,2.665,2.665,2.665,2.663,2.663,2.684,2.684,2.68,2.7,2.7,2.7,2.01,2.01,2.01,2.029,2.026,1.952,1.952,2.01,1.98,1.98,1.98,2.097,2.097,2.097,1.98,1.957,2.061,2.028,1.533,2.028,2.028,2.028,1.449,1.449,2.028,2.028,2.028,2.086,1.38,2.126,1.156,1.156,1.109,1.109,0.0,0.0,0.0,0.019,0.019,0.05,0.05,0.058,0.058,0.075,0.152,0.183,0.197,3.157,3.22,3.375,3.25,3.282,3.282,2.791,2.821,3.296,2.935,2.526,2.511,2.497,2.497,2.484,2.471,2.467,2.467,2.437,2.459,5.95,2.429,2.378,2.265,2.265,2.265,2.526,2.869,2.686,2.686,2.36,2.911,1.736,2.778,2.778,2.719,2.704,2.704,1.915,1.845,1.705,1.821,1.788,1.803,1.803,1.705,1.705,1.705,1.994,1.994,2.087,2.081,2.096,2.13,2.133,2.133,2.133,2.133,2.161,2.218,2.238,2.247,2.253,2.265,2.282,2.3,2.327,2.327,1.383,2.357,1.32,1.397,1.44,2.036,1.441,1.486,1.217,1.223,1.223,1.263,1.263,1.263,1.263,1.32,1.461,1.461,1.504,1.504,1.504,1.504,1.504,1.55,1.567,1.592,1.592,1.592,1.631,1.608,1.608,1.659,1.693,1.707,1.984,1.693,1.693,1.693,1.724,1.754,1.754,6.077,6.077,6.077,6.077,6.077,5.495,6.015,4.996,2.12,5.288,5.288,4.901,4.901,4.901,4.901,4.901,4.901,4.901,3.294,3.246,3.331,3.322,3.513,3.308,2.684,2.767,9.835
Point_55,9.929,2.613,2.681,2.681,2.681,2.623,2.665,2.665,2.665,2.665,2.665,2.663,2.663,2.684,2.684,2.68,2.7,2.7,2.7,2.01,2.01,2.01,2.029,2.026,1.952,1.952,2.01,1.98,1.98,1.98,2.097,2.097,2.097,1.98,1.957,2.061,2.028,1.533,2.028,2.028,2.028,1.449,1.449,2.028,2.028,2.028,2.086,1.38,2.126,1.156,1.156,1.109,1.109,0.0,0.0,0.0,0.019,0.019,0.05,0.05,0.058,0.058,0.075,0.152,0.183,0.197,3.157,3.22,3.375,3.25,3.282,3.282,2.791,2.821,3.296,2.935,2.526,2.511,2.497,2.497,2.484,2.471,2.467,2.467,2.437,2.459,5.95,2.429,2.378,2.265,2.265,2.265,2.526,2.869,2.686,2.686,2.36,2.911,1.736,2.778,2.778,2.719,2.704,2.704,1.915,1.845,1.705,1.821,1.788,1.803,1.803,1.705,1.705,1.705,1.994,1.994,2.087,2.081,2.096,2.13,2.133,2.133,2.133,2.133,2.161,2.218,2.238,2.247,2.253,2.265,2.282,2.3,2.327,2.327,1.383,2.357,1.32,1.397,1.44,2.036,1.441,1.486,1.217,1.223,1.223,1.263,1.263,1.263,1.263,1.32,1.461,1.461,1.504,1.504,1.504,1.504,1.504,1.55,1.567,1.592,1.592,1.592,1.631,1.608,1.608,1.659,1.693,1.707,1.984,1.693,1.693,1.693,1.724,1.754,1.754,6.077,6.077,6.077,6.077,6.077,5.495,6.015,4.996,2.12,5.288,5.288,4.901,4.901,4.901,4.901,4.901,4.901,4.901,3.294,3.246,3.331,3.322,3.513,3.308,2.684,2.767,9.835
Point_56,9.929,2.613,2.681,2.681,2.681,2.623,2.665,2.665,2.665,2.665,2.665,2.663,2.663,2.684,2.684,2.68,2.7,2.7,2.7,2.01,2.01,2.01,2.029,2.026,1.952,1.952,2.01,1.98,1.98,1.98,2.097,2.097,2.097,1.98,1.957,2.061,2.028,1.533,2.028,2.028,2.028,1.449,1.449,2.028,2.028,2.028,2.086,1.38,2.126,1.156,1.156,1.109,1.109,0.0,0.0,0.0,0.019,0.019,0.05,0.05,0.058,0.058,0.075,0.152,0.183,0.197,3.157,3.22,3.375,3.25,3.282,3.282,2.791,2.821,3.296,2.935,2.526,2.511,2.497,2.497,2.484,2.471,2.467,2.467,2.437,2.459,5.95,2.429,2.378,2.265,2.265,2.265,2.526,2.869,2.686,2.686,2.36,2.911,1.736,2.778,2.778,2.719,2.704,2.704,1.915,1.845,1.705,1.821,1.788,1.803,1.803,1.705,1.705,1.705,1.994,1.994,2.087,2.081,2.096,2.13,2.133,2.133,2.133,2.133,2.161,2.218,2.238,2.247,2.253,2.265,2.282,2.3,2.327,2.327,1.383,2.357,1.32,1.397,1.44,2.036,1.441,1.486,1.217,1.223,1.223,1.263,1.263,1.263,1.263,1.32,1.461,1.461,1.504,1.504,1.504,1.504,1.504,1.55,1.567,1.592,1.592,1.592,1.631,1.608,1.608,1.659,1.693,1.707,1.984,1.693,1.693,1.693,1.724,1.754,1.754,6.077,6.077,6.077,6.077,6.077,5.495,6.015,4.996,2.12,5.288,5.288,4.901,4.901,4.901,4.901,4.901,4.901,4.901,3.294,3.246,3.331,3.322,3.513,3.308,2.684,2.767,9.835
Point_57,9.91,2.594,2.663,2.663,2.663,2.604,2.646,2.646,2.646,2.646,2.646,2.645,2.645,2.665,2.665,2.661,2.681,2.681,2.681,1.991,1.991,1.991,2.01,2.008,1.933,1.933,1.991,1.962,1.962,1.962,2.078,2.078,2.078,1.962,1.938,2.042,2.009,1.514,2.009,2.009,2.009,1.43,1.43,2.009,2.009,2.009,2.067,1.361,2.107,1.138,1.138,1.09,1.09,0.749,0.749,0.749,0.0,0.0,0.031,0.031,0.04,0.04,0.056,0.133,0.164,0.178,3.138,3.201,3.357,3.231,3.263,3.263,2.773,2.802,3.278,2.916,2.507,2.492,2.478,2.478,2.465,2.452,2.448,2.448,2.418,2.441,5.931,2.41,2.359,2.246,2.246,2.246,2.508,2.85,2.667,2.667,2.342,2.892,1.717,2.759,2.759,2.7,2.685,2.685,1.896,1.826,1.687,1.802,1.77,1.784,1.784,1.687,1.687,1.687,1.976,1.976,2.069,2.062,2.077,2.111,2.114,2.114,2.114,2.114,2.142,2.199,2.22,2.228,2.235,2.246,2.263,2.282,2.309,2.309,1.365,2.338,1.302,1.378,1.421,2.018,1.422,1.468,1.198,1.204,1.204,1.244,1.244,1.244,1.244,1.302,1.442,1.442,1.485,1.485,1.485,1.485,1.485,1.531,1.548,1.573,1.573,1.573,1.612,1.59,1.59,1.64,1.675,1.688,1.965,1.675,1.675,1.675,1.705,1.735,1.735,6.058,6.058,6.058,6.058,6.058,5.476,5.996,4.977,2.101,5.27,5.27,4.882,4.882,4.882,4.882,4.882,4.882,4.882,3.275,3.227,3.313,3.303,3.494,3.29,2.666,2.748,9.816
Point_58,9.91,2.594,2.663,2.663,2.663,2.604,2.646,2.646,2.646,2.646,2.646,2.645,2.645,2.665,2.665,2.661,2.681,2.681,2.681,1.991,1.991,1.991,2.01,2.008,1.933,1.933,1.991,1.962,1.962,1.962,2.078,2.078,2.078,1.962,1.938,2.042,2.009,1.514,2.009,2.009,2.009,1.43,1.43,2.009,2.009,2.009,2.067,1.361,2.107,1.138,1.138,1.09,1.09,0.749,0.749,0.749,0.0,0.0,0.031,0.031,0.04,0.04,0.056,0.133,0.164,0.178,3.138,3.201,3.357,3.231,3.263,3.263,2.773,2.802,3.278,2.916,2.507,2.492,2.478,2.478,2.465,2.452,2.448,2.448,2.418,2.441,5.931,2.41,2.359,2.246,2.246,2.246,2.508,2.85,2.667,2.667,2.342,2.892,1.717,2.759,2.759,2.7,2.685,2.685,1.896,1.826,1.687,1.802,1.77,1.784,1.784,1.687,1.687,1.687,1.976,1.976,2.069,2.062,2.077,2.111,2.114,2.114,2.114,2.114,2.142,2.199,2.22,2.228,2.235,2.246,2.263,2.282,2.309,2.309,1.365,2.338,1.302,1.378,1.421,2.018,1.422,1.468,1.198,1.204,1.204,1.244,1.244,1.244,1.244,1.302,1.442,1.442,1.485,1.485,1.485,1.485,1.485,1.531,1.548,1.573,1.573,1.573,1.612,1.59,1.59,1.64,1.675,1.688,1.965,1.675,1.675,1.675,1.705,1.735,1.735,6.058,6.058,6.058,6.058,6.058,5.476,5.996,4.977,2.101,5.27,5.27,4.882,4.882,4.882,4.882,4.882,4.882,4.882,3.275,3.227,3.313,3.303,3.494,3.29,2.666,2.748,9.816
Point_59,9.871,2.555,2.623,2.623,2.623,2.565,2.606,2.606,2.606,2.606,2.606,2.605,2.605,2.625,2.625,2.622,2.641,2.641,2.641,1.952,1.952,1.952,1.971,1.968,1.893,1.893,1.952,1.922,1.922,1.922,2.038,2.038,2.038,1.922,1.898,2.003,1.97,1.475,1.97,1.97,1.97,1.39,1.39,1.97,1.97,1.97,2.027,1.322,2.068,1.098,1.098,1.051,1.051,0.709,0.709,0.709,0.728,0.728,0.0,0.0,0.007,0.007,0.025,0.094,0.124,0.139,3.099,3.161,3.317,3.192,3.224,3.224,2.733,2.763,3.238,2.877,2.468,2.453,2.439,2.439,2.426,2.413,2.408,2.408,2.378,2.401,5.891,2.37,2.32,2.207,2.207,2.207,2.468,2.81,2.627,2.627,2.302,2.853,1.678,2.72,2.72,2.66,2.646,2.646,1.856,1.786,1.647,1.763,1.73,1.744,1.744,1.647,1.647,1.647,1.936,1.936,2.029,2.022,2.038,2.071,2.074,2.074,2.074,2.074,2.103,2.16,2.18,2.189,2.195,2.207,2.223,2.242,2.269,2.269,1.325,2.298,1.262,1.339,1.382,1.978,1.382,1.428,1.158,1.165,1.165,1.205,1.205,1.205,1.205,1.262,1.403,1.403,1.445,1.445,1.445,1.445,1.445,1.492,1.509,1.534,1.534,1.534,1.573,1.55,1.55,1.6,1.635,1.649,1.926,1.635,1.635,1.635,1.666,1.695,1.695,6.019,6.019,6.019,6.019,6.019,5.437,5.957,4.938,2.062,5.23,5.23,4.843,4.843,4.843,4.843,4.843,4.843,4.843,3.235,3.187,3.273,3.263,3.454,3.25,2.626,2.708,9.777
Point_60,9.871,2.555,2.623,2.623,2.623,2.565,2.606,2.606,2.606,2.606,2.606,2.605,2.605,2.625,2.625,2.622,2.641,2.641,2.641,1.952,1.952,1.952,1.971,1.968,1.893,1.893,1.952,1.922,1.922,1.922,2.038,2.038,2.038,1.922,1.898,2.003,1.97,1.475,1.97,1.97,1.97,1.39,1.39,1.97,1.97,1.97,2.027,1.322,2.068,1.098,1.098,1.051,1.051,0.709,0.709,0.709,0.728,0.728,0.0,0.0,0.007,0.007,0.025,0.094,0.124,0.139,3.099,3.161,3.317,3.192,3.224,3.224,2.733,2.763,3.238,2.877,2.468,2.453,2.439,2.439,2.426,2.413,2.408,2.408,2.378,2.401,5.891,2.37,2.32,2.207,2.207,2.207,2.468,2.81,2.627,2.627,2.302,2.853,1.678,2.72,2.72,2.66,2.646,2.646,1.856,1.786,1.647,1.763,1.73,1.744,1.744,1.647,1.647,1.647,1.936,1.936,2.029,2.022,2.038,2.071,2.074,2.074,2.074,2.074,2.103,2.16,2.18,2.189,2.195,2.207,2.223,2.242,2.269,2.269,1.325,2.298,1.262,1.339,1.382,1.978,1.382,1.428,1.158,1.165,1.165,1.205,1.205,1.205,1.205,1.262,1.403,1.403,1.445,1.445,1.445,1.445,1.445,1.492,1.509,1.534,1.534,1.534,1.573,1.55,1.55,1.6,1.635,1.649,1.926,1.635,1.635,1.635,1.666,1.695,1.695,6.019,6.019,6.019,6.019,6.019,5.437,5.957,4.938,2.062,5.23,5.23,4.843,4.843,4.843,4.843,4.843,4.843,4.843,3.235,3.187,3.273,3.263,3.454,3.25,2.626,2.708,9.777
Point_61,9.864,2.548,2.616,2.616,2.616,2.558,2.599,2.599,2.599,2.599,2.599,2.598,2.598,2.618,2.618,2.615,2.634,2.634,2.634,1.945,1.945,1.945,1.964,1.961,1.886,1.886,1.945,1.915,1.915,1.915,2.031,2.031,2.031,1.915,1.891,1.996,1.963,1.468,1.963,1.963,1.963,1.383,1.383,1.963,1.963,1.963,2.02,1.315,2.061,1.091,1.091,1.044,1.044,0.702,0.702,0.702,0.721,0.721,0.0,0.0,0.0,0.0,0.016,0.087,0.117,0.132,3.092,3.154,3.31,3.185,3.217,3.217,2.726,2.756,3.231,2.87,2.461,2.446,2.432,2.432,2.419,2.406,2.401,2.401,2.371,2.394,5.884,2.363,2.313,2.2,2.2,2.2,2.461,2.803,2.62,2.62,2.295,2.846,1.671,2.713,2.713,2.653,2.639,2.639,1.849,1.779,1.64,1.756,1.723,1.737,1.737,1.64,1.64,1.64,1.929,1.929,2.022,2.015,2.031,2.064,2.067,2.067,2.067,2.067,2.096,2.153,2.173,2.182,2.188,2.2,2.216,2.235,2.262,2.262,1.318,2.291,1.255,1.332,1.375,1.971,1.375,1.421,1.151,1.158,1.158,1.198,1.198,1.198,1.198,1.255,1.396,1.396,1.438,1.438,1.438,1.438,1.438,1.485,1.501,1.527,1.527,1.527,1.566,1.543,1.543,1.593,1.628,1.642,1.919,1.628,1.628,1.628,1.659,1.688,1.688,6.012,6.012,6.012,6.012,6.012,5.43,5.95,4.931,2.055,5.223,5.223,4.836,4.836,4.836,4.836,4.836,4.836,4.836,3.228,3.18,3.266,3.256,3.447,3.243,2.619,2.701,9.77
Point_62,9.864,2.548,2.616,2.616,2.616,2.558,2.599,2.599,2.599,2.599,2.599,2.598,2.598,2.618,2.618,2.615,2.634,2.634,2.634,1.945,1.945,1.945,1.964,1.961,1.886,1.886,1.945,1.915,1.915,1.915,2.031,2.031,2.031,1.915,1.891,1.996,1.963,1.468,1.963,1.963,1.963,1.383,1.383,1.963,1.963,1.963,2.02,1.315,2.061,1.091,1.091,1.044,1.044,0.702,0.702,0.702,0.721,0.721,0.0,0.0,0.0,0.0,0.016,0.087,0.117,0.132,3.092,3.154,3.31,3.185,3.217,3.217,2.726,2.756,3.231,2.87,2.461,2.446,2.432,2.432,2.419,2.406,2.401,2.401,2.371,2.394,5.884,2.363,2.313,2.2,2.2,2.2,2.461,2.803,2.62,2.62,2.295,2.846,1.671,2.713,2.713,2.653,2.639,2.639,1.849,1.779,1.64,1.756,1.723,1.737,1.737,1.64,1.64,1.64,1.929,1.929,2.022,2.015,2.031,2.064,2.067,2.067,2.067,2.067,2.096,2.153,2.173,2.182,2.188,2.2,2.216,2.235,2.262,2.262,1.318,2.291,1.255,1.332,1.375,1.971,1.375,1.421,1.151,1.158,1.158,1.198,1.198,1.198,1.198,1.255,1.396,1.396,1.438,1.438,1.438,1.438,1.438,1.485,1.501,1.527,1.527,1.527,1.566,1.543,1.543,1.593,1.628,1.642,1.919,1.628,1.628,1.628,1.659,1.688,1.688,6.012,6.012,6.012,6.012,6.012,5.43,5.95,4.931,2.055,5.223,5.223,4.836,4.836,4.836,4.836,4.836,4.836,4.836,3.228,3.18,3.266,3.256,3.447,3.243,2.619,2.701,9.77
Point_63,9.887,2.571,2.639,2.639,2.639,2.581,2.623,2.623,2.623,2.623,2.623,2.621,2.621,2.642,2.642,2.638,2.658,2.658,2.658,1.968,1.968,1.968,1.987,1.984,1.91,1.91,1.968,1.938,1.938,1.938,2.055,2.055,2.055,1.938,1.915,2.019,1.986,1.491,1.986,1.986,1.986,1.407,1.407,1.986,1.986,1.986,2.044,1.338,2.084,1.114,1.114,1.067,1.067,0.725,0.725,0.725,0.744,0.744,0.016,0.016,0.016,0.016,0.0,0.11,0.141,0.155,3.115,3.178,3.333,3.208,3.24,3.24,2.749,2.779,3.254,2.893,2.484,2.469,2.455,2.455,2.442,2.429,2.425,2.425,2.395,2.417,5.908,2.387,2.336,2.223,2.223,2.223,2.484,2.827,2.644,2.644,2.318,2.869,1.694,2.736,2.736,2.677,2.662,2.662,1.873,1.803,1.663,1.779,1.746,1.761,1.761,1.663,1.663,1.663,1.952,1.952,2.045,2.039,2.054,2.088,2.091,2.091,2.091,2.091,2.119,2.176,2.196,2.205,2.211,2.223,2.239,2.258,2.285,2.285,1.341,2.315,1.278,1.355,1.398,1.994,1.399,1.444,1.175,1.181,1.181,1.221,1.221,1.221,1.221,1.278,1.419,1.419,1.462,1.462,1.462,1.462,1.462,1.508,1.525,1.55,1.55,1.55,1.589,1.566,1.566,1.617,1.651,1.665,1.942,1.651,1.651,1.651,1.682,1.712,1.712,6.035,6.035,6.035,6.035,6.035,5.453,5.973,4.954,2.078,5.246,5.246,4.859,4.859,4.859,4.859,4.859,4.859,4.859,3.252,3.204,3.289,3.28,3.471,3.266,2.642,2.725,9.793
Point_64,9.769,2.453,2.522,2.522,2.522,2.463,2.505,2.505,2.505,2.505,2.505,2.504,2.504,2.524,2.524,2.52,2.54,2.54,2.54,1.85,1.85,1.85,1.869,1.867,1.792,1.792,1.85,1.821,1.821,1.821,1.937,1.937,1.937,1.821,1.797,1.901,1.868,1.373,1.868,1.868,1.868,1.289,1.289,1.868,1.868,1.868,1.926,1.22,1.966,0.997,0.997,0.949,0.949,0.608,0.608,0.608,0.626,0.626,0.657,0.657,0.666,0.666,0.682,0.0,0.023,0.037,2.997,3.06,3.216,3.09,3.122,3.122,2.632,2.661,3.137,2.775,2.366,2.351,2.337,2.337,2.324,2.311,2.307,2.307,2.277,2.3,5.79,2.269,2.218,2.105,2.105,2.105,2.367,2.709,2.526,2.526,2.201,2.751,1.576,2.618,2.618,2.559,2.544,2.544,1.755,1.685,1.546,1.661,1.629,1.643,1.643,1.546,1.546,1.546,1.835,1.835,1.928,1.921,1.936,1.97,1.973,1.973,1.973,1.973,2.001,2.058,2.079,2.087,2.094,2.105,2.122,2.141,2.168,2.168,1.224,2.197,1.161,1.237,1.28,1.877,1.281,1.327,1.057,1.063,1.063,1.103,1.103,1.103,1.103,1.161,1.301,1.301,1.344,1.344,1.344,1.344,1.344,1.39,1.407,1.432,1.432,1.432,1.472,1.449,1.449,1.499,1.534,1.547,1.824,1.534,1.534,1.534,1.564,1.594,1.594,5.917,5.917,5.917,5.917,5.917,5.335,5.855,4.837,1.96,5.129,5.129,4.741,4.741,4.741,4.741,4.741,4.741,4.741,3.134,3.086,3.172,3.162,3.353,3.149,2.525,2.607,9.675
Point_65,9.747,2.431,2.499,2.499,2.499,2.44,2.482,2.482,2.482,2.482,2.482,2.481,2.481,2.501,2.501,2.497,2.517,2.517,2.517,1.827,1.827,1.827,1.846,1.844,1.769,1.769,1.827,1.798,1.798,1.798,1.914,1.914,1.914,1.798,1.774,1.878,1.845,1.351,1.845,1.845,1.845,1.266,1.266,1.845,1.845,1.845,1.903,1.197,1.943,0.974,0.974,0.926,0.926,0.585,0.585,0.585,0.603,0.603,0.634,0.634,0.643,0.643,0.659,0.737,0.0,0.014,2.975,3.037,3.193,3.067,3.099,3.099,2.609,2.638,3.114,2.752,2.343,2.328,2.314,2.314,2.302,2.288,2.284,2.284,2.254,2.277,5.767,2.246,2.195,2.082,2.082,2.082,2.344,2.686,2.503,2.503,2.178,2.728,1.941,2.595,2.595,2.536,2.521,2.521,1.732,1.662,1.523,1.638,1.606,1.62,1.62,1.523,1.523,1.523,1.812,1.812,1.905,1.898,1.914,1.947,1.95,1.95,1.95,1.95,1.978,2.035,2.056,2.065,2.071,2.082,2.099,2.118,2.145,2.145,1.201,2.174,1.138,1.214,1.257,1.854,1.258,1.304,1.034,1.04,1.04,1.08,1.08,1.08,1.08,1.138,1.279,1.279,1.321,1.321,1.321,1.321,1.321,1.367,1.384,1.409,1.409,1.409,1.449,1.426,1.426,1.476,1.511,1.524,1.801,1.511,1.511,1.511,1.541,1.571,1.571,5.894,5.894,5.894,5.894,5.894,5.312,5.832,4.814,1.937,5.106,5.106,4.718,4.718,4.718,4.718,4.718,4.718,4.718,3.111,3.063,3.149,3.139,3.33,3.126,2.502,2.584,10.04
Point_66,9.732,2.416,2.484,2.484,2.484,2.426,2.468,2.468,2.468,2.468,2.468,2.466,2.466,2.487,2.487,2.483,2.503,2.503,2.503,1.813,1.813,1.813,1.832,1.829,1.755,1.755,1.813,1.783,1.783,1.783,1.9,1.9,1.9,1.783,1.76,1.864,1.831,1.336,1.831,1.831,1.831,1.252,1.252,1.831,1.831,1.831,1.889,1.183,1.929,0.959,0.959,0.912,0.912,0.57,0.57,0.57,0.589,0.589,0.62,0.62,0.629,0.629,0.645,0.722,0.753,0.0,2.96,3.023,3.178,3.053,3.085,3.085,2.594,2.624,3.099,2.738,2.329,2.314,2.3,2.3,2.287,2.274,2.27,2.27,2.24,2.262,5.753,2.232,2.181,2.068,2.068,2.068,2.329,2.672,2.489,2.489,2.163,2.714,1.927,2.581,2.581,2.522,2.507,2.507,1.718,1.648,1.508,1.624,1.591,1.606,1.606,1.508,1.508,1.508,1.797,1.797,1.89,1.884,1.899,1.933,1.936,1.936,1.936,1.936,1.964,2.021,2.041,2.05,2.056,2.068,2.084,2.103,2.13,2.13,1.186,2.16,1.123,1.2,1.243,1.839,1.244,1.289,1.02,1.026,1.026,1.066,1.066,1.066,1.066,1.123,1.264,1.264,1.307,1.307,1.307,1.307,1.307,1.353,1.37,1.395,1.395,1.395,1.434,1.411,1.411,1.462,1.496,1.51,1.787,1.496,1.496,1.496,1.527,1.557,1.557,5.88,5.88,5.88,5.88,5.88,5.298,5.818,4.799,1.923,5.091,5.091,4.704,4.704,4.704,4.704,4.704,4.704,4.704,3.096,3.049,3.134,3.125,3.316,3.111,2.487,2.57,10.026
Point_67,10.46,2.539,2.607,2.607,2.607,2.549,2.59,2.59,2.59,2.59,2.59,2.589,2.589,2.609,2.609,2.606,2.625,2.625,2.625,2.527,2.527,2.527,2.547,2.544,2.639,2.639,2.527,2.668,2.668,2.668,2.784,2.784,2.784,2.668,2.644,2.748,2.715,3.172,2.715,2.715,2.715,3.088,3.088,2.715,2.715,2.715,2.773,3.019,2.813,2.796,2.796,2.748,2.748,2.743,2.743,2.743,2.762,2.762,2.793,2.793,2.802,2.802,2.818,2.896,2.926,2.94,0.0,0.161,0.317,0.192,1.009,1.009,0.612,0.588,0.238,1.07,0.883,0.899,0.912,0.912,0.925,0.939,0.943,0.943,0.973,0.95,3.247,0.981,1.031,1.891,1.891,1.891,1.816,2.794,2.736,2.736,2.286,2.837,4.479,2.704,2.704,2.644,2.63,2.63,1.833,1.819,2.067,1.9,1.871,1.861,1.861,2.067,2.067,2.067,1.744,1.744,1.837,1.83,1.846,1.88,1.882,1.882,1.882,1.882,1.911,1.968,1.988,1.997,2.003,2.015,2.031,2.05,2.077,2.077,2.195,2.107,2.155,2.188,2.231,2.008,2.232,2.278,2.259,2.862,2.862,2.212,2.212,2.212,2.212,2.155,2.273,2.273,2.315,2.315,2.315,2.315,2.315,2.361,2.378,2.403,2.403,2.403,2.443,2.42,2.42,2.47,2.505,2.518,1.734,2.505,2.505,2.505,2.536,2.565,2.565,3.375,3.375,3.375,3.375,3.375,2.793,3.313,2.294,1.244,2.586,2.586,2.199,2.199,2.199,2.199,2.199,2.199,2.199,0.508,0.969,1.176,1.186,1.121,1.275,1.115,1.139,12.578
Point_68,10.165,2.41,2.478,2.478,2.478,2.42,2.462,2.462,2.462,2.462,2.462,2.46,2.46,2.481,2.481,2.477,2.497,2.497,2.497,2.399,2.399,2.399,2.418,2.415,2.51,2.51,2.399,2.539,2.539,2.539,2.655,2.655,2.655,2.539,2.515,2.619,2.587,3.044,2.587,2.587,2.587,2.959,2.959,2.587,2.587,2.587,2.644,2.891,2.685,2.667,2.667,2.62,2.62,2.615,2.615,2.615,2.633,2.633,2.665,2.665,2.673,2.673,2.689,2.767,2.797,2.812,0.326,0.0,0.155,0.027,0.847,0.847,0.448,0.424,0.074,0.908,0.719,0.734,0.748,0.748,0.761,0.774,0.779,0.779,0.808,0.786,2.953,0.816,0.867,1.762,1.762,1.762,1.687,2.666,2.607,2.607,2.157,2.708,4.351,2.575,2.575,2.516,2.501,2.501,1.704,1.69,1.938,1.771,1.743,1.732,1.732,1.938,1.938,1.938,1.616,1.616,1.709,1.702,1.717,1.751,1.754,1.754,1.754,1.754,1.782,1.839,1.86,1.868,1.875,1.886,1.903,1.921,1.949,1.949,2.066,1.978,2.026,2.059,2.103,1.843,2.103,2.149,2.13,2.734,2.734,2.084,2.084,2.084,2.084,2.026,2.144,2.144,2.186,2.186,2.186,2.186,2.186,2.233,2.25,2.275,2.275,2.275,2.314,2.291,2.291,2.342,2.376,2.39,1.605,2.376,2.376,2.376,2.407,2.437,2.437,3.08,3.08,3.08,3.08,3.08,2.498,3.018,1.999,1.115,2.292,2.292,1.904,1.904,1.904,1.904,1.904,1.904,1.904,0.347,0.808,1.014,1.024,0.96,1.114,0.951,0.834,12.45
Point_69,10.325,2.934,3.002,3.002,3.002,2.943,2.985,2.985,2.985,2.985,2.985,2.984,2.984,3.004,3.004,3.0,3.02,3.02,3.02,2.922,2.922,2.922,2.941,2.939,3.034,3.034,2.922,3.062,3.062,3.062,3.179,3.179,3.179,3.062,3.039,3.143,3.11,3.567,3.11,3.11,3.11,3.483,3.483,3.11,3.11,3.11,3.168,3.414,3.208,3.19,3.19,3.143,3.143,3.138,3.138,3.138,3.157,3.157,3.188,3.188,3.197,3.197,3.213,3.29,3.321,3.335,0.613,0.777,0.0,0.807,0.823,0.823,0.818,0.794,0.63,0.884,1.089,1.104,1.118,1.118,1.131,1.144,1.149,1.149,1.178,1.156,3.113,1.187,1.194,2.286,2.286,2.286,2.211,3.189,3.131,3.131,2.681,3.232,4.874,3.098,3.098,3.039,3.024,3.024,2.227,2.214,2.461,2.295,2.266,2.256,2.256,2.461,2.461,2.461,2.139,2.139,2.232,2.225,2.241,2.274,2.277,2.277,2.277,2.277,2.306,2.363,2.383,2.392,2.398,2.41,2.426,2.445,2.472,2.472,2.59,2.501,2.55,2.583,2.626,2.83,2.627,2.672,2.654,3.257,3.257,2.607,2.607,2.607,2.607,2.55,2.667,2.667,2.71,2.71,2.71,2.71,2.71,2.756,2.773,2.798,2.798,2.798,2.837,2.815,2.815,2.865,2.9,2.913,2.129,2.9,2.9,2.9,2.93,2.96,2.96,3.241,3.241,3.241,3.241,3.241,2.659,3.179,2.16,1.639,2.452,2.452,2.065,2.065,2.065,2.065,2.065,2.065,2.065,0.323,0.783,0.99,1.0,0.935,1.089,0.891,0.809,12.973
Point_70,10.195,2.44,2.508,2.508,2.508,2.45,2.492,2.492,2.492,2.492,2.492,2.49,2.49,2.511,2.511,2.507,2.527,2.527,2.527,2.429,2.429,2.429,2.448,2.445,2.54,2.54,2.429,2.569,2.569,2.569,2.685,2.685,2.685,2.569,2.545,2.65,2.617,3.074,2.617,2.617,2.617,2.989,2.989,2.617,2.617,2.617,2.674,2.921,2.715,2.697,2.697,2.65,2.65,2.645,2.645,2.645,2.664,2.664,2.695,2.695,2.703,2.703,2.719,2.797,2.827,2.842,0.356,0.027,0.186,0.0,0.877,0.877,0.421,0.397,0.047,0.938,0.692,0.707,0.721,0.721,0.734,0.747,0.751,0.751,0.781,0.758,2.983,0.789,0.84,1.792,1.792,1.792,1.717,2.696,2.638,2.638,2.187,2.738,4.381,2.605,2.605,2.546,2.531,2.531,1.734,1.721,1.968,1.801,1.773,1.762,1.762,1.968,1.968,1.968,1.646,1.646,1.739,1.732,1.747,1.781,1.784,1.784,1.784,1.784,1.812,1.869,1.89,1.898,1.905,1.916,1.933,1.951,1.979,1.979,2.096,2.008,2.057,2.09,2.133,1.816,2.133,2.179,2.16,2.764,2.764,2.114,2.114,2.114,2.114,2.057,2.174,2.174,2.217,2.217,2.217,2.217,2.217,2.263,2.28,2.305,2.305,2.305,2.344,2.321,2.321,2.372,2.406,2.42,1.635,2.406,2.406,2.406,2.437,2.467,2.467,3.11,3.11,3.11,3.11,3.11,2.528,3.048,2.03,1.145,2.322,2.322,1.934,1.934,1.934,1.934,1.934,1.934,1.934,0.377,0.838,1.044,1.054,0.99,1.743,0.924,0.948,12.48
Point_71,7.826,3.405,3.473,3.473,3.473,3.415,3.456,3.456,3.456,3.456,3.456,3.455,3.455,3.476,3.476,3.472,3.491,3.491,3.491,3.394,3.394,3.394,3.413,3.41,3.505,3.505,3.394,3.534,3.534,3.534,3.65,3.65,3.65,3.534,3.51,3.614,3.581,2.885,3.581,3.581,3.581,2.8,2.8,3.581,3.581,3.581,3.639,2.732,3.679,2.508,2.508,2.461,2.461,2.456,2.456,2.456,2.474,2.474,2.506,2.506,2.514,2.514,2.53,2.608,2.638,2.653,1.084,1.01,1.168,0.983,0.0,0.0,0.663,0.693,1.002,0.428,0.669,0.684,0.698,0.698,0.711,0.724,0.728,0.728,0.758,0.735,3.585,0.766,0.738,2.757,2.757,2.757,2.682,3.661,3.602,3.602,3.152,3.703,4.192,3.57,3.57,3.51,3.496,3.496,2.699,2.685,2.933,2.766,2.738,2.727,2.727,2.933,2.933,2.933,2.61,2.61,2.703,2.697,2.712,2.746,2.749,2.749,2.749,2.749,2.777,2.834,2.855,2.863,2.869,2.881,2.898,2.916,2.943,2.943,2.308,2.973,2.245,2.322,2.365,1.725,2.366,2.411,2.142,2.575,2.575,2.188,2.188,2.188,2.188,2.245,2.386,2.386,2.428,2.428,2.428,2.428,2.428,2.475,2.492,2.517,2.517,2.517,2.556,2.533,2.533,2.584,2.618,2.632,2.6,2.618,2.618,2.618,2.649,1.953,1.953,3.712,3.712,3.712,3.712,3.712,3.13,3.65,2.631,2.11,2.923,2.923,2.536,2.536,2.536,2.536,2.536,2.536,2.536,0.537,0.489,0.696,0.706,0.641,0.796,0.436,0.354,12.291
Point_72,7.826,3.405,3.473,3.473,3.473,3.415,3.456,3.456,3.456,3.456,3.456,3.455,3.455,3.476,3.476,3.472,3.491,3.491,3.491,3.394,3.394,3.394,3.413,3.41,3.505,3.505,3.394,3.534,3.534,3.534,3.65,3.65,3.65,3.534,3.51,3.614,3.581,2.885,3.581,3.581,3.581,2.8,2.8,3.581,3.581,3.581,3.639,2.732,3.679,2.508,2.508,2.461,2.461,2.456,2.456,2.456,2.474,2.474,2.506,2.506,2.514,2.514,2.53,2.608,2.638,2.653,1.084,1.01,1.168,0.983,0.0,0.0,0.663,0.693,1.002,0.428,0.669,0.684,0.698,0.698,0.711,0.724,0.728,0.728,0.758,0.735,3.585,0.766,0.738,2.757,2.757,2.757,2.682,3.661,3.602,3.602,3.152,3.703,4.192,3.57,3.57,3.51,3.496,3.496,2.699,2.685,2.933,2.766,2.738,2.727,2.727,2.933,2.933,2.933,2.61,2.61,2.703,2.697,2.712,2.746,2.749,2.749,2.749,2.749,2.777,2.834,2.855,2.863,2.869,2.881,2.898,2.916,2.943,2.943,2.308,2.973,2.245,2.322,2.365,1.725,2.366,2.411,2.142,2.575,2.575,2.188,2.188,2.188,2.188,2.245,2.386,2.386,2.428,2.428,2.428,2.428,2.428,2.475,2.492,2.517,2.517,2.517,2.556,2.533,2.533,2.584,2.618,2.632,2.6,2.618,2.618,2.618,2.649,1.953,1.953,3.712,3.712,3.712,3.712,3.712,3.13,3.65,2.631,2.11,2.923,2.923,2.536,2.536,2.536,2.536,2.536,2.536,2.536,0.537,0.489,0.696,0.706,0.641,0.796,0.436,0.354,12.291
Point_73,7.937,2.445,2.513,2.513,2.513,2.455,2.496,2.496,2.496,2.496,2.496,2.495,2.495,2.515,2.515,2.511,2.531,2.531,2.531,2.433,2.433,2.433,2.453,2.45,2.545,2.545,2.433,2.574,2.574,2.574,2.69,2.69,2.69,2.574,2.55,2.654,2.621,2.56,2.621,2.621,2.621,2.475,2.475,2.621,2.621,2.621,2.679,2.407,2.719,2.183,2.183,2.136,2.136,2.131,2.131,2.131,2.15,2.15,2.181,2.181,2.189,2.189,2.205,2.283,2.313,2.328,0.777,0.448,0.606,0.421,0.906,0.906,0.0,0.024,0.44,0.689,0.265,0.28,0.294,0.294,0.307,0.32,0.325,0.325,0.354,0.332,3.404,0.362,0.413,1.797,1.797,1.797,1.722,2.7,2.642,2.642,2.192,2.743,3.867,2.609,2.609,2.55,2.536,2.536,1.738,1.725,1.973,1.806,1.777,1.767,1.767,1.973,1.973,1.973,1.65,1.65,1.743,1.736,1.752,1.786,1.788,1.788,1.788,1.788,1.817,1.874,1.894,1.903,1.909,1.921,1.937,1.956,1.983,1.983,2.101,2.012,2.061,2.094,2.137,1.4,2.138,2.184,1.817,2.25,2.25,2.118,2.118,2.118,2.118,2.061,2.179,2.179,2.221,2.221,2.221,2.221,2.221,2.267,2.284,2.309,2.309,2.309,2.349,2.326,2.326,2.376,2.411,2.424,1.64,2.411,2.411,2.411,2.441,1.628,1.628,3.531,3.531,3.531,3.531,3.531,2.949,3.469,2.45,1.15,2.743,2.743,2.355,2.355,2.355,2.355,2.355,2.355,2.355,0.798,1.0,1.339,1.329,1.152,1.316,0.497,0.521,11.966
Point_74,7.967,2.421,2.489,2.489,2.489,2.431,2.472,2.472,2.472,2.472,2.472,2.471,2.471,2.491,2.491,2.487,2.507,2.507,2.507,2.409,2.409,2.409,2.428,2.426,2.521,2.521,2.409,2.549,2.549,2.549,2.666,2.666,2.666,2.549,2.526,2.63,2.597,2.625,2.597,2.597,2.597,2.541,2.541,2.597,2.597,2.597,2.655,2.472,2.695,2.249,2.249,2.201,2.201,2.196,2.196,2.196,2.215,2.215,2.246,2.246,2.255,2.255,2.271,2.348,2.379,2.393,0.753,0.424,0.582,0.397,0.882,0.882,0.024,0.0,0.416,0.719,0.295,0.31,0.324,0.324,0.337,0.35,0.355,0.355,0.384,0.362,3.38,0.392,0.443,1.773,1.773,1.773,1.698,2.676,2.618,2.618,2.168,2.719,3.932,2.585,2.585,2.526,2.512,2.512,1.714,1.701,1.949,1.782,1.753,1.743,1.743,1.949,1.949,1.949,1.626,1.626,1.719,1.712,1.728,1.761,1.764,1.764,1.764,1.764,1.793,1.85,1.87,1.879,1.885,1.897,1.913,1.932,1.959,1.959,2.077,1.988,2.037,2.07,2.113,1.465,2.114,2.159,2.141,2.315,2.315,2.094,2.094,2.094,2.094,2.037,2.154,2.154,2.197,2.197,2.197,2.197,2.197,2.243,2.26,2.285,2.285,2.285,2.325,2.302,2.302,2.352,2.387,2.4,1.616,2.387,2.387,2.387,2.417,1.694,1.694,3.507,3.507,3.507,3.507,3.507,2.925,3.445,2.426,1.126,2.718,2.718,2.331,2.331,2.331,2.331,2.331,2.331,2.331,0.774,1.03,1.369,1.359,1.182,1.346,0.527,0.551,12.031
Point_75,10.242,2.487,2.555,2.555,2.555,2.497,2.538,2.538,2.538,2.538,2.538,2.537,2.537,2.557,2.557,2.553,2.573,2.573,2.573,2.475,2.475,2.475,2.495,2.492,2.587,2.587,2.475,2.616,2.616,2.616,2.732,2.732,2.732,2.616,2.592,2.696,2.663,2.996,2.663,2.663,2.663,2.911,2.911,2.663,2.663,2.663,2.721,2.843,2.761,2.619,2.619,2.572,2.572,2.567,2.567,2.567,2.585,2.585,2.617,2.617,2.625,2.625,2.641,2.719,2.749,2.764,0.403,0.074,0.232,0.047,0.924,0.924,0.44,0.416,0.0,0.985,0.712,0.727,0.741,0.741,0.753,0.767,0.771,0.771,0.801,0.778,3.03,0.809,0.86,1.839,1.839,1.839,1.764,2.742,2.684,2.684,2.234,2.785,4.303,2.651,2.651,2.592,2.578,2.578,1.781,1.767,2.015,1.848,1.819,1.809,1.809,2.015,2.015,2.015,1.692,1.692,1.785,1.778,1.794,1.828,1.83,1.83,1.83,1.83,1.859,1.916,1.936,1.945,1.951,1.963,1.979,1.998,2.025,2.025,2.143,2.055,2.103,2.136,2.179,1.836,2.18,2.226,2.207,2.686,2.686,2.16,2.16,2.16,2.16,2.103,2.221,2.221,2.263,2.263,2.263,2.263,2.263,2.309,2.326,2.351,2.351,2.351,2.391,2.368,2.368,2.418,2.453,2.466,1.682,2.453,2.453,2.453,2.483,2.064,2.064,3.157,3.157,3.157,3.157,3.157,2.575,3.095,2.076,1.192,2.368,2.368,1.981,1.981,1.981,1.981,1.981,1.981,1.981,0.424,0.884,1.091,1.101,1.036,1.763,0.943,0.967,12.402
Point_76,8.033,2.806,2.874,2.874,2.874,2.816,2.857,2.857,2.857,2.857,2.857,2.856,2.856,2.876,2.876,2.872,2.892,2.892,2.892,2.794,2.794,2.794,2.813,2.811,2.906,2.906,2.794,2.934,2.934,2.934,3.051,3.051,3.051,2.934,2.911,3.015,2.982,2.656,2.982,2.982,2.982,2.571,2.571,2.982,2.982,2.982,3.04,2.503,3.08,2.279,2.279,2.232,2.232,2.227,2.227,2.227,2.245,2.245,2.277,2.277,2.285,2.285,2.301,2.379,2.409,2.424,1.138,0.809,0.967,0.782,1.132,1.132,0.355,0.385,0.801,0.0,0.361,0.376,0.39,0.39,0.403,0.416,0.421,0.421,0.45,0.428,3.765,0.458,0.509,2.158,2.158,2.158,2.083,3.061,3.003,3.003,2.553,3.104,3.963,2.97,2.97,2.911,2.897,2.897,2.099,2.086,2.334,2.167,2.138,2.128,2.128,2.334,2.334,2.334,2.011,2.011,2.104,2.097,2.113,2.146,2.149,2.149,2.149,2.149,2.178,2.235,2.255,2.264,2.27,2.282,2.298,2.317,2.344,2.344,2.079,2.373,2.016,2.455,2.498,1.496,2.499,2.545,1.913,2.346,2.346,1.959,1.959,1.959,1.959,2.016,2.157,2.157,2.2,2.2,2.2,2.2,2.2,2.246,2.263,2.288,2.288,2.288,2.327,2.304,2.304,2.355,2.389,2.403,2.001,2.389,2.389,2.389,2.42,1.724,1.724,3.892,3.892,3.892,3.892,3.892,3.31,3.83,2.811,1.511,3.104,3.104,2.716,2.716,2.716,2.716,2.716,2.716,2.716,1.159,1.096,1.435,1.425,1.248,1.412,0.593,0.617,12.062
Point_77,7.672,2.716,2.784,2.784,2.784,2.726,2.767,2.767,2.767,2.767,2.767,2.766,2.766,2.786,2.786,2.782,2.802,2.802,2.802,2.704,2.704,2.704,2.724,2.721,2.816,2.816,2.704,2.845,2.845,2.845,2.961,2.961,2.961,2.845,2.821,2.925,2.892,2.295,2.892,2.892,2.892,2.21,2.21,2.892,2.892,2.892,2.95,2.141,2.99,1.918,1.918,1.871,1.871,1.866,1.866,1.866,1.884,1.884,1.915,1.915,1.924,1.924,1.94,2.018,2.048,2.063,1.048,0.719,0.877,0.692,0.833,0.833,0.265,0.295,0.712,0.486,0.0,0.015,0.029,0.029,0.042,0.055,0.059,0.059,0.089,0.067,3.675,0.097,0.148,2.068,2.068,2.068,1.993,2.971,2.913,2.913,2.463,3.014,3.602,2.88,2.88,2.821,2.807,2.807,2.01,1.996,2.467,2.077,2.048,2.038,2.038,2.467,2.467,2.467,1.921,1.921,2.014,2.007,2.023,2.057,2.059,2.059,2.059,2.059,2.088,2.145,2.165,2.174,2.18,2.192,2.208,2.227,2.254,2.254,1.718,2.284,1.655,1.732,1.775,1.135,1.775,1.821,1.551,1.985,1.985,1.598,1.598,1.598,1.598,1.655,1.796,1.796,1.838,1.838,1.838,1.838,1.838,1.884,1.901,1.927,1.927,1.927,1.966,1.943,1.943,1.993,2.028,2.042,1.911,2.028,2.028,2.028,2.059,1.363,1.363,3.802,3.802,3.802,3.802,3.802,3.22,3.74,2.722,1.421,3.014,3.014,2.626,2.626,2.626,2.626,2.626,2.626,2.626,0.845,0.797,1.074,1.064,0.949,1.051,0.294,0.318,11.7
Point_78,7.657,2.731,2.799,2.799,2.799,2.741,2.782,2.782,2.782,2.782,2.782,2.781,2.781,2.801,2.801,2.797,2.817,2.817,2.817,2.719,2.719,2.719,2.739,2.736,2.698,2.698,2.719,2.727,2.727,2.727,2.843,2.843,2.843,2.727,2.703,2.807,2.774,2.28,2.774,2.774,2.774,2.195,2.195,2.774,2.774,2.774,2.832,2.126,2.872,1.903,1.903,1.855,1.855,1.851,1.851,1.851,1.869,1.869,1.9,1.9,1.909,1.909,1.925,2.003,2.033,2.048,1.063,0.734,0.893,0.707,0.848,0.848,0.28,0.31,0.727,0.501,0.015,0.0,0.014,0.014,0.027,0.04,0.044,0.044,0.074,0.051,3.69,0.082,0.133,2.083,2.083,2.083,2.008,2.986,2.928,2.928,2.478,3.029,3.587,2.896,2.896,2.836,2.822,2.822,2.025,2.011,2.452,2.092,2.063,2.053,2.053,2.452,2.452,2.452,1.454,1.454,1.547,1.54,1.556,1.589,1.592,1.592,1.592,1.592,1.62,1.677,1.698,1.707,1.713,1.725,1.741,1.76,1.787,1.787,1.703,1.816,1.64,1.717,1.76,1.12,1.76,1.806,1.536,1.97,1.97,1.583,1.583,1.583,1.583,1.64,1.781,1.781,1.823,1.823,1.823,1.823,1.823,1.869,1.886,1.912,1.912,1.912,1.951,1.928,1.928,1.978,2.013,2.027,1.444,2.013,2.013,2.013,2.044,1.348,1.348,3.817,3.817,3.817,3.817,3.817,3.235,3.755,2.737,1.436,3.029,3.029,2.641,2.641,2.641,2.641,2.641,2.641,2.641,0.86,0.812,1.059,1.049,0.964,1.036,0.309,0.333,11.685
Point_79,7.643,2.745,2.813,2.813,2.813,2.755,2.796,2.796,2.796,2.796,2.796,2.795,2.795,2.815,2.815,2.811,2.831,2.831,2.831,2.733,2.733,2.733,2.753,2.75,2.684,2.684,2.733,2.713,2.713,2.713,2.829,2.829,2.829,2.713,2.689,2.793,2.761,2.266,2.761,2.761,2.761,2.181,2.181,2.761,2.761,2.761,2.818,2.112,2.859,1.889,1.889,1.842,1.842,1.837,1.837,1.837,1.855,1.855,1.886,1.886,1.895,1.895,1.911,1.989,2.019,2.034,1.077,0.748,0.906,0.721,0.862,0.862,0.294,0.324,0.741,0.515,0.029,0.014,0.0,0.0,0.013,0.026,0.03,0.03,0.06,0.038,3.704,0.068,0.119,2.097,2.097,2.097,2.022,3.0,2.942,2.942,2.492,3.043,3.573,2.909,2.909,2.85,2.836,2.836,2.039,2.025,2.438,2.106,2.077,2.067,2.067,2.438,2.438,2.438,1.44,1.44,1.533,1.526,1.542,1.575,1.578,1.578,1.578,1.578,1.607,1.663,1.684,1.693,1.699,1.711,1.727,1.746,1.773,1.773,1.689,1.802,1.626,1.703,1.746,1.106,1.746,1.792,1.522,1.956,1.956,1.569,1.569,1.569,1.569,1.626,1.767,1.767,1.809,1.809,1.809,1.809,1.809,1.856,1.872,1.898,1.898,1.898,1.937,1.914,1.914,1.964,1.999,2.013,1.43,1.999,1.999,1.999,2.03,1.334,1.334,3.831,3.831,3.831,3.831,3.831,3.249,3.769,2.751,1.45,3.043,3.043,2.655,2.655,2.655,2.655,2.655,2.655,2.655,0.874,0.826,1.045,1.035,0.978,1.022,0.323,0.347,11.671
Point_80,7.643,2.745,2.813,2.813,2.813,2.755,2.796,2.796,2.796,2.796,2.796,2.795,2.795,2.815,2.815,2.811,2.831,2.831,2.831,2.733,2.733,2.733,2.753,2.75,2.684,2.684,2.733,2.713,2.713,2.713,2.829,2.829,2.829,2.713,2.689,2.793,2.761,2.266,2.761,2.761,2.761,2.181,2.181,2.761,2.761,2.761,2.818,2.112,2.859,1.889,1.889,1.842,1.842,1.837,1.837,1.837,1.855,1.855,1.886,1.886,1.895,1.895,1.911,1.989,2.019,2.034,1.077,0.748,0.906,0.721,0.862,0.862,0.294,0.324,0.741,0.515,0.029,0.014,0.0,0.0,0.013,0.026,0.03,0.03,0.06,0.038,3.704,0.068,0.119,2.097,2.097,2.097,2.022,3.0,2.942,2.942,2.492,3.043,3.573,2.909,2.909,2.85,2.836,2.836,2.039,2.025,2.438,2.106,2.077,2.067,2.067,2.438,2.438,2.438,1.44,1.44,1.533,1.526,1.542,1.575,1.578,1.578,1.578,1.578,1.607,1.663,1.684,1.693,1.699,1.711,1.727,1.746,1.773,1.773,1.689,1.802,1.626,1.703,1.746,1.106,1.746,1.792,1.522,1.956,1.956,1.569,1.569,1.569,1.569,1.626,1.767,1.767,1.809,1.809,1.809,1.809,1.809,1.856,1.872,1.898,1.898,1.898,1.937,1.914,1.914,1.964,1.999,2.013,1.43,1.999,1.999,1.999,2.03,1.334,1.334,3.831,3.831,3.831,3.831,3.831,3.249,3.769,2.751,1.45,3.043,3.043,2.655,2.655,2.655,2.655,2.655,2.655,2.655,0.874,0.826,1.045,1.035,0.978,1.022,0.323,0.347,11.671
Point_81,7.63,2.758,2.826,2.826,2.826,2.767,2.809,2.809,2.809,2.809,2.809,2.808,2.808,2.828,2.828,2.824,2.844,2.844,2.844,2.746,2.746,2.746,2.765,2.763,2.671,2.671,2.746,2.7,2.7,2.7,2.816,2.816,2.816,2.7,2.676,2.781,2.748,2.253,2.748,2.748,2.748,2.168,2.168,2.748,2.748,2.748,2.805,2.1,2.846,1.876,1.876,1.829,1.829,1.824,1.824,1.824,1.842,1.842,1.874,1.874,1.882,1.882,1.898,1.976,2.006,2.021,1.09,0.761,0.919,0.734,0.875,0.875,0.307,0.337,0.753,0.528,0.042,0.027,0.013,0.013,0.0,0.013,0.018,0.018,0.047,0.025,3.717,0.055,0.106,2.11,2.11,2.11,2.035,3.013,2.955,2.955,2.505,3.055,3.56,2.922,2.922,2.863,2.848,2.848,2.051,2.038,2.425,1.544,2.09,2.08,2.08,2.425,2.425,2.425,1.427,1.427,1.52,1.513,1.529,1.563,1.565,1.565,1.565,1.565,1.594,1.651,1.671,1.68,1.686,1.698,1.714,1.733,1.76,1.76,1.676,1.789,1.613,1.69,1.733,1.093,1.734,1.779,1.51,1.943,1.943,1.556,1.556,1.556,1.556,1.613,1.754,1.754,1.797,1.797,1.797,1.797,1.797,1.843,1.86,1.885,1.885,1.885,1.924,1.901,1.901,1.952,1.986,2.0,1.417,1.986,1.986,1.986,2.017,1.321,1.321,3.844,3.844,3.844,3.844,3.844,3.262,3.782,2.763,1.463,3.055,3.055,2.668,2.668,2.668,2.668,2.668,2.668,2.668,0.887,0.839,1.032,1.022,0.991,1.009,0.336,0.36,11.659
Point_82,7.617,2.771,2.839,2.839,2.839,2.781,2.822,2.822,2.822,2.822,2.822,2.821,2.821,2.841,2.841,2.837,2.857,2.857,2.857,2.759,2.759,2.759,2.779,2.776,2.658,2.658,2.759,2.687,2.687,2.687,2.803,2.803,2.803,2.687,2.663,2.767,2.734,2.24,2.734,2.734,2.734,2.155,2.155,2.734,2.734,2.734,2.792,2.086,2.832,1.863,1.863,1.815,1.815,1.811,1.811,1.811,1.829,1.829,1.86,1.86,1.869,1.869,1.885,1.963,1.993,2.008,1.103,0.774,0.933,0.747,0.888,0.888,0.32,0.35,0.767,0.541,0.055,0.04,0.026,0.026,0.013,0.0,0.004,0.004,0.034,0.011,3.73,0.042,0.093,2.123,2.123,2.123,2.048,3.026,2.968,2.968,2.518,3.069,3.547,2.936,2.936,2.876,2.862,2.862,2.065,2.051,2.412,1.531,1.498,2.093,2.093,2.412,2.412,2.412,1.414,1.414,1.507,1.5,1.516,1.549,1.552,1.552,1.552,1.552,1.58,1.637,1.658,1.667,1.673,1.685,1.701,1.72,1.747,1.747,1.663,1.776,1.6,1.677,1.72,1.08,1.72,1.766,1.496,1.93,1.93,1.543,1.543,1.543,1.543,1.6,1.741,1.741,1.783,1.783,1.783,1.783,1.783,1.829,1.846,1.872,1.872,1.872,1.911,1.888,1.888,1.938,1.973,1.987,1.404,1.973,1.973,1.973,2.004,1.308,1.308,3.857,3.857,3.857,3.857,3.857,3.275,3.795,2.777,1.476,3.069,3.069,2.681,2.681,2.681,2.681,2.681,2.681,2.681,0.9,0.852,1.019,1.009,1.2,0.996,0.349,0.373,11.645
Point_83,7.612,2.775,2.843,2.843,2.843,2.785,2.827,2.827,2.827,2.827,2.827,2.825,2.825,2.846,2.846,2.842,2.862,2.862,2.862,2.764,2.764,2.764,2.783,2.78,2.654,2.654,2.764,2.683,2.683,2.683,2.799,2.799,2.799,2.683,2.659,2.763,2.73,2.235,2.73,2.73,2.73,2.151,2.151,2.73,2.73,2.73,2.788,2.082,2.828,1.858,1.858,1.811,1.811,1.806,1.806,1.806,1.825,1.825,1.856,1.856,1.865,1.865,1.881,1.958,1.989,2.003,1.108,0.779,0.937,0.751,0.893,0.893,0.325,0.355,0.771,0.546,0.059,0.044,0.03,0.03,0.018,0.004,0.0,0.0,0.03,0.007,3.734,0.038,0.089,2.127,2.127,2.127,2.052,3.031,2.973,2.973,2.522,3.073,3.542,2.94,2.94,2.881,2.866,2.866,2.069,2.055,2.407,1.526,1.494,1.508,1.508,2.407,2.407,2.407,1.41,1.41,1.503,1.496,1.511,1.545,1.548,1.548,1.548,1.548,1.576,1.633,1.654,1.662,1.669,1.68,1.697,1.715,1.743,1.743,1.659,1.772,1.596,1.672,1.715,1.075,1.716,1.762,1.492,1.925,1.925,1.538,1.538,1.538,1.538,1.596,1.736,1.736,1.779,1.779,1.779,1.779,1.779,1.825,1.842,1.867,1.867,1.867,1.906,1.884,1.884,1.934,1.969,1.982,1.399,1.969,1.969,1.969,1.999,1.303,1.303,3.862,3.862,3.862,3.862,3.862,3.28,3.8,2.781,1.48,3.073,3.073,2.686,2.686,2.686,2.686,2.686,2.686,2.686,0.904,0.856,1.014,1.005,1.196,0.992,0.354,0.377,11.641
Point_84,7.612,2.775,2.843,2.843,2.843,2.785,2.827,2.827,2.827,2.827,2.827,2.825,2.825,2.846,2.846,2.842,2.862,2.862,2.862,2.764,2.764,2.764,2.783,2.78,2.654,2.654,2.764,2.683,2.683,2.683,2.799,2.799,2.799,2.683,2.659,2.763,2.73,2.235,2.73,2.73,2.73,2.151,2.151,2.73,2.73,2.73,2.788,2.082,2.828,1.858,1.858,1.811,1.811,1.806,1.806,1.806,1.825,1.825,1.856,1.856,1.865,1.865,1.881,1.958,1.989,2.003,1.108,0.779,0.937,0.751,0.893,0.893,0.325,0.355,0.771,0.546,0.059,0.044,0.03,0.03,0.018,0.004,0.0,0.0,0.03,0.007,3.734,0.038,0.089,2.127,2.127,2.127,2.052,3.031,2.973,2.973,2.522,3.073,3.542,2.94,2.94,2.881,2.866,2.866,2.069,2.055,2.407,1.526,1.494,1.508,1.508,2.407,2.407,2.407,1.41,1.41,1.503,1.496,1.511,1.545,1.548,1.548,1.548,1.548,1.576,1.633,1.654,1.662,1.669,1.68,1.697,1.715,1.743,1.743,1.659,1.772,1.596,1.672,1.715,1.075,1.716,1.762,1.492,1.925,1.925,1.538,1.538,1.538,1.538,1.596,1.736,1.736,1.779,1.779,1.779,1.779,1.779,1.825,1.842,1.867,1.867,1.867,1.906,1.884,1.884,1.934,1.969,1.982,1.399,1.969,1.969,1.969,1.999,1.303,1.303,3.862,3.862,3.862,3.862,3.862,3.28,3.8,2.781,1.48,3.073,3.073,2.686,2.686,2.686,2.686,2.686,2.686,2.686,0.904,0.856,1.014,1.005,1.196,0.992,0.354,0.377,11.641
Point_85,7.583,2.48,2.548,2.548,2.548,2.49,2.532,2.532,2.532,2.532,2.532,2.53,2.53,2.551,2.551,2.547,2.566,2.566,2.566,2.469,2.469,2.469,2.488,2.485,2.624,2.624,2.469,2.653,2.653,2.653,2.769,2.769,2.769,2.653,2.629,2.733,2.7,2.205,2.7,2.7,2.7,2.121,2.121,2.7,2.7,2.7,2.758,2.052,2.798,1.829,1.829,1.781,1.781,1.776,1.776,1.776,1.795,1.795,1.826,1.826,1.835,1.835,1.851,1.928,1.959,1.973,1.137,0.808,0.967,0.781,0.922,0.922,0.354,0.384,0.801,0.575,0.089,0.074,0.06,0.06,0.047,0.034,0.03,0.03,0.0,0.023,3.764,0.008,0.059,1.832,1.832,1.832,1.757,2.736,2.677,2.677,2.227,2.778,3.512,2.645,2.645,2.586,2.571,2.571,1.774,1.52,2.378,1.496,1.464,1.478,1.478,2.378,2.378,2.378,1.38,1.38,1.473,1.466,1.482,1.515,1.518,1.518,1.518,1.518,1.546,1.603,1.624,1.633,1.639,1.65,1.667,1.686,1.713,1.713,1.629,1.742,1.566,1.642,1.686,1.045,1.686,1.732,1.462,1.895,1.895,1.509,1.509,1.509,1.509,1.566,1.707,1.707,1.749,1.749,1.749,1.749,1.749,1.795,1.812,1.837,1.837,1.837,1.877,1.854,1.854,1.904,1.939,1.952,1.369,1.939,1.939,1.939,1.97,1.274,1.274,3.891,3.891,3.891,3.891,3.891,3.309,3.829,2.811,1.185,3.103,3.103,2.716,2.716,2.716,2.716,2.716,2.716,2.716,0.934,0.886,0.985,0.975,1.166,0.962,0.338,0.407,11.611
Point_86,7.605,2.782,2.851,2.851,2.851,2.792,2.834,2.834,2.834,2.834,2.834,2.832,2.832,2.853,2.853,2.849,2.869,2.869,2.869,2.771,2.771,2.771,2.79,2.787,2.647,2.647,2.771,2.675,2.675,2.675,2.792,2.792,2.792,2.675,2.651,2.756,2.723,2.228,2.723,2.723,2.723,2.144,2.144,2.723,2.723,2.723,2.781,2.075,2.821,1.851,1.851,1.804,1.804,1.799,1.799,1.799,1.818,1.818,1.849,1.849,1.857,1.857,1.874,1.951,1.982,1.996,1.115,0.786,0.944,0.758,0.9,0.9,0.332,0.362,0.778,0.553,0.067,0.051,0.038,0.038,0.025,0.011,0.007,0.007,0.023,0.0,3.742,0.031,0.081,2.135,2.135,2.135,2.059,3.038,2.98,2.98,2.53,3.08,3.535,2.947,2.947,2.888,2.873,2.873,2.076,2.063,2.4,1.519,1.487,1.501,1.501,2.4,2.4,2.4,1.402,1.402,1.495,1.489,1.504,1.538,1.541,1.541,1.541,1.541,1.569,1.626,1.646,1.655,1.661,1.673,1.689,1.708,1.735,1.735,1.651,1.765,1.589,1.665,1.708,1.068,1.709,1.755,1.485,1.918,1.918,1.531,1.531,1.531,1.531,1.589,1.729,1.729,1.772,1.772,1.772,1.772,1.772,1.818,1.835,1.86,1.86,1.86,1.899,1.876,1.876,1.927,1.962,1.975,1.392,1.962,1.962,1.962,1.992,1.296,1.296,3.869,3.869,3.869,3.869,3.869,3.287,3.807,2.788,1.487,3.08,3.08,2.693,2.693,2.693,2.693,2.693,2.693,2.693,0.911,0.863,1.007,0.998,1.189,0.984,0.361,0.384,11.634
Point_87,9.309,5.127,5.196,5.196,5.196,5.137,5.179,5.179,5.179,5.179,5.179,5.178,5.178,5.198,5.198,5.194,5.214,5.214,5.214,5.116,5.116,5.116,5.135,5.133,5.228,5.228,5.116,5.256,5.256,5.256,5.372,5.372,5.372,5.256,5.232,5.337,5.304,5.761,5.304,5.304,5.304,5.677,5.677,5.304,5.304,5.304,5.361,5.608,5.402,5.384,5.384,5.337,5.337,5.332,5.332,5.332,5.351,5.351,5.382,5.382,5.39,5.39,5.407,5.484,5.515,5.529,2.807,2.971,3.126,3.001,3.667,3.667,3.422,3.398,3.047,3.728,3.693,3.708,3.722,3.722,3.735,3.748,3.752,3.752,3.782,3.759,0.0,3.79,3.841,4.48,4.48,4.48,4.405,5.383,5.325,5.325,4.875,5.425,8.01,5.292,5.292,5.233,5.218,5.218,4.421,4.408,4.655,4.489,4.46,4.45,4.45,4.655,4.655,4.655,4.333,4.333,4.426,4.419,4.435,4.468,4.471,4.471,4.471,4.471,4.499,4.556,4.577,4.586,4.592,4.604,4.62,4.639,4.666,4.666,4.783,4.695,4.744,4.777,4.82,5.023,4.821,4.866,4.847,5.451,5.451,4.801,4.801,4.801,4.801,4.744,4.861,4.861,4.904,4.904,4.904,4.904,4.904,4.95,4.967,4.992,4.992,4.992,5.031,5.008,5.008,5.059,5.094,5.107,4.323,5.094,5.094,5.094,5.124,5.154,5.154,0.226,0.226,0.226,0.226,0.226,2.138,0.164,1.639,3.832,1.931,1.931,1.544,1.544,1.544,1.544,1.544,1.544,1.544,3.167,3.628,3.834,3.844,3.78,3.934,3.736,3.654,21.017
Point_88,7.575,2.472,2.54,2.54,2.54,2.482,2.524,2.524,2.524,2.524,2.524,2.522,2.522,2.543,2.543,2.539,2.558,2.558,2.558,2.461,2.461,2.461,2.48,2.477,2.616,2.616,2.461,2.645,2.645,2.645,2.761,2.761,2.761,2.645,2.621,2.725,2.692,2.197,2.692,2.692,2.692,2.113,2.113,2.692,2.692,2.692,2.75,2.044,2.79,1.821,1.821,1.773,1.773,1.768,1.768,1.768,1.787,1.787,1.818,1.818,1.827,1.827,1.843,1.92,1.951,1.965,1.145,0.816,0.975,0.789,0.93,0.93,0.362,0.392,0.809,0.583,0.097,0.082,0.068,0.068,0.055,0.042,0.038,0.038,0.008,0.031,3.772,0.0,0.051,1.824,1.824,1.824,1.749,2.728,2.669,2.669,2.219,2.77,3.504,2.637,2.637,2.578,2.563,2.563,1.766,1.512,2.369,1.488,1.456,1.47,1.47,2.369,2.369,2.369,1.372,1.372,1.465,1.458,1.473,1.507,1.51,1.51,1.51,1.51,1.538,1.595,1.616,1.624,1.631,1.642,1.659,1.678,1.705,1.705,1.621,1.734,1.558,1.634,1.677,1.037,1.678,1.724,1.454,1.887,1.887,1.501,1.501,1.501,1.501,1.558,1.699,1.699,1.741,1.741,1.741,1.741,1.741,1.787,1.804,1.829,1.829,1.829,1.869,1.846,1.846,1.896,1.931,1.944,1.361,1.931,1.931,1.931,1.961,1.266,1.266,3.899,3.899,3.899,3.899,3.899,3.317,3.837,2.819,1.177,3.111,3.111,2.724,2.724,2.724,2.724,2.724,2.724,2.724,0.942,0.894,0.977,0.967,1.158,0.954,0.33,0.415,11.603
Point_89,7.551,2.421,2.489,2.489,2.489,2.431,2.473,2.473,2.473,2.473,2.473,2.471,2.471,2.492,2.492,2.488,2.508,2.508,2.508,2.41,2.41,2.41,2.429,2.426,2.565,2.565,2.41,2.594,2.594,2.594,2.71,2.71,2.71,2.594,2.57,2.674,2.642,2.147,2.642,2.642,2.642,2.062,2.062,2.642,2.642,2.642,2.699,1.993,2.74,1.77,1.77,1.723,1.723,1.718,1.718,1.718,1.736,1.736,1.767,1.767,1.776,1.776,1.792,1.87,1.9,1.915,1.196,0.867,1.025,0.84,0.904,0.904,0.413,0.443,0.86,0.557,0.148,0.133,0.119,0.119,0.106,0.093,0.089,0.089,0.059,0.081,3.823,0.051,0.0,1.773,1.773,1.773,1.698,2.677,2.619,2.619,2.168,2.719,3.454,2.586,2.586,2.527,2.512,2.512,1.715,1.461,2.319,1.438,1.405,1.419,1.419,2.319,2.319,2.319,1.321,1.321,1.414,1.407,1.423,1.456,1.459,1.459,1.459,1.459,1.487,1.544,1.565,1.574,1.58,1.592,1.608,1.627,1.654,1.654,1.57,1.683,1.507,1.584,1.627,0.987,1.627,1.673,1.403,1.837,1.837,1.45,1.45,1.45,1.45,1.507,1.648,1.648,1.69,1.69,1.69,1.69,1.69,1.737,1.753,1.779,1.779,1.779,1.818,1.795,1.795,1.845,1.88,1.894,1.311,1.88,1.88,1.88,1.911,1.215,1.215,3.95,3.95,3.95,3.95,3.95,3.368,3.888,2.87,1.126,3.162,3.162,2.774,2.774,2.774,2.774,2.774,2.774,2.774,0.916,0.868,0.953,0.944,1.135,0.931,0.306,0.389,11.552
Point_90,9.344,1.054,1.122,1.122,1.122,1.064,1.105,1.105,1.105,1.105,1.105,1.104,1.104,1.124,1.124,1.12,1.14,1.14,1.14,1.042,1.042,1.042,1.062,1.059,1.154,1.154,1.042,1.183,1.183,1.183,1.299,1.299,1.299,1.183,1.159,1.263,1.23,2.061,1.23,1.23,1.23,1.976,1.976,1.23,1.23,1.23,1.288,1.908,1.328,1.684,1.684,1.637,1.637,1.632,1.632,1.632,1.65,1.65,1.681,1.681,1.69,1.69,1.706,1.784,1.814,1.829,1.747,1.809,1.965,1.84,2.772,2.772,1.844,1.82,1.886,2.833,1.856,1.871,1.885,1.885,1.898,1.911,1.916,1.916,1.851,1.874,4.539,1.843,1.792,0.0,0.0,0.0,0.178,0.803,0.888,0.888,0.894,0.865,3.368,1.218,1.218,1.159,1.145,1.145,0.608,0.595,0.731,0.675,0.647,0.637,0.637,0.731,0.731,0.731,0.731,0.731,0.764,0.758,0.773,0.807,0.81,0.81,0.81,0.81,0.838,0.895,0.916,0.924,0.931,0.942,0.959,0.977,1.005,1.005,1.122,1.034,1.082,1.115,1.158,1.775,1.159,1.205,1.186,1.751,1.751,1.14,1.14,1.14,1.14,1.082,1.2,1.2,1.242,1.242,1.242,1.242,1.242,1.289,1.306,1.331,1.331,1.331,1.37,1.347,1.347,1.398,1.432,1.446,0.873,1.432,1.432,1.432,1.463,1.492,1.492,4.667,4.667,4.667,4.667,4.667,4.085,4.605,3.586,1.03,3.878,3.878,3.491,3.491,3.491,3.491,3.491,3.491,3.491,2.272,2.732,2.746,2.736,2.884,2.723,2.099,2.181,11.467
Point_91,9.344,1.054,1.122,1.122,1.122,1.064,1.105,1.105,1.105,1.105,1.105,1.104,1.104,1.124,1.124,1.12,1.14,1.14,1.14,1.042,1.042,1.042,1.062,1.059,1.154,1.154,1.042,1.183,1.183,1.183,1.299,1.299,1.299,1.183,1.159,1.263,1.23,2.061,1.23,1.23,1.23,1.976,1.976,1.23,1.23,1.23,1.288,1.908,1.328,1.684,1.684,1.637,1.637,1.632,1.632,1.632,1.65,1.65,1.681,1.681,1.69,1.69,1.706,1.784,1.814,1.829,1.747,1.809,1.965,1.84,2.772,2.772,1.844,1.82,1.886,2.833,1.856,1.871,1.885,1.885,1.898,1.911,1.916,1.916,1.851,1.874,4.539,1.843,1.792,0.0,0.0,0.0,0.178,0.803,0.888,0.888,0.894,0.865,3.368,1.218,1.218,1.159,1.145,1.145,0.608,0.595,0.731,0.675,0.647,0.637,0.637,0.731,0.731,0.731,0.731,0.731,0.764,0.758,0.773,0.807,0.81,0.81,0.81,0.81,0.838,0.895,0.916,0.924,0.931,0.942,0.959,0.977,1.005,1.005,1.122,1.034,1.082,1.115,1.158,1.775,1.159,1.205,1.186,1.751,1.751,1.14,1.14,1.14,1.14,1.082,1.2,1.2,1.242,1.242,1.242,1.242,1.242,1.289,1.306,1.331,1.331,1.331,1.37,1.347,1.347,1.398,1.432,1.446,0.873,1.432,1.432,1.432,1.463,1.492,1.492,4.667,4.667,4.667,4.667,4.667,4.085,4.605,3.586,1.03,3.878,3.878,3.491,3.491,3.491,3.491,3.491,3.491,3.491,2.272,2.732,2.746,2.736,2.884,2.723,2.099,2.181,11.467
Point_92,9.344,1.054,1.122,1.122,1.122,1.064,1.105,1.105,1.105,1.105,1.105,1.104,1.104,1.124,1.124,1.12,1.14,1.14,1.14,1.042,1.042,1.042,1.062,1.059,1.154,1.154,1.042,1.183,1.183,1.183,1.299,1.299,1.299,1.183,1.159,1.263,1.23,2.061,1.23,1.23,1.23,1.976,1.976,1.23,1.23,1.23,1.288,1.908,1.328,1.684,1.684,1.637,1.637,1.632,1.632,1.632,1.65,1.65,1.681,1.681,1.69,1.69,1.706,1.784,1.814,1.829,1.747,1.809,1.965,1.84,2.772,2.772,1.844,1.82,1.886,2.833,1.856,1.871,1.885,1.885,1.898,1.911,1.916,1.916,1.851,1.874,4.539,1.843,1.792,0.0,0.0,0.0,0.178,0.803,0.888,0.888,0.894,0.865,3.368,1.218,1.218,1.159,1.145,1.145,0.608,0.595,0.731,0.675,0.647,0.637,0.637,0.731,0.731,0.731,0.731,0.731,0.764,0.758,0.773,0.807,0.81,0.81,0.81,0.81,0.838,0.895,0.916,0.924,0.931,0.942,0.959,0.977,1.005,1.005,1.122,1.034,1.082,1.115,1.158,1.775,1.159,1.205,1.186,1.751,1.751,1.14,1.14,1.14,1.14,1.082,1.2,1.2,1.242,1.242,1.242,1.242,1.242,1.289,1.306,1.331,1.331,1.331,1.37,1.347,1.347,1.398,1.432,1.446,0.873,1.432,1.432,1.432,1.463,1.492,1.492,4.667,4.667,4.667,4.667,4.667,4.085,4.605,3.586,1.03,3.878,3.878,3.491,3.491,3.491,3.491,3.491,3.491,3.491,2.272,2.732,2.746,2.736,2.884,2.723,2.099,2.181,11.467
Point_93,9.243,1.231,1.3,1.3,1.3,1.241,1.283,1.283,1.283,1.283,1.283,1.281,1.281,1.302,1.302,1.298,1.318,1.318,1.318,1.22,1.22,1.22,1.239,1.236,1.331,1.331,1.22,1.36,1.36,1.36,1.476,1.476,1.476,1.36,1.336,1.441,1.408,2.123,1.408,1.408,1.408,2.038,2.038,1.408,1.408,1.408,1.465,1.97,1.506,1.746,1.746,1.699,1.699,1.694,1.694,1.694,1.712,1.712,1.743,1.743,1.752,1.752,1.768,1.846,1.876,1.891,1.647,1.709,1.865,1.739,2.671,2.671,1.744,1.72,1.786,2.733,1.756,1.771,1.785,1.785,1.798,1.811,1.815,1.815,1.751,1.773,4.439,1.743,1.692,0.178,0.178,0.178,0.0,0.855,0.94,0.94,0.946,0.917,3.43,1.396,1.396,1.337,1.322,1.322,0.631,0.618,0.865,0.699,0.67,0.66,0.66,0.865,0.865,0.865,0.754,0.754,0.788,0.781,0.796,0.83,0.833,0.833,0.833,0.833,0.861,0.918,0.939,0.947,0.954,0.965,0.982,1.0,1.028,1.028,1.145,1.057,1.105,1.138,1.182,1.798,1.182,1.228,1.209,1.813,1.813,1.163,1.163,1.163,1.163,1.105,1.223,1.223,1.265,1.265,1.265,1.265,1.265,1.312,1.329,1.354,1.354,1.354,1.393,1.37,1.37,1.421,1.455,1.469,0.896,1.455,1.455,1.455,1.486,1.516,1.516,4.566,4.566,4.566,4.566,4.566,3.984,4.504,3.486,0.93,3.778,3.778,3.39,3.39,3.39,3.39,3.39,3.39,3.39,2.171,2.632,2.645,2.636,2.784,2.623,1.998,2.081,11.529
Point_94,9.893,0.635,0.703,0.703,0.703,0.645,0.686,0.686,0.686,0.686,0.686,0.685,0.685,0.706,0.706,0.702,0.721,0.721,0.721,1.146,1.146,1.146,1.165,1.163,1.257,1.257,1.146,1.286,1.286,1.286,1.402,1.402,1.402,1.286,1.262,1.367,1.334,2.164,1.334,1.334,1.334,2.08,2.08,1.334,1.334,1.334,1.391,2.011,1.432,1.787,1.787,1.74,1.74,1.735,1.735,1.735,1.754,1.754,1.785,1.785,1.794,1.794,1.81,1.887,1.918,1.932,2.297,2.359,2.515,2.389,3.322,3.322,2.394,2.37,2.436,3.383,2.406,2.421,2.435,2.435,2.448,2.461,2.466,2.466,2.401,2.424,5.089,2.393,2.342,1.003,1.003,1.003,1.265,0.0,0.245,0.245,0.251,0.154,3.471,0.8,0.8,0.741,0.726,0.726,1.158,1.144,1.245,1.225,1.197,1.186,1.186,1.245,1.245,1.245,1.281,1.281,1.314,1.308,1.323,1.357,1.36,1.36,1.36,1.36,1.388,1.445,1.465,1.474,1.48,1.492,1.508,1.527,1.554,1.554,1.672,1.584,1.632,1.665,1.708,2.325,1.709,1.755,1.736,1.854,1.854,1.69,1.69,1.69,1.69,1.632,1.75,1.75,1.792,1.792,1.792,1.792,1.792,1.838,1.855,1.881,1.881,1.881,1.92,1.897,1.897,1.947,1.982,1.996,1.423,1.982,1.982,1.982,2.013,2.042,2.042,5.216,5.216,5.216,5.216,5.216,4.635,5.154,4.136,1.58,4.428,4.428,4.041,4.041,4.041,4.041,4.041,4.041,4.041,2.821,3.282,3.296,3.286,3.434,3.273,2.649,2.731,11.57
Point_95,9.753,1.017,1.086,1.086,1.086,1.027,1.069,1.069,1.069,1.069,1.069,1.068,1.068,1.088,1.088,1.084,1.104,1.104,1.104,1.006,1.006,1.006,1.025,1.023,1.118,1.118,1.006,1.146,1.146,1.146,1.263,1.263,1.263,1.146,1.122,1.227,1.194,2.024,1.194,1.194,1.194,1.94,1.94,1.194,1.194,1.194,1.251,1.871,1.292,1.648,1.648,1.6,1.6,1.595,1.595,1.595,1.614,1.614,1.645,1.645,1.654,1.654,1.67,1.747,1.778,1.792,2.157,2.219,2.375,2.25,3.182,3.182,2.254,2.23,2.296,3.243,2.266,2.281,2.295,2.295,2.308,2.321,2.326,2.326,2.261,2.284,4.949,2.253,2.202,0.863,0.863,0.863,1.125,1.273,0.0,0.0,0.111,1.315,3.331,1.182,1.182,1.123,1.108,1.108,1.018,1.005,1.105,1.085,1.057,1.046,1.046,1.105,1.105,1.105,1.141,1.141,1.174,1.168,1.183,1.217,1.22,1.22,1.22,1.22,1.248,1.305,1.326,1.334,1.34,1.352,1.369,1.387,1.414,1.414,1.532,1.444,1.492,1.525,1.568,2.185,1.569,1.615,1.596,1.714,1.714,1.55,1.55,1.55,1.55,1.492,1.61,1.61,1.652,1.652,1.652,1.652,1.652,1.699,1.715,1.741,1.741,1.741,1.78,1.757,1.757,1.807,1.842,1.856,1.283,1.842,1.842,1.842,1.873,1.902,1.902,5.076,5.076,5.076,5.076,5.076,4.495,5.014,3.996,1.44,4.288,4.288,3.901,3.901,3.901,3.901,3.901,3.901,3.901,2.682,3.142,3.156,3.146,3.294,3.133,2.509,2.591,11.43
Point_96,9.753,1.017,1.086,1.086,1.086,1.027,1.069,1.069,1.069,1.069,1.069,1.068,1.068,1.088,1.088,1.084,1.104,1.104,1.104,1.006,1.006,1.006,1.025,1.023,1.118,1.118,1.006,1.146,1.146,1.146,1.263,1.263,1.263,1.146,1.122,1.227,1.194,2.024,1.194,1.194,1.194,1.94,1.94,1.194,1.194,1.194,1.251,1.871,1.292,1.648,1.648,1.6,1.6,1.595,1.595,1.595,1.614,1.614,1.645,1.645,1.654,1.654,1.67,1.747,1.778,1.792,2.157,2.219,2.375,2.25,3.182,3.182,2.254,2.23,2.296,3.243,2.266,2.281,2.295,2.295,2.308,2.321,2.326,2.326,2.261,2.284,4.949,2.253,2.202,0.863,0.863,0.863,1.125,1.273,0.0,0.0,0.111,1.315,3.331,1.182,1.182,1.123,1.108,1.108,1.018,1.005,1.105,1.085,1.057,1.046,1.046,1.105,1.105,1.105,1.141,1.141,1.174,1.168,1.183,1.217,1.22,1.22,1.22,1.22,1.248,1.305,1.326,1.334,1.34,1.352,1.369,1.387,1.414,1.414,1.532,1.444,1.492,1.525,1.568,2.185,1.569,1.615,1.596,1.714,1.714,1.55,1.55,1.55,1.55,1.492,1.61,1.61,1.652,1.652,1.652,1.652,1.652,1.699,1.715,1.741,1.741,1.741,1.78,1.757,1.757,1.807,1.842,1.856,1.283,1.842,1.842,1.842,1.873,1.902,1.902,5.076,5.076,5.076,5.076,5.076,4.495,5.014,3.996,1.44,4.288,4.288,3.901,3.901,3.901,3.901,3.901,3.901,3.901,2.682,3.142,3.156,3.146,3.294,3.133,2.509,2.591,11.43
Point_97,9.643,0.906,0.975,0.975,0.975,0.916,0.958,0.958,0.958,0.958,0.958,0.957,0.957,0.977,0.977,0.973,0.993,0.993,0.993,0.895,0.895,0.895,0.914,0.912,1.007,1.007,0.895,1.035,1.035,1.035,1.152,1.152,1.152,1.035,1.011,1.116,1.083,1.914,1.083,1.083,1.083,1.829,1.829,1.083,1.083,1.083,1.14,1.76,1.181,1.537,1.537,1.489,1.489,1.484,1.484,1.484,1.503,1.503,1.534,1.534,1.543,1.543,1.559,1.637,1.667,1.681,2.046,2.109,2.264,2.139,3.071,3.071,2.143,2.119,2.185,3.132,2.155,2.17,2.184,2.184,2.197,2.21,2.215,2.215,2.15,2.173,4.838,2.142,2.091,0.752,0.752,0.752,1.014,1.162,1.173,1.173,0.0,1.204,3.22,1.071,1.071,1.012,0.997,0.997,0.907,0.894,0.994,0.975,0.946,0.936,0.936,0.994,0.994,0.994,1.03,1.03,1.064,1.057,1.072,1.106,1.109,1.109,1.109,1.109,1.137,1.194,1.215,1.223,1.23,1.241,1.258,1.276,1.304,1.304,1.421,1.333,1.381,1.414,1.457,2.074,1.458,1.504,1.485,1.603,1.603,1.439,1.439,1.439,1.439,1.381,1.499,1.499,1.541,1.541,1.541,1.541,1.541,1.588,1.605,1.63,1.63,1.63,1.669,1.646,1.646,1.697,1.731,1.745,1.172,1.731,1.731,1.731,1.762,1.791,1.791,4.966,4.966,4.966,4.966,4.966,4.384,4.904,3.885,1.329,4.177,4.177,3.79,3.79,3.79,3.79,3.79,3.79,3.79,2.571,3.031,3.045,3.035,3.183,3.022,2.398,2.48,11.319
Point_98,9.801,0.481,0.549,0.549,0.549,0.491,0.532,0.532,0.532,0.532,0.532,0.531,0.531,0.551,0.551,0.547,0.567,0.567,0.567,1.054,1.054,1.054,1.073,1.07,1.165,1.165,1.054,1.194,1.194,1.194,1.31,1.31,1.31,1.194,1.17,1.275,1.242,2.072,1.242,1.242,1.242,1.988,1.988,1.242,1.242,1.242,1.299,1.919,1.34,1.695,1.695,1.648,1.648,1.643,1.643,1.643,1.662,1.662,1.693,1.693,1.702,1.702,1.718,1.795,1.826,1.84,2.205,2.267,2.423,2.297,3.23,3.23,2.302,2.278,2.344,3.291,2.314,2.329,2.343,2.343,2.356,2.369,2.374,2.374,2.309,2.332,4.997,2.301,2.25,0.911,0.911,0.911,1.173,0.736,1.332,1.332,0.317,0.0,3.379,0.645,0.645,0.586,0.572,0.572,1.066,1.052,1.153,1.133,1.105,1.094,1.094,1.153,1.153,1.153,1.189,1.189,1.222,1.215,1.231,1.265,1.268,1.268,1.268,1.268,1.296,1.353,1.373,1.382,1.388,1.4,1.416,1.435,1.462,1.462,1.58,1.492,1.54,1.573,1.616,2.233,1.617,1.663,1.644,1.762,1.762,1.598,1.598,1.598,1.598,1.54,1.658,1.658,1.7,1.7,1.7,1.7,1.7,1.746,1.763,1.788,1.788,1.788,1.828,1.805,1.805,1.855,1.89,1.903,1.331,1.89,1.89,1.89,1.921,1.95,1.95,5.124,5.124,5.124,5.124,5.124,4.543,5.062,4.044,1.488,4.336,4.336,3.949,3.949,3.949,3.949,3.949,3.949,3.949,2.729,3.19,3.204,3.194,3.342,3.181,2.557,2.639,11.478
Point_99,11.221,3.652,3.72,3.72,3.72,3.662,3.703,3.703,3.703,3.703,3.703,3.702,3.702,3.722,3.722,3.718,3.738,3.738,3.738,3.302,3.302,3.302,3.321,3.319,3.244,3.244,3.302,3.273,3.273,3.273,3.389,3.389,3.389,3.273,3.249,3.353,3.32,2.825,3.32,3.32,3.32,2.741,2.741,3.32,3.32,3.32,3.378,2.672,3.418,2.449,2.449,2.401,2.401,2.06,2.06,2.06,2.078,2.078,2.109,2.109,2.118,2.118,2.134,2.212,2.242,2.257,4.449,4.512,4.668,4.542,4.574,4.574,4.084,4.113,4.589,4.227,3.818,3.803,3.789,3.789,3.776,3.763,3.759,3.759,3.729,3.752,7.242,3.721,3.67,3.557,3.557,3.557,3.819,3.415,3.978,3.978,3.653,3.457,0.0,3.324,3.324,3.265,3.25,3.25,3.207,3.137,2.998,3.113,3.081,3.095,3.095,2.998,2.998,2.998,3.287,3.287,3.38,3.373,3.388,3.422,3.425,3.425,3.425,3.425,3.453,3.51,3.531,3.539,3.546,3.557,3.574,3.593,3.62,3.62,2.676,3.649,2.613,2.689,2.732,3.329,2.733,2.779,2.509,2.515,2.515,2.555,2.555,2.555,2.555,2.613,2.753,2.753,2.796,2.796,2.796,2.796,2.796,2.842,2.859,2.884,2.884,2.884,2.923,2.901,2.901,2.951,2.986,2.999,3.276,2.986,2.986,2.986,3.016,3.046,3.046,7.369,7.369,7.369,7.369,7.369,6.787,7.307,6.289,3.412,6.581,6.581,6.193,6.193,6.193,6.193,6.193,6.193,6.193,4.586,4.538,4.624,4.614,4.805,4.601,3.977,4.059,8.699
Point_100,10.103,0.782,0.851,0.851,0.851,0.792,0.834,0.834,0.834,0.834,0.834,0.832,0.832,0.853,0.853,0.849,0.869,0.869,0.869,1.355,1.355,1.355,1.375,1.372,1.467,1.467,1.355,1.496,1.496,1.496,1.612,1.612,1.612,1.496,1.472,1.576,1.543,2.374,1.543,1.543,1.543,2.289,2.289,1.543,1.543,1.543,1.601,2.221,1.641,1.997,1.997,1.95,1.95,1.945,1.945,1.945,1.964,1.964,1.995,1.995,2.003,2.003,2.019,2.097,2.127,2.142,2.506,2.569,2.724,2.599,3.531,3.531,2.603,2.579,2.646,3.592,2.616,2.631,2.645,2.645,2.657,2.671,2.675,2.675,2.611,2.633,5.299,2.602,2.552,1.213,1.213,1.213,1.474,0.546,1.633,1.633,0.905,0.588,3.13,0.0,0.0,0.289,0.274,0.274,1.367,1.354,1.454,1.435,1.406,1.396,1.396,1.454,1.454,1.454,1.491,1.491,1.524,1.517,1.533,1.566,1.569,1.569,1.569,1.569,1.597,1.654,1.675,1.684,1.69,1.702,1.718,1.737,1.764,1.764,1.881,1.793,1.842,1.875,1.918,2.534,1.919,1.964,1.945,2.064,2.064,1.899,1.899,1.899,1.899,1.842,1.959,1.959,2.002,2.002,2.002,2.002,2.002,2.048,2.065,2.09,2.09,2.09,2.129,2.106,2.106,2.157,2.192,2.205,1.632,2.192,2.192,2.192,2.222,2.252,2.252,5.426,5.426,5.426,5.426,5.426,4.844,5.364,4.345,1.79,4.637,4.637,4.25,4.25,4.25,4.25,4.25,4.25,4.25,3.031,3.492,3.505,3.495,3.644,3.482,2.858,2.94,11.647
Point_101,10.103,0.782,0.851,0.851,0.851,0.792,0.834,0.834,0.834,0.834,0.834,0.832,0.832,0.853,0.853,0.849,0.869,0.869,0.869,1.355,1.355,1.355,1.375,1.372,1.467,1.467,1.355,1.496,1.496,1.496,1.612,1.612,1.612,1.496,1.472,1.576,1.543,2.374,1.543,1.543,1.543,2.289,2.289,1.543,1.543,1.543,1.601,2.221,1.641,1.997,1.997,1.95,1.95,1.945,1.945,1.945,1.964,1.964,1.995,1.995,2.003,2.003,2.019,2.097,2.127,2.142,2.506,2.569,2.724,2.599,3.531,3.531,2.603,2.579,2.646,3.592,2.616,2.631,2.645,2.645,2.657,2.671,2.675,2.675,2.611,2.633,5.299,2.602,2.552,1.213,1.213,1.213,1.474,0.546,1.633,1.633,0.905,0.588,3.13,0.0,0.0,0.289,0.274,0.274,1.367,1.354,1.454,1.435,1.406,1.396,1.396,1.454,1.454,1.454,1.491,1.491,1.524,1.517,1.533,1.566,1.569,1.569,1.569,1.569,1.597,1.654,1.675,1.684,1.69,1.702,1.718,1.737,1.764,1.764,1.881,1.793,1.842,1.875,1.918,2.534,1.919,1.964,1.945,2.064,2.064,1.899,1.899,1.899,1.899,1.842,1.959,1.959,2.002,2.002,2.002,2.002,2.002,2.048,2.065,2.09,2.09,2.09,2.129,2.106,2.106,2.157,2.192,2.205,1.632,2.192,2.192,2.192,2.222,2.252,2.252,5.426,5.426,5.426,5.426,5.426,4.844,5.364,4.345,1.79,4.637,4.637,4.25,4.25,4.25,4.25,4.25,4.25,4.25,3.031,3.492,3.505,3.495,3.644,3.482,2.858,2.94,11.647
Point_102,16.18,1.609,1.677,1.677,1.677,1.619,1.66,1.66,1.66,1.66,1.66,1.659,1.659,1.68,1.68,1.676,1.695,1.695,1.695,2.182,2.182,2.182,2.201,2.199,2.294,2.294,2.182,2.322,2.322,2.322,2.439,2.439,2.439,2.322,2.298,2.403,2.37,3.2,2.37,2.37,2.37,3.116,3.116,2.37,2.37,2.37,2.427,3.047,2.468,2.824,2.824,2.776,2.776,2.771,2.771,2.771,2.79,2.79,2.821,2.821,2.83,2.83,2.846,2.924,2.954,2.968,3.333,3.395,3.551,3.426,4.358,4.358,3.43,3.406,3.472,4.419,3.442,3.457,3.471,3.471,3.484,3.497,3.502,3.502,3.437,3.46,6.125,3.429,3.378,2.039,2.039,2.039,2.301,1.372,2.46,2.46,1.732,1.415,2.852,1.281,1.281,0.0,1.207,1.207,2.194,2.181,2.281,2.261,2.233,2.223,2.223,2.281,2.281,2.281,2.317,2.317,2.35,2.344,2.359,2.393,2.396,2.396,2.396,2.396,2.424,2.481,2.502,2.51,2.516,2.528,2.545,2.563,2.591,2.591,2.708,2.62,2.668,2.701,2.744,3.361,2.745,2.791,2.772,2.89,2.89,2.726,2.726,2.726,2.726,2.668,2.786,2.786,2.828,2.828,2.828,2.828,2.828,2.875,2.892,2.917,2.917,2.917,2.956,2.933,2.933,2.984,3.018,3.032,2.459,3.018,3.018,3.018,3.049,3.078,3.078,6.36,6.36,6.36,6.36,6.36,5.671,6.298,5.172,2.616,5.464,5.464,5.077,5.077,5.077,5.077,5.077,5.077,5.077,3.858,4.318,4.332,4.322,4.47,4.309,3.685,3.767,11.37
Point_103,16.194,1.624,1.692,1.692,1.692,1.633,1.675,1.675,1.675,1.675,1.675,1.674,1.674,1.694,1.694,1.69,1.71,1.71,1.71,2.197,2.197,2.197,2.216,2.213,2.308,2.308,2.197,2.337,2.337,2.337,2.453,2.453,2.453,2.337,2.313,2.417,2.385,3.215,2.385,2.385,2.385,3.131,3.131,2.385,2.385,2.385,2.442,3.062,2.483,2.838,2.838,2.791,2.791,2.786,2.786,2.786,2.805,2.805,2.836,2.836,2.844,2.844,2.861,2.938,2.969,2.983,3.347,3.41,3.566,3.44,4.372,4.372,3.445,3.421,3.487,4.433,3.457,3.472,3.486,3.486,3.499,3.512,3.516,3.516,3.452,3.474,6.14,3.444,3.393,2.054,2.054,2.054,2.315,1.387,2.475,2.475,1.747,1.429,2.867,1.296,1.296,0.015,0.0,0.0,2.209,2.195,2.295,2.276,2.248,2.237,2.237,2.295,2.295,2.295,2.332,2.332,2.365,2.358,2.374,2.407,2.41,2.41,2.41,2.41,2.439,2.496,2.516,2.525,2.531,2.543,2.559,2.578,2.605,2.605,2.723,2.634,2.683,2.716,2.759,3.376,2.76,2.806,2.787,2.905,2.905,2.74,2.74,2.74,2.74,2.683,2.801,2.801,2.843,2.843,2.843,2.843,2.843,2.889,2.906,2.931,2.931,2.931,2.971,2.948,2.948,2.998,3.033,3.046,2.473,3.033,3.033,3.033,3.063,3.093,3.093,6.375,6.375,6.375,6.375,6.375,5.685,6.313,5.187,2.631,5.479,5.479,5.091,5.091,5.091,5.091,5.091,5.091,5.091,3.872,4.333,4.346,4.337,4.485,4.323,3.699,3.782,11.384
Point_104,16.194,1.624,1.692,1.692,1.692,1.633,1.675,1.675,1.675,1.675,1.675,1.674,1.674,1.694,1.694,1.69,1.71,1.71,1.71,2.197,2.197,2.197,2.216,2.213,2.308,2.308,2.197,2.337,2.337,2.337,2.453,2.453,2.453,2.337,2.313,2.417,2.385,3.215,2.385,2.385,2.385,3.131,3.131,2.385,2.385,2.385,2.442,3.062,2.483,2.838,2.838,2.791,2.791,2.786,2.786,2.786,2.805,2.805,2.836,2.836,2.844,2.844,2.861,2.938,2.969,2.983,3.347,3.41,3.566,3.44,4.372,4.372,3.445,3.421,3.487,4.433,3.457,3.472,3.486,3.486,3.499,3.512,3.516,3.516,3.452,3.474,6.14,3.444,3.393,2.054,2.054,2.054,2.315,1.387,2.475,2.475,1.747,1.429,2.867,1.296,1.296,0.015,0.0,0.0,2.209,2.195,2.295,2.276,2.248,2.237,2.237,2.295,2.295,2.295,2.332,2.332,2.365,2.358,2.374,2.407,2.41,2.41,2.41,2.41,2.439,2.496,2.516,2.525,2.531,2.543,2.559,2.578,2.605,2.605,2.723,2.634,2.683,2.716,2.759,3.376,2.76,2.806,2.787,2.905,2.905,2.74,2.74,2.74,2.74,2.683,2.801,2.801,2.843,2.843,2.843,2.843,2.843,2.889,2.906,2.931,2.931,2.931,2.971,2.948,2.948,2.998,3.033,3.046,2.473,3.033,3.033,3.033,3.063,3.093,3.093,6.375,6.375,6.375,6.375,6.375,5.685,6.313,5.187,2.631,5.479,5.479,5.091,5.091,5.091,5.091,5.091,5.091,5.091,3.872,4.333,4.346,4.337,4.485,4.323,3.699,3.782,11.384
Point_105,9.079,1.231,1.299,1.299,1.299,1.24,1.282,1.282,1.282,1.282,1.282,1.281,1.281,1.301,1.301,1.297,1.317,1.317,1.317,1.219,1.219,1.219,1.238,1.236,1.331,1.331,1.219,1.359,1.359,1.359,1.476,1.476,1.476,1.359,1.336,1.44,1.407,1.575,1.407,1.407,1.407,1.49,1.49,1.407,1.407,1.407,1.465,1.422,1.505,1.198,1.198,1.151,1.151,1.146,1.146,1.146,1.165,1.165,1.196,1.196,1.204,1.204,1.221,1.298,1.329,1.343,1.663,1.726,1.881,1.756,2.688,2.688,1.76,1.736,1.802,2.085,1.773,1.788,1.802,1.802,1.814,1.621,1.616,1.616,1.587,1.609,4.456,1.578,1.528,0.583,0.583,0.583,0.631,1.486,1.551,1.551,0.978,1.529,2.882,1.395,1.395,1.336,1.321,1.321,0.0,0.07,0.758,0.151,0.122,0.112,0.112,0.758,0.758,0.758,0.206,0.206,0.24,0.233,0.249,0.282,0.285,0.285,0.285,0.285,0.313,0.37,0.391,0.4,0.406,0.417,0.434,0.453,0.48,0.48,0.597,0.509,0.558,0.591,0.634,1.25,0.634,0.68,0.661,1.265,1.265,0.615,0.615,0.615,0.615,0.558,0.675,0.675,0.718,0.718,0.718,0.718,0.718,0.764,0.781,0.806,0.806,0.806,0.845,0.822,0.822,0.873,0.907,0.921,0.348,0.907,0.907,0.907,0.938,0.968,0.968,4.583,4.583,4.583,4.583,4.583,4.001,4.521,3.502,0.715,3.794,3.794,3.407,3.407,3.407,3.407,3.407,3.407,3.407,2.188,2.649,2.481,2.471,2.801,2.458,1.834,1.916,10.981
Point_106,9.009,1.217,1.285,1.285,1.285,1.227,1.269,1.269,1.269,1.269,1.269,1.267,1.267,1.288,1.288,1.284,1.304,1.304,1.304,1.206,1.206,1.206,1.225,1.222,1.317,1.317,1.206,1.346,1.346,1.346,1.462,1.462,1.462,1.346,1.322,1.426,1.394,1.505,1.394,1.394,1.394,1.421,1.421,1.394,1.394,1.394,1.451,1.352,1.492,1.128,1.128,1.081,1.081,1.076,1.076,1.076,1.095,1.095,1.126,1.126,1.134,1.134,1.151,1.228,1.259,1.273,1.65,1.712,1.868,1.742,2.675,2.675,1.747,1.723,1.789,2.015,1.759,1.774,1.788,1.788,1.564,1.551,1.546,1.546,1.517,1.539,4.442,1.509,1.458,0.569,0.569,0.569,0.618,1.473,1.538,1.538,0.964,1.515,2.812,1.382,1.382,1.323,1.308,1.308,0.07,0.0,0.745,0.081,0.052,0.042,0.042,0.745,0.745,0.745,0.137,0.137,0.17,0.163,0.179,0.212,0.215,0.215,0.215,0.215,0.244,0.3,0.321,0.33,0.336,0.348,0.364,0.383,0.41,0.41,0.527,0.439,0.488,0.521,0.564,1.18,0.565,0.61,0.591,1.195,1.195,0.545,0.545,0.545,0.545,0.488,0.605,0.605,0.648,0.648,0.648,0.648,0.648,0.694,0.711,0.736,0.736,0.736,0.775,0.753,0.753,0.803,0.838,0.851,0.278,0.838,0.838,0.838,0.868,0.898,0.898,4.569,4.569,4.569,4.569,4.569,3.988,4.507,3.489,0.645,3.781,3.781,3.394,3.394,3.394,3.394,3.394,3.394,3.394,2.174,2.635,2.411,2.401,2.787,2.388,1.764,1.847,10.911
Point_107,8.931,1.357,1.425,1.425,1.425,1.367,1.408,1.408,1.408,1.408,1.408,1.407,1.407,1.427,1.427,1.423,1.443,1.443,1.443,1.345,1.345,1.345,1.364,1.362,1.51,1.51,1.345,1.539,1.539,1.539,1.655,1.655,1.655,1.539,1.515,1.619,1.586,1.427,1.586,1.586,1.586,1.343,1.343,1.586,1.586,1.586,1.644,1.274,1.684,1.05,1.05,1.003,1.003,0.998,0.998,0.998,1.017,1.017,1.048,1.048,1.057,1.057,1.073,1.15,1.181,1.195,1.605,1.667,1.823,1.698,2.63,2.63,1.702,1.678,1.744,1.937,1.491,1.513,1.499,1.499,1.486,1.473,1.469,1.469,1.439,1.462,4.397,1.431,1.38,0.709,0.709,0.709,0.757,1.612,1.677,1.677,1.104,1.655,2.734,1.521,1.521,1.462,1.448,1.448,0.209,0.14,0.0,0.116,0.083,0.098,0.098,0.0,0.0,0.0,0.06,0.06,0.092,0.085,0.101,0.134,0.137,0.137,0.137,0.137,0.166,0.223,0.243,0.252,0.258,0.27,0.286,0.305,0.332,0.332,0.45,0.361,0.41,0.443,0.486,1.103,0.487,0.533,0.514,1.117,1.117,0.467,0.467,0.467,0.467,0.41,0.528,0.528,0.57,0.57,0.57,0.57,0.57,0.616,0.633,0.658,0.658,0.658,0.698,0.675,0.675,0.725,0.76,0.773,0.2,0.76,0.76,0.76,0.79,0.82,0.82,4.525,4.525,4.525,4.525,4.525,3.943,4.463,3.444,0.568,3.736,3.736,3.349,3.349,3.349,3.349,3.349,3.349,3.349,2.13,2.59,2.333,2.324,2.742,2.311,1.687,1.769,10.833
Point_108,8.985,1.298,1.366,1.366,1.366,1.308,1.35,1.35,1.35,1.35,1.35,1.348,1.348,1.369,1.369,1.365,1.384,1.384,1.384,1.287,1.287,1.287,1.306,1.303,1.398,1.398,1.287,1.427,1.427,1.427,1.543,1.543,1.543,1.427,1.403,1.507,1.475,1.481,1.475,1.475,1.475,1.397,1.397,1.475,1.475,1.475,1.532,1.328,1.573,1.105,1.105,1.057,1.057,1.052,1.052,1.052,1.071,1.071,1.102,1.102,1.111,1.111,1.127,1.204,1.235,1.249,1.731,1.793,1.949,1.823,2.755,2.755,1.828,1.804,1.87,1.991,1.545,1.567,1.553,1.553,1.54,1.527,1.523,1.523,1.493,1.516,4.523,1.485,1.434,0.65,0.65,0.65,0.699,1.554,1.619,1.619,1.045,1.596,2.788,1.463,1.463,1.404,1.389,1.389,0.151,0.081,0.826,0.0,0.029,0.039,0.039,0.826,0.826,0.826,0.113,0.113,0.146,0.139,0.155,0.189,0.191,0.191,0.191,0.191,0.22,0.277,0.297,0.306,0.312,0.324,0.34,0.359,0.386,0.386,0.504,0.416,0.464,0.497,0.54,1.157,0.541,0.587,0.568,1.171,1.171,0.521,0.521,0.521,0.521,0.464,0.582,0.582,0.624,0.624,0.624,0.624,0.624,0.67,0.687,0.712,0.712,0.712,0.752,0.729,0.729,0.779,0.814,0.827,0.254,0.814,0.814,0.814,0.844,0.874,0.874,4.65,4.65,4.65,4.65,4.65,4.068,4.588,3.57,0.622,3.862,3.862,3.475,3.475,3.475,3.475,3.475,3.475,3.475,2.255,2.716,2.387,2.378,2.868,2.365,1.741,1.823,10.887
Point_109,8.953,1.269,1.338,1.338,1.338,1.279,1.321,1.321,1.321,1.321,1.321,1.32,1.32,1.34,1.34,1.336,1.356,1.356,1.356,1.258,1.258,1.258,1.277,1.275,1.37,1.37,1.258,1.398,1.398,1.398,1.515,1.515,1.515,1.398,1.374,1.479,1.446,1.449,1.446,1.446,1.446,1.364,1.364,1.446,1.446,1.446,1.503,1.296,1.544,1.072,1.072,1.025,1.025,1.02,1.02,1.02,1.039,1.039,1.07,1.07,1.078,1.078,1.094,1.172,1.202,1.217,1.702,1.765,1.92,1.795,2.727,2.727,1.799,1.775,1.841,1.959,1.513,1.535,1.521,1.521,1.508,1.495,1.49,1.49,1.46,1.483,4.495,1.452,1.402,0.622,0.622,0.622,0.67,1.525,1.59,1.59,1.017,1.567,2.756,1.434,1.434,1.375,1.36,1.36,0.122,0.052,0.797,0.029,0.0,0.01,0.01,0.797,0.797,0.797,0.08,0.08,0.114,0.107,0.122,0.156,0.159,0.159,0.159,0.159,0.187,0.244,0.265,0.273,0.28,0.291,0.308,0.326,0.354,0.354,0.471,0.383,0.432,0.465,0.508,1.124,0.508,0.554,0.535,1.139,1.139,0.489,0.489,0.489,0.489,0.432,0.549,0.549,0.592,0.592,0.592,0.592,0.592,0.638,0.655,0.68,0.68,0.68,0.719,0.696,0.696,0.747,0.781,0.795,0.222,0.781,0.781,0.781,0.812,0.842,0.842,4.622,4.622,4.622,4.622,4.622,4.04,4.56,3.541,0.589,3.833,3.833,3.446,3.446,3.446,3.446,3.446,3.446,3.446,2.227,2.688,2.355,2.345,2.84,2.332,1.708,1.79,10.855
Point_110,8.967,1.259,1.327,1.327,1.327,1.269,1.311,1.311,1.311,1.311,1.311,1.309,1.309,1.33,1.33,1.326,1.345,1.345,1.345,1.248,1.248,1.248,1.267,1.264,1.359,1.359,1.248,1.388,1.388,1.388,1.504,1.504,1.504,1.388,1.364,1.468,1.436,1.463,1.436,1.436,1.436,1.379,1.379,1.436,1.436,1.436,1.493,1.31,1.534,1.086,1.086,1.039,1.039,1.034,1.034,1.034,1.053,1.053,1.084,1.084,1.092,1.092,1.109,1.186,1.217,1.231,1.692,1.754,1.91,1.784,2.717,2.717,1.789,1.765,1.831,1.973,1.801,1.549,1.535,1.535,1.522,1.509,1.504,1.504,1.475,1.497,4.484,1.467,1.416,0.611,0.611,0.611,0.66,1.515,1.58,1.58,1.006,1.557,2.77,1.424,1.424,1.365,1.35,1.35,0.112,0.042,0.787,0.039,0.01,0.0,0.0,0.787,0.787,0.787,0.095,0.095,0.128,0.121,0.137,0.17,0.173,0.173,0.173,0.173,0.202,0.258,0.279,0.288,0.294,0.306,0.322,0.341,0.368,0.368,0.485,0.397,0.446,0.479,0.522,1.138,0.523,0.568,0.55,1.153,1.153,0.503,0.503,0.503,0.503,0.446,0.563,0.563,0.606,0.606,0.606,0.606,0.606,0.652,0.669,0.694,0.694,0.694,0.733,0.711,0.711,0.761,0.796,0.809,0.236,0.796,0.796,0.796,0.826,0.856,0.856,4.611,4.611,4.611,4.611,4.611,4.029,4.549,3.531,0.603,3.823,3.823,3.436,3.436,3.436,3.436,3.436,3.436,3.436,2.216,2.677,2.369,2.359,2.829,2.346,1.722,1.805,10.869
Point_111,8.967,1.259,1.327,1.327,1.327,1.269,1.311,1.311,1.311,1.311,1.311,1.309,1.309,1.33,1.33,1.326,1.345,1.345,1.345,1.248,1.248,1.248,1.267,1.264,1.359,1.359,1.248,1.388,1.388,1.388,1.504,1.504,1.504,1.388,1.364,1.468,1.436,1.463,1.436,1.436,1.436,1.379,1.379,1.436,1.436,1.436,1.493,1.31,1.534,1.086,1.086,1.039,1.039,1.034,1.034,1.034,1.053,1.053,1.084,1.084,1.092,1.092,1.109,1.186,1.217,1.231,1.692,1.754,1.91,1.784,2.717,2.717,1.789,1.765,1.831,1.973,1.801,1.549,1.535,1.535,1.522,1.509,1.504,1.504,1.475,1.497,4.484,1.467,1.416,0.611,0.611,0.611,0.66,1.515,1.58,1.58,1.006,1.557,2.77,1.424,1.424,1.365,1.35,1.35,0.112,0.042,0.787,0.039,0.01,0.0,0.0,0.787,0.787,0.787,0.095,0.095,0.128,0.121,0.137,0.17,0.173,0.173,0.173,0.173,0.202,0.258,0.279,0.288,0.294,0.306,0.322,0.341,0.368,0.368,0.485,0.397,0.446,0.479,0.522,1.138,0.523,0.568,0.55,1.153,1.153,0.503,0.503,0.503,0.503,0.446,0.563,0.563,0.606,0.606,0.606,0.606,0.606,0.652,0.669,0.694,0.694,0.694,0.733,0.711,0.711,0.761,0.796,0.809,0.236,0.796,0.796,0.796,0.826,0.856,0.856,4.611,4.611,4.611,4.611,4.611,4.029,4.549,3.531,0.603,3.823,3.823,3.436,3.436,3.436,3.436,3.436,3.436,3.436,2.216,2.677,2.369,2.359,2.829,2.346,1.722,1.805,10.869
Point_112,8.931,1.357,1.425,1.425,1.425,1.367,1.408,1.408,1.408,1.408,1.408,1.407,1.407,1.427,1.427,1.423,1.443,1.443,1.443,1.345,1.345,1.345,1.364,1.362,1.51,1.51,1.345,1.539,1.539,1.539,1.655,1.655,1.655,1.539,1.515,1.619,1.586,1.427,1.586,1.586,1.586,1.343,1.343,1.586,1.586,1.586,1.644,1.274,1.684,1.05,1.05,1.003,1.003,0.998,0.998,0.998,1.017,1.017,1.048,1.048,1.057,1.057,1.073,1.15,1.181,1.195,1.605,1.667,1.823,1.698,2.63,2.63,1.702,1.678,1.744,1.937,1.491,1.513,1.499,1.499,1.486,1.473,1.469,1.469,1.439,1.462,4.397,1.431,1.38,0.709,0.709,0.709,0.757,1.612,1.677,1.677,1.104,1.655,2.734,1.521,1.521,1.462,1.448,1.448,0.209,0.14,0.0,0.116,0.083,0.098,0.098,0.0,0.0,0.0,0.06,0.06,0.092,0.085,0.101,0.134,0.137,0.137,0.137,0.137,0.166,0.223,0.243,0.252,0.258,0.27,0.286,0.305,0.332,0.332,0.45,0.361,0.41,0.443,0.486,1.103,0.487,0.533,0.514,1.117,1.117,0.467,0.467,0.467,0.467,0.41,0.528,0.528,0.57,0.57,0.57,0.57,0.57,0.616,0.633,0.658,0.658,0.658,0.698,0.675,0.675,0.725,0.76,0.773,0.2,0.76,0.76,0.76,0.79,0.82,0.82,4.525,4.525,4.525,4.525,4.525,3.943,4.463,3.444,0.568,3.736,3.736,3.349,3.349,3.349,3.349,3.349,3.349,3.349,2.13,2.59,2.333,2.324,2.742,2.311,1.687,1.769,10.833
Point_113,8.931,1.357,1.425,1.425,1.425,1.367,1.408,1.408,1.408,1.408,1.408,1.407,1.407,1.427,1.427,1.423,1.443,1.443,1.443,1.345,1.345,1.345,1.364,1.362,1.51,1.51,1.345,1.539,1.539,1.539,1.655,1.655,1.655,1.539,1.515,1.619,1.586,1.427,1.586,1.586,1.586,1.343,1.343,1.586,1.586,1.586,1.644,1.274,1.684,1.05,1.05,1.003,1.003,0.998,0.998,0.998,1.017,1.017,1.048,1.048,1.057,1.057,1.073,1.15,1.181,1.195,1.605,1.667,1.823,1.698,2.63,2.63,1.702,1.678,1.744,1.937,1.491,1.513,1.499,1.499,1.486,1.473,1.469,1.469,1.439,1.462,4.397,1.431,1.38,0.709,0.709,0.709,0.757,1.612,1.677,1.677,1.104,1.655,2.734,1.521,1.521,1.462,1.448,1.448,0.209,0.14,0.0,0.116,0.083,0.098,0.098,0.0,0.0,0.0,0.06,0.06,0.092,0.085,0.101,0.134,0.137,0.137,0.137,0.137,0.166,0.223,0.243,0.252,0.258,0.27,0.286,0.305,0.332,0.332,0.45,0.361,0.41,0.443,0.486,1.103,0.487,0.533,0.514,1.117,1.117,0.467,0.467,0.467,0.467,0.41,0.528,0.528,0.57,0.57,0.57,0.57,0.57,0.616,0.633,0.658,0.658,0.658,0.698,0.675,0.675,0.725,0.76,0.773,0.2,0.76,0.76,0.76,0.79,0.82,0.82,4.525,4.525,4.525,4.525,4.525,3.943,4.463,3.444,0.568,3.736,3.736,3.349,3.349,3.349,3.349,3.349,3.349,3.349,2.13,2.59,2.333,2.324,2.742,2.311,1.687,1.769,10.833
Point_114,8.931,1.357,1.425,1.425,1.425,1.367,1.408,1.408,1.408,1.408,1.408,1.407,1.407,1.427,1.427,1.423,1.443,1.443,1.443,1.345,1.345,1.345,1.364,1.362,1.51,1.51,1.345,1.539,1.539,1.539,1.655,1.655,1.655,1.539,1.515,1.619,1.586,1.427,1.586,1.586,1.586,1.343,1.343,1.586,1.586,1.586,1.644,1.274,1.684,1.05,1.05,1.003,1.003,0.998,0.998,0.998,1.017,1.017,1.048,1.048,1.057,1.057,1.073,1.15,1.181,1.195,1.605,1.667,1.823,1.698,2.63,2.63,1.702,1.678,1.744,1.937,1.491,1.513,1.499,1.499,1.486,1.473,1.469,1.469,1.439,1.462,4.397,1.431,1.38,0.709,0.709,0.709,0.757,1.612,1.677,1.677,1.104,1.655,2.734,1.521,1.521,1.462,1.448,1.448,0.209,0.14,0.0,0.116,0.083,0.098,0.098,0.0,0.0,0.0,0.06,0.06,0.092,0.085,0.101,0.134,0.137,0.137,0.137,0.137,0.166,0.223,0.243,0.252,0.258,0.27,0.286,0.305,0.332,0.332,0.45,0.361,0.41,0.443,0.486,1.103,0.487,0.533,0.514,1.117,1.117,0.467,0.467,0.467,0.467,0.41,0.528,0.528,0.57,0.57,0.57,0.57,0.57,0.616,0.633,0.658,0.658,0.658,0.698,0.675,0.675,0.725,0.76,0.773,0.2,0.76,0.76,0.76,0.79,0.82,0.82,4.525,4.525,4.525,4.525,4.525,3.943,4.463,3.444,0.568,3.736,3.736,3.349,3.349,3.349,3.349,3.349,3.349,3.349,2.13,2.59,2.333,2.324,2.742,2.311,1.687,1.769,10.833
Point_115,8.869,1.355,1.424,1.424,1.424,1.365,1.407,1.407,1.407,1.407,1.407,1.406,1.406,1.426,1.426,1.422,1.442,1.442,1.442,1.344,1.344,1.344,1.363,1.361,1.448,1.448,1.344,1.477,1.477,1.477,1.593,1.593,1.593,1.477,1.453,1.558,1.525,1.366,1.525,1.525,1.525,1.281,1.281,1.525,1.525,1.525,1.582,1.213,1.623,0.989,0.989,0.942,0.942,0.937,0.937,0.937,0.955,0.955,0.986,0.986,0.995,0.995,1.011,1.089,1.119,1.134,1.542,1.605,1.76,1.635,2.567,2.567,1.639,1.615,1.682,1.874,1.429,1.45,1.436,1.436,1.424,1.41,1.406,1.406,1.376,1.399,4.335,1.368,1.317,0.708,0.708,0.708,0.756,1.611,1.676,1.676,1.103,1.653,2.673,1.52,1.52,1.461,1.446,1.446,0.208,0.138,1.202,0.115,0.082,0.096,0.096,1.202,1.202,1.202,0.0,0.0,0.03,0.024,0.039,0.073,0.076,0.076,0.076,0.076,0.104,0.161,0.182,0.19,0.197,0.208,0.225,0.243,0.271,0.271,0.388,0.3,0.348,0.381,0.424,1.041,0.425,0.471,0.452,1.056,1.056,0.406,0.406,0.406,0.406,0.348,0.466,0.466,0.508,0.508,0.508,0.508,0.508,0.555,0.572,0.597,0.597,0.597,0.636,0.613,0.613,0.664,0.698,0.712,0.138,0.698,0.698,0.698,0.729,0.758,0.758,4.462,4.462,4.462,4.462,4.462,3.88,4.4,3.381,0.505,3.673,3.673,3.286,3.286,3.286,3.286,3.286,3.286,3.286,2.067,2.528,2.271,2.261,2.68,2.248,1.624,1.706,10.772
Point_116,8.869,1.355,1.424,1.424,1.424,1.365,1.407,1.407,1.407,1.407,1.407,1.406,1.406,1.426,1.426,1.422,1.442,1.442,1.442,1.344,1.344,1.344,1.363,1.361,1.448,1.448,1.344,1.477,1.477,1.477,1.593,1.593,1.593,1.477,1.453,1.558,1.525,1.366,1.525,1.525,1.525,1.281,1.281,1.525,1.525,1.525,1.582,1.213,1.623,0.989,0.989,0.942,0.942,0.937,0.937,0.937,0.955,0.955,0.986,0.986,0.995,0.995,1.011,1.089,1.119,1.134,1.542,1.605,1.76,1.635,2.567,2.567,1.639,1.615,1.682,1.874,1.429,1.45,1.436,1.436,1.424,1.41,1.406,1.406,1.376,1.399,4.335,1.368,1.317,0.708,0.708,0.708,0.756,1.611,1.676,1.676,1.103,1.653,2.673,1.52,1.52,1.461,1.446,1.446,0.208,0.138,1.202,0.115,0.082,0.096,0.096,1.202,1.202,1.202,0.0,0.0,0.03,0.024,0.039,0.073,0.076,0.076,0.076,0.076,0.104,0.161,0.182,0.19,0.197,0.208,0.225,0.243,0.271,0.271,0.388,0.3,0.348,0.381,0.424,1.041,0.425,0.471,0.452,1.056,1.056,0.406,0.406,0.406,0.406,0.348,0.466,0.466,0.508,0.508,0.508,0.508,0.508,0.555,0.572,0.597,0.597,0.597,0.636,0.613,0.613,0.664,0.698,0.712,0.138,0.698,0.698,0.698,0.729,0.758,0.758,4.462,4.462,4.462,4.462,4.462,3.88,4.4,3.381,0.505,3.673,3.673,3.286,3.286,3.286,3.286,3.286,3.286,3.286,2.067,2.528,2.271,2.261,2.68,2.248,1.624,1.706,10.772
Point_117,9.085,2.079,2.148,2.148,2.148,2.089,2.131,2.131,2.131,2.131,2.131,2.13,2.13,2.15,2.15,2.146,2.166,2.166,2.166,1.476,1.476,1.476,1.495,1.493,1.418,1.418,1.476,1.447,1.447,1.447,1.563,1.563,1.563,1.447,1.423,1.527,1.494,1.335,1.494,1.494,1.494,1.251,1.251,1.494,1.494,1.494,1.552,1.182,1.592,0.958,0.958,0.911,0.911,0.906,0.906,0.906,0.925,0.925,0.956,0.956,0.964,0.964,0.981,1.058,1.089,1.103,2.131,2.194,2.349,2.224,3.156,3.156,2.229,2.205,2.271,2.09,1.681,1.666,1.653,1.653,1.64,1.626,1.622,1.622,1.592,1.615,4.924,1.584,1.534,1.565,1.565,1.565,1.49,2.335,2.41,2.41,1.827,2.377,2.642,2.244,2.244,2.185,2.17,2.17,1.179,1.109,1.171,1.085,1.053,1.067,1.067,1.171,1.171,1.171,0.969,0.969,0.0,1.055,0.009,0.042,0.045,0.045,0.045,0.045,0.074,0.13,0.151,0.16,0.166,0.178,0.194,0.213,0.24,0.24,0.358,0.269,0.318,0.351,0.394,1.01,0.395,0.44,0.422,1.025,1.025,0.375,0.375,0.375,0.375,0.318,0.435,0.435,0.478,0.478,0.478,0.478,0.478,0.524,0.541,0.566,0.566,0.566,0.605,0.583,0.583,0.633,0.668,0.681,0.958,0.668,0.668,0.668,0.698,0.728,0.728,5.051,5.051,5.051,5.051,5.051,4.469,4.989,3.97,1.094,4.263,4.263,3.875,3.875,3.875,3.875,3.875,3.875,3.875,2.656,2.401,2.487,2.477,2.668,2.464,1.84,1.922,10.741
Point_118,9.092,2.086,2.154,2.154,2.154,2.096,2.138,2.138,2.138,2.138,2.138,2.136,2.136,2.157,2.157,2.153,2.173,2.173,2.173,1.483,1.483,1.483,1.502,1.499,1.425,1.425,1.483,1.453,1.453,1.453,1.57,1.57,1.57,1.453,1.43,1.534,1.501,1.342,1.501,1.501,1.501,1.258,1.258,1.501,1.501,1.501,1.559,1.189,1.599,0.965,0.965,0.918,0.918,0.913,0.913,0.913,0.932,0.932,0.963,0.963,0.971,0.971,0.988,1.065,1.096,1.11,2.138,2.201,2.356,2.231,3.163,3.163,2.235,2.211,2.278,2.097,1.688,1.673,1.659,1.659,1.647,1.633,1.629,1.629,1.599,1.622,4.931,1.591,1.54,1.572,1.572,1.572,1.496,2.342,2.417,2.417,1.833,2.384,2.649,2.251,2.251,2.192,2.177,2.177,1.186,1.116,1.178,1.092,1.06,1.074,1.074,1.178,1.178,1.178,0.975,0.975,0.007,0.0,0.016,0.049,0.052,0.052,0.052,0.052,0.08,0.137,0.158,0.167,0.173,0.185,0.201,0.22,0.247,0.247,0.364,0.276,0.325,0.358,0.401,1.017,0.402,0.447,0.428,1.032,1.032,0.382,0.382,0.382,0.382,0.325,0.442,0.442,0.485,0.485,0.485,0.485,0.485,0.531,0.548,0.573,0.573,0.573,0.612,0.589,0.589,0.64,0.675,0.688,0.965,0.675,0.675,0.675,0.705,0.735,0.735,5.058,5.058,5.058,5.058,5.058,4.476,4.996,3.977,1.101,4.269,4.269,3.882,3.882,3.882,3.882,3.882,3.882,3.882,2.663,2.408,2.494,2.484,2.675,2.471,1.847,1.929,10.748
Point_119,9.076,2.071,2.139,2.139,2.139,2.08,2.122,2.122,2.122,2.122,2.122,2.121,2.121,2.141,2.141,2.137,2.157,2.157,2.157,1.467,1.467,1.467,1.486,1.484,1.409,1.409,1.467,1.438,1.438,1.438,1.554,1.554,1.554,1.438,1.414,1.518,1.486,1.326,1.486,1.486,1.486,1.242,1.242,1.486,1.486,1.486,1.543,1.173,1.584,0.95,0.95,0.902,0.902,0.897,0.897,0.897,0.916,0.916,0.947,0.947,0.956,0.956,0.972,1.049,1.08,1.094,2.123,2.185,2.341,2.215,3.147,3.147,2.22,2.196,2.262,2.082,1.673,1.658,1.644,1.644,1.631,1.618,1.613,1.613,1.584,1.606,4.915,1.576,1.525,1.556,1.556,1.556,1.481,2.326,2.401,2.401,1.818,2.369,2.633,2.235,2.235,2.176,2.161,2.161,1.17,1.1,1.163,1.077,1.044,1.058,1.058,1.163,1.163,1.163,0.96,0.96,1.053,1.046,0.0,0.034,0.036,0.036,0.036,0.036,0.065,0.122,0.142,0.151,0.157,0.169,0.185,0.204,0.231,0.231,0.349,0.261,0.309,0.342,0.385,1.002,0.386,0.432,0.413,1.016,1.016,0.366,0.366,0.366,0.366,0.309,0.427,0.427,0.469,0.469,0.469,0.469,0.469,0.515,0.532,0.557,0.557,0.557,0.597,0.574,0.574,0.624,0.659,0.672,0.95,0.659,0.659,0.659,0.689,0.719,0.719,5.042,5.042,5.042,5.042,5.042,4.46,4.98,3.962,1.085,4.254,4.254,3.867,3.867,3.867,3.867,3.867,3.867,3.867,2.647,2.392,2.478,2.468,2.659,2.455,1.831,1.914,10.732
Point_120,9.042,2.037,2.105,2.105,2.105,2.047,2.088,2.088,2.088,2.088,2.088,2.087,2.087,2.108,2.108,2.104,2.123,2.123,2.123,1.434,1.434,1.434,1.453,1.45,1.376,1.376,1.434,1.404,1.404,1.404,1.521,1.521,1.521,1.404,1.38,1.485,1.452,1.293,1.452,1.452,1.452,1.208,1.208,1.452,1.452,1.452,1.509,1.14,1.55,0.916,0.916,0.869,0.869,0.864,0.864,0.864,0.882,0.882,0.914,0.914,0.922,0.922,0.938,1.016,1.046,1.061,2.089,2.152,2.307,2.182,3.114,3.114,2.186,2.162,2.228,2.048,1.639,1.624,1.61,1.61,1.597,1.584,1.58,1.58,1.55,1.573,4.882,1.542,1.491,1.522,1.522,1.522,1.447,2.293,2.367,2.367,1.784,2.335,2.6,2.202,2.202,2.142,2.128,2.128,1.137,1.067,1.129,1.043,1.01,1.025,1.025,1.129,1.129,1.129,0.926,0.926,1.019,1.012,1.028,0.0,0.003,0.003,0.003,0.003,0.031,0.088,0.109,0.117,0.124,0.135,0.152,0.17,0.198,0.198,0.315,0.227,0.275,0.308,0.352,0.968,0.352,0.398,0.379,0.983,0.983,0.333,0.333,0.333,0.333,0.275,0.393,0.393,0.436,0.436,0.436,0.436,0.436,0.482,0.499,0.524,0.524,0.524,0.563,0.54,0.54,0.591,0.625,0.639,0.916,0.625,0.625,0.625,0.656,0.686,0.686,5.009,5.009,5.009,5.009,5.009,4.427,4.947,3.928,1.052,4.22,4.22,3.833,3.833,3.833,3.833,3.833,3.833,3.833,2.614,2.359,2.445,2.435,2.626,2.422,1.798,1.88,10.699
Point_121,9.04,2.034,2.102,2.102,2.102,2.044,2.086,2.086,2.086,2.086,2.086,2.084,2.084,2.105,2.105,2.101,2.121,2.121,2.121,1.431,1.431,1.431,1.45,1.447,1.373,1.373,1.431,1.401,1.401,1.401,1.518,1.518,1.518,1.401,1.378,1.482,1.449,1.29,1.449,1.449,1.449,1.206,1.206,1.449,1.449,1.449,1.507,1.137,1.547,0.913,0.913,0.866,0.866,0.861,0.861,0.861,0.88,0.88,0.911,0.911,0.919,0.919,0.936,1.013,1.044,1.058,2.086,2.149,2.304,2.179,3.111,3.111,2.183,2.159,2.226,2.045,1.636,1.621,1.607,1.607,1.595,1.581,1.577,1.577,1.547,1.57,4.879,1.539,1.488,1.519,1.519,1.519,1.444,2.29,2.365,2.365,1.781,2.332,2.597,2.199,2.199,2.14,2.125,2.125,1.134,1.064,1.126,1.04,1.008,1.022,1.022,1.126,1.126,1.126,0.923,0.923,1.016,1.01,1.025,1.059,0.0,0.0,0.0,0.0,0.028,0.085,0.106,0.115,0.121,0.133,0.149,0.168,0.195,0.195,0.312,0.224,0.273,0.306,0.349,0.965,0.349,0.395,0.376,0.98,0.98,0.33,0.33,0.33,0.33,0.273,0.39,0.39,0.433,0.433,0.433,0.433,0.433,0.479,0.496,0.521,0.521,0.521,0.56,0.537,0.537,0.588,0.622,0.636,0.913,0.622,0.622,0.622,0.653,0.683,0.683,5.006,5.006,5.006,5.006,5.006,4.424,4.944,3.925,1.049,4.217,4.217,3.83,3.83,3.83,3.83,3.83,3.83,3.83,2.611,2.356,2.442,2.432,2.623,2.419,1.795,1.877,10.696
Point_122,9.04,2.034,2.102,2.102,2.102,2.044,2.086,2.086,2.086,2.086,2.086,2.084,2.084,2.105,2.105,2.101,2.121,2.121,2.121,1.431,1.431,1.431,1.45,1.447,1.373,1.373,1.431,1.401,1.401,1.401,1.518,1.518,1.518,1.401,1.378,1.482,1.449,1.29,1.449,1.449,1.449,1.206,1.206,1.449,1.449,1.449,1.507,1.137,1.547,0.913,0.913,0.866,0.866,0.861,0.861,0.861,0.88,0.88,0.911,0.911,0.919,0.919,0.936,1.013,1.044,1.058,2.086,2.149,2.304,2.179,3.111,3.111,2.183,2.159,2.226,2.045,1.636,1.621,1.607,1.607,1.595,1.581,1.577,1.577,1.547,1.57,4.879,1.539,1.488,1.519,1.519,1.519,1.444,2.29,2.365,2.365,1.781,2.332,2.597,2.199,2.199,2.14,2.125,2.125,1.134,1.064,1.126,1.04,1.008,1.022,1.022,1.126,1.126,1.126,0.923,0.923,1.016,1.01,1.025,1.059,0.0,0.0,0.0,0.0,0.028,0.085,0.106,0.115,0.121,0.133,0.149,0.168,0.195,0.195,0.312,0.224,0.273,0.306,0.349,0.965,0.349,0.395,0.376,0.98,0.98,0.33,0.33,0.33,0.33,0.273,0.39,0.39,0.433,0.433,0.433,0.433,0.433,0.479,0.496,0.521,0.521,0.521,0.56,0.537,0.537,0.588,0.622,0.636,0.913,0.622,0.622,0.622,0.653,0.683,0.683,5.006,5.006,5.006,5.006,5.006,4.424,4.944,3.925,1.049,4.217,4.217,3.83,3.83,3.83,3.83,3.83,3.83,3.83,2.611,2.356,2.442,2.432,2.623,2.419,1.795,1.877,10.696
Point_123,9.04,2.034,2.102,2.102,2.102,2.044,2.086,2.086,2.086,2.086,2.086,2.084,2.084,2.105,2.105,2.101,2.121,2.121,2.121,1.431,1.431,1.431,1.45,1.447,1.373,1.373,1.431,1.401,1.401,1.401,1.518,1.518,1.518,1.401,1.378,1.482,1.449,1.29,1.449,1.449,1.449,1.206,1.206,1.449,1.449,1.449,1.507,1.137,1.547,0.913,0.913,0.866,0.866,0.861,0.861,0.861,0.88,0.88,0.911,0.911,0.919,0.919,0.936,1.013,1.044,1.058,2.086,2.149,2.304,2.179,3.111,3.111,2.183,2.159,2.226,2.045,1.636,1.621,1.607,1.607,1.595,1.581,1.577,1.577,1.547,1.57,4.879,1.539,1.488,1.519,1.519,1.519,1.444,2.29,2.365,2.365,1.781,2.332,2.597,2.199,2.199,2.14,2.125,2.125,1.134,1.064,1.126,1.04,1.008,1.022,1.022,1.126,1.126,1.126,0.923,0.923,1.016,1.01,1.025,1.059,0.0,0.0,0.0,0.0,0.028,0.085,0.106,0.115,0.121,0.133,0.149,0.168,0.195,0.195,0.312,0.224,0.273,0.306,0.349,0.965,0.349,0.395,0.376,0.98,0.98,0.33,0.33,0.33,0.33,0.273,0.39,0.39,0.433,0.433,0.433,0.433,0.433,0.479,0.496,0.521,0.521,0.521,0.56,0.537,0.537,0.588,0.622,0.636,0.913,0.622,0.622,0.622,0.653,0.683,0.683,5.006,5.006,5.006,5.006,5.006,4.424,4.944,3.925,1.049,4.217,4.217,3.83,3.83,3.83,3.83,3.83,3.83,3.83,2.611,2.356,2.442,2.432,2.623,2.419,1.795,1.877,10.696
Point_124,9.04,2.034,2.102,2.102,2.102,2.044,2.086,2.086,2.086,2.086,2.086,2.084,2.084,2.105,2.105,2.101,2.121,2.121,2.121,1.431,1.431,1.431,1.45,1.447,1.373,1.373,1.431,1.401,1.401,1.401,1.518,1.518,1.518,1.401,1.378,1.482,1.449,1.29,1.449,1.449,1.449,1.206,1.206,1.449,1.449,1.449,1.507,1.137,1.547,0.913,0.913,0.866,0.866,0.861,0.861,0.861,0.88,0.88,0.911,0.911,0.919,0.919,0.936,1.013,1.044,1.058,2.086,2.149,2.304,2.179,3.111,3.111,2.183,2.159,2.226,2.045,1.636,1.621,1.607,1.607,1.595,1.581,1.577,1.577,1.547,1.57,4.879,1.539,1.488,1.519,1.519,1.519,1.444,2.29,2.365,2.365,1.781,2.332,2.597,2.199,2.199,2.14,2.125,2.125,1.134,1.064,1.126,1.04,1.008,1.022,1.022,1.126,1.126,1.126,0.923,0.923,1.016,1.01,1.025,1.059,0.0,0.0,0.0,0.0,0.028,0.085,0.106,0.115,0.121,0.133,0.149,0.168,0.195,0.195,0.312,0.224,0.273,0.306,0.349,0.965,0.349,0.395,0.376,0.98,0.98,0.33,0.33,0.33,0.33,0.273,0.39,0.39,0.433,0.433,0.433,0.433,0.433,0.479,0.496,0.521,0.521,0.521,0.56,0.537,0.537,0.588,0.622,0.636,0.913,0.622,0.622,0.622,0.653,0.683,0.683,5.006,5.006,5.006,5.006,5.006,4.424,4.944,3.925,1.049,4.217,4.217,3.83,3.83,3.83,3.83,3.83,3.83,3.83,2.611,2.356,2.442,2.432,2.623,2.419,1.795,1.877,10.696
Point_125,9.011,2.006,2.074,2.074,2.074,2.016,2.057,2.057,2.057,2.057,2.057,2.056,2.056,2.076,2.076,2.072,2.092,2.092,2.092,1.402,1.402,1.402,1.422,1.419,1.344,1.344,1.402,1.373,1.373,1.373,1.489,1.489,1.489,1.373,1.349,1.454,1.421,1.262,1.421,1.421,1.421,1.177,1.177,1.421,1.421,1.421,1.478,1.109,1.519,0.885,0.885,0.838,0.838,0.833,0.833,0.833,0.851,0.851,0.882,0.882,0.891,0.891,0.907,0.985,1.015,1.03,2.058,2.12,2.276,2.151,3.083,3.083,2.155,2.131,2.197,2.017,1.608,1.593,1.579,1.579,1.566,1.553,1.549,1.549,1.519,1.541,4.85,1.511,1.46,1.491,1.491,1.491,1.416,2.261,2.336,2.336,1.753,2.304,2.569,2.17,2.17,2.111,2.097,2.097,1.105,1.035,1.098,1.012,0.979,0.993,0.993,1.098,1.098,1.098,0.895,0.895,0.988,0.981,0.997,1.03,1.033,1.033,1.033,1.033,0.0,0.057,0.077,0.086,0.092,0.104,0.121,0.139,0.166,0.166,0.284,0.196,0.244,0.277,0.32,0.937,0.321,0.367,0.348,0.952,0.952,0.302,0.302,0.302,0.302,0.244,0.362,0.362,0.404,0.404,0.404,0.404,0.404,0.451,0.467,0.493,0.493,0.493,0.532,0.509,0.509,0.559,0.594,0.608,0.885,0.594,0.594,0.594,0.625,0.654,0.654,4.977,4.977,4.977,4.977,4.977,4.396,4.916,3.897,1.021,4.189,4.189,3.802,3.802,3.802,3.802,3.802,3.802,3.802,2.583,2.328,2.413,2.403,2.595,2.39,1.766,1.849,10.667
Point_126,8.996,1.99,2.058,2.058,2.058,2.0,2.042,2.042,2.042,2.042,2.042,2.04,2.04,2.061,2.061,2.057,2.077,2.077,2.077,1.387,1.387,1.387,1.406,1.403,1.329,1.329,1.387,1.357,1.357,1.357,1.474,1.474,1.474,1.357,1.334,1.438,1.405,1.246,1.405,1.405,1.405,1.162,1.162,1.405,1.405,1.405,1.463,1.093,1.503,0.869,0.869,0.822,0.822,0.817,0.817,0.817,0.836,0.836,0.867,0.867,0.875,0.875,0.892,0.969,1.0,1.014,2.042,2.105,2.26,2.135,3.067,3.067,2.139,2.115,2.182,2.001,1.592,1.577,1.563,1.563,1.551,1.537,1.533,1.533,1.503,1.526,4.835,1.495,1.444,1.475,1.475,1.475,1.4,2.246,2.321,2.321,1.737,2.288,2.553,2.155,2.155,2.096,2.081,2.081,1.09,1.02,1.082,0.996,0.964,0.978,0.978,1.082,1.082,1.082,0.879,0.879,0.972,0.966,0.981,1.015,1.018,1.018,1.018,1.018,1.046,0.0,0.062,0.071,0.077,0.089,0.105,0.124,0.151,0.151,0.268,0.18,0.229,0.262,0.305,0.921,0.305,0.351,0.332,0.936,0.936,0.286,0.286,0.286,0.286,0.229,0.346,0.346,0.389,0.389,0.389,0.389,0.389,0.435,0.452,0.477,0.477,0.477,0.516,0.493,0.493,0.544,0.578,0.592,0.869,0.578,0.578,0.578,0.609,0.639,0.639,4.962,4.962,4.962,4.962,4.962,4.38,4.9,3.881,1.005,4.173,4.173,3.786,3.786,3.786,3.786,3.786,3.786,3.786,2.567,2.312,2.398,2.388,2.579,2.375,1.751,1.833,10.652
Point_127,8.934,1.928,1.997,1.997,1.997,1.938,1.98,1.98,1.98,1.98,1.98,1.978,1.978,1.999,1.999,1.995,2.015,2.015,2.015,1.325,1.325,1.325,1.344,1.341,1.267,1.267,1.325,1.296,1.296,1.296,1.412,1.412,1.412,1.296,1.272,1.376,1.343,1.184,1.343,1.343,1.343,1.1,1.1,1.343,1.343,1.343,1.401,1.031,1.441,0.807,0.807,0.76,0.76,0.755,0.755,0.755,0.774,0.774,0.805,0.805,0.813,0.813,0.83,0.907,0.938,0.952,1.98,2.043,2.198,2.073,3.005,3.005,2.078,2.053,2.12,1.939,1.53,1.515,1.501,1.501,1.489,1.475,1.471,1.471,1.441,1.464,4.773,1.433,1.382,1.414,1.414,1.414,1.338,2.184,2.259,2.259,1.676,2.226,2.491,2.093,2.093,2.034,2.019,2.019,1.028,0.958,1.02,0.934,0.902,0.916,0.916,1.02,1.02,1.02,0.818,0.818,0.911,0.904,0.919,0.953,0.956,0.956,0.956,0.956,0.984,1.041,0.0,0.009,0.015,0.027,0.043,0.062,0.089,0.089,0.206,0.118,0.167,0.2,0.243,0.859,0.244,0.289,0.27,0.874,0.874,0.224,0.224,0.224,0.224,0.167,0.284,0.284,0.327,0.327,0.327,0.327,0.327,0.373,0.39,0.415,0.415,0.415,0.454,0.432,0.432,0.482,0.517,0.53,0.807,0.517,0.517,0.517,0.547,0.577,0.577,4.9,4.9,4.9,4.9,4.9,4.318,4.838,3.819,0.943,4.111,4.111,3.724,3.724,3.724,3.724,3.724,3.724,3.724,2.505,2.25,2.336,2.326,2.517,2.313,1.689,1.771,10.59
Point_128,8.925,1.92,1.988,1.988,1.988,1.93,1.971,1.971,1.971,1.971,1.971,1.97,1.97,1.99,1.99,1.986,2.006,2.006,2.006,1.316,1.316,1.316,1.335,1.333,1.258,1.258,1.316,1.287,1.287,1.287,1.403,1.403,1.403,1.287,1.263,1.367,1.335,1.175,1.335,1.335,1.335,1.091,1.091,1.335,1.335,1.335,1.392,1.022,1.433,0.799,0.799,0.751,0.751,0.746,0.746,0.746,0.765,0.765,0.796,0.796,0.805,0.805,0.821,0.899,0.929,0.943,1.972,2.034,2.19,2.064,2.997,2.997,2.069,2.045,2.111,1.931,1.522,1.507,1.493,1.493,1.48,1.467,1.462,1.462,1.433,1.455,4.764,1.425,1.374,1.405,1.405,1.405,1.33,2.175,2.25,2.25,1.667,2.218,2.482,2.084,2.084,2.025,2.01,2.01,1.019,0.949,1.012,0.926,0.893,0.907,0.907,1.012,1.012,1.012,0.809,0.809,0.902,0.895,0.911,0.944,0.947,0.947,0.947,0.947,0.976,1.032,1.053,0.0,0.006,0.018,0.034,0.053,0.08,0.08,0.198,0.11,0.158,0.191,0.234,0.851,0.235,0.281,0.262,0.865,0.865,0.215,0.215,0.215,0.215,0.158,0.276,0.276,0.318,0.318,0.318,0.318,0.318,0.364,0.381,0.406,0.406,0.406,0.446,0.423,0.423,0.473,0.508,0.521,0.799,0.508,0.508,0.508,0.538,0.568,0.568,4.891,4.891,4.891,4.891,4.891,4.309,4.829,3.811,0.934,4.103,4.103,3.716,3.716,3.716,3.716,3.716,3.716,3.716,2.496,2.241,2.327,2.317,2.508,2.304,1.68,1.763,10.581
Point_129,8.919,1.913,1.982,1.982,1.982,1.923,1.965,1.965,1.965,1.965,1.965,1.963,1.963,1.984,1.984,1.98,2.0,2.0,2.0,1.31,1.31,1.31,1.329,1.326,1.252,1.252,1.31,1.281,1.281,1.281,1.397,1.397,1.397,1.281,1.257,1.361,1.328,1.169,1.328,1.328,1.328,1.085,1.085,1.328,1.328,1.328,1.386,1.016,1.426,0.792,0.792,0.745,0.745,0.74,0.74,0.74,0.759,0.759,0.79,0.79,0.798,0.798,0.815,0.892,0.923,0.937,1.965,2.028,2.183,2.058,2.99,2.99,2.063,2.039,2.105,1.924,1.515,1.5,1.486,1.486,1.474,1.46,1.456,1.456,1.426,1.449,4.758,1.418,1.367,1.399,1.399,1.399,1.323,2.169,2.244,2.244,1.661,2.211,2.476,2.078,2.078,2.019,2.004,2.004,1.013,0.943,1.005,0.919,0.887,0.901,0.901,1.005,1.005,1.005,0.803,0.803,0.896,0.889,0.904,0.938,0.941,0.941,0.941,0.941,0.969,1.026,1.047,1.055,0.0,0.012,0.028,0.047,0.074,0.074,0.191,0.103,0.152,0.185,0.228,0.844,0.229,0.274,0.256,0.859,0.859,0.209,0.209,0.209,0.209,0.152,0.269,0.269,0.312,0.312,0.312,0.312,0.312,0.358,0.375,0.4,0.4,0.4,0.439,0.417,0.417,0.467,0.502,0.515,0.792,0.502,0.502,0.502,0.532,0.562,0.562,4.885,4.885,4.885,4.885,4.885,4.303,4.823,3.804,0.928,4.097,4.097,3.709,3.709,3.709,3.709,3.709,3.709,3.709,2.49,2.235,2.321,2.311,2.502,2.298,1.674,1.756,10.575
Point_130,8.907,1.902,1.97,1.97,1.97,1.912,1.953,1.953,1.953,1.953,1.953,1.952,1.952,1.972,1.972,1.968,1.988,1.988,1.988,1.298,1.298,1.298,1.317,1.315,1.24,1.24,1.298,1.269,1.269,1.269,1.385,1.385,1.385,1.269,1.245,1.349,1.317,1.158,1.317,1.317,1.317,1.073,1.073,1.317,1.317,1.317,1.374,1.004,1.415,0.781,0.781,0.733,0.733,0.728,0.728,0.728,0.747,0.747,0.778,0.778,0.787,0.787,0.803,0.881,0.911,0.926,1.954,2.016,2.172,2.046,2.979,2.979,2.051,2.027,2.093,1.913,1.504,1.489,1.475,1.475,1.462,1.449,1.444,1.444,1.415,1.437,4.746,1.407,1.356,1.387,1.387,1.387,1.312,2.157,2.232,2.232,1.649,2.2,2.464,2.066,2.066,2.007,1.993,1.993,1.001,0.931,0.994,0.908,0.875,0.889,0.889,0.994,0.994,0.994,0.791,0.791,0.884,0.877,0.893,0.926,0.929,0.929,0.929,0.929,0.958,1.014,1.035,1.044,1.05,0.0,0.016,0.035,0.062,0.062,0.18,0.092,0.14,0.173,0.216,0.833,0.217,0.263,0.244,0.847,0.847,0.197,0.197,0.197,0.197,0.14,0.258,0.258,0.3,0.3,0.3,0.3,0.3,0.346,0.363,0.388,0.388,0.388,0.428,0.405,0.405,0.455,0.49,0.503,0.781,0.49,0.49,0.49,0.521,0.55,0.55,4.873,4.873,4.873,4.873,4.873,4.292,4.811,3.793,0.916,4.085,4.085,3.698,3.698,3.698,3.698,3.698,3.698,3.698,2.478,2.223,2.309,2.299,2.49,2.286,1.662,1.745,10.563
Point_131,8.891,1.885,1.954,1.954,1.954,1.895,1.937,1.937,1.937,1.937,1.937,1.935,1.935,1.956,1.956,1.952,1.972,1.972,1.972,1.282,1.282,1.282,1.301,1.298,1.224,1.224,1.282,1.253,1.253,1.253,1.369,1.369,1.369,1.253,1.229,1.333,1.3,1.141,1.3,1.3,1.3,1.057,1.057,1.3,1.3,1.3,1.358,0.988,1.398,0.764,0.764,0.717,0.717,0.712,0.712,0.712,0.731,0.731,0.762,0.762,0.77,0.77,0.787,0.864,0.895,0.909,1.937,2.0,2.155,2.03,2.962,2.962,2.035,2.01,2.077,1.896,1.487,1.472,1.458,1.458,1.446,1.432,1.428,1.428,1.398,1.421,4.73,1.39,1.339,1.371,1.371,1.371,1.295,2.141,2.216,2.216,1.633,2.183,2.448,2.05,2.05,1.991,1.976,1.976,0.985,0.915,0.977,0.891,0.859,0.873,0.873,0.977,0.977,0.977,0.775,0.775,0.868,0.861,0.876,0.91,0.913,0.913,0.913,0.913,0.941,0.998,1.019,1.027,1.034,1.045,0.0,0.019,0.046,0.046,0.163,0.075,0.124,0.157,0.2,0.816,0.201,0.246,0.227,0.831,0.831,0.181,0.181,0.181,0.181,0.124,0.241,0.241,0.284,0.284,0.284,0.284,0.284,0.33,0.347,0.372,0.372,0.372,0.411,0.389,0.389,0.439,0.474,0.487,0.764,0.474,0.474,0.474,0.504,0.534,0.534,4.857,4.857,4.857,4.857,4.857,4.275,4.795,3.776,0.9,4.068,4.068,3.681,3.681,3.681,3.681,3.681,3.681,3.681,2.462,2.207,2.293,2.283,2.474,2.27,1.646,1.728,10.547
Point_132,8.872,1.866,1.935,1.935,1.935,1.876,1.918,1.918,1.918,1.918,1.918,1.917,1.917,1.937,1.937,1.933,1.953,1.953,1.953,1.263,1.263,1.263,1.282,1.28,1.205,1.205,1.263,1.234,1.234,1.234,1.35,1.35,1.35,1.234,1.21,1.314,1.281,1.122,1.281,1.281,1.281,1.038,1.038,1.281,1.281,1.281,1.339,0.969,1.379,0.745,0.745,0.698,0.698,0.693,0.693,0.693,0.712,0.712,0.743,0.743,0.752,0.752,0.768,0.845,0.876,0.89,1.919,1.981,2.137,2.011,2.943,2.943,2.016,1.992,2.058,1.878,1.469,1.454,1.44,1.44,1.427,1.414,1.409,1.409,1.38,1.402,4.711,1.371,1.321,1.352,1.352,1.352,1.277,2.122,2.197,2.197,1.614,2.164,2.429,2.031,2.031,1.972,1.957,1.957,0.966,0.896,0.959,0.873,0.84,0.854,0.854,0.959,0.959,0.959,0.756,0.756,0.849,0.842,0.858,0.891,0.894,0.894,0.894,0.894,0.922,0.979,1.0,1.009,1.015,1.027,1.043,0.0,0.027,0.027,0.145,0.056,0.105,0.138,0.181,0.798,0.182,0.228,0.209,0.812,0.812,0.162,0.162,0.162,0.162,0.105,0.223,0.223,0.265,0.265,0.265,0.265,0.265,0.311,0.328,0.353,0.353,0.353,0.393,0.37,0.37,0.42,0.455,0.468,0.745,0.455,0.455,0.455,0.485,0.515,0.515,4.838,4.838,4.838,4.838,4.838,4.256,4.776,3.758,0.881,4.05,4.05,3.662,3.662,3.662,3.662,3.662,3.662,3.662,2.443,2.188,2.274,2.264,2.455,2.251,1.627,1.709,10.528
Point_133,8.845,1.839,1.908,1.908,1.908,1.849,1.891,1.891,1.891,1.891,1.891,1.889,1.889,1.91,1.91,1.906,1.926,1.926,1.926,1.236,1.236,1.236,1.255,1.252,1.178,1.178,1.236,1.207,1.207,1.207,1.323,1.323,1.323,1.207,1.183,1.287,1.254,1.095,1.254,1.254,1.254,1.011,1.011,1.254,1.254,1.254,1.312,0.942,1.352,0.718,0.718,0.671,0.671,0.666,0.666,0.666,0.685,0.685,0.716,0.716,0.724,0.724,0.741,0.818,0.849,0.863,1.891,1.954,2.109,1.984,2.916,2.916,1.989,1.964,2.031,1.85,1.441,1.426,1.412,1.412,1.4,1.386,1.382,1.382,1.352,1.375,4.684,1.344,1.293,1.325,1.325,1.325,1.249,2.095,2.17,2.17,1.587,2.137,2.402,2.004,2.004,1.945,1.93,1.93,0.939,0.869,0.931,0.845,0.813,0.827,0.827,0.931,0.931,0.931,0.729,0.729,0.822,0.815,0.83,0.864,0.867,0.867,0.867,0.867,0.895,0.952,0.973,0.981,0.988,0.999,1.016,1.034,0.0,0.0,0.117,0.029,0.078,0.111,0.154,0.77,0.155,0.2,0.181,0.785,0.785,0.135,0.135,0.135,0.135,0.078,0.195,0.195,0.238,0.238,0.238,0.238,0.238,0.284,0.301,0.326,0.326,0.326,0.365,0.343,0.343,0.393,0.428,0.441,0.718,0.428,0.428,0.428,0.458,0.488,0.488,4.811,4.811,4.811,4.811,4.811,4.229,4.749,3.73,0.854,4.022,4.022,3.635,3.635,3.635,3.635,3.635,3.635,3.635,2.416,2.161,2.247,2.237,2.428,2.224,1.6,1.682,10.501
Point_134,8.845,1.839,1.908,1.908,1.908,1.849,1.891,1.891,1.891,1.891,1.891,1.889,1.889,1.91,1.91,1.906,1.926,1.926,1.926,1.236,1.236,1.236,1.255,1.252,1.178,1.178,1.236,1.207,1.207,1.207,1.323,1.323,1.323,1.207,1.183,1.287,1.254,1.095,1.254,1.254,1.254,1.011,1.011,1.254,1.254,1.254,1.312,0.942,1.352,0.718,0.718,0.671,0.671,0.666,0.666,0.666,0.685,0.685,0.716,0.716,0.724,0.724,0.741,0.818,0.849,0.863,1.891,1.954,2.109,1.984,2.916,2.916,1.989,1.964,2.031,1.85,1.441,1.426,1.412,1.412,1.4,1.386,1.382,1.382,1.352,1.375,4.684,1.344,1.293,1.325,1.325,1.325,1.249,2.095,2.17,2.17,1.587,2.137,2.402,2.004,2.004,1.945,1.93,1.93,0.939,0.869,0.931,0.845,0.813,0.827,0.827,0.931,0.931,0.931,0.729,0.729,0.822,0.815,0.83,0.864,0.867,0.867,0.867,0.867,0.895,0.952,0.973,0.981,0.988,0.999,1.016,1.034,0.0,0.0,0.117,0.029,0.078,0.111,0.154,0.77,0.155,0.2,0.181,0.785,0.785,0.135,0.135,0.135,0.135,0.078,0.195,0.195,0.238,0.238,0.238,0.238,0.238,0.284,0.301,0.326,0.326,0.326,0.365,0.343,0.343,0.393,0.428,0.441,0.718,0.428,0.428,0.428,0.458,0.488,0.488,4.811,4.811,4.811,4.811,4.811,4.229,4.749,3.73,0.854,4.022,4.022,3.635,3.635,3.635,3.635,3.635,3.635,3.635,2.416,2.161,2.247,2.237,2.428,2.224,1.6,1.682,10.501
Point_135,8.727,1.855,1.923,1.923,1.923,1.865,1.906,1.906,1.906,1.906,1.906,1.905,1.905,1.926,1.926,1.922,1.941,1.941,1.941,1.844,1.844,1.844,1.863,1.86,1.238,1.238,1.844,1.267,1.267,1.267,1.383,1.383,1.383,1.267,1.243,1.347,1.314,1.554,1.314,1.314,1.314,1.47,1.47,1.314,1.314,1.314,1.372,1.401,1.412,1.177,1.177,1.13,1.13,1.125,1.125,1.125,1.144,1.144,1.175,1.175,1.184,1.184,1.2,1.277,1.308,1.322,1.774,1.837,1.992,1.867,2.799,2.799,1.871,1.847,1.913,1.733,1.324,1.309,1.295,1.295,1.282,1.269,1.265,1.265,1.235,1.257,4.566,1.227,1.176,1.207,1.207,1.207,1.132,2.11,2.052,2.052,1.602,2.153,2.861,2.02,2.02,1.96,1.946,1.946,0.821,0.752,0.992,0.728,0.695,0.71,0.71,0.992,0.992,0.992,0.611,0.611,0.704,0.697,0.713,0.747,0.749,0.749,0.749,0.749,0.778,0.835,0.855,0.864,0.87,0.882,0.898,0.917,0.944,0.944,0.0,0.973,0.138,0.171,0.214,0.653,0.215,0.261,0.242,1.244,1.244,0.195,0.195,0.195,0.195,0.138,0.078,0.078,0.12,0.12,0.12,0.12,0.12,0.167,0.184,0.209,0.209,0.209,0.248,0.225,0.225,0.276,0.31,0.324,0.601,0.31,0.31,0.31,0.341,0.37,0.37,4.694,4.694,4.694,4.694,4.694,4.112,4.632,3.613,0.737,3.905,3.905,3.518,3.518,3.518,3.518,3.518,3.518,3.518,2.299,2.044,2.129,2.12,2.311,2.107,1.482,1.565,10.96
Point_136,8.815,1.81,1.878,1.878,1.878,1.82,1.862,1.862,1.862,1.862,1.862,1.86,1.86,1.881,1.881,1.877,1.896,1.896,1.896,1.207,1.207,1.207,1.226,1.223,1.149,1.149,1.207,1.177,1.177,1.177,1.294,1.294,1.294,1.177,1.153,1.258,1.225,1.066,1.225,1.225,1.225,0.981,0.981,1.225,1.225,1.225,1.282,0.913,1.323,0.689,0.689,0.642,0.642,0.637,0.637,0.637,0.656,0.656,0.687,0.687,0.695,0.695,0.711,0.789,0.819,0.834,1.862,1.925,2.08,1.955,2.887,2.887,1.959,1.935,2.001,1.821,1.412,1.397,1.383,1.383,1.37,1.357,1.353,1.353,1.323,1.346,4.655,1.315,1.264,1.295,1.295,1.295,1.22,2.066,2.14,2.14,1.557,2.108,2.373,1.975,1.975,1.916,1.901,1.901,0.91,0.84,0.902,0.816,0.783,0.798,0.798,0.902,0.902,0.902,0.699,0.699,0.792,0.785,0.801,0.835,0.838,0.838,0.838,0.838,0.866,0.923,0.943,0.952,0.958,0.97,0.986,1.005,1.032,1.032,0.088,0.0,0.049,0.082,0.125,0.741,0.125,0.171,0.152,0.756,0.756,0.106,0.106,0.106,0.106,0.049,0.166,0.166,0.209,0.209,0.209,0.209,0.209,0.255,0.272,0.297,0.297,0.297,0.336,0.313,0.313,0.364,0.398,0.412,0.689,0.398,0.398,0.398,0.429,0.459,0.459,4.782,4.782,4.782,4.782,4.782,4.2,4.72,3.701,0.825,3.993,3.993,3.606,3.606,3.606,3.606,3.606,3.606,3.606,2.387,2.132,2.218,2.208,2.399,2.195,1.571,1.653,10.472
Point_137,8.79,1.918,1.986,1.986,1.986,1.928,1.969,1.969,1.969,1.969,1.969,1.968,1.968,1.988,1.988,1.984,2.004,2.004,2.004,1.202,1.202,1.202,1.221,1.218,1.144,1.144,1.202,1.172,1.172,1.172,1.289,1.289,1.289,1.172,1.148,1.253,1.22,1.017,1.22,1.22,1.22,0.933,0.933,1.22,1.22,1.22,1.277,0.864,1.318,0.64,0.64,0.593,0.593,0.588,0.588,0.588,0.607,0.607,0.638,0.638,0.647,0.647,0.663,0.74,0.771,0.785,1.837,1.899,2.055,1.929,2.862,2.862,1.934,1.91,1.976,1.796,1.387,1.372,1.358,1.358,1.345,1.332,1.327,1.327,1.298,1.32,4.629,1.29,1.239,1.27,1.27,1.27,1.195,2.173,2.115,2.115,1.665,2.216,2.324,2.082,2.082,2.023,2.009,2.009,0.884,0.814,0.897,0.791,0.758,0.772,0.772,0.897,0.897,0.897,0.674,0.674,0.767,0.76,0.776,0.809,0.812,0.812,0.812,0.812,0.841,0.897,0.918,0.927,0.933,0.945,0.961,0.98,1.007,1.007,0.063,1.036,0.0,0.076,0.12,0.716,0.12,0.166,0.104,0.707,0.707,0.057,0.057,0.057,0.057,0.0,0.141,0.141,0.183,0.183,0.183,0.183,0.183,0.229,0.246,0.271,0.271,0.271,0.311,0.288,0.288,0.338,0.373,0.386,0.664,0.373,0.373,0.373,0.404,0.433,0.433,4.756,4.756,4.756,4.756,4.756,4.175,4.694,3.676,0.8,3.968,3.968,3.581,3.581,3.581,3.581,3.581,3.581,3.581,2.361,2.106,2.192,2.182,2.374,2.169,1.545,1.628,10.423
Point_138,9.149,1.728,1.797,1.797,1.797,1.738,1.78,1.78,1.78,1.78,1.78,1.779,1.779,1.799,1.799,1.795,1.815,1.815,1.815,1.125,1.125,1.125,1.144,1.142,1.067,1.067,1.125,1.096,1.096,1.096,1.212,1.212,1.212,1.096,1.072,1.176,1.143,1.032,1.143,1.143,1.143,0.948,0.948,1.143,1.143,1.143,1.201,0.879,1.241,0.656,0.656,0.608,0.608,0.603,0.603,0.603,0.622,0.622,0.653,0.653,0.662,0.662,0.678,0.755,0.786,0.8,2.161,2.223,2.379,2.253,2.502,2.502,2.258,2.234,2.3,2.155,1.746,1.731,1.717,1.717,1.704,1.691,1.686,1.686,1.656,1.679,4.953,1.648,1.598,1.38,1.38,1.38,1.642,1.984,1.801,1.801,1.476,2.026,2.339,1.893,1.893,1.834,1.819,1.819,1.03,0.96,0.821,0.936,0.904,0.918,0.918,0.821,0.821,0.821,0.881,0.881,0.913,0.906,0.921,0.955,0.958,0.958,0.958,0.958,0.986,1.043,1.064,1.072,1.079,1.09,1.107,1.126,1.153,1.153,0.387,1.182,0.324,0.0,0.043,1.04,0.044,0.09,0.22,0.722,0.722,0.266,0.266,0.266,0.266,0.324,0.464,0.464,0.507,0.507,0.507,0.507,0.507,0.553,0.57,0.595,0.595,0.595,0.635,0.612,0.612,0.662,0.697,0.71,1.021,0.697,0.697,0.697,0.727,0.757,0.757,5.08,5.08,5.08,5.08,5.08,4.498,5.018,4.0,1.123,4.292,4.292,3.904,3.904,3.904,3.904,3.904,3.904,3.904,2.685,2.465,2.551,2.541,2.732,2.528,1.904,1.986,10.438
Point_139,9.106,2.1,2.168,2.168,2.168,2.11,2.151,2.151,2.151,2.151,2.151,2.15,2.15,2.171,2.171,2.167,2.186,2.186,2.186,1.497,1.497,1.497,1.516,1.513,1.439,1.439,1.497,1.467,1.467,1.467,1.583,1.583,1.583,1.467,1.443,1.548,1.515,1.02,1.515,1.515,1.515,0.935,0.935,1.515,1.515,1.515,1.572,0.867,1.613,0.643,0.643,0.596,0.596,0.591,0.591,0.591,0.61,0.61,0.641,0.641,0.649,0.649,0.665,0.743,0.773,0.788,2.117,2.18,2.335,2.21,2.459,2.459,2.215,2.191,2.257,2.111,1.702,1.687,1.673,1.673,1.661,1.647,1.643,1.643,1.613,1.636,4.91,1.605,1.554,1.551,1.551,1.551,1.476,2.355,2.173,2.173,1.847,2.398,2.327,2.265,2.265,2.205,2.191,2.191,1.165,1.095,1.192,1.071,1.039,1.053,1.053,1.192,1.192,1.192,0.955,0.955,1.048,1.041,1.056,1.09,1.093,1.093,1.093,1.093,1.121,1.178,1.199,1.207,1.214,1.225,1.242,1.26,1.288,1.288,0.344,1.317,0.281,0.357,0.0,0.996,0.001,0.046,0.177,0.71,0.71,0.223,0.223,0.223,0.223,0.281,0.421,0.421,0.464,0.464,0.464,0.464,0.464,0.51,0.527,0.552,0.552,0.552,0.591,0.569,0.569,0.619,0.654,0.667,0.944,0.654,0.654,0.654,0.684,0.714,0.714,5.037,5.037,5.037,5.037,5.037,4.455,4.975,3.956,1.08,4.249,4.249,3.861,3.861,3.861,3.861,3.861,3.861,3.861,2.642,2.422,2.508,2.498,2.689,2.485,1.861,1.943,10.426
Point_140,9.106,1.861,1.929,1.929,1.929,1.87,1.912,1.912,1.912,1.912,1.912,1.911,1.911,1.931,1.931,1.927,1.947,1.947,1.947,2.141,2.141,2.141,2.16,2.158,2.083,2.083,2.141,2.112,2.112,2.112,2.228,2.228,2.228,2.112,2.088,2.192,2.159,1.664,2.159,2.159,2.159,1.58,1.58,2.159,2.159,2.159,2.217,1.511,2.257,1.288,1.288,1.24,1.24,1.235,1.235,1.235,1.254,1.254,1.285,1.285,1.294,1.294,1.31,1.387,1.418,1.432,1.78,1.842,1.998,1.872,2.804,2.804,1.877,1.853,1.919,2.112,1.666,1.688,1.674,1.674,1.661,1.648,1.643,1.643,1.614,1.636,4.572,1.606,1.555,1.213,1.213,1.213,1.138,2.116,2.058,2.058,1.608,2.158,2.971,2.025,2.025,1.966,1.951,1.951,0.827,0.757,1.836,0.733,0.701,0.715,0.715,1.836,1.836,1.836,0.617,0.617,0.71,0.703,0.719,0.752,0.755,0.755,0.755,0.755,0.783,0.84,0.861,0.87,0.876,0.887,0.904,0.923,0.95,0.95,1.088,0.979,1.025,1.101,1.144,0.0,1.145,1.191,0.921,1.354,1.354,0.968,0.968,0.968,0.968,1.025,0.328,0.328,1.208,1.208,1.208,1.208,1.208,1.254,1.271,1.296,1.296,1.296,1.336,1.313,1.313,1.363,1.398,0.329,0.606,1.398,1.398,1.398,0.346,0.282,0.282,4.699,4.699,4.699,4.699,4.699,4.117,4.637,3.619,0.742,3.911,3.911,3.523,3.523,3.523,3.523,3.523,3.523,3.523,2.304,2.765,2.508,2.498,2.917,2.485,1.861,1.944,11.07
Point_141,9.105,2.099,2.168,2.168,2.168,2.109,2.151,2.151,2.151,2.151,2.151,2.149,2.149,2.17,2.17,2.166,2.186,2.186,2.186,1.496,1.496,1.496,1.515,1.512,1.438,1.438,1.496,1.467,1.467,1.467,1.583,1.583,1.583,1.467,1.443,1.547,1.514,1.019,1.514,1.514,1.514,0.935,0.935,1.514,1.514,1.514,1.572,0.866,1.612,0.642,0.642,0.595,0.595,0.59,0.59,0.59,0.609,0.609,0.64,0.64,0.649,0.649,0.665,0.742,0.773,0.787,2.117,2.179,2.335,2.209,2.458,2.458,2.214,2.19,2.256,2.111,1.702,1.687,1.673,1.673,1.66,1.647,1.642,1.642,1.613,1.635,4.909,1.605,1.554,1.55,1.55,1.55,1.475,2.355,2.172,2.172,1.847,2.397,2.326,2.264,2.264,2.205,2.19,2.19,1.164,1.094,1.191,1.071,1.038,1.052,1.052,1.191,1.191,1.191,0.954,0.954,1.047,1.04,1.056,1.089,1.092,1.092,1.092,1.092,1.121,1.177,1.198,1.207,1.213,1.225,1.241,1.26,1.287,1.287,0.343,1.316,0.28,0.356,0.4,0.996,0.0,0.046,0.176,0.709,0.709,0.223,0.223,0.223,0.223,0.28,0.421,0.421,0.463,0.463,0.463,0.463,0.463,0.509,0.526,0.551,0.551,0.551,0.591,0.568,0.568,0.618,0.653,0.666,0.944,0.653,0.653,0.653,0.684,0.713,0.713,5.036,5.036,5.036,5.036,5.036,4.455,4.974,3.956,1.079,4.248,4.248,3.861,3.861,3.861,3.861,3.861,3.861,3.861,2.641,2.421,2.507,2.497,2.688,2.484,1.86,1.943,10.425
Point_142,9.059,2.053,2.122,2.122,2.122,2.063,2.105,2.105,2.105,2.105,2.105,2.104,2.104,2.124,2.124,2.12,2.14,2.14,2.14,1.45,1.45,1.45,1.469,1.467,1.392,1.392,1.45,1.421,1.421,1.421,1.537,1.537,1.537,1.421,1.397,1.501,1.468,0.973,1.468,1.468,1.468,0.889,0.889,1.468,1.468,1.468,1.526,0.82,1.566,0.597,0.597,0.549,0.549,0.544,0.544,0.544,0.563,0.563,0.594,0.594,0.603,0.603,0.619,0.697,0.727,0.741,2.071,2.134,2.289,2.164,2.412,2.412,2.168,2.144,2.21,2.065,1.656,1.641,1.627,1.627,1.614,1.601,1.597,1.597,1.567,1.59,4.863,1.559,1.508,1.504,1.504,1.504,1.429,2.309,2.126,2.126,1.801,2.351,2.28,2.218,2.218,2.159,2.144,2.144,1.118,1.049,1.146,1.025,0.992,1.007,1.007,1.146,1.146,1.146,0.908,0.908,1.001,0.994,1.01,1.044,1.046,1.046,1.046,1.046,1.075,1.132,1.152,1.161,1.167,1.179,1.195,1.214,1.241,1.241,0.297,1.271,0.234,0.311,0.354,0.95,0.355,0.0,0.131,0.663,0.663,0.177,0.177,0.177,0.177,0.234,0.375,0.375,0.417,0.417,0.417,0.417,0.417,0.464,0.481,0.506,0.506,0.506,0.545,0.522,0.522,0.573,0.607,0.621,0.898,0.607,0.607,0.607,0.638,0.668,0.668,4.991,4.991,4.991,4.991,4.991,4.409,4.929,3.91,1.034,4.202,4.202,3.815,3.815,3.815,3.815,3.815,3.815,3.815,2.596,2.376,2.461,2.452,2.643,2.439,1.815,1.897,10.379
Point_143,8.999,1.994,2.062,2.062,2.062,2.004,2.045,2.045,2.045,2.045,2.045,2.044,2.044,2.064,2.064,2.06,2.08,2.08,2.08,1.39,1.39,1.39,1.41,1.407,1.332,1.332,1.39,1.361,1.361,1.361,1.477,1.477,1.477,1.361,1.337,1.441,1.409,0.914,1.409,1.409,1.409,0.829,0.829,1.409,1.409,1.409,1.466,0.761,1.507,0.537,0.537,0.49,0.49,0.485,0.485,0.485,0.503,0.503,0.534,0.534,0.543,0.543,0.559,0.637,0.667,0.682,1.94,2.003,2.159,2.033,2.352,2.352,2.038,2.014,2.08,2.005,1.596,1.581,1.567,1.567,1.554,1.541,1.537,1.537,1.507,1.53,4.733,1.499,1.448,1.374,1.374,1.374,1.299,2.249,2.219,2.219,1.741,2.292,2.221,2.158,2.158,2.099,2.085,2.085,0.988,0.918,1.086,0.894,0.862,0.876,0.876,1.086,1.086,1.086,0.778,0.778,0.871,0.864,0.879,0.913,0.916,0.916,0.916,0.916,0.944,1.001,1.022,1.03,1.037,1.048,1.065,1.084,1.111,1.111,0.167,1.14,0.104,0.18,0.223,0.819,0.224,0.27,0.0,0.604,0.604,0.046,0.046,0.046,0.046,0.104,0.244,0.244,0.287,0.287,0.287,0.287,0.287,0.333,0.35,0.375,0.375,0.375,0.414,0.392,0.392,0.442,0.477,0.49,0.767,0.477,0.477,0.477,0.507,0.537,0.537,4.86,4.86,4.86,4.86,4.86,4.278,4.798,3.779,0.903,4.072,4.072,3.684,3.684,3.684,3.684,3.684,3.684,3.684,2.465,2.316,2.402,2.392,2.583,2.379,1.755,1.837,10.32
Point_144,10.071,2.755,2.823,2.823,2.823,2.765,2.806,2.806,2.806,2.806,2.806,2.805,2.805,2.825,2.825,2.821,2.841,2.841,2.841,2.151,2.151,2.151,2.17,2.168,2.093,2.093,2.151,2.122,2.122,2.122,2.238,2.238,2.238,2.122,2.098,2.202,2.17,0.594,2.17,2.17,2.17,0.509,0.509,2.17,2.17,2.17,2.227,0.44,2.268,0.217,0.217,0.146,0.146,0.141,0.141,0.141,0.16,0.16,0.191,0.191,0.2,0.2,0.216,0.294,0.324,0.338,3.299,3.361,3.517,3.391,3.423,3.423,2.933,2.963,3.438,3.076,2.667,2.652,2.638,2.638,2.626,2.612,2.608,2.608,2.578,2.601,6.091,2.57,2.519,2.406,2.406,2.406,2.668,3.01,2.827,2.827,2.502,3.053,1.877,2.919,2.919,2.86,2.845,2.845,2.056,1.986,1.847,1.962,1.93,1.944,1.944,1.847,1.847,1.847,2.136,2.136,2.229,2.222,2.238,2.271,2.274,2.274,2.274,2.274,2.302,2.359,2.38,2.389,2.395,2.407,2.423,2.442,2.469,2.469,1.525,2.498,1.462,1.538,1.581,2.178,1.582,1.628,1.358,0.0,0.0,1.405,1.405,1.405,1.405,1.462,1.603,1.603,1.645,1.645,1.645,1.645,1.645,1.691,1.708,1.733,1.733,1.733,1.773,1.75,1.75,1.8,1.835,1.848,2.126,1.835,1.835,1.835,1.865,1.895,1.895,6.218,6.218,6.218,6.218,6.218,5.636,6.156,5.138,2.261,5.43,5.43,5.042,5.042,5.042,5.042,5.042,5.042,5.042,3.435,3.387,3.473,3.463,3.654,3.45,2.826,2.908,9.976
Point_145,10.071,2.755,2.823,2.823,2.823,2.765,2.806,2.806,2.806,2.806,2.806,2.805,2.805,2.825,2.825,2.821,2.841,2.841,2.841,2.151,2.151,2.151,2.17,2.168,2.093,2.093,2.151,2.122,2.122,2.122,2.238,2.238,2.238,2.122,2.098,2.202,2.17,0.594,2.17,2.17,2.17,0.509,0.509,2.17,2.17,2.17,2.227,0.44,2.268,0.217,0.217,0.146,0.146,0.141,0.141,0.141,0.16,0.16,0.191,0.191,0.2,0.2,0.216,0.294,0.324,0.338,3.299,3.361,3.517,3.391,3.423,3.423,2.933,2.963,3.438,3.076,2.667,2.652,2.638,2.638,2.626,2.612,2.608,2.608,2.578,2.601,6.091,2.57,2.519,2.406,2.406,2.406,2.668,3.01,2.827,2.827,2.502,3.053,1.877,2.919,2.919,2.86,2.845,2.845,2.056,1.986,1.847,1.962,1.93,1.944,1.944,1.847,1.847,1.847,2.136,2.136,2.229,2.222,2.238,2.271,2.274,2.274,2.274,2.274,2.302,2.359,2.38,2.389,2.395,2.407,2.423,2.442,2.469,2.469,1.525,2.498,1.462,1.538,1.581,2.178,1.582,1.628,1.358,0.0,0.0,1.405,1.405,1.405,1.405,1.462,1.603,1.603,1.645,1.645,1.645,1.645,1.645,1.691,1.708,1.733,1.733,1.733,1.773,1.75,1.75,1.8,1.835,1.848,2.126,1.835,1.835,1.835,1.865,1.895,1.895,6.218,6.218,6.218,6.218,6.218,5.636,6.156,5.138,2.261,5.43,5.43,5.042,5.042,5.042,5.042,5.042,5.042,5.042,3.435,3.387,3.473,3.463,3.654,3.45,2.826,2.908,9.976
Point_146,9.046,1.975,2.043,2.043,2.043,1.985,2.027,2.027,2.027,2.027,2.027,2.025,2.025,2.046,2.046,2.042,2.061,2.061,2.061,1.437,1.437,1.437,1.456,1.453,1.379,1.379,1.437,1.407,1.407,1.407,1.524,1.524,1.524,1.407,1.383,1.488,1.455,0.96,1.455,1.455,1.455,0.876,0.876,1.455,1.455,1.455,1.512,0.807,1.553,0.583,0.583,0.536,0.536,0.531,0.531,0.531,0.55,0.55,0.581,0.581,0.589,0.589,0.606,0.683,0.714,0.728,1.894,1.957,2.112,1.987,2.919,2.919,1.991,1.967,2.033,2.052,1.643,1.628,1.614,1.614,1.601,1.588,1.583,1.583,1.553,1.576,4.687,1.545,1.495,1.327,1.327,1.327,1.252,2.231,2.172,2.172,1.722,2.273,2.267,2.14,2.14,2.081,2.066,2.066,0.942,0.872,1.132,0.848,0.815,0.83,0.83,1.132,1.132,1.132,0.731,0.731,0.824,0.817,0.833,0.867,0.87,0.87,0.87,0.87,0.898,0.955,0.975,0.984,0.99,1.002,1.018,1.037,1.064,1.064,0.12,1.094,0.057,0.134,0.177,0.773,0.178,0.223,0.046,0.65,0.65,0.0,0.0,0.0,0.0,0.057,0.198,0.198,0.241,0.241,0.241,0.241,0.241,0.287,0.304,0.329,0.329,0.329,0.368,0.345,0.345,0.396,0.43,0.444,0.721,0.43,0.43,0.43,0.461,0.491,0.491,4.814,4.814,4.814,4.814,4.814,4.232,4.752,3.733,0.857,4.025,4.025,3.638,3.638,3.638,3.638,3.638,3.638,3.638,2.419,2.362,2.448,2.438,2.629,2.425,1.801,1.883,10.366
Point_147,9.046,1.975,2.043,2.043,2.043,1.985,2.027,2.027,2.027,2.027,2.027,2.025,2.025,2.046,2.046,2.042,2.061,2.061,2.061,1.437,1.437,1.437,1.456,1.453,1.379,1.379,1.437,1.407,1.407,1.407,1.524,1.524,1.524,1.407,1.383,1.488,1.455,0.96,1.455,1.455,1.455,0.876,0.876,1.455,1.455,1.455,1.512,0.807,1.553,0.583,0.583,0.536,0.536,0.531,0.531,0.531,0.55,0.55,0.581,0.581,0.589,0.589,0.606,0.683,0.714,0.728,1.894,1.957,2.112,1.987,2.919,2.919,1.991,1.967,2.033,2.052,1.643,1.628,1.614,1.614,1.601,1.588,1.583,1.583,1.553,1.576,4.687,1.545,1.495,1.327,1.327,1.327,1.252,2.231,2.172,2.172,1.722,2.273,2.267,2.14,2.14,2.081,2.066,2.066,0.942,0.872,1.132,0.848,0.815,0.83,0.83,1.132,1.132,1.132,0.731,0.731,0.824,0.817,0.833,0.867,0.87,0.87,0.87,0.87,0.898,0.955,0.975,0.984,0.99,1.002,1.018,1.037,1.064,1.064,0.12,1.094,0.057,0.134,0.177,0.773,0.178,0.223,0.046,0.65,0.65,0.0,0.0,0.0,0.0,0.057,0.198,0.198,0.241,0.241,0.241,0.241,0.241,0.287,0.304,0.329,0.329,0.329,0.368,0.345,0.345,0.396,0.43,0.444,0.721,0.43,0.43,0.43,0.461,0.491,0.491,4.814,4.814,4.814,4.814,4.814,4.232,4.752,3.733,0.857,4.025,4.025,3.638,3.638,3.638,3.638,3.638,3.638,3.638,2.419,2.362,2.448,2.438,2.629,2.425,1.801,1.883,10.366
Point_148,9.046,1.975,2.043,2.043,2.043,1.985,2.027,2.027,2.027,2.027,2.027,2.025,2.025,2.046,2.046,2.042,2.061,2.061,2.061,1.437,1.437,1.437,1.456,1.453,1.379,1.379,1.437,1.407,1.407,1.407,1.524,1.524,1.524,1.407,1.383,1.488,1.455,0.96,1.455,1.455,1.455,0.876,0.876,1.455,1.455,1.455,1.512,0.807,1.553,0.583,0.583,0.536,0.536,0.531,0.531,0.531,0.55,0.55,0.581,0.581,0.589,0.589,0.606,0.683,0.714,0.728,1.894,1.957,2.112,1.987,2.919,2.919,1.991,1.967,2.033,2.052,1.643,1.628,1.614,1.614,1.601,1.588,1.583,1.583,1.553,1.576,4.687,1.545,1.495,1.327,1.327,1.327,1.252,2.231,2.172,2.172,1.722,2.273,2.267,2.14,2.14,2.081,2.066,2.066,0.942,0.872,1.132,0.848,0.815,0.83,0.83,1.132,1.132,1.132,0.731,0.731,0.824,0.817,0.833,0.867,0.87,0.87,0.87,0.87,0.898,0.955,0.975,0.984,0.99,1.002,1.018,1.037,1.064,1.064,0.12,1.094,0.057,0.134,0.177,0.773,0.178,0.223,0.046,0.65,0.65,0.0,0.0,0.0,0.0,0.057,0.198,0.198,0.241,0.241,0.241,0.241,0.241,0.287,0.304,0.329,0.329,0.329,0.368,0.345,0.345,0.396,0.43,0.444,0.721,0.43,0.43,0.43,0.461,0.491,0.491,4.814,4.814,4.814,4.814,4.814,4.232,4.752,3.733,0.857,4.025,4.025,3.638,3.638,3.638,3.638,3.638,3.638,3.638,2.419,2.362,2.448,2.438,2.629,2.425,1.801,1.883,10.366
Point_149,9.046,1.975,2.043,2.043,2.043,1.985,2.027,2.027,2.027,2.027,2.027,2.025,2.025,2.046,2.046,2.042,2.061,2.061,2.061,1.437,1.437,1.437,1.456,1.453,1.379,1.379,1.437,1.407,1.407,1.407,1.524,1.524,1.524,1.407,1.383,1.488,1.455,0.96,1.455,1.455,1.455,0.876,0.876,1.455,1.455,1.455,1.512,0.807,1.553,0.583,0.583,0.536,0.536,0.531,0.531,0.531,0.55,0.55,0.581,0.581,0.589,0.589,0.606,0.683,0.714,0.728,1.894,1.957,2.112,1.987,2.919,2.919,1.991,1.967,2.033,2.052,1.643,1.628,1.614,1.614,1.601,1.588,1.583,1.583,1.553,1.576,4.687,1.545,1.495,1.327,1.327,1.327,1.252,2.231,2.172,2.172,1.722,2.273,2.267,2.14,2.14,2.081,2.066,2.066,0.942,0.872,1.132,0.848,0.815,0.83,0.83,1.132,1.132,1.132,0.731,0.731,0.824,0.817,0.833,0.867,0.87,0.87,0.87,0.87,0.898,0.955,0.975,0.984,0.99,1.002,1.018,1.037,1.064,1.064,0.12,1.094,0.057,0.134,0.177,0.773,0.178,0.223,0.046,0.65,0.65,0.0,0.0,0.0,0.0,0.057,0.198,0.198,0.241,0.241,0.241,0.241,0.241,0.287,0.304,0.329,0.329,0.329,0.368,0.345,0.345,0.396,0.43,0.444,0.721,0.43,0.43,0.43,0.461,0.491,0.491,4.814,4.814,4.814,4.814,4.814,4.232,4.752,3.733,0.857,4.025,4.025,3.638,3.638,3.638,3.638,3.638,3.638,3.638,2.419,2.362,2.448,2.438,2.629,2.425,1.801,1.883,10.366
Point_150,8.79,1.918,1.986,1.986,1.986,1.928,1.969,1.969,1.969,1.969,1.969,1.968,1.968,1.988,1.988,1.984,2.004,2.004,2.004,1.202,1.202,1.202,1.221,1.218,1.144,1.144,1.202,1.172,1.172,1.172,1.289,1.289,1.289,1.172,1.148,1.253,1.22,1.017,1.22,1.22,1.22,0.933,0.933,1.22,1.22,1.22,1.277,0.864,1.318,0.64,0.64,0.593,0.593,0.588,0.588,0.588,0.607,0.607,0.638,0.638,0.647,0.647,0.663,0.74,0.771,0.785,1.837,1.899,2.055,1.929,2.862,2.862,1.934,1.91,1.976,1.796,1.387,1.372,1.358,1.358,1.345,1.332,1.327,1.327,1.298,1.32,4.629,1.29,1.239,1.27,1.27,1.27,1.195,2.173,2.115,2.115,1.665,2.216,2.324,2.082,2.082,2.023,2.009,2.009,0.884,0.814,0.897,0.791,0.758,0.772,0.772,0.897,0.897,0.897,0.674,0.674,0.767,0.76,0.776,0.809,0.812,0.812,0.812,0.812,0.841,0.897,0.918,0.927,0.933,0.945,0.961,0.98,1.007,1.007,0.063,1.036,0.0,0.076,0.12,0.716,0.12,0.166,0.104,0.707,0.707,0.057,0.057,0.057,0.057,0.0,0.141,0.141,0.183,0.183,0.183,0.183,0.183,0.229,0.246,0.271,0.271,0.271,0.311,0.288,0.288,0.338,0.373,0.386,0.664,0.373,0.373,0.373,0.404,0.433,0.433,4.756,4.756,4.756,4.756,4.756,4.175,4.694,3.676,0.8,3.968,3.968,3.581,3.581,3.581,3.581,3.581,3.581,3.581,2.361,2.106,2.192,2.182,2.374,2.169,1.545,1.628,10.423
Point_151,9.019,1.774,1.842,1.842,1.842,1.784,1.825,1.825,1.825,1.825,1.825,1.824,1.824,1.844,1.844,1.84,1.86,1.86,1.86,1.762,1.762,1.762,1.782,1.779,1.874,1.874,1.762,1.903,1.903,1.903,2.019,2.019,2.019,1.903,1.879,1.983,1.95,1.958,1.95,1.95,1.95,1.874,1.874,1.95,1.95,1.95,2.008,1.805,2.048,1.581,1.581,1.534,1.534,1.529,1.529,1.529,1.548,1.548,1.579,1.579,1.587,1.587,1.604,1.681,1.712,1.726,1.693,1.755,1.911,1.785,2.718,2.718,1.79,1.766,1.832,2.025,1.579,1.601,1.587,1.587,1.574,1.561,1.557,1.557,1.527,1.549,4.485,1.519,1.468,1.126,1.126,1.126,1.051,2.029,1.971,1.971,1.521,2.072,3.265,1.938,1.938,1.879,1.865,1.865,0.74,0.67,1.302,0.647,0.614,0.628,0.628,1.302,1.302,1.302,0.53,0.53,0.623,0.616,0.632,0.665,0.668,0.668,0.668,0.668,0.697,0.753,0.774,0.783,0.789,0.801,0.817,0.836,0.863,0.863,0.981,0.892,0.941,0.974,1.017,0.572,1.018,1.063,1.045,1.648,1.648,0.998,0.998,0.998,0.998,0.941,0.0,0.0,0.039,0.039,0.039,0.039,0.039,0.085,0.102,0.127,0.127,0.127,0.167,0.144,0.144,0.194,0.229,0.243,0.52,0.229,0.229,0.229,0.26,0.289,0.289,4.612,4.612,4.612,4.612,4.612,4.031,4.55,3.532,0.656,3.824,3.824,3.437,3.437,3.437,3.437,3.437,3.437,3.437,2.217,2.678,2.421,2.412,2.83,2.399,1.774,1.857,11.364
Point_152,9.019,1.774,1.842,1.842,1.842,1.784,1.825,1.825,1.825,1.825,1.825,1.824,1.824,1.844,1.844,1.84,1.86,1.86,1.86,1.762,1.762,1.762,1.782,1.779,1.874,1.874,1.762,1.903,1.903,1.903,2.019,2.019,2.019,1.903,1.879,1.983,1.95,1.958,1.95,1.95,1.95,1.874,1.874,1.95,1.95,1.95,2.008,1.805,2.048,1.581,1.581,1.534,1.534,1.529,1.529,1.529,1.548,1.548,1.579,1.579,1.587,1.587,1.604,1.681,1.712,1.726,1.693,1.755,1.911,1.785,2.718,2.718,1.79,1.766,1.832,2.025,1.579,1.601,1.587,1.587,1.574,1.561,1.557,1.557,1.527,1.549,4.485,1.519,1.468,1.126,1.126,1.126,1.051,2.029,1.971,1.971,1.521,2.072,3.265,1.938,1.938,1.879,1.865,1.865,0.74,0.67,1.302,0.647,0.614,0.628,0.628,1.302,1.302,1.302,0.53,0.53,0.623,0.616,0.632,0.665,0.668,0.668,0.668,0.668,0.697,0.753,0.774,0.783,0.789,0.801,0.817,0.836,0.863,0.863,0.981,0.892,0.941,0.974,1.017,0.572,1.018,1.063,1.045,1.648,1.648,0.998,0.998,0.998,0.998,0.941,0.0,0.0,0.039,0.039,0.039,0.039,0.039,0.085,0.102,0.127,0.127,0.127,0.167,0.144,0.144,0.194,0.229,0.243,0.52,0.229,0.229,0.229,0.26,0.289,0.289,4.612,4.612,4.612,4.612,4.612,4.031,4.55,3.532,0.656,3.824,3.824,3.437,3.437,3.437,3.437,3.437,3.437,3.437,2.217,2.678,2.421,2.412,2.83,2.399,1.774,1.857,11.364
Point_153,8.98,1.734,1.803,1.803,1.803,1.744,1.786,1.786,1.786,1.786,1.786,1.785,1.785,1.805,1.805,1.801,1.821,1.821,1.821,1.723,1.723,1.723,1.742,1.74,1.835,1.835,1.723,1.863,1.863,1.863,1.98,1.98,1.98,1.863,1.839,1.944,1.911,1.919,1.911,1.911,1.911,1.834,1.834,1.911,1.911,1.911,1.968,1.766,2.009,1.542,1.542,1.495,1.495,1.49,1.49,1.49,1.509,1.509,1.54,1.54,1.548,1.548,1.565,1.642,1.673,1.687,1.653,1.716,1.872,1.746,2.678,2.678,1.751,1.727,1.793,1.986,1.54,1.562,1.548,1.548,1.535,1.522,1.517,1.517,1.488,1.51,4.446,1.48,1.429,1.087,1.087,1.087,1.012,1.99,1.932,1.932,1.482,2.032,3.226,1.899,1.899,1.84,1.825,1.825,0.701,0.631,1.262,0.607,0.575,0.589,0.589,1.262,1.262,1.262,0.491,0.491,0.584,0.577,0.593,0.626,0.629,0.629,0.629,0.629,0.657,0.714,0.735,0.743,0.75,0.761,0.778,0.797,0.824,0.824,0.941,0.853,0.902,0.935,0.978,0.533,0.978,1.024,1.005,1.609,1.609,0.959,0.959,0.959,0.959,0.902,1.019,1.019,0.0,0.0,0.0,0.0,0.0,0.046,0.063,0.088,0.088,0.088,0.128,0.105,0.105,0.155,0.19,0.203,0.48,0.19,0.19,0.19,0.22,0.25,0.25,4.573,4.573,4.573,4.573,4.573,3.991,4.511,3.493,0.616,3.785,3.785,3.397,3.397,3.397,3.397,3.397,3.397,3.397,2.178,2.639,2.382,2.372,2.791,2.359,1.735,1.817,11.325
Point_154,8.98,1.734,1.803,1.803,1.803,1.744,1.786,1.786,1.786,1.786,1.786,1.785,1.785,1.805,1.805,1.801,1.821,1.821,1.821,1.723,1.723,1.723,1.742,1.74,1.835,1.835,1.723,1.863,1.863,1.863,1.98,1.98,1.98,1.863,1.839,1.944,1.911,1.919,1.911,1.911,1.911,1.834,1.834,1.911,1.911,1.911,1.968,1.766,2.009,1.542,1.542,1.495,1.495,1.49,1.49,1.49,1.509,1.509,1.54,1.54,1.548,1.548,1.565,1.642,1.673,1.687,1.653,1.716,1.872,1.746,2.678,2.678,1.751,1.727,1.793,1.986,1.54,1.562,1.548,1.548,1.535,1.522,1.517,1.517,1.488,1.51,4.446,1.48,1.429,1.087,1.087,1.087,1.012,1.99,1.932,1.932,1.482,2.032,3.226,1.899,1.899,1.84,1.825,1.825,0.701,0.631,1.262,0.607,0.575,0.589,0.589,1.262,1.262,1.262,0.491,0.491,0.584,0.577,0.593,0.626,0.629,0.629,0.629,0.629,0.657,0.714,0.735,0.743,0.75,0.761,0.778,0.797,0.824,0.824,0.941,0.853,0.902,0.935,0.978,0.533,0.978,1.024,1.005,1.609,1.609,0.959,0.959,0.959,0.959,0.902,1.019,1.019,0.0,0.0,0.0,0.0,0.0,0.046,0.063,0.088,0.088,0.088,0.128,0.105,0.105,0.155,0.19,0.203,0.48,0.19,0.19,0.19,0.22,0.25,0.25,4.573,4.573,4.573,4.573,4.573,3.991,4.511,3.493,0.616,3.785,3.785,3.397,3.397,3.397,3.397,3.397,3.397,3.397,2.178,2.639,2.382,2.372,2.791,2.359,1.735,1.817,11.325
Point_155,8.98,1.734,1.803,1.803,1.803,1.744,1.786,1.786,1.786,1.786,1.786,1.785,1.785,1.805,1.805,1.801,1.821,1.821,1.821,1.723,1.723,1.723,1.742,1.74,1.835,1.835,1.723,1.863,1.863,1.863,1.98,1.98,1.98,1.863,1.839,1.944,1.911,1.919,1.911,1.911,1.911,1.834,1.834,1.911,1.911,1.911,1.968,1.766,2.009,1.542,1.542,1.495,1.495,1.49,1.49,1.49,1.509,1.509,1.54,1.54,1.548,1.548,1.565,1.642,1.673,1.687,1.653,1.716,1.872,1.746,2.678,2.678,1.751,1.727,1.793,1.986,1.54,1.562,1.548,1.548,1.535,1.522,1.517,1.517,1.488,1.51,4.446,1.48,1.429,1.087,1.087,1.087,1.012,1.99,1.932,1.932,1.482,2.032,3.226,1.899,1.899,1.84,1.825,1.825,0.701,0.631,1.262,0.607,0.575,0.589,0.589,1.262,1.262,1.262,0.491,0.491,0.584,0.577,0.593,0.626,0.629,0.629,0.629,0.629,0.657,0.714,0.735,0.743,0.75,0.761,0.778,0.797,0.824,0.824,0.941,0.853,0.902,0.935,0.978,0.533,0.978,1.024,1.005,1.609,1.609,0.959,0.959,0.959,0.959,0.902,1.019,1.019,0.0,0.0,0.0,0.0,0.0,0.046,0.063,0.088,0.088,0.088,0.128,0.105,0.105,0.155,0.19,0.203,0.48,0.19,0.19,0.19,0.22,0.25,0.25,4.573,4.573,4.573,4.573,4.573,3.991,4.511,3.493,0.616,3.785,3.785,3.397,3.397,3.397,3.397,3.397,3.397,3.397,2.178,2.639,2.382,2.372,2.791,2.359,1.735,1.817,11.325
Point_156,8.98,1.734,1.803,1.803,1.803,1.744,1.786,1.786,1.786,1.786,1.786,1.785,1.785,1.805,1.805,1.801,1.821,1.821,1.821,1.723,1.723,1.723,1.742,1.74,1.835,1.835,1.723,1.863,1.863,1.863,1.98,1.98,1.98,1.863,1.839,1.944,1.911,1.919,1.911,1.911,1.911,1.834,1.834,1.911,1.911,1.911,1.968,1.766,2.009,1.542,1.542,1.495,1.495,1.49,1.49,1.49,1.509,1.509,1.54,1.54,1.548,1.548,1.565,1.642,1.673,1.687,1.653,1.716,1.872,1.746,2.678,2.678,1.751,1.727,1.793,1.986,1.54,1.562,1.548,1.548,1.535,1.522,1.517,1.517,1.488,1.51,4.446,1.48,1.429,1.087,1.087,1.087,1.012,1.99,1.932,1.932,1.482,2.032,3.226,1.899,1.899,1.84,1.825,1.825,0.701,0.631,1.262,0.607,0.575,0.589,0.589,1.262,1.262,1.262,0.491,0.491,0.584,0.577,0.593,0.626,0.629,0.629,0.629,0.629,0.657,0.714,0.735,0.743,0.75,0.761,0.778,0.797,0.824,0.824,0.941,0.853,0.902,0.935,0.978,0.533,0.978,1.024,1.005,1.609,1.609,0.959,0.959,0.959,0.959,0.902,1.019,1.019,0.0,0.0,0.0,0.0,0.0,0.046,0.063,0.088,0.088,0.088,0.128,0.105,0.105,0.155,0.19,0.203,0.48,0.19,0.19,0.19,0.22,0.25,0.25,4.573,4.573,4.573,4.573,4.573,3.991,4.511,3.493,0.616,3.785,3.785,3.397,3.397,3.397,3.397,3.397,3.397,3.397,2.178,2.639,2.382,2.372,2.791,2.359,1.735,1.817,11.325
Point_157,8.98,1.734,1.803,1.803,1.803,1.744,1.786,1.786,1.786,1.786,1.786,1.785,1.785,1.805,1.805,1.801,1.821,1.821,1.821,1.723,1.723,1.723,1.742,1.74,1.835,1.835,1.723,1.863,1.863,1.863,1.98,1.98,1.98,1.863,1.839,1.944,1.911,1.919,1.911,1.911,1.911,1.834,1.834,1.911,1.911,1.911,1.968,1.766,2.009,1.542,1.542,1.495,1.495,1.49,1.49,1.49,1.509,1.509,1.54,1.54,1.548,1.548,1.565,1.642,1.673,1.687,1.653,1.716,1.872,1.746,2.678,2.678,1.751,1.727,1.793,1.986,1.54,1.562,1.548,1.548,1.535,1.522,1.517,1.517,1.488,1.51,4.446,1.48,1.429,1.087,1.087,1.087,1.012,1.99,1.932,1.932,1.482,2.032,3.226,1.899,1.899,1.84,1.825,1.825,0.701,0.631,1.262,0.607,0.575,0.589,0.589,1.262,1.262,1.262,0.491,0.491,0.584,0.577,0.593,0.626,0.629,0.629,0.629,0.629,0.657,0.714,0.735,0.743,0.75,0.761,0.778,0.797,0.824,0.824,0.941,0.853,0.902,0.935,0.978,0.533,0.978,1.024,1.005,1.609,1.609,0.959,0.959,0.959,0.959,0.902,1.019,1.019,0.0,0.0,0.0,0.0,0.0,0.046,0.063,0.088,0.088,0.088,0.128,0.105,0.105,0.155,0.19,0.203,0.48,0.19,0.19,0.19,0.22,0.25,0.25,4.573,4.573,4.573,4.573,4.573,3.991,4.511,3.493,0.616,3.785,3.785,3.397,3.397,3.397,3.397,3.397,3.397,3.397,2.178,2.639,2.382,2.372,2.791,2.359,1.735,1.817,11.325
Point_158,8.934,1.688,1.757,1.757,1.757,1.698,1.74,1.74,1.74,1.74,1.74,1.738,1.738,1.759,1.759,1.755,1.775,1.775,1.775,1.677,1.677,1.677,1.696,1.693,1.788,1.788,1.677,1.817,1.817,1.817,1.933,1.933,1.933,1.817,1.793,1.898,1.865,1.873,1.865,1.865,1.865,1.788,1.788,1.865,1.865,1.865,1.922,1.72,1.963,1.496,1.496,1.449,1.449,1.444,1.444,1.444,1.462,1.462,1.494,1.494,1.502,1.502,1.518,1.596,1.626,1.641,1.607,1.67,1.825,1.7,2.632,2.632,1.705,1.68,1.747,1.939,1.494,1.515,1.502,1.502,1.489,1.475,1.471,1.471,1.441,1.464,4.4,1.433,1.382,1.041,1.041,1.041,0.965,1.944,1.886,1.886,1.436,1.986,3.18,1.853,1.853,1.794,1.779,1.779,0.655,0.585,1.216,0.561,0.529,0.543,0.543,1.216,1.216,1.216,0.445,0.445,0.538,0.531,0.546,0.58,0.583,0.583,0.583,0.583,0.611,0.668,0.689,0.697,0.704,0.715,0.732,0.75,0.778,0.778,0.895,0.807,0.855,0.888,0.932,0.486,0.932,0.978,0.959,1.563,1.563,0.913,0.913,0.913,0.913,0.855,0.973,0.973,1.015,1.015,1.015,1.015,1.015,0.0,0.017,0.042,0.042,0.042,0.081,0.059,0.059,0.109,0.144,0.157,0.434,0.144,0.144,0.144,0.174,0.204,0.204,4.527,4.527,4.527,4.527,4.527,3.945,4.465,3.446,0.57,3.738,3.738,3.351,3.351,3.351,3.351,3.351,3.351,3.351,2.132,2.593,2.336,2.326,2.745,2.313,1.689,1.771,11.279
Point_159,8.917,1.671,1.74,1.74,1.74,1.681,1.723,1.723,1.723,1.723,1.723,1.721,1.721,1.742,1.742,1.738,1.758,1.758,1.758,1.66,1.66,1.66,1.679,1.676,1.771,1.771,1.66,1.8,1.8,1.8,1.916,1.916,1.916,1.8,1.776,1.881,1.848,1.856,1.848,1.848,1.848,1.771,1.771,1.848,1.848,1.848,1.905,1.703,1.946,1.479,1.479,1.432,1.432,1.427,1.427,1.427,1.445,1.445,1.477,1.477,1.485,1.485,1.501,1.579,1.609,1.624,1.59,1.653,1.808,1.683,2.615,2.615,1.688,1.663,1.73,1.922,1.477,1.498,1.485,1.485,1.472,1.458,1.454,1.454,1.424,1.447,4.383,1.416,1.366,1.024,1.024,1.024,0.948,1.927,1.869,1.869,1.419,1.969,3.163,1.836,1.836,1.777,1.762,1.762,0.638,0.568,1.199,0.544,0.512,0.526,0.526,1.199,1.199,1.199,0.428,0.428,0.521,0.514,0.529,0.563,0.566,0.566,0.566,0.566,0.594,0.651,0.672,0.68,0.687,0.698,0.715,0.733,0.761,0.761,0.878,0.79,0.838,0.871,0.915,0.469,0.915,0.961,0.942,1.546,1.546,0.896,0.896,0.896,0.896,0.838,0.956,0.956,0.998,0.998,0.998,0.998,0.998,1.045,0.0,0.025,0.025,0.025,0.064,0.042,0.042,0.092,0.127,0.14,0.417,0.127,0.127,0.127,0.157,0.187,0.187,4.51,4.51,4.51,4.51,4.51,3.928,4.448,3.429,0.553,3.721,3.721,3.334,3.334,3.334,3.334,3.334,3.334,3.334,2.115,2.576,2.319,2.309,2.728,2.296,1.672,1.754,11.262
Point_160,8.892,1.646,1.715,1.715,1.715,1.656,1.698,1.698,1.698,1.698,1.698,1.696,1.696,1.717,1.717,1.713,1.733,1.733,1.733,1.635,1.635,1.635,1.654,1.651,1.746,1.746,1.635,1.775,1.775,1.775,1.891,1.891,1.891,1.775,1.751,1.856,1.823,1.831,1.823,1.823,1.823,1.746,1.746,1.823,1.823,1.823,1.88,1.678,1.921,1.454,1.454,1.407,1.407,1.402,1.402,1.402,1.42,1.42,1.451,1.451,1.46,1.46,1.476,1.554,1.584,1.599,1.565,1.628,1.783,1.658,2.59,2.59,1.662,1.638,1.705,1.897,1.452,1.473,1.459,1.459,1.447,1.433,1.429,1.429,1.399,1.422,4.358,1.391,1.34,0.999,0.999,0.999,0.923,1.902,1.844,1.844,1.394,1.944,3.138,1.811,1.811,1.752,1.737,1.737,0.613,0.543,1.174,0.519,0.487,0.501,0.501,1.174,1.174,1.174,0.403,0.403,0.496,0.489,0.504,0.538,0.541,0.541,0.541,0.541,0.569,0.626,0.647,0.655,0.662,0.673,0.69,0.708,0.736,0.736,0.853,0.765,0.813,0.846,0.889,0.444,0.89,0.936,0.917,1.521,1.521,0.871,0.871,0.871,0.871,0.813,0.931,0.931,0.973,0.973,0.973,0.973,0.973,1.02,1.037,0.0,0.0,0.0,0.039,0.016,0.016,0.067,0.102,0.115,0.392,0.102,0.102,0.102,0.132,0.162,0.162,4.485,4.485,4.485,4.485,4.485,3.903,4.423,3.404,0.528,3.696,3.696,3.309,3.309,3.309,3.309,3.309,3.309,3.309,2.09,2.551,2.294,2.284,2.703,2.271,1.647,1.729,11.237
Point_161,8.892,1.646,1.715,1.715,1.715,1.656,1.698,1.698,1.698,1.698,1.698,1.696,1.696,1.717,1.717,1.713,1.733,1.733,1.733,1.635,1.635,1.635,1.654,1.651,1.746,1.746,1.635,1.775,1.775,1.775,1.891,1.891,1.891,1.775,1.751,1.856,1.823,1.831,1.823,1.823,1.823,1.746,1.746,1.823,1.823,1.823,1.88,1.678,1.921,1.454,1.454,1.407,1.407,1.402,1.402,1.402,1.42,1.42,1.451,1.451,1.46,1.46,1.476,1.554,1.584,1.599,1.565,1.628,1.783,1.658,2.59,2.59,1.662,1.638,1.705,1.897,1.452,1.473,1.459,1.459,1.447,1.433,1.429,1.429,1.399,1.422,4.358,1.391,1.34,0.999,0.999,0.999,0.923,1.902,1.844,1.844,1.394,1.944,3.138,1.811,1.811,1.752,1.737,1.737,0.613,0.543,1.174,0.519,0.487,0.501,0.501,1.174,1.174,1.174,0.403,0.403,0.496,0.489,0.504,0.538,0.541,0.541,0.541,0.541,0.569,0.626,0.647,0.655,0.662,0.673,0.69,0.708,0.736,0.736,0.853,0.765,0.813,0.846,0.889,0.444,0.89,0.936,0.917,1.521,1.521,0.871,0.871,0.871,0.871,0.813,0.931,0.931,0.973,0.973,0.973,0.973,0.973,1.02,1.037,0.0,0.0,0.0,0.039,0.016,0.016,0.067,0.102,0.115,0.392,0.102,0.102,0.102,0.132,0.162,0.162,4.485,4.485,4.485,4.485,4.485,3.903,4.423,3.404,0.528,3.696,3.696,3.309,3.309,3.309,3.309,3.309,3.309,3.309,2.09,2.551,2.294,2.284,2.703,2.271,1.647,1.729,11.237
Point_162,8.892,1.646,1.715,1.715,1.715,1.656,1.698,1.698,1.698,1.698,1.698,1.696,1.696,1.717,1.717,1.713,1.733,1.733,1.733,1.635,1.635,1.635,1.654,1.651,1.746,1.746,1.635,1.775,1.775,1.775,1.891,1.891,1.891,1.775,1.751,1.856,1.823,1.831,1.823,1.823,1.823,1.746,1.746,1.823,1.823,1.823,1.88,1.678,1.921,1.454,1.454,1.407,1.407,1.402,1.402,1.402,1.42,1.42,1.451,1.451,1.46,1.46,1.476,1.554,1.584,1.599,1.565,1.628,1.783,1.658,2.59,2.59,1.662,1.638,1.705,1.897,1.452,1.473,1.459,1.459,1.447,1.433,1.429,1.429,1.399,1.422,4.358,1.391,1.34,0.999,0.999,0.999,0.923,1.902,1.844,1.844,1.394,1.944,3.138,1.811,1.811,1.752,1.737,1.737,0.613,0.543,1.174,0.519,0.487,0.501,0.501,1.174,1.174,1.174,0.403,0.403,0.496,0.489,0.504,0.538,0.541,0.541,0.541,0.541,0.569,0.626,0.647,0.655,0.662,0.673,0.69,0.708,0.736,0.736,0.853,0.765,0.813,0.846,0.889,0.444,0.89,0.936,0.917,1.521,1.521,0.871,0.871,0.871,0.871,0.813,0.931,0.931,0.973,0.973,0.973,0.973,0.973,1.02,1.037,0.0,0.0,0.0,0.039,0.016,0.016,0.067,0.102,0.115,0.392,0.102,0.102,0.102,0.132,0.162,0.162,4.485,4.485,4.485,4.485,4.485,3.903,4.423,3.404,0.528,3.696,3.696,3.309,3.309,3.309,3.309,3.309,3.309,3.309,2.09,2.551,2.294,2.284,2.703,2.271,1.647,1.729,11.237
Point_163,8.852,1.607,1.675,1.675,1.675,1.617,1.658,1.658,1.658,1.658,1.658,1.657,1.657,1.678,1.678,1.674,1.693,1.693,1.693,1.596,1.596,1.596,1.615,1.612,1.707,1.707,1.596,1.736,1.736,1.736,1.852,1.852,1.852,1.736,1.712,1.816,1.783,1.791,1.783,1.783,1.783,1.707,1.707,1.783,1.783,1.783,1.841,1.638,1.881,1.415,1.415,1.367,1.367,1.362,1.362,1.362,1.381,1.381,1.412,1.412,1.421,1.421,1.437,1.514,1.545,1.559,1.526,1.589,1.744,1.619,2.551,2.551,1.623,1.599,1.665,1.858,1.412,1.434,1.42,1.42,1.407,1.394,1.39,1.39,1.36,1.383,4.318,1.352,1.301,0.959,0.959,0.959,0.884,1.862,1.804,1.804,1.354,1.905,3.098,1.772,1.772,1.712,1.698,1.698,0.573,0.504,1.135,0.48,0.447,0.462,0.462,1.135,1.135,1.135,0.363,0.363,0.456,0.449,0.465,0.499,0.501,0.501,0.501,0.501,0.53,0.587,0.607,0.616,0.622,0.634,0.65,0.669,0.696,0.696,0.814,0.726,0.774,0.807,0.85,0.405,0.851,0.897,0.878,1.481,1.481,0.831,0.831,0.831,0.831,0.774,0.892,0.892,0.934,0.934,0.934,0.934,0.934,0.98,0.997,1.022,1.022,1.022,0.0,1.039,1.039,0.028,0.062,0.076,0.353,0.062,0.062,0.062,0.093,0.123,0.123,4.446,4.446,4.446,4.446,4.446,3.864,4.384,3.365,0.489,3.657,3.657,3.27,3.27,3.27,3.27,3.27,3.27,3.27,2.051,2.511,2.255,2.245,2.663,2.232,1.608,1.69,11.197
Point_164,8.875,1.63,1.698,1.698,1.698,1.64,1.681,1.681,1.681,1.681,1.681,1.68,1.68,1.7,1.7,1.696,1.716,1.716,1.716,1.618,1.618,1.618,1.638,1.635,1.73,1.73,1.618,1.759,1.759,1.759,1.875,1.875,1.875,1.759,1.735,1.839,1.806,1.814,1.806,1.806,1.806,1.73,1.73,1.806,1.806,1.806,1.864,1.661,1.904,1.437,1.437,1.39,1.39,1.385,1.385,1.385,1.404,1.404,1.435,1.435,1.444,1.444,1.46,1.537,1.568,1.582,1.549,1.611,1.767,1.642,2.574,2.574,1.646,1.622,1.688,1.881,1.435,1.457,1.443,1.443,1.43,1.417,1.413,1.413,1.383,1.405,4.341,1.375,1.324,0.982,0.982,0.982,0.907,1.885,1.827,1.827,1.377,1.928,3.121,1.794,1.794,1.735,1.721,1.721,0.596,0.526,1.158,0.503,0.47,0.484,0.484,1.158,1.158,1.158,0.386,0.386,0.479,0.472,0.488,0.521,0.524,0.524,0.524,0.524,0.553,0.61,0.63,0.639,0.645,0.657,0.673,0.692,0.719,0.719,0.837,0.748,0.797,0.83,0.873,0.428,0.874,0.919,0.901,1.504,1.504,0.854,0.854,0.854,0.854,0.797,0.914,0.914,0.957,0.957,0.957,0.957,0.957,1.003,1.02,1.045,1.045,1.045,0.023,0.0,0.0,0.05,0.085,0.099,0.376,0.085,0.085,0.085,0.116,0.145,0.145,4.468,4.468,4.468,4.468,4.468,3.887,4.406,3.388,0.512,3.68,3.68,3.293,3.293,3.293,3.293,3.293,3.293,3.293,2.074,2.534,2.277,2.268,2.686,2.255,1.63,1.713,11.22
Point_165,8.875,1.63,1.698,1.698,1.698,1.64,1.681,1.681,1.681,1.681,1.681,1.68,1.68,1.7,1.7,1.696,1.716,1.716,1.716,1.618,1.618,1.618,1.638,1.635,1.73,1.73,1.618,1.759,1.759,1.759,1.875,1.875,1.875,1.759,1.735,1.839,1.806,1.814,1.806,1.806,1.806,1.73,1.73,1.806,1.806,1.806,1.864,1.661,1.904,1.437,1.437,1.39,1.39,1.385,1.385,1.385,1.404,1.404,1.435,1.435,1.444,1.444,1.46,1.537,1.568,1.582,1.549,1.611,1.767,1.642,2.574,2.574,1.646,1.622,1.688,1.881,1.435,1.457,1.443,1.443,1.43,1.417,1.413,1.413,1.383,1.405,4.341,1.375,1.324,0.982,0.982,0.982,0.907,1.885,1.827,1.827,1.377,1.928,3.121,1.794,1.794,1.735,1.721,1.721,0.596,0.526,1.158,0.503,0.47,0.484,0.484,1.158,1.158,1.158,0.386,0.386,0.479,0.472,0.488,0.521,0.524,0.524,0.524,0.524,0.553,0.61,0.63,0.639,0.645,0.657,0.673,0.692,0.719,0.719,0.837,0.748,0.797,0.83,0.873,0.428,0.874,0.919,0.901,1.504,1.504,0.854,0.854,0.854,0.854,0.797,0.914,0.914,0.957,0.957,0.957,0.957,0.957,1.003,1.02,1.045,1.045,1.045,0.023,0.0,0.0,0.05,0.085,0.099,0.376,0.085,0.085,0.085,0.116,0.145,0.145,4.468,4.468,4.468,4.468,4.468,3.887,4.406,3.388,0.512,3.68,3.68,3.293,3.293,3.293,3.293,3.293,3.293,3.293,2.074,2.534,2.277,2.268,2.686,2.255,1.63,1.713,11.22
Point_166,8.825,1.579,1.648,1.648,1.648,1.589,1.631,1.631,1.631,1.631,1.631,1.63,1.63,1.65,1.65,1.646,1.666,1.666,1.666,1.568,1.568,1.568,1.587,1.584,1.679,1.679,1.568,1.708,1.708,1.708,1.824,1.824,1.824,1.708,1.684,1.789,1.756,1.764,1.756,1.756,1.756,1.679,1.679,1.756,1.756,1.756,1.813,1.611,1.854,1.387,1.387,1.34,1.34,1.335,1.335,1.335,1.353,1.353,1.385,1.385,1.393,1.393,1.409,1.487,1.517,1.532,1.498,1.561,1.716,1.591,2.523,2.523,1.596,1.571,1.638,1.831,1.385,1.407,1.393,1.393,1.38,1.367,1.362,1.362,1.332,1.355,4.291,1.324,1.274,0.932,0.932,0.932,0.856,1.835,1.777,1.777,1.327,1.877,3.071,1.744,1.744,1.685,1.67,1.67,0.546,0.476,1.107,0.452,0.42,0.434,0.434,1.107,1.107,1.107,0.336,0.336,0.429,0.422,0.437,0.471,0.474,0.474,0.474,0.474,0.502,0.559,0.58,0.588,0.595,0.606,0.623,0.641,0.669,0.669,0.786,0.698,0.746,0.779,0.823,0.377,0.823,0.869,0.85,1.454,1.454,0.804,0.804,0.804,0.804,0.746,0.864,0.864,0.906,0.906,0.906,0.906,0.906,0.953,0.97,0.995,0.995,0.995,1.034,1.011,1.011,0.0,0.035,0.048,0.325,0.035,0.035,0.035,0.065,0.095,0.095,4.418,4.418,4.418,4.418,4.418,3.836,4.356,3.337,0.461,3.629,3.629,3.242,3.242,3.242,3.242,3.242,3.242,3.242,2.023,2.484,2.227,2.217,2.636,2.204,1.58,1.662,11.17
Point_167,8.79,1.545,1.613,1.613,1.613,1.555,1.596,1.596,1.596,1.596,1.596,1.595,1.595,1.615,1.615,1.611,1.631,1.631,1.631,1.533,1.533,1.533,1.553,1.55,1.645,1.645,1.533,1.674,1.674,1.674,1.79,1.79,1.79,1.674,1.65,1.754,1.721,1.729,1.721,1.721,1.721,1.645,1.645,1.721,1.721,1.721,1.779,1.576,1.819,1.352,1.352,1.305,1.305,1.3,1.3,1.3,1.319,1.319,1.35,1.35,1.358,1.358,1.375,1.452,1.483,1.497,1.464,1.526,1.682,1.556,2.489,2.489,1.561,1.537,1.603,1.796,1.35,1.372,1.358,1.358,1.345,1.332,1.328,1.328,1.298,1.32,4.256,1.29,1.239,0.897,0.897,0.897,0.822,1.8,1.742,1.742,1.292,1.843,3.036,1.709,1.709,1.65,1.636,1.636,0.511,0.441,1.073,0.418,0.385,0.399,0.399,1.073,1.073,1.073,0.301,0.301,0.394,0.387,0.403,0.436,0.439,0.439,0.439,0.439,0.468,0.524,0.545,0.554,0.56,0.572,0.588,0.607,0.634,0.634,0.751,0.663,0.712,0.745,0.788,0.343,0.789,0.834,0.816,1.419,1.419,0.769,0.769,0.769,0.769,0.712,0.829,0.829,0.872,0.872,0.872,0.872,0.872,0.918,0.935,0.96,0.96,0.96,0.999,0.977,0.977,1.027,0.0,0.013,0.291,0.0,0.0,0.0,0.031,0.06,0.06,4.383,4.383,4.383,4.383,4.383,3.802,4.321,3.303,0.427,3.595,3.595,3.208,3.208,3.208,3.208,3.208,3.208,3.208,1.988,2.449,2.192,2.183,2.601,2.169,1.545,1.628,11.135
Point_168,8.774,1.529,1.597,1.597,1.597,1.539,1.58,1.58,1.58,1.58,1.58,1.579,1.579,1.599,1.599,1.595,1.615,1.615,1.615,1.517,1.517,1.517,1.537,1.534,1.629,1.629,1.517,1.658,1.658,1.658,1.774,1.774,1.774,1.658,1.634,1.738,1.705,1.713,1.705,1.705,1.705,1.629,1.629,1.705,1.705,1.705,1.763,1.56,1.803,1.336,1.336,1.289,1.289,1.284,1.284,1.284,1.303,1.303,1.334,1.334,1.343,1.343,1.359,1.436,1.467,1.481,1.448,1.51,1.666,1.541,2.473,2.473,1.545,1.521,1.587,1.78,1.334,1.356,1.342,1.342,1.329,1.316,1.312,1.312,1.282,1.304,4.24,1.274,1.223,0.881,0.881,0.881,0.806,1.784,1.726,1.726,1.276,1.827,3.02,1.693,1.693,1.634,1.62,1.62,0.495,0.425,1.057,0.402,0.369,0.383,0.383,1.057,1.057,1.057,0.285,0.285,0.378,0.371,0.387,0.42,0.423,0.423,0.423,0.423,0.452,0.509,0.529,0.538,0.544,0.556,0.572,0.591,0.618,0.618,0.736,0.647,0.696,0.729,0.772,0.329,0.773,0.818,0.8,1.403,1.403,0.753,0.753,0.753,0.753,0.696,0.813,0.813,0.856,0.856,0.856,0.856,0.856,0.902,0.919,0.944,0.944,0.944,0.983,0.961,0.961,1.011,1.046,0.0,0.275,1.046,1.046,1.046,0.015,0.047,0.047,4.367,4.367,4.367,4.367,4.367,3.786,4.305,3.287,0.411,3.579,3.579,3.192,3.192,3.192,3.192,3.192,3.192,3.192,1.973,2.433,2.176,2.167,2.585,2.154,1.529,1.612,11.119
Point_169,8.858,1.613,1.681,1.681,1.681,1.623,1.664,1.664,1.664,1.664,1.664,1.663,1.663,1.684,1.684,1.68,1.699,1.699,1.699,1.602,1.602,1.602,1.621,1.618,1.713,1.713,1.602,1.742,1.742,1.742,1.858,1.858,1.858,1.742,1.718,1.822,1.789,1.566,1.789,1.789,1.789,1.481,1.481,1.789,1.789,1.789,1.847,1.413,1.887,1.189,1.189,1.142,1.142,1.137,1.137,1.137,1.156,1.156,1.187,1.187,1.195,1.195,1.211,1.289,1.319,1.334,1.532,1.595,1.75,1.625,2.557,2.557,1.629,1.605,1.671,1.864,1.418,1.44,1.426,1.426,1.413,1.4,1.396,1.396,1.366,1.389,4.324,1.358,1.307,0.965,0.965,0.965,0.89,1.868,1.81,1.81,1.36,1.911,2.873,1.778,1.778,1.718,1.704,1.704,0.348,0.278,1.402,0.254,0.222,0.236,0.236,1.402,1.402,1.402,0.138,0.138,0.231,0.224,0.239,0.273,0.276,0.276,0.276,0.276,0.304,0.361,0.382,0.39,0.397,0.408,0.425,0.444,0.471,0.471,0.588,0.5,0.549,0.582,0.625,1.241,0.625,0.671,0.652,1.256,1.256,0.606,0.606,0.606,0.606,0.549,0.666,0.666,0.709,0.709,0.709,0.709,0.709,0.755,0.772,0.797,0.797,0.797,0.836,0.813,0.813,0.864,0.898,0.912,0.0,0.898,0.898,0.898,0.929,0.959,0.959,4.452,4.452,4.452,4.452,4.452,3.87,4.39,3.371,0.495,3.663,3.663,3.276,3.276,3.276,3.276,3.276,3.276,3.276,2.057,2.517,2.26,2.251,2.669,2.238,1.614,1.696,10.972
Point_170,8.79,1.545,1.613,1.613,1.613,1.555,1.596,1.596,1.596,1.596,1.596,1.595,1.595,1.615,1.615,1.611,1.631,1.631,1.631,1.533,1.533,1.533,1.553,1.55,1.645,1.645,1.533,1.674,1.674,1.674,1.79,1.79,1.79,1.674,1.65,1.754,1.721,1.729,1.721,1.721,1.721,1.645,1.645,1.721,1.721,1.721,1.779,1.576,1.819,1.352,1.352,1.305,1.305,1.3,1.3,1.3,1.319,1.319,1.35,1.35,1.358,1.358,1.375,1.452,1.483,1.497,1.464,1.526,1.682,1.556,2.489,2.489,1.561,1.537,1.603,1.796,1.35,1.372,1.358,1.358,1.345,1.332,1.328,1.328,1.298,1.32,4.256,1.29,1.239,0.897,0.897,0.897,0.822,1.8,1.742,1.742,1.292,1.843,3.036,1.709,1.709,1.65,1.636,1.636,0.511,0.441,1.073,0.418,0.385,0.399,0.399,1.073,1.073,1.073,0.301,0.301,0.394,0.387,0.403,0.436,0.439,0.439,0.439,0.439,0.468,0.524,0.545,0.554,0.56,0.572,0.588,0.607,0.634,0.634,0.751,0.663,0.712,0.745,0.788,0.343,0.789,0.834,0.816,1.419,1.419,0.769,0.769,0.769,0.769,0.712,0.829,0.829,0.872,0.872,0.872,0.872,0.872,0.918,0.935,0.96,0.96,0.96,0.999,0.977,0.977,1.027,0.0,0.013,0.291,0.0,0.0,0.0,0.031,0.06,0.06,4.383,4.383,4.383,4.383,4.383,3.802,4.321,3.303,0.427,3.595,3.595,3.208,3.208,3.208,3.208,3.208,3.208,3.208,1.988,2.449,2.192,2.183,2.601,2.169,1.545,1.628,11.135
Point_171,8.79,1.545,1.613,1.613,1.613,1.555,1.596,1.596,1.596,1.596,1.596,1.595,1.595,1.615,1.615,1.611,1.631,1.631,1.631,1.533,1.533,1.533,1.553,1.55,1.645,1.645,1.533,1.674,1.674,1.674,1.79,1.79,1.79,1.674,1.65,1.754,1.721,1.729,1.721,1.721,1.721,1.645,1.645,1.721,1.721,1.721,1.779,1.576,1.819,1.352,1.352,1.305,1.305,1.3,1.3,1.3,1.319,1.319,1.35,1.35,1.358,1.358,1.375,1.452,1.483,1.497,1.464,1.526,1.682,1.556,2.489,2.489,1.561,1.537,1.603,1.796,1.35,1.372,1.358,1.358,1.345,1.332,1.328,1.328,1.298,1.32,4.256,1.29,1.239,0.897,0.897,0.897,0.822,1.8,1.742,1.742,1.292,1.843,3.036,1.709,1.709,1.65,1.636,1.636,0.511,0.441,1.073,0.418,0.385,0.399,0.399,1.073,1.073,1.073,0.301,0.301,0.394,0.387,0.403,0.436,0.439,0.439,0.439,0.439,0.468,0.524,0.545,0.554,0.56,0.572,0.588,0.607,0.634,0.634,0.751,0.663,0.712,0.745,0.788,0.343,0.789,0.834,0.816,1.419,1.419,0.769,0.769,0.769,0.769,0.712,0.829,0.829,0.872,0.872,0.872,0.872,0.872,0.918,0.935,0.96,0.96,0.96,0.999,0.977,0.977,1.027,0.0,0.013,0.291,0.0,0.0,0.0,0.031,0.06,0.06,4.383,4.383,4.383,4.383,4.383,3.802,4.321,3.303,0.427,3.595,3.595,3.208,3.208,3.208,3.208,3.208,3.208,3.208,1.988,2.449,2.192,2.183,2.601,2.169,1.545,1.628,11.135
Point_172,8.79,1.545,1.613,1.613,1.613,1.555,1.596,1.596,1.596,1.596,1.596,1.595,1.595,1.615,1.615,1.611,1.631,1.631,1.631,1.533,1.533,1.533,1.553,1.55,1.645,1.645,1.533,1.674,1.674,1.674,1.79,1.79,1.79,1.674,1.65,1.754,1.721,1.729,1.721,1.721,1.721,1.645,1.645,1.721,1.721,1.721,1.779,1.576,1.819,1.352,1.352,1.305,1.305,1.3,1.3,1.3,1.319,1.319,1.35,1.35,1.358,1.358,1.375,1.452,1.483,1.497,1.464,1.526,1.682,1.556,2.489,2.489,1.561,1.537,1.603,1.796,1.35,1.372,1.358,1.358,1.345,1.332,1.328,1.328,1.298,1.32,4.256,1.29,1.239,0.897,0.897,0.897,0.822,1.8,1.742,1.742,1.292,1.843,3.036,1.709,1.709,1.65,1.636,1.636,0.511,0.441,1.073,0.418,0.385,0.399,0.399,1.073,1.073,1.073,0.301,0.301,0.394,0.387,0.403,0.436,0.439,0.439,0.439,0.439,0.468,0.524,0.545,0.554,0.56,0.572,0.588,0.607,0.634,0.634,0.751,0.663,0.712,0.745,0.788,0.343,0.789,0.834,0.816,1.419,1.419,0.769,0.769,0.769,0.769,0.712,0.829,0.829,0.872,0.872,0.872,0.872,0.872,0.918,0.935,0.96,0.96,0.96,0.999,0.977,0.977,1.027,0.0,0.013,0.291,0.0,0.0,0.0,0.031,0.06,0.06,4.383,4.383,4.383,4.383,4.383,3.802,4.321,3.303,0.427,3.595,3.595,3.208,3.208,3.208,3.208,3.208,3.208,3.208,1.988,2.449,2.192,2.183,2.601,2.169,1.545,1.628,11.135
Point_173,8.76,1.514,1.582,1.582,1.582,1.524,1.566,1.566,1.566,1.566,1.566,1.564,1.564,1.585,1.585,1.581,1.601,1.601,1.601,1.503,1.503,1.503,1.522,1.519,1.614,1.614,1.503,1.643,1.643,1.643,1.759,1.759,1.759,1.643,1.619,1.723,1.691,1.699,1.691,1.691,1.691,1.614,1.614,1.691,1.691,1.691,1.748,1.546,1.789,1.322,1.322,1.275,1.275,1.27,1.27,1.27,1.288,1.288,1.319,1.319,1.328,1.328,1.344,1.422,1.452,1.467,1.433,1.496,1.651,1.526,2.458,2.458,1.53,1.506,1.572,1.765,1.32,1.341,1.327,1.327,1.315,1.301,1.297,1.297,1.267,1.29,4.226,1.259,1.208,0.866,0.866,0.866,0.791,1.77,1.712,1.712,1.261,1.812,3.006,1.679,1.679,1.62,1.605,1.605,0.481,0.411,1.042,0.387,0.355,0.369,0.369,1.042,1.042,1.042,0.27,0.27,0.363,0.357,0.372,0.406,0.409,0.409,0.409,0.409,0.437,0.494,0.514,0.523,0.529,0.541,0.558,0.576,0.603,0.603,0.721,0.633,0.681,0.714,0.757,1.374,0.758,0.804,0.785,1.389,1.389,0.739,0.739,0.739,0.739,0.681,0.799,0.799,0.841,0.841,0.841,0.841,0.841,0.888,0.904,0.93,0.93,0.93,0.969,0.946,0.946,0.996,1.031,1.045,0.26,1.031,1.031,1.031,0.0,1.091,1.091,4.353,4.353,4.353,4.353,4.353,3.771,4.291,3.272,0.396,3.564,3.564,3.177,3.177,3.177,3.177,3.177,3.177,3.177,1.958,2.419,2.162,2.152,2.571,2.139,1.515,1.597,11.104
Point_174,8.823,1.578,1.646,1.646,1.646,1.588,1.63,1.63,1.63,1.63,1.63,1.628,1.628,1.649,1.649,1.645,1.664,1.664,1.664,1.567,1.567,1.567,1.586,1.583,1.678,1.678,1.567,1.707,1.707,1.707,1.823,1.823,1.823,1.707,1.683,1.787,1.755,1.893,1.755,1.755,1.755,1.808,1.808,1.755,1.755,1.755,1.812,1.739,1.853,1.516,1.516,1.468,1.468,1.464,1.464,1.464,1.482,1.482,1.513,1.513,1.522,1.522,1.538,1.616,1.646,1.661,1.497,1.56,1.715,1.59,2.522,2.522,1.594,1.57,1.636,1.829,1.384,1.405,1.391,1.391,1.379,1.365,1.361,1.361,1.331,1.354,4.29,1.323,1.272,0.93,0.93,0.93,0.855,1.834,1.775,1.775,1.325,1.876,3.2,1.743,1.743,1.684,1.669,1.669,0.545,0.475,1.106,0.451,0.418,0.433,0.433,1.106,1.106,1.106,0.334,0.334,0.427,0.42,0.436,0.47,0.473,0.473,0.473,0.473,0.501,0.558,0.578,0.587,0.593,0.605,0.621,0.64,0.667,0.667,0.785,0.697,0.745,0.778,0.821,0.282,0.822,0.868,0.849,1.583,1.583,0.803,0.803,0.803,0.803,0.745,0.443,0.443,0.905,0.905,0.905,0.905,0.905,0.951,0.968,0.993,0.993,0.993,1.033,1.01,1.01,1.06,1.095,0.047,0.324,1.095,1.095,1.095,0.064,0.0,0.0,4.417,4.417,4.417,4.417,4.417,3.835,4.355,3.336,0.46,3.628,3.628,3.241,3.241,3.241,3.241,3.241,3.241,3.241,2.022,2.483,2.226,2.216,2.635,2.203,1.579,1.661,11.298
Point_175,8.823,1.578,1.646,1.646,1.646,1.588,1.63,1.63,1.63,1.63,1.63,1.628,1.628,1.649,1.649,1.645,1.664,1.664,1.664,1.567,1.567,1.567,1.586,1.583,1.678,1.678,1.567,1.707,1.707,1.707,1.823,1.823,1.823,1.707,1.683,1.787,1.755,1.893,1.755,1.755,1.755,1.808,1.808,1.755,1.755,1.755,1.812,1.739,1.853,1.516,1.516,1.468,1.468,1.464,1.464,1.464,1.482,1.482,1.513,1.513,1.522,1.522,1.538,1.616,1.646,1.661,1.497,1.56,1.715,1.59,2.522,2.522,1.594,1.57,1.636,1.829,1.384,1.405,1.391,1.391,1.379,1.365,1.361,1.361,1.331,1.354,4.29,1.323,1.272,0.93,0.93,0.93,0.855,1.834,1.775,1.775,1.325,1.876,3.2,1.743,1.743,1.684,1.669,1.669,0.545,0.475,1.106,0.451,0.418,0.433,0.433,1.106,1.106,1.106,0.334,0.334,0.427,0.42,0.436,0.47,0.473,0.473,0.473,0.473,0.501,0.558,0.578,0.587,0.593,0.605,0.621,0.64,0.667,0.667,0.785,0.697,0.745,0.778,0.821,0.282,0.822,0.868,0.849,1.583,1.583,0.803,0.803,0.803,0.803,0.745,0.443,0.443,0.905,0.905,0.905,0.905,0.905,0.951,0.968,0.993,0.993,0.993,1.033,1.01,1.01,1.06,1.095,0.047,0.324,1.095,1.095,1.095,0.064,0.0,0.0,4.417,4.417,4.417,4.417,4.417,3.835,4.355,3.336,0.46,3.628,3.628,3.241,3.241,3.241,3.241,3.241,3.241,3.241,2.022,2.483,2.226,2.216,2.635,2.203,1.579,1.661,11.298
Point_176,9.436,5.255,5.323,5.323,5.323,5.265,5.306,5.306,5.306,5.306,5.306,5.305,5.305,5.325,5.325,5.321,5.341,5.341,5.341,5.243,5.243,5.243,5.262,5.26,5.355,5.355,5.243,5.383,5.383,5.383,5.5,5.5,5.5,5.383,5.36,5.464,5.431,5.888,5.431,5.431,5.431,5.804,5.804,5.431,5.431,5.431,5.489,5.735,5.529,5.511,5.511,5.464,5.464,5.459,5.459,5.459,5.478,5.478,5.509,5.509,5.518,5.518,5.534,5.611,5.642,5.656,2.934,3.098,3.253,3.128,3.794,3.794,3.549,3.525,3.175,3.855,3.82,3.835,3.849,3.849,3.862,3.875,3.879,3.879,3.909,3.886,0.226,3.917,3.968,4.607,4.607,4.607,4.532,5.51,5.452,5.452,5.002,5.553,7.195,5.419,5.419,5.36,5.345,5.345,4.548,4.535,4.782,4.616,4.587,4.577,4.577,4.782,4.782,4.782,4.46,4.46,4.553,4.546,4.562,4.595,4.598,4.598,4.598,4.598,4.627,4.684,4.704,4.713,4.719,4.731,4.747,4.766,4.793,4.793,4.911,4.822,4.871,4.904,4.947,5.151,4.948,4.993,4.975,5.578,5.578,4.928,4.928,4.928,4.928,4.871,4.988,4.988,5.031,5.031,5.031,5.031,5.031,5.077,5.094,5.119,5.119,5.119,5.158,5.136,5.136,5.186,5.221,5.234,4.45,5.221,5.221,5.221,5.251,5.281,5.281,0.0,0.0,0.0,0.0,0.0,2.265,0.125,1.766,3.96,2.058,2.058,1.671,1.671,1.671,1.671,1.671,1.671,1.671,3.294,3.755,3.962,3.971,3.907,4.061,3.863,3.781,21.144
Point_177,9.436,5.255,5.323,5.323,5.323,5.265,5.306,5.306,5.306,5.306,5.306,5.305,5.305,5.325,5.325,5.321,5.341,5.341,5.341,5.243,5.243,5.243,5.262,5.26,5.355,5.355,5.243,5.383,5.383,5.383,5.5,5.5,5.5,5.383,5.36,5.464,5.431,5.888,5.431,5.431,5.431,5.804,5.804,5.431,5.431,5.431,5.489,5.735,5.529,5.511,5.511,5.464,5.464,5.459,5.459,5.459,5.478,5.478,5.509,5.509,5.518,5.518,5.534,5.611,5.642,5.656,2.934,3.098,3.253,3.128,3.794,3.794,3.549,3.525,3.175,3.855,3.82,3.835,3.849,3.849,3.862,3.875,3.879,3.879,3.909,3.886,0.226,3.917,3.968,4.607,4.607,4.607,4.532,5.51,5.452,5.452,5.002,5.553,7.195,5.419,5.419,5.36,5.345,5.345,4.548,4.535,4.782,4.616,4.587,4.577,4.577,4.782,4.782,4.782,4.46,4.46,4.553,4.546,4.562,4.595,4.598,4.598,4.598,4.598,4.627,4.684,4.704,4.713,4.719,4.731,4.747,4.766,4.793,4.793,4.911,4.822,4.871,4.904,4.947,5.151,4.948,4.993,4.975,5.578,5.578,4.928,4.928,4.928,4.928,4.871,4.988,4.988,5.031,5.031,5.031,5.031,5.031,5.077,5.094,5.119,5.119,5.119,5.158,5.136,5.136,5.186,5.221,5.234,4.45,5.221,5.221,5.221,5.251,5.281,5.281,0.0,0.0,0.0,0.0,0.0,2.265,0.125,1.766,3.96,2.058,2.058,1.671,1.671,1.671,1.671,1.671,1.671,1.671,3.294,3.755,3.962,3.971,3.907,4.061,3.863,3.781,21.144
Point_178,9.436,5.255,5.323,5.323,5.323,5.265,5.306,5.306,5.306,5.306,5.306,5.305,5.305,5.325,5.325,5.321,5.341,5.341,5.341,5.243,5.243,5.243,5.262,5.26,5.355,5.355,5.243,5.383,5.383,5.383,5.5,5.5,5.5,5.383,5.36,5.464,5.431,5.888,5.431,5.431,5.431,5.804,5.804,5.431,5.431,5.431,5.489,5.735,5.529,5.511,5.511,5.464,5.464,5.459,5.459,5.459,5.478,5.478,5.509,5.509,5.518,5.518,5.534,5.611,5.642,5.656,2.934,3.098,3.253,3.128,3.794,3.794,3.549,3.525,3.175,3.855,3.82,3.835,3.849,3.849,3.862,3.875,3.879,3.879,3.909,3.886,0.226,3.917,3.968,4.607,4.607,4.607,4.532,5.51,5.452,5.452,5.002,5.553,7.195,5.419,5.419,5.36,5.345,5.345,4.548,4.535,4.782,4.616,4.587,4.577,4.577,4.782,4.782,4.782,4.46,4.46,4.553,4.546,4.562,4.595,4.598,4.598,4.598,4.598,4.627,4.684,4.704,4.713,4.719,4.731,4.747,4.766,4.793,4.793,4.911,4.822,4.871,4.904,4.947,5.151,4.948,4.993,4.975,5.578,5.578,4.928,4.928,4.928,4.928,4.871,4.988,4.988,5.031,5.031,5.031,5.031,5.031,5.077,5.094,5.119,5.119,5.119,5.158,5.136,5.136,5.186,5.221,5.234,4.45,5.221,5.221,5.221,5.251,5.281,5.281,0.0,0.0,0.0,0.0,0.0,2.265,0.125,1.766,3.96,2.058,2.058,1.671,1.671,1.671,1.671,1.671,1.671,1.671,3.294,3.755,3.962,3.971,3.907,4.061,3.863,3.781,21.144
Point_179,9.436,5.255,5.323,5.323,5.323,5.265,5.306,5.306,5.306,5.306,5.306,5.305,5.305,5.325,5.325,5.321,5.341,5.341,5.341,5.243,5.243,5.243,5.262,5.26,5.355,5.355,5.243,5.383,5.383,5.383,5.5,5.5,5.5,5.383,5.36,5.464,5.431,5.888,5.431,5.431,5.431,5.804,5.804,5.431,5.431,5.431,5.489,5.735,5.529,5.511,5.511,5.464,5.464,5.459,5.459,5.459,5.478,5.478,5.509,5.509,5.518,5.518,5.534,5.611,5.642,5.656,2.934,3.098,3.253,3.128,3.794,3.794,3.549,3.525,3.175,3.855,3.82,3.835,3.849,3.849,3.862,3.875,3.879,3.879,3.909,3.886,0.226,3.917,3.968,4.607,4.607,4.607,4.532,5.51,5.452,5.452,5.002,5.553,7.195,5.419,5.419,5.36,5.345,5.345,4.548,4.535,4.782,4.616,4.587,4.577,4.577,4.782,4.782,4.782,4.46,4.46,4.553,4.546,4.562,4.595,4.598,4.598,4.598,4.598,4.627,4.684,4.704,4.713,4.719,4.731,4.747,4.766,4.793,4.793,4.911,4.822,4.871,4.904,4.947,5.151,4.948,4.993,4.975,5.578,5.578,4.928,4.928,4.928,4.928,4.871,4.988,4.988,5.031,5.031,5.031,5.031,5.031,5.077,5.094,5.119,5.119,5.119,5.158,5.136,5.136,5.186,5.221,5.234,4.45,5.221,5.221,5.221,5.251,5.281,5.281,0.0,0.0,0.0,0.0,0.0,2.265,0.125,1.766,3.96,2.058,2.058,1.671,1.671,1.671,1.671,1.671,1.671,1.671,3.294,3.755,3.962,3.971,3.907,4.061,3.863,3.781,21.144
Point_180,9.436,5.255,5.323,5.323,5.323,5.265,5.306,5.306,5.306,5.306,5.306,5.305,5.305,5.325,5.325,5.321,5.341,5.341,5.341,5.243,5.243,5.243,5.262,5.26,5.355,5.355,5.243,5.383,5.383,5.383,5.5,5.5,5.5,5.383,5.36,5.464,5.431,5.888,5.431,5.431,5.431,5.804,5.804,5.431,5.431,5.431,5.489,5.735,5.529,5.511,5.511,5.464,5.464,5.459,5.459,5.459,5.478,5.478,5.509,5.509,5.518,5.518,5.534,5.611,5.642,5.656,2.934,3.098,3.253,3.128,3.794,3.794,3.549,3.525,3.175,3.855,3.82,3.835,3.849,3.849,3.862,3.875,3.879,3.879,3.909,3.886,0.226,3.917,3.968,4.607,4.607,4.607,4.532,5.51,5.452,5.452,5.002,5.553,7.195,5.419,5.419,5.36,5.345,5.345,4.548,4.535,4.782,4.616,4.587,4.577,4.577,4.782,4.782,4.782,4.46,4.46,4.553,4.546,4.562,4.595,4.598,4.598,4.598,4.598,4.627,4.684,4.704,4.713,4.719,4.731,4.747,4.766,4.793,4.793,4.911,4.822,4.871,4.904,4.947,5.151,4.948,4.993,4.975,5.578,5.578,4.928,4.928,4.928,4.928,4.871,4.988,4.988,5.031,5.031,5.031,5.031,5.031,5.077,5.094,5.119,5.119,5.119,5.158,5.136,5.136,5.186,5.221,5.234,4.45,5.221,5.221,5.221,5.251,5.281,5.281,0.0,0.0,0.0,0.0,0.0,2.265,0.125,1.766,3.96,2.058,2.058,1.671,1.671,1.671,1.671,1.671,1.671,1.671,3.294,3.755,3.962,3.971,3.907,4.061,3.863,3.781,21.144
Point_181,9.351,4.674,4.742,4.742,4.742,4.683,4.725,4.725,4.725,4.725,4.725,4.724,4.724,4.744,4.744,4.74,4.76,4.76,4.76,4.662,4.662,4.662,4.681,4.679,4.774,4.774,4.662,4.802,4.802,4.802,4.919,4.919,4.919,4.802,4.778,4.883,4.85,5.307,4.85,4.85,4.85,5.223,5.223,4.85,4.85,4.85,4.908,5.154,4.948,4.93,4.93,4.883,4.883,4.878,4.878,4.878,4.897,4.897,4.928,4.928,4.936,4.936,4.953,5.03,5.061,5.075,2.353,2.517,2.672,2.547,3.213,3.213,2.968,2.944,2.594,3.274,3.239,3.254,3.268,3.268,3.281,3.294,3.298,3.298,3.328,3.305,2.139,3.336,3.387,4.026,4.026,4.026,3.951,4.929,4.871,4.871,4.421,4.971,6.614,4.838,4.838,4.779,4.764,4.764,3.967,3.954,4.201,4.035,4.006,3.996,3.996,4.201,4.201,4.201,3.879,3.879,3.972,3.965,3.981,4.014,4.017,4.017,4.017,4.017,4.046,4.102,4.123,4.132,4.138,4.15,4.166,4.185,4.212,4.212,4.329,4.241,4.29,4.323,4.366,4.57,4.367,4.412,4.394,4.997,4.997,4.347,4.347,4.347,4.347,4.29,4.407,4.407,4.45,4.45,4.45,4.45,4.45,4.496,4.513,4.538,4.538,4.538,4.577,4.555,4.555,4.605,4.64,4.653,3.869,4.64,4.64,4.64,4.67,4.7,4.7,2.266,2.266,2.266,2.266,2.266,0.0,2.204,0.489,3.379,0.207,0.207,0.594,0.594,0.594,0.594,0.594,0.594,0.594,2.713,3.174,3.381,3.39,3.326,3.48,3.282,3.2,22.253
Point_182,9.366,5.184,5.252,5.252,5.252,5.194,5.235,5.235,5.235,5.235,5.235,5.234,5.234,5.254,5.254,5.251,5.27,5.27,5.27,5.172,5.172,5.172,5.192,5.189,5.284,5.284,5.172,5.313,5.313,5.313,5.429,5.429,5.429,5.313,5.289,5.393,5.36,5.818,5.36,5.36,5.36,5.733,5.733,5.36,5.36,5.36,5.418,5.664,5.458,5.441,5.441,5.393,5.393,5.388,5.388,5.388,5.407,5.407,5.438,5.438,5.447,5.447,5.463,5.541,5.571,5.586,2.863,3.027,3.183,3.057,3.724,3.724,3.478,3.454,3.104,3.785,3.749,3.764,3.778,3.778,3.791,3.804,3.809,3.809,3.838,3.816,0.155,3.846,3.897,4.536,4.536,4.536,4.461,5.439,5.381,5.381,4.931,5.482,7.124,5.349,5.349,5.289,5.275,5.275,4.478,4.464,4.712,4.545,4.516,4.506,4.506,4.712,4.712,4.712,4.389,4.389,4.482,4.475,4.491,4.525,4.527,4.527,4.527,4.527,4.556,4.613,4.633,4.642,4.648,4.66,4.676,4.695,4.722,4.722,4.84,4.752,4.8,4.833,4.876,5.08,4.877,4.923,4.904,5.507,5.507,4.857,4.857,4.857,4.857,4.8,4.918,4.918,4.96,4.96,4.96,4.96,4.96,5.006,5.023,5.048,5.048,5.048,5.088,5.065,5.065,5.115,5.15,5.163,4.379,5.15,5.15,5.15,5.181,5.21,5.21,0.125,0.125,0.125,0.125,0.125,2.194,0.0,1.696,3.889,1.988,1.988,1.6,1.6,1.6,1.6,1.6,1.6,1.6,3.223,3.684,3.891,3.901,3.836,3.99,3.792,3.71,21.073
Point_183,8.852,4.175,4.243,4.243,4.243,4.185,4.226,4.226,4.226,4.226,4.226,4.225,4.225,4.245,4.245,4.241,4.261,4.261,4.261,4.163,4.163,4.163,4.183,4.18,4.275,4.275,4.163,4.304,4.304,4.304,4.42,4.42,4.42,4.304,4.28,4.384,4.351,4.808,4.351,4.351,4.351,4.724,4.724,4.351,4.351,4.351,4.409,4.655,4.449,4.432,4.432,4.384,4.384,4.379,4.379,4.379,4.398,4.398,4.429,4.429,4.438,4.438,4.454,4.531,4.562,4.576,1.854,2.018,2.174,2.048,2.714,2.714,2.469,2.445,2.095,2.776,2.74,2.755,2.769,2.769,2.782,2.795,2.799,2.799,2.829,2.807,1.64,2.837,2.888,3.527,3.527,3.527,3.452,4.43,4.372,4.372,3.922,4.473,6.115,4.339,4.339,4.28,4.266,4.266,3.469,3.455,3.703,3.536,3.507,3.497,3.497,3.703,3.703,3.703,3.38,3.38,3.473,3.466,3.482,3.516,3.518,3.518,3.518,3.518,3.547,3.604,3.624,3.633,3.639,3.651,3.667,3.686,3.713,3.713,3.831,3.743,3.791,3.824,3.867,4.071,3.868,3.914,3.895,4.498,4.498,3.848,3.848,3.848,3.848,3.791,3.909,3.909,3.951,3.951,3.951,3.951,3.951,3.997,4.014,4.039,4.039,4.039,4.079,4.056,4.056,4.106,4.141,4.154,3.37,4.141,4.141,4.141,4.171,4.201,4.201,1.767,1.767,1.767,1.767,1.767,0.489,1.705,0.0,2.88,0.282,0.282,0.095,0.095,0.095,0.095,0.095,0.095,0.095,2.214,2.675,2.882,2.892,2.827,2.981,2.783,2.701,21.754
Point_184,8.634,1.687,1.755,1.755,1.755,1.697,1.738,1.738,1.738,1.738,1.738,1.737,1.737,1.757,1.757,1.754,1.773,1.773,1.773,1.676,1.676,1.676,1.695,1.692,1.787,1.787,1.676,1.816,1.816,1.816,1.932,1.932,1.932,1.816,1.792,1.896,1.863,1.929,1.863,1.863,1.863,1.844,1.844,1.863,1.863,1.863,1.921,1.776,1.961,1.552,1.552,1.505,1.505,1.5,1.5,1.5,1.518,1.518,1.549,1.549,1.558,1.558,1.574,1.652,1.682,1.697,1.037,1.1,1.255,1.13,2.062,2.062,1.134,1.11,1.177,2.123,1.147,1.162,1.176,1.176,1.188,1.202,1.206,1.206,1.142,1.164,3.83,1.133,1.083,1.039,1.039,1.039,0.964,1.942,1.884,1.884,1.434,1.985,3.236,1.852,1.852,1.792,1.778,1.778,0.711,0.641,1.215,0.617,0.585,0.599,0.599,1.215,1.215,1.215,0.5,0.5,0.593,0.587,0.602,0.636,0.639,0.639,0.639,0.639,0.667,0.724,0.745,0.753,0.76,0.771,0.788,0.806,0.834,0.834,0.951,0.863,0.911,0.944,0.987,1.512,0.988,1.034,1.015,1.619,1.619,0.969,0.969,0.969,0.969,0.911,1.029,1.029,1.071,1.071,1.071,1.071,1.071,1.118,1.135,1.16,1.16,1.16,1.199,1.176,1.176,1.227,1.261,1.275,0.49,1.261,1.261,1.261,1.292,1.321,1.321,3.957,3.957,3.957,3.957,3.957,3.375,3.895,2.876,0.0,3.168,3.168,2.781,2.781,2.781,2.781,2.781,2.781,2.781,1.562,2.023,2.036,2.026,2.175,2.013,1.389,1.471,11.335
Point_185,9.144,4.467,4.535,4.535,4.535,4.477,4.518,4.518,4.518,4.518,4.518,4.517,4.517,4.537,4.537,4.534,4.553,4.553,4.553,4.455,4.455,4.455,4.475,4.472,4.567,4.567,4.455,4.596,4.596,4.596,4.712,4.712,4.712,4.596,4.572,4.676,4.643,5.101,4.643,4.643,4.643,5.016,5.016,4.643,4.643,4.643,4.701,4.947,4.741,4.724,4.724,4.676,4.676,4.671,4.671,4.671,4.69,4.69,4.721,4.721,4.73,4.73,4.746,4.824,4.854,4.869,2.146,2.31,2.466,2.34,3.007,3.007,2.761,2.737,2.387,3.068,3.032,3.047,3.061,3.061,3.074,3.087,3.092,3.092,3.121,3.099,1.932,3.129,3.18,3.819,3.819,3.819,3.744,4.722,4.664,4.664,4.214,4.765,6.407,4.632,4.632,4.572,4.558,4.558,3.761,3.747,3.995,3.828,3.799,3.789,3.789,3.995,3.995,3.995,3.672,3.672,3.765,3.758,3.774,3.808,3.81,3.81,3.81,3.81,3.839,3.896,3.916,3.925,3.931,3.943,3.959,3.978,4.005,4.005,4.123,4.035,4.083,4.116,4.159,4.363,4.16,4.206,4.187,4.79,4.79,4.141,4.141,4.141,4.141,4.083,4.201,4.201,4.243,4.243,4.243,4.243,4.243,4.289,4.306,4.331,4.331,4.331,4.371,4.348,4.348,4.398,4.433,4.446,3.662,4.433,4.433,4.433,4.464,4.493,4.493,2.059,2.059,2.059,2.059,2.059,0.207,1.997,0.282,3.172,0.0,0.0,0.387,0.387,0.387,0.387,0.387,0.387,0.387,2.506,2.967,3.174,3.184,3.119,3.273,3.075,2.993,22.046
Point_186,9.144,4.467,4.535,4.535,4.535,4.477,4.518,4.518,4.518,4.518,4.518,4.517,4.517,4.537,4.537,4.534,4.553,4.553,4.553,4.455,4.455,4.455,4.475,4.472,4.567,4.567,4.455,4.596,4.596,4.596,4.712,4.712,4.712,4.596,4.572,4.676,4.643,5.101,4.643,4.643,4.643,5.016,5.016,4.643,4.643,4.643,4.701,4.947,4.741,4.724,4.724,4.676,4.676,4.671,4.671,4.671,4.69,4.69,4.721,4.721,4.73,4.73,4.746,4.824,4.854,4.869,2.146,2.31,2.466,2.34,3.007,3.007,2.761,2.737,2.387,3.068,3.032,3.047,3.061,3.061,3.074,3.087,3.092,3.092,3.121,3.099,1.932,3.129,3.18,3.819,3.819,3.819,3.744,4.722,4.664,4.664,4.214,4.765,6.407,4.632,4.632,4.572,4.558,4.558,3.761,3.747,3.995,3.828,3.799,3.789,3.789,3.995,3.995,3.995,3.672,3.672,3.765,3.758,3.774,3.808,3.81,3.81,3.81,3.81,3.839,3.896,3.916,3.925,3.931,3.943,3.959,3.978,4.005,4.005,4.123,4.035,4.083,4.116,4.159,4.363,4.16,4.206,4.187,4.79,4.79,4.141,4.141,4.141,4.141,4.083,4.201,4.201,4.243,4.243,4.243,4.243,4.243,4.289,4.306,4.331,4.331,4.331,4.371,4.348,4.348,4.398,4.433,4.446,3.662,4.433,4.433,4.433,4.464,4.493,4.493,2.059,2.059,2.059,2.059,2.059,0.207,1.997,0.282,3.172,0.0,0.0,0.387,0.387,0.387,0.387,0.387,0.387,0.387,2.506,2.967,3.174,3.184,3.119,3.273,3.075,2.993,22.046
Point_187,8.757,4.08,4.148,4.148,4.148,4.089,4.131,4.131,4.131,4.131,4.131,4.13,4.13,4.15,4.15,4.146,4.166,4.166,4.166,4.068,4.068,4.068,4.087,4.085,4.18,4.18,4.068,4.208,4.208,4.208,4.325,4.325,4.325,4.208,4.185,4.289,4.256,4.713,4.256,4.256,4.256,4.629,4.629,4.256,4.256,4.256,4.314,4.56,4.354,4.336,4.336,4.289,4.289,4.284,4.284,4.284,4.303,4.303,4.334,4.334,4.343,4.343,4.359,4.436,4.467,4.481,1.759,1.923,2.078,1.953,2.619,2.619,2.374,2.35,2.0,2.68,2.645,2.66,2.674,2.674,2.687,2.7,2.704,2.704,2.734,2.711,1.545,2.742,2.793,3.432,3.432,3.432,3.357,4.335,4.277,4.277,3.827,4.378,6.02,4.244,4.244,4.185,4.17,4.17,3.373,3.36,3.607,3.441,3.412,3.402,3.402,3.607,3.607,3.607,3.285,3.285,3.378,3.371,3.387,3.42,3.423,3.423,3.423,3.423,3.452,3.509,3.529,3.538,3.544,3.556,3.572,3.591,3.618,3.618,3.736,3.647,3.696,3.729,3.772,3.976,3.773,3.818,3.8,4.403,4.403,3.753,3.753,3.753,3.753,3.696,3.813,3.813,3.856,3.856,3.856,3.856,3.856,3.902,3.919,3.944,3.944,3.944,3.983,3.961,3.961,4.011,4.046,4.059,3.275,4.046,4.046,4.046,4.076,4.106,4.106,1.672,1.672,1.672,1.672,1.672,0.594,1.61,0.095,2.785,0.387,0.387,0.0,0.0,0.0,0.0,0.0,0.0,0.0,2.119,2.58,2.787,2.796,2.732,2.886,2.688,2.606,21.659
Point_188,8.757,4.08,4.148,4.148,4.148,4.089,4.131,4.131,4.131,4.131,4.131,4.13,4.13,4.15,4.15,4.146,4.166,4.166,4.166,4.068,4.068,4.068,4.087,4.085,4.18,4.18,4.068,4.208,4.208,4.208,4.325,4.325,4.325,4.208,4.185,4.289,4.256,4.713,4.256,4.256,4.256,4.629,4.629,4.256,4.256,4.256,4.314,4.56,4.354,4.336,4.336,4.289,4.289,4.284,4.284,4.284,4.303,4.303,4.334,4.334,4.343,4.343,4.359,4.436,4.467,4.481,1.759,1.923,2.078,1.953,2.619,2.619,2.374,2.35,2.0,2.68,2.645,2.66,2.674,2.674,2.687,2.7,2.704,2.704,2.734,2.711,1.545,2.742,2.793,3.432,3.432,3.432,3.357,4.335,4.277,4.277,3.827,4.378,6.02,4.244,4.244,4.185,4.17,4.17,3.373,3.36,3.607,3.441,3.412,3.402,3.402,3.607,3.607,3.607,3.285,3.285,3.378,3.371,3.387,3.42,3.423,3.423,3.423,3.423,3.452,3.509,3.529,3.538,3.544,3.556,3.572,3.591,3.618,3.618,3.736,3.647,3.696,3.729,3.772,3.976,3.773,3.818,3.8,4.403,4.403,3.753,3.753,3.753,3.753,3.696,3.813,3.813,3.856,3.856,3.856,3.856,3.856,3.902,3.919,3.944,3.944,3.944,3.983,3.961,3.961,4.011,4.046,4.059,3.275,4.046,4.046,4.046,4.076,4.106,4.106,1.672,1.672,1.672,1.672,1.672,0.594,1.61,0.095,2.785,0.387,0.387,0.0,0.0,0.0,0.0,0.0,0.0,0.0,2.119,2.58,2.787,2.796,2.732,2.886,2.688,2.606,21.659
Point_189,8.757,4.08,4.148,4.148,4.148,4.089,4.131,4.131,4.131,4.131,4.131,4.13,4.13,4.15,4.15,4.146,4.166,4.166,4.166,4.068,4.068,4.068,4.087,4.085,4.18,4.18,4.068,4.208,4.208,4.208,4.325,4.325,4.325,4.208,4.185,4.289,4.256,4.713,4.256,4.256,4.256,4.629,4.629,4.256,4.256,4.256,4.314,4.56,4.354,4.336,4.336,4.289,4.289,4.284,4.284,4.284,4.303,4.303,4.334,4.334,4.343,4.343,4.359,4.436,4.467,4.481,1.759,1.923,2.078,1.953,2.619,2.619,2.374,2.35,2.0,2.68,2.645,2.66,2.674,2.674,2.687,2.7,2.704,2.704,2.734,2.711,1.545,2.742,2.793,3.432,3.432,3.432,3.357,4.335,4.277,4.277,3.827,4.378,6.02,4.244,4.244,4.185,4.17,4.17,3.373,3.36,3.607,3.441,3.412,3.402,3.402,3.607,3.607,3.607,3.285,3.285,3.378,3.371,3.387,3.42,3.423,3.423,3.423,3.423,3.452,3.509,3.529,3.538,3.544,3.556,3.572,3.591,3.618,3.618,3.736,3.647,3.696,3.729,3.772,3.976,3.773,3.818,3.8,4.403,4.403,3.753,3.753,3.753,3.753,3.696,3.813,3.813,3.856,3.856,3.856,3.856,3.856,3.902,3.919,3.944,3.944,3.944,3.983,3.961,3.961,4.011,4.046,4.059,3.275,4.046,4.046,4.046,4.076,4.106,4.106,1.672,1.672,1.672,1.672,1.672,0.594,1.61,0.095,2.785,0.387,0.387,0.0,0.0,0.0,0.0,0.0,0.0,0.0,2.119,2.58,2.787,2.796,2.732,2.886,2.688,2.606,21.659
Point_190,8.757,4.08,4.148,4.148,4.148,4.089,4.131,4.131,4.131,4.131,4.131,4.13,4.13,4.15,4.15,4.146,4.166,4.166,4.166,4.068,4.068,4.068,4.087,4.085,4.18,4.18,4.068,4.208,4.208,4.208,4.325,4.325,4.325,4.208,4.185,4.289,4.256,4.713,4.256,4.256,4.256,4.629,4.629,4.256,4.256,4.256,4.314,4.56,4.354,4.336,4.336,4.289,4.289,4.284,4.284,4.284,4.303,4.303,4.334,4.334,4.343,4.343,4.359,4.436,4.467,4.481,1.759,1.923,2.078,1.953,2.619,2.619,2.374,2.35,2.0,2.68,2.645,2.66,2.674,2.674,2.687,2.7,2.704,2.704,2.734,2.711,1.545,2.742,2.793,3.432,3.432,3.432,3.357,4.335,4.277,4.277,3.827,4.378,6.02,4.244,4.244,4.185,4.17,4.17,3.373,3.36,3.607,3.441,3.412,3.402,3.402,3.607,3.607,3.607,3.285,3.285,3.378,3.371,3.387,3.42,3.423,3.423,3.423,3.423,3.452,3.509,3.529,3.538,3.544,3.556,3.572,3.591,3.618,3.618,3.736,3.647,3.696,3.729,3.772,3.976,3.773,3.818,3.8,4.403,4.403,3.753,3.753,3.753,3.753,3.696,3.813,3.813,3.856,3.856,3.856,3.856,3.856,3.902,3.919,3.944,3.944,3.944,3.983,3.961,3.961,4.011,4.046,4.059,3.275,4.046,4.046,4.046,4.076,4.106,4.106,1.672,1.672,1.672,1.672,1.672,0.594,1.61,0.095,2.785,0.387,0.387,0.0,0.0,0.0,0.0,0.0,0.0,0.0,2.119,2.58,2.787,2.796,2.732,2.886,2.688,2.606,21.659
Point_191,8.757,4.08,4.148,4.148,4.148,4.089,4.131,4.131,4.131,4.131,4.131,4.13,4.13,4.15,4.15,4.146,4.166,4.166,4.166,4.068,4.068,4.068,4.087,4.085,4.18,4.18,4.068,4.208,4.208,4.208,4.325,4.325,4.325,4.208,4.185,4.289,4.256,4.713,4.256,4.256,4.256,4.629,4.629,4.256,4.256,4.256,4.314,4.56,4.354,4.336,4.336,4.289,4.289,4.284,4.284,4.284,4.303,4.303,4.334,4.334,4.343,4.343,4.359,4.436,4.467,4.481,1.759,1.923,2.078,1.953,2.619,2.619,2.374,2.35,2.0,2.68,2.645,2.66,2.674,2.674,2.687,2.7,2.704,2.704,2.734,2.711,1.545,2.742,2.793,3.432,3.432,3.432,3.357,4.335,4.277,4.277,3.827,4.378,6.02,4.244,4.244,4.185,4.17,4.17,3.373,3.36,3.607,3.441,3.412,3.402,3.402,3.607,3.607,3.607,3.285,3.285,3.378,3.371,3.387,3.42,3.423,3.423,3.423,3.423,3.452,3.509,3.529,3.538,3.544,3.556,3.572,3.591,3.618,3.618,3.736,3.647,3.696,3.729,3.772,3.976,3.773,3.818,3.8,4.403,4.403,3.753,3.753,3.753,3.753,3.696,3.813,3.813,3.856,3.856,3.856,3.856,3.856,3.902,3.919,3.944,3.944,3.944,3.983,3.961,3.961,4.011,4.046,4.059,3.275,4.046,4.046,4.046,4.076,4.106,4.106,1.672,1.672,1.672,1.672,1.672,0.594,1.61,0.095,2.785,0.387,0.387,0.0,0.0,0.0,0.0,0.0,0.0,0.0,2.119,2.58,2.787,2.796,2.732,2.886,2.688,2.606,21.659
Point_192,8.757,4.08,4.148,4.148,4.148,4.089,4.131,4.131,4.131,4.131,4.131,4.13,4.13,4.15,4.15,4.146,4.166,4.166,4.166,4.068,4.068,4.068,4.087,4.085,4.18,4.18,4.068,4.208,4.208,4.208,4.325,4.325,4.325,4.208,4.185,4.289,4.256,4.713,4.256,4.256,4.256,4.629,4.629,4.256,4.256,4.256,4.314,4.56,4.354,4.336,4.336,4.289,4.289,4.284,4.284,4.284,4.303,4.303,4.334,4.334,4.343,4.343,4.359,4.436,4.467,4.481,1.759,1.923,2.078,1.953,2.619,2.619,2.374,2.35,2.0,2.68,2.645,2.66,2.674,2.674,2.687,2.7,2.704,2.704,2.734,2.711,1.545,2.742,2.793,3.432,3.432,3.432,3.357,4.335,4.277,4.277,3.827,4.378,6.02,4.244,4.244,4.185,4.17,4.17,3.373,3.36,3.607,3.441,3.412,3.402,3.402,3.607,3.607,3.607,3.285,3.285,3.378,3.371,3.387,3.42,3.423,3.423,3.423,3.423,3.452,3.509,3.529,3.538,3.544,3.556,3.572,3.591,3.618,3.618,3.736,3.647,3.696,3.729,3.772,3.976,3.773,3.818,3.8,4.403,4.403,3.753,3.753,3.753,3.753,3.696,3.813,3.813,3.856,3.856,3.856,3.856,3.856,3.902,3.919,3.944,3.944,3.944,3.983,3.961,3.961,4.011,4.046,4.059,3.275,4.046,4.046,4.046,4.076,4.106,4.106,1.672,1.672,1.672,1.672,1.672,0.594,1.61,0.095,2.785,0.387,0.387,0.0,0.0,0.0,0.0,0.0,0.0,0.0,2.119,2.58,2.787,2.796,2.732,2.886,2.688,2.606,21.659
Point_193,8.757,4.08,4.148,4.148,4.148,4.089,4.131,4.131,4.131,4.131,4.131,4.13,4.13,4.15,4.15,4.146,4.166,4.166,4.166,4.068,4.068,4.068,4.087,4.085,4.18,4.18,4.068,4.208,4.208,4.208,4.325,4.325,4.325,4.208,4.185,4.289,4.256,4.713,4.256,4.256,4.256,4.629,4.629,4.256,4.256,4.256,4.314,4.56,4.354,4.336,4.336,4.289,4.289,4.284,4.284,4.284,4.303,4.303,4.334,4.334,4.343,4.343,4.359,4.436,4.467,4.481,1.759,1.923,2.078,1.953,2.619,2.619,2.374,2.35,2.0,2.68,2.645,2.66,2.674,2.674,2.687,2.7,2.704,2.704,2.734,2.711,1.545,2.742,2.793,3.432,3.432,3.432,3.357,4.335,4.277,4.277,3.827,4.378,6.02,4.244,4.244,4.185,4.17,4.17,3.373,3.36,3.607,3.441,3.412,3.402,3.402,3.607,3.607,3.607,3.285,3.285,3.378,3.371,3.387,3.42,3.423,3.423,3.423,3.423,3.452,3.509,3.529,3.538,3.544,3.556,3.572,3.591,3.618,3.618,3.736,3.647,3.696,3.729,3.772,3.976,3.773,3.818,3.8,4.403,4.403,3.753,3.753,3.753,3.753,3.696,3.813,3.813,3.856,3.856,3.856,3.856,3.856,3.902,3.919,3.944,3.944,3.944,3.983,3.961,3.961,4.011,4.046,4.059,3.275,4.046,4.046,4.046,4.076,4.106,4.106,1.672,1.672,1.672,1.672,1.672,0.594,1.61,0.095,2.785,0.387,0.387,0.0,0.0,0.0,0.0,0.0,0.0,0.0,2.119,2.58,2.787,2.796,2.732,2.886,2.688,2.606,21.659
Point_194,10.483,2.728,2.797,2.797,2.797,2.738,2.78,2.78,2.78,2.78,2.78,2.778,2.778,2.799,2.799,2.795,2.815,2.815,2.815,2.717,2.717,2.717,2.736,2.733,2.828,2.828,2.717,2.857,2.857,2.857,2.973,2.973,2.973,2.857,2.833,2.938,2.905,3.051,2.905,2.905,2.905,2.967,2.967,2.905,2.905,2.905,2.962,2.898,3.003,2.674,2.674,2.627,2.627,2.622,2.622,2.622,2.641,2.641,2.672,2.672,2.68,2.68,2.697,2.774,2.805,2.819,0.644,0.315,0.474,0.288,0.633,0.633,0.496,0.472,0.308,1.191,0.767,0.782,0.796,0.796,0.809,0.822,0.826,0.826,0.856,0.833,3.271,0.864,0.915,2.081,2.081,2.081,2.005,2.984,2.926,2.926,2.476,3.026,4.358,2.893,2.893,2.834,2.819,2.819,2.022,2.009,2.256,2.089,2.061,2.051,2.051,2.256,2.256,2.256,1.934,1.934,2.027,2.02,2.035,2.069,2.072,2.072,2.072,2.072,2.1,2.157,2.178,2.186,2.193,2.204,2.221,2.24,2.267,2.267,2.384,2.296,2.345,2.378,2.421,1.891,2.421,2.467,2.448,2.741,2.741,2.402,2.402,2.402,2.402,2.345,2.462,2.462,2.505,2.505,2.505,2.505,2.505,2.551,2.568,2.593,2.593,2.593,2.632,2.609,2.609,2.66,2.694,2.708,1.923,2.694,2.694,2.694,2.725,2.119,2.119,3.398,3.398,3.398,3.398,3.398,2.816,3.336,2.318,1.433,2.61,2.61,2.222,2.222,2.222,2.222,2.222,2.222,2.222,0.0,1.126,1.333,1.342,1.278,1.818,0.999,1.022,12.457
Point_195,7.952,3.368,3.437,3.437,3.437,3.378,3.42,3.42,3.42,3.42,3.42,3.419,3.419,3.439,3.439,3.435,3.455,3.455,3.455,3.357,3.357,3.357,3.376,3.374,3.469,3.469,3.357,3.497,3.497,3.497,3.614,3.614,3.614,3.497,3.473,3.578,3.545,2.806,3.545,3.545,3.545,2.722,2.722,3.545,3.545,3.545,3.602,2.653,3.643,2.429,2.429,2.382,2.382,2.377,2.377,2.377,2.396,2.396,2.427,2.427,2.436,2.436,2.452,2.529,2.56,2.574,1.048,0.816,0.975,0.789,0.489,0.489,0.788,0.818,0.809,0.553,0.794,0.809,0.823,0.823,0.738,0.725,0.721,0.721,0.691,0.714,3.548,0.683,0.66,2.721,2.721,2.721,2.646,3.624,3.566,3.566,3.116,3.666,4.113,3.533,3.533,3.474,3.459,3.459,2.662,2.649,2.896,2.73,2.701,2.691,2.691,2.896,2.896,2.896,2.574,2.574,2.667,2.66,2.676,2.709,2.712,2.712,2.712,2.712,2.741,2.797,2.818,2.827,2.833,2.845,2.861,2.88,2.907,2.907,2.23,2.936,2.167,2.243,2.286,1.646,2.287,2.333,2.063,2.496,2.496,2.109,2.109,2.109,2.109,2.167,2.307,2.307,2.35,2.35,2.35,2.35,2.35,2.396,2.413,2.438,2.438,2.438,2.478,2.455,2.455,2.505,2.54,2.553,2.564,2.54,2.54,2.54,2.57,1.874,1.874,3.676,3.676,3.676,3.676,3.676,3.094,3.614,2.595,2.073,2.887,2.887,2.5,2.5,2.5,2.5,2.5,2.5,2.5,0.501,0.0,0.282,0.292,0.145,0.382,0.561,0.479,12.212
Point_196,8.158,2.798,2.867,2.867,2.867,2.808,2.85,2.85,2.85,2.85,2.85,2.849,2.849,2.869,2.869,2.865,2.885,2.885,2.885,2.787,2.787,2.787,2.806,2.804,2.942,2.942,2.787,2.971,2.971,2.971,3.087,3.087,3.087,2.971,2.947,3.052,3.019,2.524,3.019,3.019,3.019,2.439,2.439,3.019,3.019,3.019,3.076,2.371,3.117,2.147,2.147,2.1,2.1,2.095,2.095,2.095,2.114,2.114,2.145,2.145,2.153,2.153,2.169,2.247,2.277,2.292,1.254,1.023,1.181,0.996,0.696,0.696,0.682,0.712,1.015,0.448,0.498,0.483,0.469,0.469,0.456,0.443,0.438,0.438,0.409,0.431,3.755,0.401,0.377,2.151,2.151,2.151,2.076,3.054,2.996,2.996,2.546,3.096,3.831,2.963,2.963,2.904,2.889,2.889,2.092,1.839,2.696,1.815,1.782,1.797,1.797,2.696,2.696,2.696,1.698,1.698,1.791,1.784,1.8,1.834,1.836,1.836,1.836,1.836,1.865,1.922,1.942,1.951,1.957,1.969,1.985,2.004,2.031,2.031,1.947,2.061,1.884,1.961,2.004,1.364,2.005,2.05,1.781,2.214,2.214,1.827,1.827,1.827,1.827,1.884,2.025,2.025,2.068,2.068,2.068,2.068,2.068,2.114,2.131,2.156,2.156,2.156,2.195,2.172,2.172,2.223,2.257,2.271,1.688,2.257,2.257,2.257,2.288,1.592,1.592,3.882,3.882,3.882,3.882,3.882,3.3,3.82,2.801,1.503,3.094,3.094,2.706,2.706,2.706,2.706,2.706,2.706,2.706,0.708,0.282,0.0,0.01,0.181,0.1,0.197,0.279,11.93
Point_197,8.168,2.789,2.857,2.857,2.857,2.799,2.84,2.84,2.84,2.84,2.84,2.839,2.839,2.859,2.859,2.855,2.875,2.875,2.875,2.777,2.777,2.777,2.797,2.794,2.933,2.933,2.777,2.961,2.961,2.961,3.078,3.078,3.078,2.961,2.937,3.042,3.009,2.514,3.009,3.009,3.009,2.43,2.43,3.009,3.009,3.009,3.067,2.361,3.107,2.137,2.137,2.09,2.09,2.085,2.085,2.085,2.104,2.104,2.135,2.135,2.143,2.143,2.16,2.237,2.268,2.282,1.264,1.033,1.191,1.005,0.706,0.706,0.672,0.702,1.025,0.438,0.488,0.473,0.459,0.459,0.446,0.433,0.429,0.429,0.399,0.421,3.765,0.391,0.367,2.141,2.141,2.141,2.066,3.044,2.986,2.986,2.536,3.087,3.821,2.953,2.953,2.894,2.88,2.88,2.082,1.829,2.686,1.805,1.773,1.787,1.787,2.686,2.686,2.686,1.688,1.688,1.781,1.775,1.79,1.824,1.827,1.827,1.827,1.827,1.855,1.912,1.932,1.941,1.947,1.959,1.975,1.994,2.021,2.021,1.937,2.051,1.875,1.951,1.994,1.354,1.995,2.041,1.771,2.204,2.204,1.817,1.817,1.817,1.817,1.875,2.015,2.015,2.058,2.058,2.058,2.058,2.058,2.104,2.121,2.146,2.146,2.146,2.185,2.163,2.163,2.213,2.248,2.261,1.678,2.248,2.248,2.248,2.278,1.582,1.582,3.892,3.892,3.892,3.892,3.892,3.31,3.83,2.811,1.494,3.103,3.103,2.716,2.716,2.716,2.716,2.716,2.716,2.716,0.717,0.292,0.01,0.0,0.191,0.09,0.187,0.27,11.92
Point_198,8.021,3.438,3.506,3.506,3.506,3.448,3.489,3.489,3.489,3.489,3.489,3.488,3.488,3.508,3.508,3.504,3.524,3.524,3.524,3.426,3.426,3.426,3.446,3.443,3.124,3.124,3.426,3.152,3.152,3.152,3.269,3.269,3.269,3.152,3.129,3.233,3.2,2.705,3.2,3.2,3.2,2.621,2.621,3.2,3.2,3.2,3.258,2.552,3.298,2.328,2.328,2.281,2.281,2.276,2.276,2.276,2.295,2.295,2.326,2.326,2.334,2.334,2.351,2.428,2.459,2.473,1.117,0.885,1.044,0.858,0.559,0.559,0.857,0.887,0.878,0.623,0.679,0.664,0.65,0.65,0.637,0.624,0.62,0.62,0.59,0.612,3.618,0.582,0.559,2.79,2.79,2.79,2.715,3.693,3.635,3.635,3.185,3.736,4.012,3.602,3.602,3.543,3.529,3.529,2.731,2.718,2.877,2.799,2.77,2.76,2.76,2.877,2.877,2.877,1.879,1.879,1.972,1.966,1.981,2.015,2.018,2.018,2.018,2.018,2.046,2.103,2.124,2.132,2.138,2.15,2.167,2.185,2.213,2.213,2.128,2.242,2.066,2.142,2.185,1.545,2.186,2.232,1.962,2.395,2.395,2.008,2.008,2.008,2.008,2.066,2.206,2.206,2.249,2.249,2.249,2.249,2.249,2.295,2.312,2.337,2.337,2.337,2.376,2.354,2.354,2.404,2.439,2.452,1.869,2.439,2.439,2.439,2.469,1.773,1.773,3.745,3.745,3.745,3.745,3.745,3.163,3.683,2.664,2.143,2.956,2.956,2.569,2.569,2.569,2.569,2.569,2.569,2.569,0.57,0.145,0.181,0.191,0.0,0.281,0.378,0.548,12.111
Point_199,8.178,2.693,2.761,2.761,2.761,2.703,2.745,2.745,2.745,2.745,2.745,2.743,2.743,2.764,2.764,2.76,2.78,2.78,2.78,2.682,2.682,2.682,2.701,2.698,2.837,2.837,2.682,2.866,2.866,2.866,2.982,2.982,2.982,2.866,2.842,2.946,2.914,2.419,2.914,2.914,2.914,2.334,2.334,2.914,2.914,2.914,2.971,2.265,3.012,2.042,2.042,1.995,1.995,1.99,1.99,1.99,2.008,2.008,2.039,2.039,2.048,2.048,2.064,2.142,2.172,2.187,1.248,1.031,1.189,1.003,0.69,0.69,0.577,0.607,1.023,0.342,0.392,0.377,0.363,0.363,0.351,0.337,0.333,0.333,0.303,0.326,3.748,0.295,0.272,2.045,2.045,2.045,1.97,2.949,2.891,2.891,2.441,2.991,3.726,2.858,2.858,2.799,2.784,2.784,1.987,1.733,2.591,1.71,1.677,1.691,1.691,2.591,2.591,2.591,1.593,1.593,1.686,1.679,1.695,1.728,1.731,1.731,1.731,1.731,1.76,1.816,1.837,1.846,1.852,1.864,1.88,1.899,1.926,1.926,1.842,1.955,1.779,1.856,1.899,1.259,1.899,1.945,1.675,2.109,2.109,1.722,1.722,1.722,1.722,1.779,1.92,1.92,1.962,1.962,1.962,1.962,1.962,2.009,2.025,2.051,2.051,2.051,2.09,2.067,2.067,2.117,2.152,2.166,1.583,2.152,2.152,2.152,2.183,1.487,1.487,3.876,3.876,3.876,3.876,3.876,3.294,3.814,2.795,1.398,3.087,3.087,2.7,2.7,2.7,2.7,2.7,2.7,2.7,0.701,0.653,0.86,0.869,0.805,0.0,0.092,0.174,11.824
Point_200,7.39,2.723,2.792,2.792,2.792,2.733,2.775,2.775,2.775,2.775,2.775,2.774,2.774,2.794,2.794,2.79,2.81,2.81,2.81,2.712,2.712,2.712,2.731,2.728,2.867,2.867,2.712,2.896,2.896,2.896,3.012,3.012,3.012,2.896,2.872,2.976,2.944,2.449,2.944,2.944,2.944,2.364,2.364,2.944,2.944,2.944,3.001,2.296,3.042,2.072,2.072,2.025,2.025,2.02,2.02,2.02,2.038,2.038,2.069,2.069,2.078,2.078,2.094,2.172,2.202,2.217,1.156,0.939,1.097,0.912,0.598,0.598,0.485,0.515,0.931,0.25,0.491,0.408,0.394,0.394,0.381,0.368,0.363,0.363,0.333,0.356,3.656,0.325,0.302,2.076,2.076,2.076,2.0,2.979,2.921,2.921,2.471,3.021,3.756,2.888,2.888,2.829,2.814,2.814,2.017,1.763,2.621,1.74,1.707,1.721,1.721,2.621,2.621,2.621,1.623,1.623,1.716,1.709,1.725,1.758,1.761,1.761,1.761,1.761,1.79,1.847,1.867,1.876,1.882,1.894,1.91,1.929,1.956,1.956,1.872,1.985,1.809,1.886,1.929,1.289,1.929,1.975,1.706,2.139,2.139,1.752,1.752,1.752,1.752,1.809,1.95,1.95,1.992,1.992,1.992,1.992,1.992,2.039,2.056,2.081,2.081,2.081,2.12,2.097,2.097,2.148,2.182,2.196,1.613,2.182,2.182,2.182,2.213,1.517,1.517,3.784,3.784,3.784,3.784,3.784,3.202,3.722,2.703,1.428,2.995,2.995,2.608,2.608,2.608,2.608,2.608,2.608,2.608,0.609,0.561,0.793,0.783,0.713,0.77,0.0,0.082,11.855
Point_201,7.473,2.853,2.921,2.921,2.921,2.863,2.905,2.905,2.905,2.905,2.905,2.903,2.903,2.924,2.924,2.92,2.939,2.939,2.939,2.842,2.842,2.842,2.861,2.858,2.95,2.95,2.842,2.978,2.978,2.978,3.095,3.095,3.095,2.978,2.954,3.059,3.026,2.531,3.026,3.026,3.026,2.447,2.447,3.026,3.026,3.026,3.083,2.378,3.124,2.154,2.154,2.107,2.107,2.102,2.102,2.102,2.121,2.121,2.152,2.152,2.16,2.16,2.177,2.254,2.285,2.299,1.074,0.856,1.015,0.829,0.515,0.515,0.403,0.432,0.849,0.168,0.409,0.424,0.438,0.438,0.45,0.464,0.468,0.468,0.416,0.475,3.574,0.408,0.384,2.205,2.205,2.205,2.13,3.109,3.05,3.05,2.6,3.151,3.838,3.018,3.018,2.959,2.944,2.944,2.147,2.133,2.703,2.214,2.186,2.175,2.175,2.703,2.703,2.703,1.705,1.705,1.798,1.791,1.807,1.841,1.844,1.844,1.844,1.844,1.872,1.929,1.949,1.958,1.964,1.976,1.992,2.011,2.038,2.038,1.954,2.068,1.891,1.968,2.011,1.371,2.012,2.058,1.788,2.221,2.221,1.834,1.834,1.834,1.834,1.891,2.032,2.032,2.075,2.075,2.075,2.075,2.075,2.121,2.138,2.163,2.163,2.163,2.202,2.179,2.179,2.23,2.264,2.278,1.695,2.264,2.264,2.264,2.295,1.599,1.599,3.701,3.701,3.701,3.701,3.701,3.12,3.639,2.621,1.558,2.913,2.913,2.526,2.526,2.526,2.526,2.526,2.526,2.526,0.527,0.479,0.685,0.695,0.631,0.852,0.082,0.0,11.937
Point_202,27.506,11.922,11.99,11.99,11.99,11.932,11.973,11.973,11.973,11.973,11.973,11.972,11.972,11.992,11.992,11.988,12.008,12.008,12.008,11.318,11.318,11.318,11.338,11.335,11.26,11.26,11.318,11.289,11.289,11.289,11.405,11.405,11.405,11.289,11.265,11.369,11.337,10.842,11.337,11.337,11.337,10.757,10.757,11.337,11.337,11.337,11.394,10.689,11.435,10.465,10.465,10.418,10.418,10.076,10.076,10.076,10.095,10.095,10.126,10.126,10.134,10.134,10.15,10.228,10.258,10.273,19.564,19.728,19.884,19.758,12.591,12.591,12.1,12.13,19.805,12.243,11.834,11.819,11.805,11.805,11.793,11.779,11.775,11.775,11.745,11.768,20.752,11.737,11.686,11.574,11.574,11.574,11.835,11.774,11.994,11.994,11.669,11.816,8.718,11.683,11.683,11.624,11.609,11.609,11.223,11.153,11.014,11.13,11.097,11.111,11.111,11.014,11.014,11.014,11.303,11.303,11.396,11.389,11.405,11.438,11.441,11.441,11.441,11.441,11.47,11.526,11.547,11.556,11.562,11.574,11.59,11.609,11.636,11.636,10.692,11.665,10.629,10.705,10.749,11.345,10.749,10.795,10.525,10.532,10.532,10.572,10.572,10.572,10.572,10.629,10.77,10.77,10.812,10.812,10.812,10.812,10.812,10.858,10.875,10.9,10.9,10.9,10.94,10.917,10.917,10.967,11.002,11.015,11.293,11.002,11.002,11.002,11.033,11.062,11.062,20.879,20.879,20.879,20.879,20.879,20.839,20.817,20.341,11.428,20.633,20.633,20.245,20.245,20.245,20.245,20.245,20.245,20.245,19.925,12.554,12.64,12.63,12.821,12.617,11.993,12.075,0.0
